acq_key,labs,start,year,system,n_brains,sample_dirs,recipe_sample_ids,initials,voxel_x_um,voxel_y_um,voxel_z_um,slice_thickness_mm,n_optical_planes,average_n_frames,requested_sections,n_sections,depth_mm,imaging_hours,wallclock_hours,tile_positions,config_uniform
brainsaw|2016/11/04 18:44:17,mrsic_flogel,2016/11/04 18:44:17,2016,brainsaw,1,161104-IV-C13-03,,161104-IV-C13-03,1.3925071022727273,1.3925071022727273,10.0,0.04,4.0,,215.0,174,6.96,22.55947,22.54917,0,1
brainsaw|2016/11/09 14:00:09,mrsic_flogel,2016/11/09 14:00:09,2016,brainsaw,1,T21,,T21,0.8912045454545455,0.8912045454545455,25.0,0.05,2.0,,250.0,179,8.95,23.32983,23.32917,0,1
brainsaw|2016/11/10 18:47:25,mrsic_flogel,2016/11/10 18:47:25,2016,brainsaw,1,T22,,T22,0.8912045454545455,0.8912045454545455,25.0,0.05,2.0,,260.0,232,11.6,30.02092,30.05944,0,1
brainsaw|2016/11/12 14:14:56,mrsic_flogel,2016/11/12 14:14:56,2016,brainsaw,1,T20,,T20,0.8912045454545455,0.8912045454545455,25.0,0.05,2.0,,215.0,204,10.2,26.13303,26.12889,0,1
brainsaw|2016/11/14 15:42:26,mrsic_flogel,2016/11/14 15:42:26,2016,brainsaw,1,T16,,T16,0.8912045454545455,0.8912045454545455,25.0,0.05,2.0,,220.0,209,10.45,27.29903,27.29611,0,1
brainsaw|2016/11/16 11:52:58,mrsic_flogel,2016/11/16 11:52:58,2016,brainsaw,1,T15,,T15,0.8912045454545455,0.8912045454545455,25.0,0.05,2.0,,215.0,192,9.6,25.30628,25.365,0,1
brainsaw|2016/11/17 16:00:27,mrsic_flogel,2016/11/17 16:00:27,2016,brainsaw,1,T12,,T12,0.8912045454545455,0.8912045454545455,25.0,0.05,2.0,,210.0,184,9.2,24.597,24.58944,0,1
brainsaw|2016/11/18 18:42:55,mrsic_flogel,2016/11/18 18:42:55,2016,brainsaw,1,T13,,T13,0.8912045454545455,0.8912045454545455,25.0,0.05,2.0,,210.0,190,9.5,24.74844,24.73361,0,1
brainsaw|2016/11/19 20:48:42,mrsic_flogel,2016/11/19 20:48:42,2016,brainsaw,1,T19,,T19,0.8912045454545455,0.8912045454545455,25.0,0.05,2.0,,210.0,175,8.75,23.07669,23.05028,0,1
brainsaw|2016/11/20 21:27:03,mrsic_flogel,2016/11/20 21:27:03,2016,brainsaw,1,T18,,T18,0.9902272727272727,0.9902272727272727,25.0,0.05,2.0,,200.0,190,9.5,21.46831,21.46528,0,1
brainsaw|2016/11/21 20:41:55,mrsic_flogel,2016/11/21 20:41:55,2016,brainsaw,1,T17,,T17,0.9902272727272727,0.9902272727272727,25.0,0.05,2.0,,195.0,195,9.75,22.87836,22.87056,0,1
brainsaw|2017/04/12 14:20:59,mrsic_flogel,2017/04/12 14:20:59,2017,brainsaw,1,MoA_07,MoA07,MoA;MoA07,3.565,3.565,26.666666666666668,0.08,3.0,,115.0,114,9.12,8.02856,8.69806,0,1
brainsaw|2017/04/13 11:27:28,mrsic_flogel,2017/04/13 11:27:28,2017,brainsaw,1,BrainSaw,AMo_09,AMo;BrainSaw,3.565,3.565,0.0,0.08,3.0,,115.0,114,9.12,8.046,8.05806,0,1
brainsaw|2017/04/14 12:50:03,mrsic_flogel,2017/04/14 12:50:03,2017,brainsaw,1,BrainSaw,MoA_01,BrainSaw;MoA,3.921,3.921,33.333333333333336,0.1,3.0,,50.0,45,4.5,1.83831,74.57917,0,1
brainsaw|2017/04/20 13:02:07,mrsic_flogel,2017/04/20 13:02:07,2017,brainsaw,1,MoA_02,MoA_02,MoA,3.921,3.921,30.0,0.06,2.0,,175.0,91,5.46,4.68917,4.74444,8736,1
brainsaw|2017/04/24 14:28:37,mrsic_flogel,2017/04/24 14:28:37,2017,brainsaw,1,AMo_13,AMo_13,AMo,3.921,3.921,30.0,0.06,2.0,,120.0,119,7.14,6.32917,6.45444,10472,1
brainsaw|2017/04/25 17:27:20,mrsic_flogel,2017/04/25 17:27:20,2017,brainsaw,1,AMo_17,AMo17,AMo;AMo17,2.614,2.614,30.0,0.06,2.0,,120.0,120,7.2,8.51278,8.73528,11879,1
brainsaw|2017/05/10 11:42:59,mrsic_flogel,2017/05/10 11:42:59,2017,brainsaw,1,AMo_15,AMo_15,AMo,1.542,1.542,12.0,0.06,5.0,,90.0,114,6.84,16.64028,17.47139,51300,1
brainsaw|2017/07/12 16:32:20,mrsic_flogel,2017/07/12 16:32:20,2017,brainsaw,1,AMo_19,AMo_19,AMo,2.286,2.286,20.0,0.06,3.0,,165.0,115,6.9,7.19778,7.32139,13685,1
brainsaw|2017/07/18 11:32:19,mrsic_flogel,2017/07/18 11:32:19,2017,brainsaw,1,MoA_29,MoA_29,MoA,1.562,1.562,22.5,0.09,4.0,,75.0,56,5.04,2.71361,2.71833,7112,1
brainsaw|2017/07/20 11:10:13,mrsic_flogel,2017/07/20 11:10:13,2017,brainsaw,1,MJ_Retro_01,MJ_Retro_01,MJ,1.323,1.323,0.0,0.09,1.0,,80.0,94,8.46,5.03444,5.21556,20586,1
brainsaw|2017/07/20 17:23:38,mrsic_flogel,2017/07/20 17:23:38,2017,brainsaw,1,MJ_Retro_02,MJ_Retro_02,MJ,1.34,1.323,0.0,0.08,1.0,,100.0,100,8.0,5.84944,5.93333,26300,1
brainsaw|2017/07/21 13:17:06,mrsic_flogel,2017/07/21 13:17:06,2017,brainsaw,1,MoA_24,MoA_24,MoA,1.316,1.316,25.0,0.05,2.0,,160.0,103,5.15,4.50944,4.65833,13802,1
brainsaw|2017/07/25 13:03:44,mrsic_flogel,2017/07/25 13:03:44,2017,brainsaw,1,AMo_18,AMo_18,AMo,1.322,1.322,15.0,0.06,4.0,,120.0,87,5.22,4.29222,4.39361,11745,1
brainsaw|2017/07/28 11:21:13,mrsic_flogel,2017/07/28 11:21:13,2017,brainsaw,1,CH119,CH119,CH119,1.322,1.322,25.0,0.05,2.0,,169.0,180,9.0,10.59306,10.86806,41400,1
brainsaw|2017/08/01 12:09:15,mrsic_flogel,2017/08/01 12:09:15,2017,brainsaw,1,CH120,CH120,CH120,1.322,1.322,25.0,0.05,2.0,,160.0,159,7.95,6.9225,7.08361,31323,1
brainsaw|2017/08/03 11:24:20,mrsic_flogel,2017/08/03 11:24:20,2017,brainsaw,1,MoA_20,MoA_20,MoA,1.322,1.322,25.0,0.05,2.0,,120.0,108,5.4,3.34056,3.37972,13716,1
brainsaw|2017/08/07 13:14:12,mrsic_flogel,2017/08/07 13:14:12,2017,brainsaw,1,MoA_22,MoA_22,MoA,1.322,1.322,25.0,0.05,2.0,,120.0,100,5.0,2.79583,2.89083,14300,1
brainsaw|2017/08/11 10:27:55,mrsic_flogel,2017/08/11 10:27:55,2017,brainsaw,1,AMo_20,AMo_20,AMo,0.993,0.993,25.0,0.05,2.0,,120.0,104,5.2,2.88889,3.00083,13208,1
brainsaw|2017/08/15 11:18:00,mrsic_flogel,2017/08/15 11:18:00,2017,brainsaw,1,PaCha01,PaCha01,PaCha01,1.322,1.322,25.0,0.075,3.0,,120.0,67,5.025,2.39528,2.48,10184,1
brainsaw|2017/08/17 10:55:57,mrsic_flogel,2017/08/17 10:55:57,2017,brainsaw,1,AMo24,AMo24,AMo24,1.322,1.322,25.0,0.075,3.0,,100.0,72,5.4,2.57639,2.66861,9720,1
brainsaw|2017/08/22 13:33:14,mrsic_flogel,2017/08/22 13:33:14,2017,brainsaw,1,PaCha03,PaCha03,PaCha03,1.322,1.322,25.0,0.075,3.0,,100.0,58,4.35,2.66583,2.7275,11426,1
brainsaw|2017/10/05 11:37:28,mrsic_flogel,2017/10/05 11:37:28,2017,brainsaw,1,Retro_03,Retro_03,Retro,0.99,0.976,35.0,0.07,2.0,,100.0,123,8.61,5.48556,5.87056,28398,1
brainsaw|2017/10/10 16:58:09,mrsic_flogel,2017/10/10 16:58:09,2017,brainsaw,1,PaCha02,PaCha02,PaCha02,0.489,0.489,5.0,0.075,15.0,,70.0,70,5.25,9.90306,9.89,12250,1
brainsaw|2017/10/11 13:07:44,mrsic_flogel,2017/10/11 13:07:44,2017,brainsaw,1,adk_singleCellRabies_01,singRabies_01,adk;singRabies,1.322,1.322,5.0,0.065,13.0,,166.0,141,9.165,15.96194,23.19611,32007,1
brainsaw|2017/10/12 13:33:09,mrsic_flogel,2017/10/12 13:33:09,2017,brainsaw,1,VL47,VL47,VL47,1.322,1.322,32.5,0.065,2.0,,90.0,83,5.395,2.51278,2.54944,12118,1
brainsaw|2017/10/18 18:18:37,mrsic_flogel,2017/10/18 18:18:37,2017,brainsaw,1,PaCha05,PaCha05,PaCha05,1.322,1.322,25.0,0.075,3.0,,100.0,100,7.5,3.28083,3.32667,13900,1
brainsaw|2017/10/19 14:41:30,mrsic_flogel,2017/10/19 14:41:30,2017,brainsaw,1,brainsaw,RR45_20171019,RR45;brainsaw,1.467,1.467,7.0,0.07,10.0,,100.0,141,9.87,17.59583,23.62667,29328,1
brainsaw|2017/10/20 19:12:44,mrsic_flogel,2017/10/20 19:12:44,2017,brainsaw,1,brainsaw,RR46,RR46;brainsaw,1.467,1.467,7.0,0.07,10.0,,140.0,140,9.8,22.32056,22.28333,36260,1
brainsaw|2017/10/24 10:18:10,mrsic_flogel,2017/10/24 10:18:10,2017,brainsaw,1,brainsaw,RR51,RR51;brainsaw,1.467,1.467,7.0,0.07,10.0,,100.0,59,4.13,9.53333,9.74778,15281,1
brainsaw|2017/10/26 18:11:32,mrsic_flogel,2017/10/26 18:11:32,2017,brainsaw,1,brainsaw,RR49,RR49;brainsaw,1.467,1.467,7.0,0.07,10.0,,140.0,120,8.4,20.35972,20.29528,32640,1
brainsaw|2017/11/01 19:12:52,mrsic_flogel,2017/11/01 19:12:52,2017,brainsaw,1,brainsaw,RR52,RR52;brainsaw,1.467,1.467,7.0,0.07,10.0,,140.0,131,9.17,22.29861,22.24556,35632,1
brainsaw|2017/11/16 16:23:25,mrsic_flogel,2017/11/16 16:23:25,2017,brainsaw,1,RC09,sample_171116_152632,RC09;sample,1.322,1.322,25.0,0.075,3.0,,71.0,68,5.1,2.91639,2.92111,13396,1
brainsaw|2017/11/16 20:23:42,mrsic_flogel,2017/11/16 20:23:42,2017,brainsaw,1,RC08,RC08_171116,RC08,1.322,1.322,25.0,0.075,3.0,,100.0,100,7.5,6.40028,6.42861,32400,1
brainsaw|2017/11/17 18:30:51,mrsic_flogel,2017/11/17 18:30:51,2017,brainsaw,1,RC07,RC07_171117,RC07,1.322,1.322,25.0,0.075,3.0,,100.0,100,7.5,6.35917,6.39,32400,1
brainsaw|2017/12/07 12:46:47,mrsic_flogel,2017/12/07 12:46:47,2017,brainsaw,1,AMo_22,AMo_22,AMo,1.322,1.322,35.0,0.07,2.0,,120.0,85,5.95,3.06278,3.02556,17680,1
brainsaw|2017/12/12 16:54:25,mrsic_flogel,2017/12/12 16:54:25,2017,brainsaw,1,brainsaw,RR47,RR47;brainsaw,1.467,1.467,7.142857142857143,0.05,7.0,,100.0,138,6.9,13.01167,24.06389,30222,1
brainsaw|2017/12/13 18:07:07,mrsic_flogel,2017/12/13 18:07:07,2017,brainsaw,1,brainsaw,RR48,RR48;brainsaw,1.467,1.467,7.142857142857143,0.05,7.0,,200.0,172,8.6,15.22778,15.135,35776,1
brainsaw|2017/12/14 12:22:55,mrsic_flogel,2017/12/14 12:22:55,2017,brainsaw,1,brainsaw,RR50,RR50;brainsaw,1.467,1.464,7.142857142857143,0.05,7.0,,200.0,200,10.0,17.81222,17.72028,41600,1
brainsaw|2017/12/16 13:45:12,mrsic_flogel,2017/12/16 13:45:12,2017,brainsaw,1,brainsaw,RR50,RR50;brainsaw,1.467,1.464,12.5,0.05,4.0,,150.0,150,7.5,9.16806,9.11056,31200,1
brainsaw|2017/12/17 14:13:59,mrsic_flogel,2017/12/17 14:13:59,2017,brainsaw,1,brainsaw,RR59,RR59;brainsaw,1.467,1.464,12.5,0.05,4.0,,200.0,199,9.95,16.34861,16.26722,57113,1
brainsaw|2018/01/13 15:30:04,mrsic_flogel,2018/01/13 15:30:04,2018,brainsaw,1,RR61,RR_61,RR;RR61,1.467,1.464,7.142857142857143,0.05,7.0,,110.0,109,5.45,10.00139,28.97556,23435,1
brainsaw|2018/01/15 09:05:00,mrsic_flogel,2018/01/15 09:05:00,2018,brainsaw,1,RR62,RR_62,RR;RR62,1.467,1.464,7.142857142857143,0.05,7.0,,150.0,150,7.5,13.86778,13.77556,32250,1
brainsaw|2018/01/16 01:19:20,mrsic_flogel,2018/01/16 01:19:20,2018,brainsaw,1,RR63,RR63,RR63,1.452,1.464,7.142857142857143,0.05,7.0,,50.0,159,7.95,17.45917,17.45417,41181,1
brainsaw|2018/01/16 19:33:01,mrsic_flogel,2018/01/16 19:33:01,2018,brainsaw,1,RR64,RR64,RR64,1.467,1.464,7.142857142857143,0.05,7.0,,250.0,166,8.3,18.36861,18.74472,42994,1
brainsaw|2018/01/17 16:56:38,mrsic_flogel,2018/01/17 16:56:38,2018,brainsaw,1,RR65,RR65,RR65,1.467,1.464,7.142857142857143,0.05,7.0,,180.0,151,7.55,16.59556,16.48889,39109,1
brainsaw|2018/01/18 14:15:52,mrsic_flogel,2018/01/18 14:15:52,2018,brainsaw,1,RR68,RR68,RR68,1.467,1.464,7.142857142857143,0.05,7.0,,150.0,195,9.75,22.79167,22.71583,50505,1
brainsaw|2018/01/19 16:05:05,mrsic_flogel,2018/01/19 16:05:05,2018,brainsaw,1,IO_083,IO_083,IO,1.322,1.322,50.0,0.1,2.0,,100.0,96,9.6,4.85306,4.80222,30816,1
brainsaw|2018/01/19 21:43:59,mrsic_flogel,2018/01/19 21:43:59,2018,brainsaw,1,IO_081,IO_081,IO,1.322,1.322,50.0,0.1,2.0,,100.0,100,10.0,5.04083,4.99139,32100,1
brainsaw|2018/01/20 16:58:00,mrsic_flogel,2018/01/20 16:58:00,2018,brainsaw,1,IO_080,IO_080,IO,1.322,1.322,50.0,0.1,2.0,,100.0,81,8.1,4.17028,4.12056,27135,1
brainsaw|2018/01/20 21:48:05,mrsic_flogel,2018/01/20 21:48:05,2018,brainsaw,1,IO_079,IO_079,IO,1.322,1.322,50.0,0.1,2.0,,80.0,80,8.0,4.20778,4.15583,26800,1
brainsaw|2018/01/21 12:09:29,mrsic_flogel,2018/01/21 12:09:29,2018,brainsaw,1,IO_078,IO_078,IO,1.322,1.322,50.0,0.1,2.0,,80.0,73,7.3,3.96111,3.90639,25477,1
brainsaw|2018/01/21 16:43:27,mrsic_flogel,2018/01/21 16:43:27,2018,brainsaw,1,IO_087,IO_087,IO,1.322,1.322,50.0,0.1,2.0,,70.0,69,6.9,3.29472,3.2475,21666,1
brainsaw|2018/01/21 20:40:22,mrsic_flogel,2018/01/21 20:40:22,2018,brainsaw,2,IO_088;testbrain88,IO_088,IO;testbrain88,1.322,1.322,50.0,0.1,2.0,,70.0,70,7.0,3.36944,3.32111,21980,1
brainsaw|2018/01/22 00:38:40,mrsic_flogel,2018/01/22 00:38:40,2018,brainsaw,1,IO_082,IO_082,IO,1.322,1.322,50.0,0.1,2.0,,70.0,69,6.9,3.58694,3.53528,23736,1
brainsaw|2018/01/22 04:46:29,mrsic_flogel,2018/01/22 04:46:29,2018,brainsaw,1,IO_075,IO_075,IO,1.322,1.322,50.0,0.1,2.0,,85.0,85,8.5,4.13,4.08194,26095,1
brainsaw|2018/05/19 12:58:17,mrsic_flogel,2018/05/19 12:58:17,2018,brainsaw,1,RR66,RR66,RR66,1.69,1.67,6.666666666666667,0.04,6.0,,340.0,340,13.6,19.53306,19.48194,42500,1
brainsaw|2018/05/20 15:35:37,mrsic_flogel,2018/05/20 15:35:37,2018,brainsaw,1,RR67,RR67,RR67,1.67,1.668,6.666666666666667,0.04,6.0,,200.0,280,11.2,18.60389,25.14556,42840,1
brainsaw|2018/06/22 14:53:37,mrsic_flogel,2018/06/22 14:53:37,2018,brainsaw,1,PZ132,PZ132,PZ132,1.221,1.221,0.0,0.04,1.0,,290.0,290,11.6,12.01806,11.97667,25230,1
brainsaw|2018/06/25 11:09:30,mrsic_flogel,2018/06/25 11:09:30,2018,brainsaw,1,PZ133b,PZ133,PZ133;PZ133b,1.221,1.221,0.0,0.04,1.0,,220.0,296,11.84,11.31833,11.31972,19240,1
brainsaw|2018/06/26 09:15:49,mrsic_flogel,2018/06/26 09:15:49,2018,brainsaw,1,VCI4_2,VCI4,VCI4,1.221,1.221,10.0,0.04,4.0,,220.0,139,5.56,4.28056,4.24694,12093,1
brainsaw|2018/06/26 17:46:33,mrsic_flogel,2018/06/26 17:46:33,2018,brainsaw,1,VCI3,VCI3,VCI3,1.221,1.221,10.0,0.04,4.0,,200.0,200,8.0,6.14722,6.11778,15800,1
brainsaw|2018/06/27 11:13:58,mrsic_flogel,2018/06/27 11:13:58,2018,brainsaw,1,PZ142,PZ142,PZ142,1.221,1.221,0.0,0.04,1.0,,250.0,250,10.0,5.93444,5.91361,17250,1
brainsaw|2018/06/27 19:57:36,mrsic_flogel,2018/06/27 19:57:36,2018,brainsaw,1,PZ134,PZ134,PZ134,1.221,1.221,0.0,0.04,1.0,,250.0,250,10.0,7.30917,7.28111,17250,1
brainsaw|2018/06/28 10:39:49,mrsic_flogel,2018/06/28 10:39:49,2018,brainsaw,1,PZ136,PZ136,PZ136,1.221,1.221,0.0,0.04,1.0,,275.0,275,11.0,7.50139,7.47833,18975,1
brainsaw|2018/06/29 10:23:51,mrsic_flogel,2018/06/29 10:23:51,2018,brainsaw,1,PZ144,PZ142,PZ142;PZ144,1.221,1.221,0.0,0.04,1.0,,275.0,275,11.0,7.14056,7.11806,18975,1
brainsaw|2018/06/30 12:00:26,mrsic_flogel,2018/06/30 12:00:26,2018,brainsaw,1,VCI5_2,VCI5,VCI5,1.221,1.221,0.0,0.025,1.0,,400.0,400,10.0,23.10056,23.04889,34800,1
brainsaw|2018/07/05 10:32:20,margrie,2018/07/05 10:32:20,2018,brainsaw,1,CT_CX_14_1_brainsaw,CT_CX_14_1,CT,1.221,1.221,20.0,0.08,4.0,,150.0,146,11.68,3.72861,3.70306,10074,1
brainsaw|2018/07/05 17:34:42,margrie,2018/07/05 17:34:42,2018,brainsaw,1,CT_BX_77_4_stitched,CT_BX_77_4,CT,1.018,1.018,5.0,0.05,10.0,1.0,247.0,247,12.35,13.01306,12.96583,26429,1
brainsaw|2018/07/17 17:13:00,mrsic_flogel,2018/07/17 17:13:00,2018,brainsaw,1,PZ138,PZ138,PZ138,1.221,1.221,0.0,0.04,1.0,10.0,250.0,250,10.0,8.6825,8.64583,17250,1
brainsaw|2018/07/18 20:01:08,mrsic_flogel,2018/07/18 20:01:08,2018,brainsaw,1,VCI6,VCI6,VCI6,1.221,1.221,0.0,0.025,1.0,4.0,300.0,299,7.475,7.76972,7.7475,20631,1
brainsaw|2018/07/19 19:57:08,mrsic_flogel,2018/07/19 19:57:08,2018,brainsaw,1,VCI7,VCI7,VCI7,1.221,1.221,0.0,0.025,1.0,4.0,194.0,224,5.6,6.34278,18.13722,18592,1
brainsaw|2018/07/23 10:09:38,sjones,2018/07/23 10:09:38,2018,brainsaw,1,674983_BrainSaw_20180723,HMV_674983,674983;HMV,1.667,1.667,0.0,0.05,1.0,8.0,188.0,201,10.05,6.06556,6.87472,15879,1
brainsaw|2018/07/23 20:28:27,mrsic_flogel,2018/07/23 20:28:27,2018,brainsaw,1,PZ139b,PZ139,PZ139;PZ139b,1.221,1.221,0.0,0.04,1.0,16.0,250.0,250,10.0,11.86056,11.81389,19750,1
brainsaw|2018/07/24 11:05:58,mrsic_flogel,2018/07/24 11:05:58,2018,brainsaw,1,VAI6,VAI6,VAI6,1.221,1.221,0.0,0.025,1.0,4.0,200.0,200,5.0,5.60528,5.57806,15800,1
brainsaw|2018/07/24 19:05:40,mrsic_flogel,2018/07/24 19:05:40,2018,brainsaw,1,PZ140,PZ140,PZ140,1.221,1.221,0.0,0.04,1.0,16.0,250.0,250,10.0,11.87944,11.83556,19750,1
brainsaw|2018/07/25 15:07:32,mrsic_flogel,2018/07/25 15:07:32,2018,brainsaw,1,PZ143,PZ143,PZ143,1.221,1.221,0.0,0.04,1.0,16.0,270.0,270,10.8,12.71833,12.65611,21330,1
brainsaw|2018/07/26 11:27:38,mrsic_flogel,2018/07/26 11:27:38,2018,brainsaw,1,PZ141,PZ141,PZ141,1.221,1.221,0.0,0.04,1.0,16.0,270.0,270,10.8,12.57444,12.53194,21330,1
brainsaw|2018/07/27 12:09:53,mrsic_flogel,2018/07/27 12:09:53,2018,brainsaw,1,VAI5,VAI5,VAI5,1.221,1.221,0.0,0.025,1.0,10.0,200.0,200,5.0,7.48028,7.445,13800,1
brainsaw|2018/07/30 11:25:17,mrsic_flogel,2018/07/30 11:25:17,2018,brainsaw,1,CalFlex01,CalFlex01,CalFlex01,1.221,1.221,0.0,0.025,1.0,1.0,400.0,249,6.225,6.13861,6.11667,17181,1
brainsaw|2018/07/30 18:36:53,mrsic_flogel,2018/07/30 18:36:53,2018,brainsaw,1,CalFlex02,CalFlex02,CalFlex02,1.221,1.221,0.0,0.025,1.0,1.0,480.0,479,11.975,12.43222,12.41333,33051,1
brainsaw|2018/07/31 14:47:08,mrsic_flogel,2018/07/31 14:47:08,2018,brainsaw,1,CalFlex03,CalFlex03,CalFlex03,1.221,1.221,0.0,0.025,1.0,4.0,450.0,382,9.55,9.23194,9.19694,26358,1
brainsaw|2018/08/01 15:26:33,sjones,2018/08/01 15:26:33,2018,brainsaw,1,700322_Brainsaw_20180802,HMV_700322,700322;HMV,1.667,1.667,25.0,0.025,1.0,16.0,410.0,409,10.225,12.41639,12.38778,32311,1
brainsaw|2018/08/07 11:27:02,margrie,2018/08/07 11:27:02,2018,brainsaw,1,CT_BX_89_1_stitched,CT_BX_89_1,CT,1.221,1.221,5.0,0.04,8.0,1.0,300.0,300,12.0,10.54139,10.50889,20700,1
brainsaw|2018/08/14 11:08:57,sjones,2018/08/14 11:08:57,2018,brainsaw,1,698069_Brainsaw_20180814,HMV_698069,698069;HMV,1.667,1.667,20.0,0.04,2.0,1.0,300.0,205,8.2,5.35278,5.33056,17835,1
brainsaw|2018/08/15 14:07:18,mrsic_flogel,2018/08/15 14:07:18,2018,brainsaw,1,PZ145,PZ145,PZ145,1.221,1.221,0.0,0.04,1.0,10.0,250.0,250,10.0,10.11944,10.08361,21750,1
brainsaw|2018/08/16 10:51:36,mrsic_flogel,2018/08/16 10:51:36,2018,brainsaw,1,PZ135,PZ135,PZ135,1.221,1.221,0.0,0.04,1.0,10.0,250.0,250,10.0,10.14889,10.11167,21750,1
brainsaw|2018/08/17 11:26:32,mrsic_flogel,2018/08/17 11:26:32,2018,brainsaw,1,PZ137,PZ137,PZ137,1.221,1.221,0.0,0.04,1.0,10.0,250.0,250,10.0,10.83889,10.8,21750,1
brainsaw|2018/08/18 19:42:27,mrsic_flogel,2018/08/18 19:42:27,2018,brainsaw,1,VAI7,VAI7,VAI7,1.221,1.221,0.0,0.025,1.0,10.0,150.0,150,3.75,6.06639,6.02861,11400,1
brainsaw|2018/08/21 10:59:08,mrsic_flogel,2018/08/21 10:59:08,2018,brainsaw,1,IV_DoubleTest_01,IV_DoubleTest_01,IV,1.221,1.221,5.0,0.04,8.0,1.0,280.0,242,9.68,8.72361,8.6875,16698,1
brainsaw|2018/08/22 13:04:44,mrsic_flogel,2018/08/22 13:04:44,2018,brainsaw,1,IV_DoubleTest_02,sample_180822_114544,IV;sample,1.221,1.221,5.0,0.04,8.0,1.0,246.0,226,9.04,8.65417,8.62056,17854,1
brainsaw|2018/09/25 13:07:19,mrsic_flogel,2018/09/25 13:07:19,2018,brainsaw,1,RA05,FASTPREVIEW,FASTPREVIEW;RA05,1.221,1.221,0.0,0.025,1.0,4.0,237.0,350,8.75,9.345,9.67333,24150,1
brainsaw|2018/09/26 20:03:08,mrsic_flogel,2018/09/26 20:03:08,2018,brainsaw,1,RA06,RA06,RA06,1.667,1.667,0.0,0.025,1.0,4.0,50.0,400,10.0,10.05583,14.25778,27600,1
brainsaw|2018/09/27 13:44:19,mrsic_flogel,2018/09/27 13:44:19,2018,brainsaw,1,RA03,RA03,RA03,1.221,1.221,0.0,0.025,1.0,3.0,450.0,450,11.25,12.855,12.83306,34200,1
brainsaw|2018/10/04 12:21:26,mrsic_flogel,2018/10/04 12:21:26,2018,brainsaw,1,CalFlex04,CalrLR,CalFlex04;CalrLR,1.221,1.221,8.75,0.07,8.0,1.0,150.0,146,10.22,5.44639,5.40972,10074,1
brainsaw|2018/10/04 19:31:51,mrsic_flogel,2018/10/04 19:31:51,2018,brainsaw,1,RA04,RA04,RA04,1.221,1.221,0.0,0.025,1.0,4.0,300.0,300,7.5,7.21667,7.19194,20700,1
brainsaw|2018/11/08 11:47:53,margrie,2018/11/08 11:47:53,2018,brainsaw,1,CT_BY161-3,CT_BY_161_3,CT,1.221,1.221,5.0,0.05,10.0,1.0,215.0,215,10.75,8.91528,8.87556,14835,1
brainsaw|2018/11/10 12:51:50,mrsic_flogel,2018/11/10 12:51:50,2018,brainsaw,1,vGlut2_01,vGlut2_01,vGlut2,1.221,1.221,12.5,0.05,4.0,1.0,200.0,193,9.65,5.71,5.68333,14668,1
brainsaw|2018/11/13 11:13:49,margrie,2018/11/13 11:13:49,2018,brainsaw,1,CT_BY152-2,CT_BY_152_2,CT,1.221,1.221,5.0,0.05,10.0,1.0,220.0,220,11.0,8.54194,8.50667,13640,1
brainsaw|2018/11/14 12:03:15,margrie,2018/11/14 12:03:15,2018,brainsaw,1,CT_BY152-1,CT_BY_152_1,CT,1.221,1.221,5.0,0.05,10.0,1.0,220.0,220,11.0,8.7925,8.7525,15180,1
brainsaw|2018/11/22 12:19:02,margrie,2018/11/22 12:19:02,2018,brainsaw,1,CT_BY166-2,CT_BY_166_2,CT,1.221,1.221,5.0,0.05,10.0,1.0,220.0,220,11.0,9.2375,9.19389,15180,1
brainsaw|2018/11/27 11:03:27,mrsic_flogel,2018/11/27 11:03:27,2018,brainsaw,1,vGlut2_02,vGlut2_02,vGlut2,1.221,1.221,16.666666666666668,0.05,3.0,1.0,220.0,146,7.3,4.66556,4.63583,15622,1
brainsaw|2018/12/02 15:49:45,mrsic_flogel,2018/12/02 15:49:45,2018,brainsaw,1,retro_RR_N,retro_RR_N,retro,1.221,1.221,6.0,0.03,5.0,1.0,380.0,275,8.25,10.48306,24.23861,29425,1
brainsaw|2018/12/03 17:36:37,mrsic_flogel,2018/12/03 17:36:37,2018,brainsaw,1,CAV2_SC,CAV2_SC,CAV2,1.221,1.221,0.0,0.025,1.0,4.0,300.0,302,7.55,8.61667,8.93806,26100,1
brainsaw|2018/12/04 14:22:11,mrsic_flogel,2018/12/04 14:22:11,2018,brainsaw,1,retroAAV_SC,retroAAV_SC,retroAAV,1.221,1.221,0.0,0.025,1.0,4.0,300.0,300,7.5,9.09389,9.06694,26100,1
brainsaw|2018/12/05 10:44:45,okeefe,2018/12/05 10:44:45,2018,brainsaw,1,BG_609916_19,BG_SurgeryBrain_01,BG,1.667,1.667,25.0,0.05,2.0,1.0,200.0,146,7.3,3.50194,3.48222,12702,1
brainsaw|2018/12/05 15:51:20,okeefe,2018/12/05 15:51:20,2018,brainsaw,1,BG_640653_18,BG_640653_18,BG,1.667,1.667,25.0,0.075,3.0,1.0,170.0,170,12.75,5.39944,5.36972,14790,1
brainsaw|2018/12/06 10:39:58,okeefe,2018/12/06 10:39:58,2018,brainsaw,1,BG_640562_20,BG_640652_20,BG,1.667,1.667,25.0,0.05,2.0,1.0,170.0,134,6.7,3.46528,3.44139,11658,1
brainsaw|2018/12/06 17:30:33,mrsic_flogel,2018/12/06 17:30:33,2018,brainsaw,1,retro_RR_RL,retro_RR_RL,retro,1.221,1.221,7.5,0.03,4.0,1.0,400.0,400,12.0,12.78611,12.75806,34800,1
brainsaw|2018/12/07 13:32:19,mrsic_flogel,2018/12/07 13:32:19,2018,brainsaw,1,retro_RR_L,retro_RR_L,retro,1.221,1.221,7.5,0.03,4.0,1.0,400.0,400,12.0,12.70417,12.6775,34800,1
brainsaw|2018/12/13 11:27:17,mrsic_flogel,2018/12/13 11:27:17,2018,brainsaw,1,PRV_SC,AF_PRV_SC_01,AF;PRV,1.221,1.221,0.0,0.025,1.0,1.0,350.0,350,8.75,10.02583,10.0075,30450,1
brainsaw|2018/12/14 22:40:28,mrsic_flogel,2018/12/14 22:40:28,2018,brainsaw,1,CTB_SC,CTB_SC,CTB,1.221,1.221,0.0,0.025,1.0,4.0,350.0,350,8.75,11.96083,11.93083,33250,1
brainsaw|2018/12/15 13:50:58,mrsic_flogel,2018/12/15 13:50:58,2018,brainsaw,1,AAV_V1_3colours_Azimuth,sample_3AAV_cortex_Azimuth,AAV;sample,1.221,1.221,0.0,0.025,1.0,4.0,350.0,350,8.75,13.18583,13.15639,37450,1
brainsaw|2018/12/16 12:23:09,mrsic_flogel,2018/12/16 12:23:09,2018,brainsaw,1,NXR8_9,NXR8_9,NXR8,1.221,1.221,25.0,0.05,2.0,1.0,150.0,150,7.5,4.82278,4.79389,17400,1
brainsaw|2018/12/16 21:02:51,mrsic_flogel,2018/12/16 21:02:51,2018,brainsaw,1,AAV_V1_3colours_Elevation,sample_3AAV_cortex_Elevation,AAV;sample,1.221,1.221,0.0,0.025,1.0,4.0,350.0,350,8.75,16.39667,16.3575,45150,1
brainsaw|2018/12/18 08:26:33,mrsic_flogel,2018/12/18 08:26:33,2018,brainsaw,1,NXR10_11,sample_NXR10_11,NXR10;sample,1.221,1.221,25.0,0.05,2.0,1.0,150.0,150,7.5,4.61917,4.59111,14250,1
brainsaw|2019/01/03 17:44:30,margrie,2019/01/03 17:44:30,2019,brainsaw,1,CT_CX_66_2_brainsaw,CT_CX_66_2,CT,1.221,1.221,5.0,0.05,10.0,1.0,220.0,220,11.0,9.36972,9.32889,15180,1
brainsaw|2019/01/04 12:36:34,margrie,2019/01/04 12:36:34,2019,brainsaw,1,CT_CX_66_3_brainsaw,CT_CX_66_3,CT,1.221,1.221,5.0,0.05,10.0,1.0,230.0,230,11.5,9.80417,9.76444,15870,1
brainsaw|2019/01/07 12:39:58,margrie,2019/01/07 12:39:58,2019,brainsaw,1,CT_CX_67_1_brainsaw,CT_CX_67_1,CT,1.221,1.221,5.0,0.05,10.0,1.0,230.0,206,10.3,8.77639,8.73417,14214,1
brainsaw|2019/01/09 12:10:17,margrie,2019/01/09 12:10:17,2019,brainsaw,1,CT_CX_67_2_brainsaw,CT_CX_67_1,CT,1.221,1.221,5.0,0.05,10.0,1.0,230.0,230,11.5,8.81889,8.785,15870,1
brainsaw|2019/01/10 12:30:24,margrie,2019/01/10 12:30:24,2019,brainsaw,1,CT_CX_67_3_brainsaw,CT_CX_67_3,CT,1.221,1.221,5.0,0.05,10.0,1.0,230.0,230,11.5,8.815,8.77833,15870,1
brainsaw|2019/01/10 22:13:00,margrie,2019/01/10 22:13:00,2019,brainsaw,1,CT_BX_111_1_brainsaw,CT_BX_111_1,CT,1.221,1.221,5.0,0.05,10.0,1.0,230.0,230,11.5,9.58556,9.54778,15870,1
brainsaw|2019/01/14 10:43:44,margrie,2019/01/14 10:43:44,2019,brainsaw,1,MS_CZ_2_3,CZ_2_3,CZ;MS,1.221,1.221,5.0,0.04,8.0,1.0,290.0,267,10.68,9.46194,9.42028,18423,1
brainsaw|2019/01/15 10:44:27,margrie,2019/01/15 10:44:27,2019,brainsaw,1,MS_CZ_2_4,CZ_2_4,CZ;MS,1.221,1.221,5.0,0.05,10.0,1.0,244.0,188,9.4,8.42667,8.38417,14288,1
brainsaw|2019/01/15 19:55:11,mrsic_flogel,2019/01/15 19:55:11,2019,brainsaw,1,747649,GtACR_747649,747649;GtACR,1.221,1.221,25.0,0.025,1.0,4.0,250.0,250,6.25,6.86056,6.83583,20750,1
brainsaw|2019/01/16 13:28:20,okeefe,2019/01/16 13:28:20,2019,brainsaw,1,Rat_01_brainsawtest,Rat_01,Rat,2.22,2.22,50.0,0.05,1.0,2.0,310.0,309,15.45,12.42889,12.39306,71997,1
brainsaw|2019/01/21 12:21:48,okeefe,2019/01/21 12:21:48,2019,brainsaw,1,BG_599550_DiI,BG_599550_DiI,BG,2.22,2.22,25.0,0.05,2.0,1.0,190.0,189,9.45,4.53389,4.50833,18522,1
brainsaw|2019/01/22 10:24:30,margrie,2019/01/22 10:24:30,2019,brainsaw,1,AM_118_1,AM_118_1,AM,2.22,2.22,5.0,0.04,8.0,1.0,250.0,250,10.0,8.54083,8.50389,21750,1
brainsaw|2019/01/23 14:50:17,okeefe,2019/01/23 14:50:17,2019,brainsaw,1,Rat_02_acute,Rat_02,Rat,2.22,2.22,50.0,0.05,1.0,2.0,320.0,319,15.95,15.31417,15.26722,82621,1
brainsaw|2019/01/31 12:19:43,mrsic_flogel,2019/01/31 12:19:43,2019,brainsaw,1,IV_190131_M6,IV_190131_M6,IV,1.667,1.667,5.0,0.04,8.0,1.0,280.0,255,10.2,10.66361,10.62417,20145,1
brainsaw|2019/02/04 11:34:08,margrie,2019/02/04 11:34:08,2019,brainsaw,1,AM118_5,AM118_5,AM118,2.22,2.22,5.0,0.04,8.0,1.0,203.0,229,9.16,9.55972,10.01139,19923,1
brainsaw|2019/02/05 11:08:53,sjones,2019/02/05 11:08:53,2019,brainsaw,1,HMV_737776,HMV_737776,HMV,2.22,2.22,25.0,0.05,2.0,1.0,71.0,211,10.55,5.55306,6.39444,20678,1
brainsaw|2019/02/05 18:23:54,sjones,2019/02/05 18:23:54,2019,brainsaw,1,HMV_838952,HMV_838952,HMV,2.22,2.22,40.0,0.04,1.0,4.0,300.0,300,12.0,7.3075,7.29,26100,1
brainsaw|2019/02/06 14:23:34,sjones,2019/02/06 14:23:34,2019,brainsaw,1,HMV_737777,HMV_737777,HMV,2.22,2.22,50.0,0.05,1.0,8.0,280.0,279,13.95,9.16333,9.135,24273,1
brainsaw|2019/02/11 18:56:14,mrsic_flogel,2019/02/11 18:56:14,2019,brainsaw,1,MJ_MPV_18,MJ_MPV_18,MJ,2.22,2.22,10.0,0.04,4.0,1.0,260.0,260,10.4,7.26028,7.23167,22620,1
brainsaw|2019/02/17 15:05:58,mrsic_flogel,2019/02/17 15:05:58,2019,brainsaw,1,RC_190217_RBP-tdTomato_CLARITY,RC_190217_RBP-tdTomato_CLARITY,RC,2.22,2.22,10.0,0.2,20.0,4.0,70.0,70,14.0,17.23417,16.98278,9940,1
brainsaw|2019/02/20 13:31:14,sjones,2019/02/20 13:31:14,2019,brainsaw,1,brainsaw_chat,LR_Chat_3brains,LR;brainsaw,2.22,2.22,25.0,0.05,2.0,1.0,150.0,90,4.5,4.11056,4.06583,20970,1
brainsaw|2019/02/21 10:50:20,mrsic_flogel,2019/02/21 10:50:20,2019,brainsaw,1,Rabies_vGAT_SC_Vanessa,Vanessa_VGat_rabies,Rabies;Vanessa,2.22,2.22,10.0,0.04,4.0,1.0,300.0,221,8.84,6.225,6.19583,19227,1
brainsaw|2019/02/25 11:11:58,mrsic_flogel,2019/02/25 11:11:58,2019,brainsaw,1,Brain_A,MJ_MPV_14_16,Brain;MJ,2.22,2.22,25.0,0.05,2.0,1.0,200.0,159,7.95,5.92306,5.88639,30846,1
brainsaw|2019/02/25 18:08:19,mrsic_flogel,2019/02/25 18:08:19,2019,brainsaw,1,MiJa_MPV17,MJ_MPV_17,MJ;MiJa,2.22,2.22,25.0,0.05,2.0,1.0,200.0,199,9.95,4.8325,4.80806,18905,1
brainsaw|2019/02/26 11:01:16,mrsic_flogel,2019/02/26 11:01:16,2019,brainsaw,1,PV_FirstRound_Alex,AF_PCcre_eGFP_849272,AF;PV,2.22,2.22,10.0,0.04,4.0,4.0,200.0,199,7.96,19.22306,19.1275,40397,1
brainsaw|2019/03/01 11:34:27,mrsic_flogel,2019/03/01 11:34:27,2019,brainsaw,1,MPV_11,sample_MPV11_15,MPV;sample,2.22,2.22,25.0,0.05,2.0,1.0,200.0,199,9.95,8.5175,8.4775,41193,1
brainsaw|2019/03/03 15:39:28,mrsic_flogel,2019/03/03 15:39:28,2019,brainsaw,1,RC_CUBIC_02,RC_CUBIC_02,RC,2.22,2.22,10.0,0.1,10.0,1.0,110.0,110,11.0,5.09417,5.0475,9570,1
brainsaw|2019/03/05 13:43:34,mrsic_flogel,2019/03/05 13:43:34,2019,brainsaw,2,CAV2_Cortex;CAV2_SC,AF_CAV_SC;IG_CAV_Cortex,AF;CAV2;IG,2.22,2.22,5.0,0.04,8.0,2.0,230.0,200,8.0,19.16167,19.2575,37200,1
brainsaw|2019/03/08 12:57:42,mrsic_flogel,2019/03/08 12:57:42,2019,brainsaw,1,872680,AF_GtACR_Weird_Behaviour,872680;AF,2.22,2.22,10.0,0.04,4.0,4.0,200.0,198,7.92,10.81889,10.83389,20394,1
brainsaw|2019/03/11 12:55:05,mrsic_flogel,2019/03/11 12:55:05,2019,brainsaw,1,RC_04_LR09_CUBIC,RC_CUBIC_04_LR09,RC,2.22,2.22,10.416666666666666,0.125,12.0,1.0,105.0,99,12.375,4.96972,4.91861,9405,1
brainsaw|2019/03/12 10:46:23,sjones,2019/03/12 10:46:23,2019,brainsaw,1,HMV_838956,HMV_838956,HMV,2.22,2.22,25.0,0.05,2.0,1.0,240.0,239,11.95,6.00361,5.97556,23422,1
brainsaw|2019/03/12 17:55:32,sjones,2019/03/12 17:55:32,2019,brainsaw,1,HMV_719881,HMV_719881,HMV,2.22,2.22,25.0,0.05,2.0,1.0,220.0,230,11.5,8.0325,8.03806,22540,1
brainsaw|2019/03/14 12:26:41,okeefe,2019/03/14 12:26:41,2019,brainsaw,1,JOK_Rat_03_acute,JOK_Rat_03,JOK,2.22,2.22,50.0,0.05,1.0,1.0,300.0,299,14.95,14.37778,14.33361,75049,1
brainsaw|2019/03/15 10:52:29,mrsic_flogel,2019/03/15 10:52:29,2019,brainsaw,1,highResSecondStack,RC_CR_CUBIC_05_hires,RC;highResSecondStack,1.667,1.667,9.615384615384615,0.125,13.0,6.0,55.0,34,4.25,3.55778,3.70361,1770,1
brainsaw|2019/03/15 16:47:40,okeefe,2019/03/15 16:47:40,2019,brainsaw,1,JOK_Rat_04_noperfusion,JOK_Rat_04,JOK,2.22,2.22,50.0,0.05,1.0,1.0,129.0,299,14.95,15.44583,15.39722,69667,1
brainsaw|2019/03/16 17:42:15,mrsic_flogel,2019/03/16 17:42:15,2019,brainsaw,1,LPvLGN,AF_LPvLGN,AF;LPvLGN,2.22,2.22,10.0,0.04,4.0,4.0,250.0,249,9.96,12.05361,12.01167,21663,1
brainsaw|2019/03/19 13:49:11,margrie,2019/03/19 13:49:11,2019,brainsaw,1,MS_DD5_1,MS_dd5_1,MS,2.22,2.22,5.0,0.04,8.0,1.0,275.0,275,11.0,9.53444,9.50194,23925,1
brainsaw|2019/03/21 10:36:55,mrsic_flogel,2019/03/21 10:36:55,2019,brainsaw,1,RC_CUBIC_06_AF_GCaMP_01,RC_CUBIC_06_AF_GCaMP_01,RC,2.22,2.22,10.0,0.15,15.0,1.0,65.0,65,9.75,2.59417,2.5525,4030,1
brainsaw|2019/03/21 16:53:00,okeefe,2019/03/21 16:53:00,2019,brainsaw,1,JOK_Rat05_acute,JOK_Rat05,JOK,2.22,2.22,50.0,0.05,1.0,1.0,290.0,289,14.45,15.06722,15.01444,76585,1
brainsaw|2019/03/22 11:58:16,okeefe,2019/03/22 11:58:16,2019,brainsaw,1,JOK_Rat06_acute,sample_190322_104653,JOK;sample,2.22,2.22,50.0,0.05,1.0,1.0,300.0,299,14.95,16.86139,16.81194,83421,1
brainsaw|2019/03/25 11:17:19,margrie,2019/03/25 11:17:19,2019,brainsaw,1,MS_DD5_4,MS_DD5_4,MS,2.22,2.22,5.0,0.04,8.0,1.0,270.0,213,8.52,13.50639,13.44861,22791,1
brainsaw|2019/03/26 11:09:29,mrsic_flogel,2019/03/26 11:09:29,2019,brainsaw,1,NXR12_13,AF_NXR12_13,AF;NXR12,2.22,2.22,10.0,0.04,4.0,1.0,150.0,149,5.96,6.6025,6.56556,14155,1
brainsaw|2019/03/26 21:18:22,mrsic_flogel,2019/03/26 21:18:22,2019,brainsaw,3,mDLX;mDLX_FirstRound_Alex;mDLX_FirstRound_Andre,AF_twoDLX;ROI_1;ROI_2,AF;ROI;mDLX,2.22,2.22,10.0,0.04,4.0,4.0,175.0,142,5.68,15.06139,14.92056,25418,1
brainsaw|2019/03/29 14:18:47,margrie,2019/03/29 14:18:47,2019,brainsaw,1,MS_DD5_3,MS_DD5_3,MS,2.22,2.22,5.0,0.04,8.0,1.0,143.0,271,10.84,11.14083,11.14056,28997,1
brainsaw|2019/04/02 14:27:39,sjones,2019/04/02 14:27:39,2019,brainsaw,1,brainsaw_ctb_stn_gpi,LR_CTB_488_555,LR;brainsaw,2.22,2.22,10.0,0.04,4.0,1.0,255.0,235,9.4,6.65639,6.62139,20445,1
brainsaw|2019/04/04 11:42:11,margrie,2019/04/04 11:42:11,2019,brainsaw,1,MSCZ2_1,MS_CZ2_1,MS;MSCZ2,2.22,2.22,5.0,0.05,10.0,1.0,220.0,199,9.95,7.40556,7.36444,15721,1
brainsaw|2019/04/05 11:05:26,margrie,2019/04/05 11:05:26,2019,brainsaw,1,MS_CZ2_2,FASTPREVIEW,FASTPREVIEW;MS,2.22,2.22,5.0,0.04,8.0,1.0,275.0,275,11.0,9.98694,9.95083,23925,1
brainsaw|2019/04/08 11:40:44,mrsic_flogel,2019/04/08 11:40:44,2019,brainsaw,1,NXR14,AF_NXR14,AF;NXR14,2.22,2.22,10.0,0.04,4.0,1.0,250.0,250,10.0,7.63806,7.60806,24500,1
brainsaw|2019/04/09 10:04:31,margrie,2019/04/09 10:04:31,2019,brainsaw,1,MS_AM118_2,MS_AM118_2,MS,2.22,2.22,5.0,0.04,8.0,1.0,270.0,270,10.8,9.82028,9.78861,23490,1
brainsaw|2019/04/10 11:55:38,margrie,2019/04/10 11:55:38,2019,brainsaw,1,MS_AM118_4,MS_AM118_4,MS,2.22,2.22,5.0,0.04,8.0,1.0,270.0,270,10.8,9.82972,9.79417,23490,1
brainsaw|2019/04/11 10:31:40,margrie,2019/04/11 10:31:40,2019,brainsaw,1,MS_118_3,MS_AM118_3,MS,2.22,2.22,5.0,0.04,8.0,1.0,245.0,245,9.8,8.96111,8.92444,21315,1
brainsaw|2019/04/15 10:53:45,mrsic_flogel,2019/04/15 10:53:45,2019,brainsaw,1,rab02,AB_rab01,AB;rab02,1.667,1.667,8.333333333333334,0.05,6.0,5.0,196.0,77,3.85,6.45222,7.54611,6699,1
brainsaw|2019/04/16 11:37:46,margrie;mrsic_flogel,2019/04/16 11:37:46,2019,brainsaw,2,metadata;rab03,rab01;rab03,metadata;rab01;rab03,1.667,1.667,8.333333333333334,0.05,6.0,4.0,200.0,198,9.9,23.21778,23.0975,30294,1
brainsaw|2019/04/17 12:22:40,mrsic_flogel,2019/04/17 12:22:40,2019,brainsaw,2,AB_rab040506_2;rab06,AB_rab040506;rab06,AB;rab06,1.667,1.667,10.0,0.05,5.0,3.0,191.0,20,1.0,2.24167,2.66083,4150,1
brainsaw|2019/04/17 15:38:34,margrie;mrsic_flogel,2019/04/17 15:38:34,2019,brainsaw,2,metadata;rab05,rab04;rab05,metadata;rab04;rab05,1.667,1.667,8.333333333333334,0.05,6.0,4.0,191.0,190,9.5,20.86833,28.60389,26410,1
brainsaw|2019/04/23 10:27:30,margrie,2019/04/23 10:27:30,2019,brainsaw,1,BY208-1,SL_BY208_1,BY208-1;SL,2.22,2.22,5.0,0.04,8.0,1.0,260.0,260,10.4,10.05444,10.01583,27820,1
brainsaw|2019/04/24 09:43:56,margrie,2019/04/24 09:43:56,2019,brainsaw,1,MS_AI248_1,MS_AI248_1,MS,2.22,2.22,5.0,0.04,8.0,1.0,250.0,250,10.0,9.65583,9.62083,24500,1
brainsaw|2019/04/25 13:20:04,mrsic_flogel,2019/04/25 13:20:04,2019,brainsaw,3,PV_SecoundRound_Andre;ROI_1;ROI_2,AMS_EYFP_PV_vlgn;ROI_1,AMS;PV;ROI,2.22,2.22,10.0,0.04,4.0,1.0,230.0,230,9.2,21.41833,21.325,43930,0
brainsaw|2019/04/26 15:33:39,mrsic_flogel,2019/04/26 15:33:39,2019,brainsaw,1,rab06,AB_rab06,AB;rab06,1.667,1.667,8.333333333333334,0.05,6.0,4.0,191.0,191,9.55,19.64028,19.54056,26549,1
brainsaw|2019/04/27 13:22:42,mrsic_flogel,2019/04/27 13:22:42,2019,brainsaw,3,CR_FirstRound_Andre;ROI_1;ROI_2,AMS_EYFP_CR_vlgn;ROI_1;ROI_2,AMS;CR;ROI,2.22,2.22,10.0,0.04,4.0,4.0,250.0,238,9.52,20.81611,20.72694,41650,1
brainsaw|2019/04/28 15:51:22,mrsic_flogel,2019/04/28 15:51:22,2019,brainsaw,1,MB_152-153,MB_DK152-153,MB,2.22,2.22,20.0,0.04,2.0,4.0,250.0,249,9.96,12.04333,11.97278,49053,1
brainsaw|2019/05/01 11:50:33,mrsic_flogel,2019/05/01 11:50:33,2019,brainsaw,1,NOS_FirstRound_Andre,AMS_EYFP_NOS_vlgn,AMS;NOS,2.231,2.231,10.0,0.04,4.0,4.0,125.0,233,9.32,11.73028,13.19778,22135,1
brainsaw|2019/05/02 13:31:35,mrsic_flogel,2019/05/02 13:31:35,2019,brainsaw,2,AB_rab040506;rab06,RC_GCaMP_aveTest,AB;RC;rab06,1.227,1.227,50.0,0.05,1.0,16.0,85.0,90,4.5,4.12333,4.305,6210,1
brainsaw|2019/05/06 11:52:11,mrsic_flogel,2019/05/06 11:52:11,2019,brainsaw,3,ROI_1;ROI_2;SST_SecondRound_AndreAndAlex,AMS_SST_vlgn;ROI_1;ROI_2,AMS;ROI;SST,2.231,2.231,10.0,0.04,4.0,4.0,150.0,128,5.12,10.00861,9.93083,19584,1
brainsaw|2019/05/06 22:44:47,mrsic_flogel,2019/05/06 22:44:47,2019,brainsaw,3,NXR15;NXR15_NXR16;NXR16,AF_NXR15_16;ROI_1;ROI_2,AF;NXR15;NXR16;ROI,2.231,2.231,10.0,0.04,4.0,2.0,160.0,160,6.4,8.90944,8.85667,26240,1
brainsaw|2019/05/08 11:29:38,mrsic_flogel,2019/05/08 11:29:38,2019,brainsaw,2,KS001;KS006,KS001;KS006,KS001;KS006,5.087,5.087,20.0,0.06,3.0,1.0,200.0,197,11.82,9.88528,9.83361,54963,1
brainsaw|2019/05/15 16:54:23,mrsic_flogel,2019/05/15 16:54:23,2019,brainsaw,2,CSHL_009;IBL_1,AV02;CK01,AV02;CK01;CSHL;IBL,4.603,4.603,20.0,0.06,3.0,1.0,200.0,199,11.94,10.69556,10.64444,62486,1
brainsaw|2019/05/16 11:22:25,okeefe,2019/05/16 11:22:25,2019,brainsaw,1,Rat07_chronic_dummy,Rat07,Rat07,4.603,4.603,50.0,0.05,1.0,1.0,280.0,279,13.95,16.11944,16.06389,93465,1
brainsaw|2019/05/17 11:36:55,okeefe,2019/05/17 11:36:55,2019,brainsaw,3,Rat08;Rat08_09;Rat09,Rat08;Rat09;ratbrains_08and09,Rat08;Rat09;ratbrains,4.603,4.603,50.0,0.05,1.0,1.0,260.0,298,14.9,25.48944,25.81472,193700,1
brainsaw|2019/05/20 17:44:25,sjones,2019/05/20 17:44:25,2019,brainsaw,3,N2c;SB19;gpe_pv_rabies_comparison__sb19_n2c,LBR_SB19_N2c;N2c;SB19,LBR;N2c;SB19;gpe,1.675,1.675,7.5,0.06,8.0,1.0,180.0,180,10.8,12.13778,12.075,30420,1
brainsaw|2019/05/22 15:51:56,margrie,2019/05/22 15:51:56,2019,brainsaw,1,CT_CX_79_2,CT_CX_79_2,CT,4.603,4.603,20.0,0.06,3.0,1.0,160.0,159,9.54,4.90083,4.86667,22101,1
brainsaw|2019/05/23 12:15:03,margrie,2019/05/23 12:15:03,2019,brainsaw,2,CT_CX_79_3;CT_CX_79_4,CT_CX_79_3;CT_CX_79_4,CT,4.603,4.603,20.0,0.06,3.0,1.0,170.0,169,10.14,10.36472,10.30583,55601,1
brainsaw|2019/05/28 11:59:52,mrsic_flogel,2019/05/28 11:59:52,2019,brainsaw,1,SF863826,SF863826,SF863826,4.603,4.603,20.0,0.06,3.0,1.0,200.0,199,11.94,18.66556,18.57333,116813,1
brainsaw|2019/05/29 12:12:20,mrsic_flogel,2019/05/29 12:12:20,2019,brainsaw,1,SF919189_LP20,SF919189_LP20,SF919189,4.603,4.603,20.0,0.06,3.0,1.0,200.0,183,10.98,5.90806,5.87222,28365,1
brainsaw|2019/05/30 09:44:48,okeefe,2019/05/30 09:44:48,2019,brainsaw,1,Rat_10_amygdala6,SF919189_LP20,Rat;SF919189,4.603,4.603,50.0,0.05,1.0,1.0,300.0,299,14.95,15.175,15.12083,109733,1
brainsaw|2019/05/31 10:58:02,okeefe,2019/05/31 10:58:02,2019,brainsaw,1,Rat_11_12_acute,Rat10_11,Rat;Rat10,2.231,2.231,50.0,0.05,1.0,1.0,300.0,298,14.9,22.5275,40.38889,148702,1
brainsaw|2019/06/02 12:38:43,margrie;mrsic_flogel,2019/06/02 12:38:43,2019,brainsaw,2,metadata;rab08,rab07;rab08,metadata;rab07;rab08,1.227,1.227,5.714285714285714,0.04,7.0,5.0,200.0,200,8.0,32.31139,32.14639,25800,1
brainsaw|2019/06/03 22:26:42,mrsic_flogel,2019/06/03 22:26:42,2019,brainsaw,1,rab09,AB_rab09rab10,AB;rab09,1.227,1.227,5.714285714285714,0.04,7.0,4.0,250.0,227,9.08,35.23333,35.08028,34731,1
brainsaw|2019/06/05 14:18:58,mrsic_flogel,2019/06/05 14:18:58,2019,brainsaw,3,SF893794_919188;SF_893794;SF_919188,SF_893794;SF_919188;sample_190605_132546,SF;SF893794;sample,4.603,4.603,15.0,0.06,4.0,1.0,200.0,199,11.94,12.43639,12.37194,65471,1
brainsaw|2019/06/10 10:18:54,sjones,2019/06/10 10:18:54,2019,brainsaw,4,brainsaw_GPe_Rb_bilateral;s044_anatomygpegpirabieson_m000044__20190610_000000__serial_section_gpegpirabieson_roi1upperleft;s045_anatomygpegpirabieson_m000045__20190610_000000__serial_section_gpegpirabieson_roi2upperright;s046_anatomygpegpirabieson_m000046__20190610_000000__serial_section_gpegpirabieson_roi3bottom,LBR_Rb_bil;ROI_1_upperleft;ROI_2_upperright;ROI_3_bottom,LBR;ROI;brainsaw;s044;s045;s046,1.675,1.675,7.5,0.06,8.0,1.0,190.0,161,9.66,25.06306,24.90833,70196,1
brainsaw|2019/06/11 12:28:29,mrsic_flogel,2019/06/11 12:28:29,2019,brainsaw,1,PV_GoodRound_AndreAndAlex,AMS_AF_PVcre_EYFP,AMS;PV,2.231,2.231,12.5,0.0625,5.0,4.0,110.0,95,5.9375,21.41889,21.19583,39235,1
brainsaw|2019/06/12 11:08:09,mrsic_flogel,2019/06/12 11:08:09,2019,brainsaw,5,SST1;SST2;SST3;SST4;SST_GoodRound_AndreAndAlex,AMS_AF_SSTcre_EYFP;ROI_1;ROI_2;ROI_3;ROI_4,AMS;ROI;SST;SST1;SST2;SST3;SST4,2.231,2.231,12.5,0.0625,5.0,4.0,110.0,88,5.5,19.03417,27.27222,34320,1
brainsaw|2019/06/13 16:27:36,margrie,2019/06/13 16:27:36,2019,brainsaw,1,metadata,SK_CX104_1,SK;metadata,2.231,2.231,5.0,0.04,8.0,1.0,300.0,300,12.0,10.59028,10.55944,29400,1
brainsaw|2019/06/14 10:32:53,sjones,2019/06/14 10:32:53,2019,brainsaw,1,HMV_907817,HMV_907817,HMV,2.231,2.231,25.0,0.05,2.0,1.0,240.0,222,11.1,5.43028,5.40722,19314,1
brainsaw|2019/06/14 19:00:45,sjones,2019/06/14 19:00:45,2019,brainsaw,1,HMV_893271,HMV_893271,HMV,2.231,2.231,25.0,0.05,2.0,1.0,250.0,249,12.45,6.18528,6.15944,23655,1
brainsaw|2019/06/15 03:06:40,mrsic_flogel,2019/06/15 03:06:40,2019,brainsaw,5,CR1;CR2;CR3;CR4;CR_SecoundRound_Andre&Alex,AMS_AF_CRcre_EYFP;ROI_1;ROI_2;ROI_3;ROI_4,AMS;CR;CR1;CR2;CR3;CR4;ROI,2.231,2.231,12.5,0.0625,5.0,4.0,110.0,91,5.6875,15.77861,15.60056,29939,1
brainsaw|2019/06/15 19:53:51,mrsic_flogel,2019/06/15 19:53:51,2019,brainsaw,3,NOS3;NOS4;NOS_SecoundRound_AndreAndAlex,AMS_AF_NOScre_EYFP;ROI_1;ROI_2,AMS;NOS;NOS3;NOS4;ROI,2.231,2.231,12.5,0.0625,5.0,6.0,100.0,99,6.1875,12.27417,12.15222,16533,1
brainsaw|2019/06/16 12:19:01,branco,2019/06/16 12:19:01,2019,brainsaw,1,DC_CA649_3,DC_CA649_3,DC,2.231,2.231,12.5,0.05,4.0,2.0,150.0,149,7.45,5.44917,5.415,12963,1
brainsaw|2019/06/18 10:04:32,isogai,2019/06/18 10:04:32,2019,brainsaw,2,DR003;DR015,DR003;DR015,DR003;DR015,4.603,4.603,20.0,0.06,3.0,1.0,160.0,143,8.58,7.00639,6.96,39897,1
brainsaw|2019/06/18 19:01:49,mrsic_flogel,2019/06/18 19:01:49,2019,brainsaw,1,SST2_rab,AMS_AF_SST2_rab,AMS;SST2,2.231,2.231,6.25,0.05,8.0,4.0,160.0,159,7.95,13.29778,13.21444,15105,1
brainsaw|2019/06/19 11:37:46,sjones,2019/06/19 11:37:46,2019,brainsaw,2,s049_anatomygpegpirabieson_m000049__20190619_000000__serial_section_gpegpirabieson_roi1upperleft;s049_anatomygpegpirabieson_m000049__20190619_000000__serial_section_gpegpirabieson_roi1upperleft,LBR_Rb_uni_20190619,LBR;s049,1.675,1.675,6.25,0.05,8.0,1.0,240.0,202,10.1,23.09444,22.98389,65044,1
brainsaw|2019/06/20 11:56:37,mrsic_flogel,2019/06/20 11:56:37,2019,brainsaw,1,PV1_rab,AMS_AF_PV_rab1,AMS;PV1,2.231,2.231,6.25,0.05,8.0,4.0,180.0,180,9.0,14.77306,14.68972,17100,1
brainsaw|2019/06/21 10:38:10,mrsic_flogel,2019/06/21 10:38:10,2019,brainsaw,1,SST1_rab,AMS_AF_SST_rab2,AMS;SST1,2.231,2.231,6.25,0.05,8.0,4.0,170.0,76,3.8,6.19583,6.11611,7220,1
brainsaw|2019/06/21 17:17:33,mrsic_flogel,2019/06/21 17:17:33,2019,brainsaw,1,PV2_rab,AMS_AF_PV2_rab,AMS;PV2,2.231,2.231,6.25,0.05,8.0,4.0,160.0,160,8.0,13.37528,13.29306,15200,1
brainsaw|2019/06/22 15:31:25,mrsic_flogel,2019/06/22 15:31:25,2019,brainsaw,1,PV3_rab,AMS_AF_PV3_rab,AMS;PV3,2.231,2.231,6.25,0.05,8.0,4.0,180.0,180,9.0,14.80639,14.72667,17100,1
brainsaw|2019/06/23 12:05:58,mrsic_flogel,2019/06/23 12:05:58,2019,brainsaw,1,SST3_rab,AMS_AF_SST3_rab,AMS;SST3,2.231,2.231,6.25,0.05,8.0,4.0,180.0,180,9.0,14.80111,14.71861,17100,1
brainsaw|2019/06/24 10:35:59,mrsic_flogel,2019/06/24 10:35:59,2019,brainsaw,3,FPVa1;FPVa1-2;FPVa2,AF_FPVa1-2;ROI_1;ROI_2,AF;FPVa1;FPVa1-2;FPVa2;ROI,2.231,2.231,12.5,0.0625,5.0,4.0,64.0,64,4.0,6.59833,6.49472,12032,1
brainsaw|2019/06/25 18:39:21,mrsic_flogel,2019/06/25 18:39:21,2019,brainsaw,1,AL_068_single_cell_SWC_BrainSaw,AL_068,AL,1.023,1.023,5.0,0.04,8.0,7.0,200.0,200,8.0,40.97472,40.76833,23200,1
brainsaw|2019/06/27 16:06:19,mrsic_flogel,2019/06/27 16:06:19,2019,brainsaw,2,Cre_test_935287;LP18_919187,Cre_test_935287_;LP18_919187,Cre;LP18,4.603,4.603,15.0,0.06,4.0,2.0,190.0,190,11.4,15.06528,14.98667,59660,1
brainsaw|2019/06/28 12:03:43,branco;mrsic_flogel,2019/06/28 12:03:43,2019,brainsaw,2,443_1;KS009,CA_443_1;KS_009,443;CA;KS;KS009,4.603,4.603,20.0,0.06,3.0,2.0,185.0,185,11.1,18.0425,17.94056,93425,1
brainsaw|2019/07/01 10:03:54,margrie,2019/07/01 10:03:54,2019,brainsaw,1,metadata,ERAA10_4h,ERAA10;metadata,2.231,2.231,5.0,0.04,8.0,1.0,300.0,263,10.52,14.15083,14.11861,25774,1
brainsaw|2019/07/02 13:07:11,margrie,2019/07/02 13:07:11,2019,brainsaw,2,SK_BY_242_2_brainsaw;metadata,SK_BY242_2;SK_BY242_3,SK;metadata,2.231,2.231,6.25,0.05,8.0,1.0,250.0,250,12.5,16.17667,16.11306,46500,1
brainsaw|2019/07/03 12:15:11,margrie,2019/07/03 12:15:11,2019,brainsaw,2,metadata;metadata,SK_AK_168_3;SK_AK_176_2,SK;metadata,2.231,2.231,6.25,0.05,8.0,1.0,235.0,235,11.75,15.56694,15.50306,43710,1
brainsaw|2019/07/04 14:41:36,mrsic_flogel,2019/07/04 14:41:36,2019,brainsaw,1,SF_july4,sample_190704_134916,SF;sample,4.603,4.603,16.666666666666668,0.05,3.0,2.0,240.0,203,10.15,20.33306,20.23472,101297,1
brainsaw|2019/07/05 16:04:02,mrsic_flogel,2019/07/05 16:04:02,2019,brainsaw,1,SF_921620R,SF_921620R,SF,4.603,4.603,16.666666666666668,0.05,3.0,2.0,200.0,169,8.45,6.95417,6.91417,29575,1
brainsaw|2019/07/10 16:43:13,sjones,2019/07/10 16:43:13,2019,brainsaw,2,LS_931773;LS_931774,LS_931773;LS_931774,LS,2.231,2.231,25.0,0.05,2.0,1.0,250.0,250,12.5,13.71861,13.66444,71000,1
brainsaw|2019/07/15 18:39:21,sjones,2019/07/15 18:39:21,2019,brainsaw,4,HMV_838947_838948_838951;Os01_838947;Os02_838948;Os03_838951,HMV_838947_838948_838951;sample_838947;sample_838948;sample_838951,HMV;Os01;Os02;Os03;sample,2.231,2.231,25.0,0.05,2.0,1.0,250.0,250,12.5,15.33833,15.27889,91750,1
brainsaw|2019/07/16 11:20:29,mrsic_flogel,2019/07/16 11:20:29,2019,brainsaw,1,CAV5,AMS_AF_CAV5,AMS;CAV5,2.231,2.231,12.5,0.0625,5.0,4.0,110.0,98,6.125,5.64972,5.59444,9310,1
brainsaw|2019/07/16 17:45:21,sjones,2019/07/16 17:45:21,2019,brainsaw,4,HMV_834379_834381_834382_923243;Ot01_834379;Ot02_834381;Ot03_834382,HMV_834379_834381_834382_923243;sample_834379;sample_834381;sample_834382,HMV;Ot01;Ot02;Ot03;sample,2.231,2.231,25.0,0.05,2.0,1.0,250.0,219,10.95,17.66444,17.57083,133152,1
brainsaw|2019/07/17 12:03:49,mrsic_flogel,2019/07/17 12:03:49,2019,brainsaw,1,vGAT_SC_mCherry,AMS_AF_vGAT_SC_mCherry,AMS;vGAT,2.231,2.231,12.5,0.0625,5.0,4.0,110.0,92,5.75,4.7675,4.71667,8004,1
brainsaw|2019/07/17 17:34:51,mrsic_flogel,2019/07/17 17:34:51,2019,brainsaw,3,CAV3;CAV3_CAV4;CAV4,AMS_AF_CAV3_CAV4;ROI_1;ROI_2,AMS;CAV3;CAV4;ROI,2.231,2.231,12.5,0.0625,5.0,6.0,110.0,110,6.875,15.48778,15.34833,21670,1
brainsaw|2019/07/20 14:23:34,mrsic_flogel,2019/07/20 14:23:34,2019,brainsaw,4,CR_OKRound_Andre;CRteen1;CRteen2;CRteen3,AMS_AF_CRteen1_3_mCherry;ROI_1;ROI_2;ROI_3,AMS;CR;CRteen1;CRteen2;CRteen3;ROI,2.231,2.231,12.5,0.0625,5.0,4.0,120.0,120,7.5,19.69806,19.53417,36600,1
brainsaw|2019/07/22 13:39:29,margrie,2019/07/22 13:39:29,2019,brainsaw,1,CT_BX_111_2_brainsaw,CT_BX_111_2,CT,1.227,1.227,5.0,0.05,10.0,1.0,220.0,220,11.0,9.83583,9.79278,18260,1
brainsaw|2019/07/23 14:36:10,margrie,2019/07/23 14:36:10,2019,brainsaw,1,CT_913372_brainsaw,CT_913372,CT,1.227,1.227,10.0,0.05,5.0,1.0,220.0,220,11.0,7.16417,7.13,19140,1
brainsaw|2019/07/24 14:55:15,mrsic_flogel,2019/07/24 14:55:15,2019,brainsaw,4,FPVa3;VGAT_EYFP;vGAT_EYFP;vGAT_TDT_EYFP,AMS_AF_vGAT_EYFP;ROI_1;ROI_2;ROI_3,AMS;FPVa3;ROI;VGAT;vGAT,2.231,2.231,12.5,0.0625,5.0,4.0,110.0,110,6.875,19.00361,18.83222,35420,1
brainsaw|2019/07/25 12:43:07,margrie,2019/07/25 12:43:07,2019,brainsaw,1,MS_AI_249_3,MS_AI249_3,MS,2.231,2.231,5.0,0.04,8.0,1.0,225.0,225,9.0,9.08944,9.04889,26100,1
brainsaw|2019/07/26 11:18:32,margrie,2019/07/26 11:18:32,2019,brainsaw,2,MS_AI_249_2;MS_AI_251_1,MS_AI_249_2;MS_AI_251_1,MS,2.231,2.231,5.0,0.04,8.0,1.0,225.0,225,9.0,16.40222,16.32556,52425,1
brainsaw|2019/07/29 10:50:37,mrsic_flogel,2019/07/29 10:50:37,2019,brainsaw,4,NOS_GoodRound_Andre_2;NOSteen3;NOSteen4;NOSteen5,AMS_AF_NOSteen_3_5;ROI_1;ROI_2;ROI_3,AMS;NOS;NOSteen3;NOSteen4;NOSteen5;ROI,2.231,2.231,12.5,0.0625,5.0,4.0,120.0,120,7.5,18.8825,18.72806,36360,1
brainsaw|2019/07/30 15:40:34,mrsic_flogel,2019/07/30 15:40:34,2019,brainsaw,3,NOS_GoodRound_Andre_1;NOSteen1;NOSteen2,AMS_AF_NOSteen_1_2;ROI_1;ROI_2,AMS;NOS;NOSteen1;NOSteen2;ROI,2.231,2.231,12.5,0.0625,5.0,8.0,110.0,110,6.875,17.91917,17.75917,19250,1
brainsaw|2019/08/01 11:48:54,sjones,2019/08/01 11:48:54,2019,brainsaw,1,HMV_NAc_Drd1_Reward_1,HMV_NAc_Drd1_Reward_1,HMV,2.231,2.231,25.0,0.05,2.0,4.0,230.0,230,11.5,10.13611,10.09528,29670,1
brainsaw|2019/08/02 09:28:03,sjones,2019/08/02 09:28:03,2019,brainsaw,1,HMV_NAc_Drd1_Reward_2,HMV_NAc_Drd1_Reward_2,HMV,2.231,2.231,25.0,0.05,2.0,4.0,230.0,230,11.5,7.67722,7.64694,20010,1
brainsaw|2019/08/03 13:30:10,margrie,2019/08/03 13:30:10,2019,brainsaw,1,CT_BY_270_2_brainsaw_negative_control,CT_BY_270_2,CT,1.227,1.227,5.0,0.05,10.0,1.0,220.0,220,11.0,11.35722,11.30694,20900,1
brainsaw|2019/08/04 17:14:05,margrie,2019/08/04 17:14:05,2019,brainsaw,1,CT_AS_130_3,CT_AS_130_3,CT,2.231,2.231,20.0,0.04,2.0,1.0,220.0,220,8.8,5.58389,5.55833,20900,1
brainsaw|2019/08/05 08:46:58,sjones,2019/08/05 08:46:58,2019,brainsaw,1,HMV_NAc_Adora2a_Reward_1,HMV_NAc_Adora2a_Reward_1,HMV,2.231,2.231,25.0,0.05,2.0,4.0,210.0,183,9.15,6.53361,6.49806,17385,1
brainsaw|2019/08/05 18:03:02,margrie,2019/08/05 18:03:02,2019,brainsaw,2,CT_CX_112_1_brainsaw;CT_CX_112_2_brainsaw,CT_CX_112_1;CT_CX_112_2,CT,1.227,1.227,10.0,0.05,5.0,1.0,230.0,230,11.5,15.80472,15.74,46690,1
brainsaw|2019/08/06 13:21:56,margrie,2019/08/06 13:21:56,2019,brainsaw,2,CT_BY_270_3_brainsaw;CT_BY_271_2_brainsaw,CT_BY_270_2_3;CT_BY_271_1,CT,1.227,1.227,5.0,0.05,10.0,1.0,230.0,230,11.5,22.98472,22.885,46690,1
brainsaw|2019/08/07 14:44:26,margrie,2019/08/07 14:44:26,2019,brainsaw,2,CT_AK_182_1_brainsaw;CT_AK_182_2_brainsaw,CT_AK_182_1;CT_AK_182_2,CT,1.227,1.227,5.0,0.05,10.0,1.0,230.0,212,10.6,24.05944,23.9475,49396,1
brainsaw|2019/08/08 18:15:44,sjones,2019/08/08 18:15:44,2019,brainsaw,1,HMV_NAc_Adora2a_Reward_2,HMV_NAc_Adora2a_Reward_2,HMV,2.231,2.231,25.0,0.05,2.0,4.0,230.0,230,11.5,9.15306,9.1125,24610,1
brainsaw|2019/08/09 09:10:10,sjones,2019/08/09 09:10:10,2019,brainsaw,1,HMV_NAc_Drd1_Reward_3,HMV_NAc_Drd1_Reward_3,HMV,2.231,2.231,25.0,0.05,2.0,4.0,230.0,230,11.5,7.69778,7.6675,20010,1
brainsaw|2019/08/09 18:28:56,sjones,2019/08/09 18:28:56,2019,brainsaw,1,HMV_NAc_Adora2a_Punish_1,HMV_NAc_Adora2a_Punish_1,HMV,2.231,2.231,25.0,0.05,2.0,4.0,230.0,210,10.5,6.88667,6.855,18270,1
brainsaw|2019/08/10 02:01:30,margrie;mrsic_flogel,2019/08/10 02:01:30,2019,brainsaw,3,PV4_5_rab;PV4_rab;PV5_rab,AMS_AF_PVrabies_1;ROI_1;ROI_2,AMS;PV4;PV5;ROI,2.231,2.231,6.25,0.05,8.0,4.0,230.0,208,10.4,31.12278,30.97472,38688,1
brainsaw|2019/08/11 09:48:12,mrsic_flogel,2019/08/11 09:48:12,2019,brainsaw,1,SST5_rab,AMS_AF_SSTrabies,AMS;SST5,2.231,2.231,6.25,0.05,8.0,4.0,230.0,230,11.5,18.78278,18.69944,22540,1
brainsaw|2019/08/12 08:36:39,sjones,2019/08/12 08:36:39,2019,brainsaw,1,HMV_NAc_Adora2a_Reward_3,HMV_NAc_Adora2a_Reward_3,HMV,2.231,2.231,25.0,0.05,2.0,4.0,230.0,228,11.4,7.80056,7.76889,19836,1
brainsaw|2019/08/12 17:00:13,sjones,2019/08/12 17:00:13,2019,brainsaw,1,HMV_NAc_Drd1_Punish_1,HMV_NAc_Drd1_Punish_1,HMV,2.231,2.231,25.0,0.05,2.0,4.0,250.0,250,12.5,9.82917,9.79139,26750,1
brainsaw|2019/08/13 08:46:31,sjones,2019/08/13 08:46:31,2019,brainsaw,1,HMV_NAc_Drd1_Punish_2,HMV_NAc_Drd1_Punish_2,HMV,2.231,2.231,25.0,0.05,2.0,4.0,187.0,187,9.35,6.15528,6.125,16269,1
brainsaw|2019/08/13 18:28:16,sjones,2019/08/13 18:28:16,2019,brainsaw,1,HMV_NAc_Drd1_Punish_3,HMV_NAc_Drd1_Punish_3,HMV,2.231,2.231,25.0,0.05,2.0,4.0,220.0,220,11.0,8.33389,8.29778,23540,1
brainsaw|2019/08/14 09:08:17,sjones,2019/08/14 09:08:17,2019,brainsaw,1,HMV_NAc_Adora2a_Punish_2,HMV_NAc_Adora2a_Punish_2,HMV,2.231,2.231,25.0,0.05,2.0,4.0,230.0,230,11.5,7.02472,6.99694,17480,1
brainsaw|2019/08/14 16:59:07,sjones,2019/08/14 16:59:07,2019,brainsaw,1,HMV_NAc_Adora2a_Punish_3,HMV_NAc_Adora2a_Punish_3,HMV,2.231,2.231,25.0,0.05,2.0,4.0,250.0,250,12.5,9.18972,9.15778,23750,1
brainsaw|2019/08/15 09:42:03,mrsic_flogel;sjones,2019/08/15 09:42:03,2019,brainsaw,2,IBL_2;IBL_SWC_Practice_1,IBL_SWC_Practice_1,IBL,2.231,2.231,20.0,0.06,3.0,1.0,250.0,217,13.02,6.78167,6.75194,25823,1
brainsaw|2019/08/15 17:48:02,mrsic_flogel,2019/08/15 17:48:02,2019,brainsaw,1,SST4_rab,AM_AF_sstrabies2_1,AM;SST4,2.231,2.231,6.25,0.05,8.0,4.0,250.0,250,12.5,23.03417,22.93972,26750,1
brainsaw|2019/08/16 18:21:25,mrsic_flogel,2019/08/16 18:21:25,2019,brainsaw,2,vgat_sc_vlgn1;vgat_sc_vlgn2,vgat_sc_vlgn1;vgat_sc_vlgn2,vgat,2.231,2.231,12.5,0.0625,5.0,4.0,120.0,120,7.5,15.28333,15.15361,27240,1
brainsaw|2019/08/20 13:23:17,mrsic_flogel,2019/08/20 13:23:17,2019,brainsaw,1,190818_IV_red_brainsaw,IV_red,190818;IV,2.231,2.231,5.0,0.05,10.0,4.0,210.0,160,8.0,20.60917,20.47833,20640,1
brainsaw|2019/08/21 11:21:15,mrsic_flogel,2019/08/21 11:21:15,2019,brainsaw,1,IV_mb2,IV_mb2,IV,2.231,2.231,5.0,0.05,10.0,4.0,210.0,210,10.5,21.05056,20.94889,19950,1
brainsaw|2019/08/22 11:47:20,mrsic_flogel,2019/08/22 11:47:20,2019,brainsaw,1,IV_mbII,IV_mbII,IV,2.231,2.231,5.0,0.05,10.0,4.0,210.0,184,9.2,21.55667,21.43556,21344,1
brainsaw|2019/08/23 15:37:29,margrie,2019/08/23 15:37:29,2019,brainsaw,1,CT_SL_949638,CT_SL_949638,CT,1.227,1.227,5.0,0.05,10.0,1.0,220.0,220,11.0,11.68306,11.63056,20900,1
brainsaw|2019/08/25 15:22:28,mrsic_flogel,2019/08/25 15:22:28,2019,brainsaw,1,NOS1_rab,AMS_AF_NOSrabies,AMS;NOS1,2.231,2.231,6.25,0.05,8.0,4.0,230.0,227,11.35,18.37778,18.29278,21565,1
brainsaw|2019/08/26 10:52:08,mrsic_flogel,2019/08/26 10:52:08,2019,brainsaw,4,CR_BetterRound_Andre;CRteen4;CRteen5;CRteen6,AMS_AF_CRantero;ROI_1;ROI_2;ROI_3,AMS;CR;CRteen4;CRteen5;CRteen6;ROI,2.231,2.231,12.5,0.0625,5.0,4.0,120.0,120,7.5,20.98194,20.80611,38640,1
brainsaw|2019/08/27 08:34:24,mrsic_flogel,2019/08/27 08:34:24,2019,brainsaw,1,SC_jumpingAAV,AF_SC_jumpingAAV,AF;SC,2.231,2.231,12.5,0.0625,5.0,4.0,85.0,128,8.0,7.63222,7.61194,12160,1
brainsaw|2019/08/27 17:32:34,mrsic_flogel,2019/08/27 17:32:34,2019,brainsaw,3,CTB1;CTB2;CTB3,AB_3CTB,AB;CTB1;CTB2;CTB3,1.227,1.227,6.25,0.05,8.0,5.0,100.0,115,5.75,37.17861,36.15083,27485,1
brainsaw|2019/08/29 12:03:36,margrie,2019/08/29 12:03:36,2019,brainsaw,1,949636,CT_SL_949636,949636;CT,1.227,1.227,5.0,0.05,10.0,1.0,220.0,205,10.25,10.00778,9.95972,15580,1
brainsaw|2019/08/29 22:29:41,mrsic_flogel,2019/08/29 22:29:41,2019,brainsaw,3,AF_LP_vGAT;ROI_1;ROI_2,AF_LP_vGAT;ROI_1;ROI_2,AF;ROI,2.231,2.231,12.5,0.0625,5.0,4.0,120.0,100,6.25,10.27167,10.17139,17900,1
brainsaw|2019/09/04 11:54:20,mrsic_flogel,2019/09/04 11:54:20,2019,brainsaw,1,CSHL_016,CSHL_016,CSHL,4.603,4.603,20.0,0.06,3.0,1.0,240.0,177,10.62,6.07306,6.04083,26373,1
brainsaw|2019/09/05 11:50:25,margrie,2019/09/05 11:50:25,2019,brainsaw,1,SL_949637,SL_949637,SL,1.675,1.675,5.0,0.05,10.0,1.0,107.0,214,10.7,8.84917,10.6475,16264,1
brainsaw|2019/09/06 12:32:26,margrie,2019/09/06 12:32:26,2019,brainsaw,1,SL_957080,SL_957080,SL,1.675,1.675,5.0,0.06,12.0,1.0,200.0,175,10.5,8.67167,9.13333,15225,1
brainsaw|2019/09/09 11:53:57,sjones,2019/09/09 11:53:57,2019,brainsaw,1,LS_891696,LS_891696,LS,4.603,4.603,13.333333333333334,0.04,3.0,1.0,250.0,250,10.0,8.51889,8.48361,38250,1
brainsaw|2019/09/09 21:48:20,mrsic_flogel,2019/09/09 21:48:20,2019,brainsaw,5,4FP;GAD2_1;GAD2_2;PV1;SST1,AF_4FP;ROI_1;ROI_2;ROI_3;ROI_4,4FP;AF;GAD2;PV1;ROI;SST1,2.231,2.231,25.0,0.075,3.0,3.0,90.0,90,6.75,11.155,11.03167,35100,1
brainsaw|2019/09/10 11:48:00,sjones,2019/09/10 11:48:00,2019,brainsaw,2,LS_935034;LS_935035,LS_935034;LS_935035,LS,4.603,4.603,20.0,0.06,3.0,1.0,200.0,200,12.0,10.87444,10.82028,58600,1
brainsaw|2019/09/11 14:02:39,mrsic_flogel,2019/09/11 14:02:39,2019,brainsaw,3,KS001FR;KS002FR;KS003FR,KS002FR;KS003FR;KS_009,KS;KS001FR;KS002FR;KS003FR,4.603,4.603,20.0,0.06,3.0,1.0,200.0,200,12.0,16.6625,16.57972,103800,1
brainsaw|2019/09/12 10:19:46,mrsic_flogel,2019/09/12 10:19:46,2019,brainsaw,1,SWC_004,SWC_004,SWC,4.603,4.603,20.0,0.06,3.0,1.0,200.0,200,12.0,4.52694,4.50611,21400,1
brainsaw|2019/09/12 17:03:46,mrsic_flogel,2019/09/12 17:03:46,2019,brainsaw,2,KS012;KS013,KS_012;KS_013,KS;KS012;KS013,4.603,4.603,20.0,0.06,3.0,8.0,200.0,122,7.32,6.24361,6.11,35746,1
brainsaw|2019/09/12 23:50:02,mrsic_flogel,2019/09/12 23:50:02,2019,brainsaw,3,AF_AMS_APN1;APN_vGAT;APN_vGlut,AF_AMS_APN1;ROI_1;ROI_2,AF;APN;ROI,2.231,2.231,12.5,0.0625,5.0,4.0,150.0,150,9.375,17.51583,17.40111,31050,1
brainsaw|2019/09/16 11:46:34,margrie,2019/09/16 11:46:34,2019,brainsaw,1,965969,SL_965969,965969;SL,4.603,4.603,10.0,0.05,5.0,1.0,220.0,220,11.0,8.80833,8.76972,36080,1
brainsaw|2019/09/18 10:39:01,branco,2019/09/18 10:39:01,2019,brainsaw,1,YT_BD151_2,YT_BD151_2,YT,0.684,0.684,5.0,0.04,8.0,8.0,100.0,60,2.4,5.5,5.405,2100,1
brainsaw|2019/09/19 10:25:29,margrie,2019/09/19 10:25:29,2019,brainsaw,2,MS_DD20_1;MS_DD20_4,MS_DD20_1;MS_DD20_4,MS,2.231,2.231,5.0,0.04,8.0,1.0,250.0,250,10.0,16.61417,16.54056,50750,1
brainsaw|2019/09/20 16:01:08,margrie,2019/09/20 16:01:08,2019,brainsaw,1,CT_CX_102_2,CT_CX_102_2,CT,2.231,2.231,5.0,0.05,10.0,1.0,200.0,200,10.0,9.74333,9.69083,21400,1
brainsaw|2019/09/23 10:41:03,branco,2019/09/23 10:41:03,2019,brainsaw,1,BF_172_3,BF_172_3,BF,2.231,2.231,5.0,0.04,8.0,1.0,300.0,300,12.0,12.52139,12.48639,32100,1
brainsaw|2019/09/24 11:18:36,sjones,2019/09/24 11:18:36,2019,brainsaw,2,LS_935674;LS_935675,LS_935674;LS_935675,LS,4.603,4.603,7.5,0.06,8.0,1.0,200.0,200,12.0,15.27,15.19528,55800,1
brainsaw|2019/09/25 10:32:28,mrsic_flogel,2019/09/25 10:32:28,2019,brainsaw,2,rab11;rab12,rab11;rab12,rab11;rab12,1.675,1.675,6.25,0.05,8.0,4.0,200.0,183,9.15,27.19472,27.03528,30012,1
brainsaw|2019/09/26 16:01:14,branco,2019/09/26 16:01:14,2019,brainsaw,1,AY_246_4,AY_246_4,AY,2.231,2.231,5.0,0.04,8.0,1.0,300.0,300,12.0,11.0525,11.005,26100,1
brainsaw|2019/09/27 11:14:57,branco,2019/09/27 11:14:57,2019,brainsaw,2,AY_246_2;BF_175_5,AY_246_2;BF_175_5,AY;BF,2.231,2.231,5.0,0.04,8.0,1.0,300.0,300,12.0,17.11389,17.05111,52500,1
brainsaw|2019/09/28 11:32:00,mrsic_flogel,2019/09/28 11:32:00,2019,brainsaw,4,brab01;brab02;rab13;rab14,brab01;brab02;rab13;rab14,brab01;brab02;rab13;rab14,2.231,2.231,6.25,0.05,8.0,3.0,250.0,226,11.3,53.81528,53.54972,98536,1
brainsaw|2019/10/01 11:16:41,sjones,2019/10/01 11:16:41,2019,brainsaw,1,LS_935673_BLAcasp,LS_935673_BLAcasp,LS,2.231,2.231,20.0,0.04,2.0,1.0,300.0,300,12.0,7.27722,7.26167,26100,1
brainsaw|2019/10/02 11:41:46,mrsic_flogel,2019/10/02 11:41:46,2019,brainsaw,1,KS004,KS004,KS004,4.603,4.603,20.0,0.04,2.0,1.0,300.0,300,12.0,10.92472,10.89556,42600,1
brainsaw|2019/10/03 09:47:10,margrie,2019/10/03 09:47:10,2019,brainsaw,3,MS_CH_Tom;MS_DD20_2;MS_DD20_5,MS_CH_Tom;MS_DD20_2;MS_DD20_5,MS,2.231,2.231,5.0,0.04,8.0,1.0,270.0,270,10.8,24.81556,24.72333,77760,1
brainsaw|2019/10/04 12:21:49,branco,2019/10/04 12:21:49,2019,brainsaw,2,AY246_1;BF_172_2,AY246_1;BF172_2,AY246;BF;BF172,2.231,2.231,5.0,0.04,8.0,1.0,290.0,290,11.6,21.5075,21.43417,57130,1
brainsaw|2019/10/05 15:09:48,mrsic_flogel,2019/10/05 15:09:48,2019,brainsaw,3,rab16;rab17;rab18,rab16;rab17;rab18,rab16;rab17;rab18,2.231,2.231,6.25,0.05,8.0,3.0,304.0,213,10.65,42.77,42.57472,66882,1
brainsaw|2019/10/07 10:48:13,mrsic_flogel,2019/10/07 10:48:13,2019,brainsaw,2,at01;at02,at01;at02,at01;at02,2.231,2.231,10.0,0.05,5.0,4.0,250.0,188,9.4,20.61083,20.50278,35908,1
brainsaw|2019/10/08 11:25:09,branco,2019/10/08 11:25:09,2019,brainsaw,1,AY_254_2,AY_254_2,AY,2.231,2.231,5.0,0.04,8.0,1.0,290.0,290,11.6,10.51722,10.48333,25230,1
brainsaw|2019/10/10 11:17:23,branco,2019/10/10 11:17:23,2019,brainsaw,1,AY_254_3,AY_254_3,AY,2.231,2.231,5.0,0.04,8.0,1.0,300.0,300,12.0,11.70917,11.67778,26100,1
brainsaw|2019/10/11 12:50:20,mrsic_flogel,2019/10/11 12:50:20,2019,brainsaw,4,brainsaw;brainsaw;brainsaw;brainsaw,LP27;LP30;LP31;LP32,LP27;LP30;LP31;LP32;brainsaw,2.231,2.231,20.0,0.04,2.0,5.0,310.0,310,12.4,36.56139,36.43583,115630,1
brainsaw|2019/10/13 18:39:53,mrsic_flogel,2019/10/13 18:39:53,2019,brainsaw,2,brainsaw;brainsaw,LP22;LP29,LP22;LP29;brainsaw,2.231,2.231,25.0,0.05,2.0,4.0,196.0,193,9.65,14.48722,14.41472,48057,1
brainsaw|2019/10/14 17:25:07,mrsic_flogel,2019/10/14 17:25:07,2019,brainsaw,1,SWC_003,NM_CERT_02,NM;SWC,4.603,4.603,20.0,0.04,2.0,1.0,280.0,280,11.2,7.96556,7.93028,40040,1
brainsaw|2019/10/22 11:31:46,mrsic_flogel,2019/10/22 11:31:46,2019,brainsaw,3,retroAAV1;retroAAV2;retroAAV_SC_BFP_vLGN,AF_retroAAV;ROI_1;ROI_2,AF;ROI;retroAAV;retroAAV1;retroAAV2,2.231,2.231,12.5,0.05,4.0,9.0,150.0,150,7.5,22.84306,22.69111,26850,1
brainsaw|2019/10/25 20:54:28,mrsic_flogel,2019/10/25 20:54:28,2019,brainsaw,3,AF_FPvGmSC1_2;FPvGmSC1;FPvGmSC2,AF_FPvGmSC1_2;ROI_1;ROI_2,AF;FPvGmSC1;FPvGmSC2;ROI,2.231,2.231,12.5,0.05,4.0,4.0,100.0,100,5.0,9.60833,9.51222,20300,1
brainsaw|2019/10/26 18:53:39,mrsic_flogel,2019/10/26 18:53:39,2019,brainsaw,1,CTB05,ctb05,CTB05;ctb05,2.231,2.231,12.5,0.05,4.0,10.0,199.0,186,9.3,17.49472,16.49917,17765,1
brainsaw|2019/10/27 12:01:04,mrsic_flogel,2019/10/27 12:01:04,2019,brainsaw,1,CTB06,CTB06,CTB06,2.231,2.231,12.5,0.05,4.0,1.0,100.0,100,5.0,2.75944,2.73278,9500,1
brainsaw|2019/10/28 16:29:19,mrsic_flogel,2019/10/28 16:29:19,2019,brainsaw,5,AF_PCA_19_20_22_25_full;PCA19;PCA20;PCA22;PCA25,AF_PCA_19_20_22_25;ROI_1;ROI_2;ROI_3;ROI_4,AF;PCA19;PCA20;PCA22;PCA25;ROI,2.231,2.231,20.0,0.04,2.0,1.0,200.0,215,8.6,16.18611,16.13444,102265,1
brainsaw|2019/10/29 15:18:34,mrsic_flogel,2019/10/29 15:18:34,2019,brainsaw,1,AF_FL05,AF_FL05,AF,2.231,2.231,20.0,0.04,2.0,1.0,150.0,150,6.0,3.7575,3.73278,16050,1
brainsaw|2019/10/29 19:40:37,mrsic_flogel,2019/10/29 19:40:37,2019,brainsaw,5,AF_4C2vG_vLG_mSC;C2vGmSC1;C2vGmSC2;C2vGvLG3;C2vGvLG4,AF_4C2vG_vLG_mSC;ROI_1;ROI_2;ROI_3;ROI_4,AF;C2vGmSC1;C2vGmSC2;C2vGvLG3;C2vGvLG4;ROI,2.231,2.231,12.5,0.05,4.0,4.0,140.0,113,5.65,17.68778,17.53194,41471,1
brainsaw|2019/10/30 13:51:51,mrsic_flogel,2019/10/30 13:51:51,2019,brainsaw,1,eye_test,AB_eye_test,AB;eye,2.231,2.231,12.5,0.05,4.0,2.0,100.0,63,3.15,1.77944,1.74972,2583,1
brainsaw|2019/10/31 10:35:11,sjones,2019/10/31 10:35:11,2019,brainsaw,1,s047_anatomygpegpirabieson_m000047__20191031_000000__serial_section_gpegpirabieson_rg1,LBR_rb_rgON_1,LBR;s047,1.675,1.675,5.0,0.04,8.0,4.0,214.0,269,10.76,22.96972,22.96639,23403,1
brainsaw|2019/11/01 11:33:00,sjones,2019/11/01 11:33:00,2019,brainsaw,1,s048_anatomygpegpirabieson_m000048__20191101_000000__serial_section_gpegpirabieson_rg2,LBR_rb_rgON_2,LBR;s048,1.675,1.675,5.0,0.04,8.0,1.0,214.0,214,8.56,9.09167,9.05028,20972,1
brainsaw|2019/11/06 15:24:48,sjones,2019/11/06 15:24:48,2019,brainsaw,3,HMV_OIs04_OIs05;OIs04;OIs05,HMV_OIs04_OIs05,HMV;OIs04;OIs05,4.603,4.603,20.0,0.04,2.0,4.0,270.0,270,10.8,18.57278,18.51028,79920,0
brainsaw|2019/11/07 11:11:40,mrsic_flogel,2019/11/07 11:11:40,2019,brainsaw,3,FERRET_01;caudal;rostral,FERRET;caudal;rostral,FERRET;caudal;rostral,2.231,2.231,20.0,0.04,2.0,2.0,331.0,331,13.24,30.13222,30.03639,137365,1
brainsaw|2019/11/11 11:44:24,branco,2019/11/11 11:44:24,2019,brainsaw,3,CC125_01;CC125_02;CC_125_1__125_2,CC125_01;CC125_02;CC_125_1__125_2,CC;CC125,2.231,2.231,5.0,0.04,8.0,1.0,300.0,300,12.0,22.20083,22.12972,62400,1
brainsaw|2019/11/12 18:02:13,mrsic_flogel,2019/11/12 18:02:13,2019,brainsaw,1,GtvGvLG5,AF_GtvGvLG5,AF;GtvGvLG5,2.231,2.231,12.5,0.05,4.0,4.0,120.0,120,6.0,6.04306,5.99278,11400,1
brainsaw|2019/11/13 11:27:18,margrie,2019/11/13 11:27:18,2019,brainsaw,1,SW_FH7_1,FH7_1,FH7;SW,2.231,2.231,5.714285714285714,0.04,7.0,1.0,270.0,262,10.48,9.61611,9.58083,28034,1
brainsaw|2019/11/14 11:50:11,margrie,2019/11/14 11:50:11,2019,brainsaw,1,SW_FH6_2,FH6_2,FH6;SW,2.231,2.231,5.714285714285714,0.04,7.0,1.0,270.0,270,10.8,9.54,9.51167,28890,1
brainsaw|2019/11/15 13:17:38,margrie,2019/11/15 13:17:38,2019,brainsaw,2,SW_FH_6_4;SW_FH_7_3,SW_FH_6_4;SW_FH_7_3,SW,2.231,2.231,5.714285714285714,0.04,7.0,1.0,240.0,240,9.6,18.55694,18.48167,63600,1
brainsaw|2019/11/16 16:34:59,okeefe,2019/11/16 16:34:59,2019,brainsaw,2,Amygdala_8;Amygdala_9,Rat_13_14_correctsecnum,Amygdala;Rat,4.603,4.603,50.0,0.05,1.0,1.0,290.0,290,14.5,29.87972,29.77778,208510,1
brainsaw|2019/11/19 12:39:45,margrie,2019/11/19 12:39:45,2019,brainsaw,2,972991;SL_972992,SL_972992;sample_972991_972992,972991;SL;sample,2.231,2.231,5.0,0.04,8.0,1.0,280.0,279,11.16,18.36833,18.51083,61101,1
brainsaw|2019/11/20 11:19:15,margrie,2019/11/20 11:19:15,2019,brainsaw,1,SL_997768,sample_191120_104049,SL;sample,4.603,4.603,10.0,0.05,5.0,1.0,242.0,242,12.1,9.41361,9.37833,34364,1
brainsaw|2019/11/21 12:25:09,mrsic_flogel,2019/11/21 12:25:09,2019,brainsaw,4,necab01;necab02;necab03;pv_tdTom_test,necab01;necab02;necab03;pv_tdTom_test,necab01;necab02;necab03;pv,2.231,2.231,25.0,0.05,2.0,5.0,200.0,187,9.35,27.30833,27.16528,77979,1
brainsaw|2019/11/26 11:26:47,branco,2019/11/26 11:26:47,2019,brainsaw,2,AY_255_1;AY_255_3,AY_255_1;AY_255_3,AY,2.231,2.231,5.0,0.04,8.0,1.0,280.0,280,11.2,22.52556,22.45278,65240,1
brainsaw|2019/11/27 14:16:39,mrsic_flogel,2019/11/27 14:16:39,2019,brainsaw,4,IO_096;IO_097;IO_108;IvOr_20191127_IO_096-IO_097-IO_108,IO_108;IO_96;IO_97;IvOr_19_11_27,IO;IvOr,4.603,4.603,40.0,0.08,2.0,1.0,150.0,150,12.0,13.85556,13.765,88950,1
brainsaw|2019/11/29 15:29:10,margrie,2019/11/29 15:29:10,2019,brainsaw,1,SL_997766,SL_997766,SL,4.603,4.603,10.0,0.05,5.0,1.0,220.0,220,11.0,7.73722,7.70306,33660,1
brainsaw|2019/12/02 11:16:55,sjones,2019/12/02 11:16:55,2019,brainsaw,1,HMV_NN01,HMV_NN01,HMV,2.231,2.231,25.0,0.05,2.0,8.0,220.0,220,11.0,10.48111,10.44,20900,1
brainsaw|2019/12/03 14:17:59,sjones,2019/12/03 14:17:59,2019,brainsaw,4,JAWS_D1_1;JAWS_D1_2;JAWS_D2_1;JAWS_D2_2,JAWS_D1_1;JAWS_D1_2;JAWS_D2_1;JAWS_D2_2,JAWS,4.603,4.603,25.0,0.05,2.0,1.0,200.0,200,10.0,15.82389,15.75222,106200,1
brainsaw|2019/12/04 12:31:02,margrie,2019/12/04 12:31:02,2019,brainsaw,2,BY164_1;BY166_5,BY164_1;BY166_5,BY164;BY166,4.603,4.603,5.0,0.05,10.0,1.0,220.0,220,11.0,17.01722,16.94806,56980,1
brainsaw|2019/12/09 12:03:49,margrie,2019/12/09 12:03:49,2019,brainsaw,3,FG12_2;FG12_3;SW_FG12_3_FG12_2,FG12_2;FG12_3;SW_FG12_3_FG_12_2,FG12;SW,2.231,2.231,5.714285714285714,0.04,7.0,1.0,289.0,283,11.32,22.17917,22.11083,77542,1
brainsaw|2019/12/10 12:25:56,margrie,2019/12/10 12:25:56,2019,brainsaw,1,SL_973010,SL_973010,SL,4.603,4.603,10.0,0.05,5.0,1.0,200.0,200,10.0,8.065,8.03028,35800,1
brainsaw|2019/12/11 13:26:09,margrie,2019/12/11 13:26:09,2019,brainsaw,2,1010870;1012999,sample_1010870;sample_1012999,1010870;1012999;sample,2.231,2.231,5.0,0.05,10.0,1.0,210.0,210,10.5,19.48639,19.39778,57540,1
brainsaw|2019/12/14 16:39:34,mrsic_flogel,2019/12/14 16:39:34,2019,brainsaw,2,racl01;racl02,racl01;racl02,racl01;racl02,2.231,2.231,6.25,0.05,8.0,4.0,200.0,200,10.0,34.00917,33.84917,43800,1
brainsaw|2019/12/16 11:28:46,branco,2019/12/16 11:28:46,2019,brainsaw,1,CA_755_1,CA_755_1,CA,4.603,4.603,10.0,0.04,4.0,1.0,200.0,200,8.0,7.20917,7.18583,28400,1
brainsaw|2019/12/19 15:50:13,margrie,2019/12/19 15:50:13,2019,brainsaw,1,1010869,SL_1010869,1010869;SL,2.231,2.231,5.0,0.05,10.0,1.0,210.0,210,10.5,10.79056,10.735,27090,1
brainsaw|2019/12/20 14:17:44,margrie,2019/12/20 14:17:44,2019,brainsaw,1,AS134_1_redo,SL_AS134_1,AS134;SL,2.231,2.231,5.0,0.05,10.0,1.0,210.0,210,10.5,9.49639,9.45028,22470,1
brainsaw|2019/12/21 14:39:33,margrie,2019/12/21 14:39:33,2019,brainsaw,3,961200;989263;989265,sample_961200;sample_989263;sample_989265,961200;989263;989265;sample,2.231,2.231,5.0,0.05,10.0,1.0,210.0,210,10.5,31.3875,31.23972,87990,1
brainsaw|2020/01/06 10:55:50,isogai,2020/01/06 10:55:50,2020,brainsaw,1,ME_BOiiii,ME_BOiiii,ME,4.603,4.603,20.0,0.04,2.0,8.0,240.0,240,9.6,6.56028,6.50639,30960,1
brainsaw|2020/01/07 16:37:55,isogai,2020/01/07 16:37:55,2020,brainsaw,1,ME_BRv,ME_BRv,ME,4.603,4.603,20.0,0.04,2.0,1.0,240.0,240,9.6,7.99278,7.96056,30960,1
brainsaw|2020/01/08 11:32:44,branco,2020/01/08 11:32:44,2020,brainsaw,2,AY_265_1;AY_265_4,AY_265_1;AY_265_4,AY,2.231,2.231,5.0,0.04,8.0,1.0,240.0,240,9.6,17.76667,17.69694,49920,1
brainsaw|2020/01/09 11:07:22,branco,2020/01/09 11:07:22,2020,brainsaw,2,BF_189_1;BF_189_3,BF_189_1;BF_189_3,BF,2.231,2.231,5.0,0.04,8.0,1.0,250.0,247,9.88,23.60167,23.50639,70148,1
brainsaw|2020/01/10 11:16:20,sjones,2020/01/10 11:16:20,2020,brainsaw,4,HMV_pdyn01_pdyn03_pdyn04;pdyn01;pdyn03;pdyn04,HMV_pdyn01_pdyn03_pdyn04;pdyn03,HMV;pdyn01;pdyn03;pdyn04,4.603,4.603,20.0,0.04,2.0,4.0,270.0,271,10.84,28.00528,27.99667,118907,1
brainsaw|2020/01/11 18:59:50,margrie,2020/01/11 18:59:50,2020,brainsaw,2,1016719;1029105,SL_1016719;SL_1029105,1016719;1029105;SL,2.231,2.231,5.0,0.05,10.0,1.0,200.0,200,10.0,14.66417,14.58472,41200,1
brainsaw|2020/01/12 11:47:59,margrie,2020/01/12 11:47:59,2020,brainsaw,3,FM_mar151;SL_989656;other,FM_mar151;SL_989656;SL_989656_FM000,FM;SL;other,2.231,2.231,5.0,0.05,10.0,1.0,240.0,231,11.55,22.21306,22.12083,66297,1
brainsaw|2020/01/13 12:15:16,margrie,2020/01/13 12:15:16,2020,brainsaw,2,BY319_2;BY319_4,ROI_1;ROI_3,BY319;ROI,2.231,2.231,6.25,0.05,8.0,1.0,188.0,188,9.4,24.89056,24.75833,78396,1
brainsaw|2020/01/14 13:54:45,margrie,2020/01/14 13:54:45,2020,brainsaw,2,1004807;1012998,SL_1004807;SL_1012998,1004807;1012998;SL,2.231,2.231,5.0,0.05,10.0,1.0,169.0,169,8.45,12.57361,12.50056,36335,1
brainsaw|2020/01/15 12:16:19,isogai,2020/01/15 12:16:19,2020,brainsaw,2,ME_BWii;ME_BWiii,ME_BWii;ME_BWiii,ME,4.603,4.603,20.0,0.04,2.0,1.0,275.0,246,9.84,12.16778,12.12139,65190,1
brainsaw|2020/01/17 13:46:27,margrie,2020/01/17 13:46:27,2020,brainsaw,2,1032009;1059287,SL_1032009;SL_1059287,1032009;1059287;SL,2.231,2.231,5.0,0.05,10.0,1.0,240.0,240,12.0,17.46361,17.39222,49440,1
brainsaw|2020/01/19 12:30:12,margrie,2020/01/19 12:30:12,2020,brainsaw,2,1034953;961063,SL_1034953;SL_961063,1034953;961063;SL,2.231,2.231,5.0,0.05,10.0,1.0,210.0,210,10.5,19.14028,19.05139,57540,1
brainsaw|2020/01/20 11:40:02,branco,2020/01/20 11:40:02,2020,brainsaw,2,CC_134_1;CC_134_2,CC_134_1;CC_134_2,CC,2.231,2.231,5.0,0.04,8.0,1.0,300.0,300,12.0,24.0575,23.97972,68100,1
brainsaw|2020/01/21 12:51:29,margrie,2020/01/21 12:51:29,2020,brainsaw,2,CA_514_C;probe-track,CA_514_A;CA_514_C,CA;probe-track,4.603,4.603,20.0,0.04,2.0,1.0,180.0,180,7.2,9.16417,9.11444,51300,1
brainsaw|2020/01/21 22:37:03,margrie,2020/01/21 22:37:03,2020,brainsaw,2,CA_515_A;CA_515_B,CA_515_A;CA_515_B,CA,4.603,4.603,20.0,0.04,2.0,1.0,180.0,180,7.2,9.71083,9.65861,56520,1
brainsaw|2020/01/22 13:10:55,margrie,2020/01/22 13:10:55,2020,brainsaw,3,CE_97_A;CE_97_B;CE_97_C,CE_97_A;CE_97_B;CE_97_C,CE,4.603,4.603,10.0,0.04,4.0,1.0,220.0,220,8.8,16.80611,16.72833,96580,1
brainsaw|2020/01/23 11:41:14,isogai,2020/01/23 11:41:14,2020,brainsaw,2,ME_BRiiii;ME_BWi,ME_BRiiii;ME_BWi,ME,4.603,4.603,20.0,0.04,2.0,1.0,284.0,284,11.36,14.71333,14.66222,79236,1
brainsaw|2020/01/24 16:23:29,okeefe,2020/01/24 16:23:29,2020,brainsaw,1,CM_1013498,Rat13,CM;Rat13,2.231,2.231,50.0,0.05,1.0,1.0,315.0,315,15.75,17.55944,17.50917,94185,1
brainsaw|2020/01/25 14:48:51,margrie,2020/01/25 14:48:51,2020,brainsaw,2,1007045;1035208,SL_1007045;SL_1035208,1007045;1035208;SL,2.231,2.231,5.0,0.05,10.0,1.0,210.0,210,10.5,15.61972,15.54972,45150,1
brainsaw|2020/01/26 12:43:06,margrie,2020/01/26 12:43:06,2020,brainsaw,1,SL_973011,SL_973011,SL,1.227,1.227,5.0,0.05,10.0,1.0,195.0,195,9.75,7.99639,7.95611,14820,1
brainsaw|2020/01/29 10:29:38,isogai,2020/01/29 10:29:38,2020,brainsaw,1,ME_BZii,ME_BZii,ME,2.231,2.231,20.0,0.04,2.0,4.0,225.0,225,9.0,8.9125,8.87778,24075,1
brainsaw|2020/01/30 15:04:25,margrie,2020/01/30 15:04:25,2020,brainsaw,3,CT_CX_122_1;CT_CX_122_2;CT_CX_138_2,CT_CX_122_1;CT_CX_122_2;CT_CX_138_2,CT,4.603,4.603,10.0,0.04,4.0,1.0,240.0,240,9.6,20.05917,19.97889,104640,1
brainsaw|2020/01/31 12:05:23,margrie,2020/01/31 12:05:23,2020,brainsaw,2,CT_BY_293_4;CT_BY_293_5,CT_BY_293_4;CT_BY_293_5,CT,4.603,4.603,10.0,0.04,4.0,1.0,260.0,260,10.4,16.34083,16.27528,82940,1
brainsaw|2020/02/01 14:19:22,okeefe,2020/02/01 14:19:22,2020,brainsaw,1,CM_101500_Rat,CM_101500_RatLesion,CM,2.231,2.231,50.0,0.05,1.0,1.0,300.0,300,15.0,16.62444,16.56694,89700,1
brainsaw|2020/02/02 13:44:33,margrie,2020/02/02 13:44:33,2020,brainsaw,2,1032007;1032008,sample_1032007;sample_1032008,1032007;1032008;sample,2.231,2.231,5.0,0.05,10.0,1.0,210.0,210,10.5,17.80111,17.71083,52290,1
brainsaw|2020/02/03 11:25:02,branco,2020/02/03 11:25:02,2020,brainsaw,2,YT_AY_259_3;YT_AY_259_4,YT_AY_259_3;YT_AY_259_4,YT,0.684,0.684,5.0,0.085,17.0,5.0,60.0,60,5.1,20.41778,20.07833,6420,1
brainsaw|2020/02/04 11:54:34,margrie,2020/02/04 11:54:34,2020,brainsaw,2,SW_FH_8_1;SW_FH_8_2,SW_FH8_1;SW_FH8_2,SW,2.231,2.231,6.25,0.05,8.0,1.0,210.0,210,10.5,14.66333,14.59778,45150,1
brainsaw|2020/02/05 13:54:37,margrie,2020/02/05 13:54:37,2020,brainsaw,2,1041545;1041546,SL_1041545;SL_1041546,1041545;1041546;SL,2.231,2.231,5.0,0.05,10.0,1.0,208.0,208,10.4,16.16667,16.08778,46592,1
brainsaw|2020/02/06 11:11:51,branco,2020/02/06 11:11:51,2020,brainsaw,2,CC_136_0;CC_136_1,CC_136_0;CC_136_1,CC,2.231,2.231,5.0,0.04,8.0,1.0,300.0,300,12.0,21.53778,21.46611,64500,1
brainsaw|2020/02/07 13:54:52,margrie,2020/02/07 13:54:52,2020,brainsaw,2,1006882;1006883,SL_1006882;SL_1006883,1006882;1006883;SL,2.231,2.231,5.0,0.05,10.0,1.0,208.0,208,10.4,17.80333,17.71778,51792,1
brainsaw|2020/02/08 11:15:23,okeefe,2020/02/08 11:15:23,2020,brainsaw,1,CM_1013504_Rat,CM_1013504,CM,2.231,2.231,50.0,0.05,1.0,1.0,315.0,315,15.75,18.20944,18.14917,100485,1
brainsaw|2020/02/09 11:45:31,okeefe,2020/02/09 11:45:31,2020,brainsaw,1,CM_1013505_rat,CM_1013505,CM,2.231,2.231,50.0,0.05,1.0,1.0,300.0,300,15.0,17.35528,17.29694,95700,1
brainsaw|2020/02/10 10:34:46,mrsic_flogel,2020/02/10 10:34:46,2020,brainsaw,2,IO_090;IO_094,IO_090;IO_094,IO,4.603,4.603,20.0,0.04,2.0,1.0,273.0,273,10.92,14.69222,14.64083,79989,1
brainsaw|2020/02/11 11:15:12,sjones,2020/02/11 11:15:12,2020,brainsaw,1,FM_mar161,FM_mar161,FM,1.023,1.023,25.0,0.05,2.0,6.0,200.0,200,10.0,15.20194,15.14861,21400,1
brainsaw|2020/02/12 11:39:18,okeefe,2020/02/12 11:39:18,2020,brainsaw,1,CM_1013499,CM_1013499_control,CM,1.023,1.023,50.0,0.05,1.0,1.0,277.0,277,13.85,21.06028,20.97833,98612,1
brainsaw|2020/02/14 13:59:23,margrie,2020/02/14 13:59:23,2020,brainsaw,1,SL_957079,SL_957079,SL,2.231,2.231,5.0,0.05,10.0,1.0,210.0,210,10.5,11.09917,11.05528,27090,1
brainsaw|2020/02/15 15:23:31,margrie,2020/02/15 15:23:31,2020,brainsaw,1,1007043,SL1007043_1007046,1007043;SL1007043,2.231,2.231,5.0,0.05,10.0,1.0,210.0,171,8.55,14.92,14.83167,42579,1
brainsaw|2020/02/17 11:18:39,mrsic_flogel,2020/02/17 11:18:39,2020,brainsaw,4,MJ_MPV31;MJ_MPV33;MJ_MPV34;MJ_MPV36,MJ_MPV31;MJ_MPV33;MJ_MPV34;MJ_MPV36,MJ,2.231,2.231,25.0,0.05,2.0,1.0,100.0,69,3.45,6.46833,6.39917,26427,1
brainsaw|2020/02/17 19:01:24,mrsic_flogel,2020/02/17 19:01:24,2020,brainsaw,1,MPV32,MJ_MPV32,MJ;MPV32,2.231,2.231,25.0,0.05,2.0,1.0,100.0,100,5.0,3.05972,3.03556,6500,1
brainsaw|2020/02/18 11:48:11,mrsic_flogel,2020/02/18 11:48:11,2020,brainsaw,4,MPV35;UMPV4;UMPV7;UMPV8,MPV35;UMPV4;UMPV7;UMPV8,MPV35;UMPV4;UMPV7;UMPV8,2.231,2.231,25.0,0.05,2.0,4.0,100.0,100,5.0,11.75083,11.62528,44900,1
brainsaw|2020/02/19 00:00:49,mrsic_flogel,2020/02/19 00:00:49,2020,brainsaw,1,MJ_MPV30,MJ_MPV30,MJ,2.231,2.231,25.0,0.05,2.0,4.0,100.0,100,5.0,3.34917,3.31694,7600,1
brainsaw|2020/02/19 11:40:14,okeefe,2020/02/19 11:40:14,2020,brainsaw,1,CM_1013506_rat,CM_1013506,CM,2.231,2.231,50.0,0.05,1.0,1.0,300.0,300,15.0,16.51611,16.46194,83700,1
brainsaw|2020/02/22 16:22:17,margrie,2020/02/22 16:22:17,2020,brainsaw,4,CT_BY_317_2;CT_BY_322_2;CT_CX_141_1;CT_CX_142_1,CT_BY_317_2;CT_BY_322_2;CT_CX_141_1;CT_CX_142_1,CT,4.603,4.603,10.0,0.05,5.0,1.0,240.0,240,12.0,28.51611,28.40056,132000,1
brainsaw|2020/02/25 17:01:06,sjones,2020/02/25 17:01:06,2020,brainsaw,1,FM_mar170,FM_mar170,FM,1.023,1.023,50.0,0.05,1.0,12.0,200.0,200,10.0,10.33278,10.28833,17400,1
brainsaw|2020/02/26 14:35:28,margrie,2020/02/26 14:35:28,2020,brainsaw,4,1035874;945582;945583;965970,sample_1035874;sample_945582;sample_945583;sample_965970,1035874;945582;945583;965970;sample,2.231,2.231,5.0,0.05,10.0,1.0,240.0,240,12.0,42.82417,42.64944,113760,1
brainsaw|2020/02/29 16:06:53,margrie,2020/02/29 16:06:53,2020,brainsaw,1,CT_CX_142_2,CT_CX_142_2,CT,2.231,2.231,10.0,0.05,5.0,1.0,230.0,230,11.5,8.1725,8.13833,26680,1
brainsaw|2020/03/02 10:23:59,mrsic_flogel,2020/03/02 10:23:59,2020,brainsaw,1,C2VGmSC3,C2VGmSC3,C2VGmSC3,4.603,4.603,20.0,0.04,2.0,1.0,250.0,250,10.0,12.36361,12.33028,45250,1
brainsaw|2020/03/03 10:59:26,mrsic_flogel,2020/03/03 10:59:26,2020,brainsaw,1,C2vGmSC5,C2vGmSC5,C2vGmSC5,4.603,4.603,20.0,0.06,3.0,4.0,130.0,130,7.8,7.70083,7.64028,19890,1
brainsaw|2020/03/04 10:28:54,mrsic_flogel,2020/03/04 10:28:54,2020,brainsaw,3,C2SMvLG3;C2SMvLG4;NV_C2vLGN_NV_C2vLGN2,NV_C2vLGN_NV_C2vLGN2;ROI_1;ROI_2,C2SMvLG3;C2SMvLG4;NV;ROI,4.603,4.603,20.0,0.04,2.0,4.0,240.0,240,9.6,18.29972,18.22583,71760,1
brainsaw|2020/03/05 11:23:58,mrsic_flogel,2020/03/05 11:23:58,2020,brainsaw,3,IV_FMB4;IV_FMB7;IV_FMB8,IV_FMB4;IV_FMB7;IV_FMB8,IV,2.231,2.231,6.666666666666667,0.04,6.0,1.0,250.0,250,10.0,22.86583,22.77778,79750,1
brainsaw|2020/03/07 15:04:20,margrie,2020/03/07 15:04:20,2020,brainsaw,2,MAR_165;MAR_166,MAR_165;MAR_166,MAR,1.023,1.023,50.0,0.05,1.0,15.0,200.0,200,10.0,25.46972,25.34194,53800,1
brainsaw|2020/03/09 10:17:32,branco,2020/03/09 10:17:32,2020,brainsaw,1,200309_YT_AY_270_1,YT_AY_270_1,200309;YT,0.982,0.982,5.0,0.1,20.0,8.0,60.0,27,2.7,4.26306,4.10667,1485,1
brainsaw|2020/03/10 12:20:04,branco,2020/03/10 12:20:04,2020,brainsaw,3,AY_274_1_SADB19;AY_274_2_SADB19old;AY_274_3_NV2C,AY_274_1;AY_274_2;AY_274_3,AY,2.231,2.231,5.0,0.04,8.0,1.0,260.0,260,10.4,23.06806,22.98194,92560,1
brainsaw|2020/03/11 13:23:12,branco,2020/03/11 13:23:12,2020,brainsaw,2,200311_retroHYP-GFPinPAG_CC_141_1_yulin;200311_retroHYP-GFPinPAG_CC_141_2_yulin,CC_141_1;CC_141_2,200311;CC,2.231,2.231,5.0,0.04,8.0,1.0,260.0,260,10.4,14.72056,14.66306,55900,1
brainsaw|2020/03/12 12:21:53,margrie,2020/03/12 12:21:53,2020,brainsaw,2,1057613;FI1_1,FI1_1;sample_1057613,1057613;FI1;sample,2.231,2.231,5.0,0.05,10.0,1.0,220.0,220,11.0,16.81444,16.74,65780,1
brainsaw|2020/03/13 15:35:39,margrie,2020/03/13 15:35:39,2020,brainsaw,4,1062244;1069012;1069013;FI5_4,FI5_4;sample_1062244;sample_1069012;sample_1069013,1062244;1069012;1069013;FI5;sample,2.231,2.231,10.0,0.05,5.0,1.0,210.0,210,10.5,17.23278,17.15139,89040,1
brainsaw|2020/03/15 18:53:22,margrie,2020/03/15 18:53:22,2020,brainsaw,4,1057614;FI1_2;FI1_3;FI1_4,FI1_2;FI1_3;FI1_4;sample_1057614,1057614;FI1;sample,2.231,2.231,5.0,0.05,10.0,1.0,210.0,205,10.25,23.69972,23.58639,86920,1
brainsaw|2020/03/16 19:41:03,mrsic_flogel,2020/03/16 19:41:03,2020,brainsaw,4,Bottom;Left;NV_C2vLGN3_freeze_GCaMP1;Right,ROI_1;ROI_2;ROI_3;SL_FI1_2_FI1_3_FI1_4_1057614,Bottom;Left;NV;ROI;Right;SL,2.231,2.231,12.5,0.05,4.0,4.0,100.0,100,5.0,13.88444,13.74667,42400,1
brainsaw|2020/03/17 11:48:57,margrie,2020/03/17 11:48:57,2020,brainsaw,3,CT_BY_324_2;CT_BY_324_3;CT_CX_142_3,CT_BY_324_2;CT_BY_324_3;CT_CX_142_3,CT,2.231,2.231,5.0,0.05,10.0,1.0,230.0,230,11.5,24.7375,24.63278,88090,1
brainsaw|2020/03/19 11:08:17,branco,2020/03/19 11:08:17,2020,brainsaw,1,CC_146_0,CC_146_0__164_1,CC,2.231,2.231,5.0,0.04,8.0,1.0,300.0,300,12.0,18.94167,18.87889,73800,1
brainsaw|2020/03/20 10:31:25,branco,2020/03/20 10:31:25,2020,brainsaw,2,CC_146_2;CC_147_1,CC_146_2;CC_147_1,CC,2.231,2.231,5.0,0.04,8.0,1.0,300.0,300,12.0,17.93222,17.87194,69900,1
brainsaw|2020/05/24 14:35:23,mrsic_flogel,2020/05/24 14:35:23,2020,brainsaw,1,IO_114,IO_114,IO,4.603,4.603,40.0,0.08,2.0,4.0,150.0,148,11.84,5.74361,5.7025,19092,1
brainsaw|2020/05/26 22:23:39,mrsic_flogel,2020/05/26 22:23:39,2020,brainsaw,1,IO_116,IO_116,IO,2.231,2.231,40.0,0.04,1.0,2.0,235.0,235,9.4,6.35083,6.32833,25145,1
brainsaw|2020/05/31 20:33:43,mrsic_flogel,2020/05/31 20:33:43,2020,brainsaw,1,FPvGvLG1,AF_NV_GCaMPvLGN2,AF;FPvGvLG1,2.231,2.231,12.5,0.05,4.0,4.0,130.0,130,6.5,6.13194,6.08833,0,1
brainsaw|2020/06/01 13:20:34,mrsic_flogel,2020/06/01 13:20:34,2020,brainsaw,5,retroAAV1;retroAAV2;retroAAV3;retroAAV4;retroAAV_SC_mcherry_vLGN,AF_NV_retroAAV;ROI_1;ROI_2;ROI_3;ROI_4,AF;ROI;retroAAV;retroAAV1;retroAAV2;retroAAV3;retroAAV4,2.231,2.231,12.5,0.05,4.0,4.0,140.0,140,7.0,20.91639,20.7725,0,1
brainsaw|2020/06/02 12:12:03,mrsic_flogel,2020/06/02 12:12:03,2020,brainsaw,1,HMD_GI1,F_NV_HMD_GI1,F;HMD,2.231,2.231,12.5,0.05,4.0,4.0,140.0,140,7.0,6.60833,6.56333,0,1
brainsaw|2020/06/02 19:34:22,mrsic_flogel,2020/06/02 19:34:22,2020,brainsaw,1,IO_117,IO_117,IO,2.231,2.231,40.0,0.04,1.0,2.0,270.0,270,10.8,6.95583,6.93278,0,1
brainsaw|2020/06/03 09:48:06,sjones,2020/06/03 09:48:06,2020,brainsaw,1,FG_SNLphoto12,FG_SNLphoto12,FG,4.603,4.603,20.0,0.04,2.0,1.0,270.0,270,10.8,6.44083,6.42167,0,1
brainsaw|2020/06/03 18:11:21,sjones,2020/06/03 18:11:21,2020,brainsaw,1,E37,EJT_E39,E37;EJT,4.603,4.603,25.0,0.05,2.0,4.0,240.0,240,12.0,9.54306,9.505,0,1
brainsaw|2020/06/04 16:37:37,mrsic_flogel,2020/06/04 16:37:37,2020,brainsaw,5,AF_NV_HMD_GI2_DI;HMD_DI1;HMD_DI2;HMD_DI3;HMD_GI2,AF_NV_HMD_GI2_DI;ROI_1;ROI_2;ROI_3;ROI_4,AF;HMD;ROI,2.231,2.231,12.5,0.05,4.0,4.0,120.0,114,5.7,15.58778,15.44889,0,1
brainsaw|2020/06/05 09:12:17,sjones,2020/06/05 09:12:17,2020,brainsaw,1,FG_SNLphoto16,FG_SNLphoto16,FG,4.603,4.603,25.0,0.05,2.0,1.0,210.0,210,10.5,6.22944,6.20333,0,1
brainsaw|2020/06/06 12:45:48,mrsic_flogel,2020/06/06 12:45:48,2020,brainsaw,2,IO_115;IO_118,IO_115;IO_118,IO,2.231,2.231,40.0,0.04,1.0,2.0,285.0,285,11.4,13.77083,13.72583,61275,1
brainsaw|2020/06/09 09:16:03,sjones,2020/06/09 09:16:03,2020,brainsaw,1,FG_SNLphoto18,FG_SNLphoto18,FG,4.603,4.603,25.0,0.05,2.0,1.0,250.0,250,12.5,7.41639,7.38694,34750,1
brainsaw|2020/06/09 17:49:12,sjones,2020/06/09 17:49:12,2020,brainsaw,1,LS_ctrl01,LS_ctrl01,LS,2.231,2.231,5.0,0.04,8.0,2.0,250.0,250,10.0,17.6675,17.60417,23750,1
brainsaw|2020/06/10 15:17:52,mrsic_flogel,2020/06/10 15:17:52,2020,brainsaw,1,C2vGmSC_ctrl1,AF_NV_controlGFP1,AF;C2vGmSC,2.231,2.231,12.5,0.05,4.0,2.0,144.0,144,7.2,15.85722,15.74778,45216,1
brainsaw|2020/06/11 12:48:00,sjones,2020/06/11 12:48:00,2020,brainsaw,1,LS_F14TM01,LS_F14TM01,LS,2.231,2.231,5.0,0.04,8.0,2.0,250.0,250,10.0,20.32444,20.23806,29000,1
brainsaw|2020/06/15 13:11:36,margrie,2020/06/15 13:11:36,2020,brainsaw,1,CT_BY_1069051,CT_BY_1069051,CT,1.227,1.227,5.0,0.05,10.0,1.0,240.0,240,12.0,11.22444,11.18194,12720,1
brainsaw|2020/06/16 09:52:50,sjones,2020/06/16 09:52:50,2020,brainsaw,1,LS_A2A05,LS_A2A05,LS,2.231,2.231,5.0,0.04,8.0,2.0,226.0,226,9.04,16.825,16.76083,24182,1
brainsaw|2020/06/17 13:55:53,margrie,2020/06/17 13:55:53,2020,brainsaw,1,CT_BY_1100818,CT_BY_1100818-19,CT,1.227,1.227,5.0,0.05,10.0,1.0,230.0,230,11.5,27.32139,27.21222,41170,1
brainsaw|2020/06/18 19:13:40,sjones,2020/06/18 19:13:40,2020,brainsaw,1,E41,EJT_E41,E41;EJT,4.603,4.603,25.0,0.05,2.0,4.0,235.0,235,11.75,8.71944,8.68361,32665,1
brainsaw|2020/06/19 11:39:40,sjones,2020/06/19 11:39:40,2020,brainsaw,1,LS_F14TM02,LS_F14TM02,LS,2.231,2.231,5.0,0.04,8.0,1.0,290.0,290,11.6,11.78972,11.75306,33640,1
brainsaw|2020/06/20 16:40:49,margrie,2020/06/20 16:40:49,2020,brainsaw,1,MS_FN_1111806,MS_FN_1111806,MS,2.231,2.231,5.0,0.04,8.0,1.0,290.0,260,10.4,9.87444,45.86528,26780,1
brainsaw|2020/06/23 10:18:18,sjones,2020/06/23 10:18:18,2020,brainsaw,1,HMV_Cre_in_ToS_Ai32,HMV_Cre_in_ToS_Ai32,HMV,4.603,4.603,25.0,0.05,2.0,1.0,100.0,77,3.85,1.95028,1.92556,9702,1
brainsaw|2020/06/23 12:41:16,sjones,2020/06/23 12:41:16,2020,brainsaw,1,LS_F14TM03,LS_F14TM03,LS,2.231,2.231,5.0,0.04,8.0,2.0,250.0,250,10.0,13.57167,13.8675,27000,1
brainsaw|2020/06/24 10:26:00,sjones,2020/06/24 10:26:00,2020,brainsaw,1,LS_A2A06,LS_A2A06,LS,2.231,2.231,5.0,0.04,8.0,2.0,240.0,240,9.6,13.12861,13.07806,25920,1
brainsaw|2020/06/25 10:01:28,sjones,2020/06/25 10:01:28,2020,brainsaw,1,LS_A2A04,LS_A2A04,LS,2.231,2.231,5.0,0.04,8.0,2.0,240.0,240,9.6,12.82417,12.7775,25920,1
brainsaw|2020/06/26 12:21:48,mrsic_flogel,2020/06/26 12:21:48,2020,brainsaw,1,C2vGvLS_ctrl2,AF_NV_FPvGvLG5_GFPcontrols,AF;C2vGvLS,2.231,2.231,12.5,0.05,4.0,4.0,126.0,126,6.3,16.69222,16.81389,38304,1
brainsaw|2020/06/30 10:07:12,sjones,2020/06/30 10:07:12,2020,brainsaw,1,LS_A2A07,LS_A2A07,LS,2.231,2.231,5.0,0.04,8.0,2.0,240.0,240,9.6,13.64833,13.59556,28080,1
brainsaw|2020/07/03 13:12:15,mrsic_flogel,2020/07/03 13:12:15,2020,brainsaw,4,AF_FPvGvLG3_4_6;FPvGvLG3;FPvGvLG4;FPvGvLG6,AF_FPvGvLG3_4_6;FPvGvLG3;FPvGvLG4;FPvGvLG6,AF;FPvGvLG3;FPvGvLG4;FPvGvLG6,2.231,2.231,12.5,0.05,4.0,4.0,153.0,153,7.65,21.16639,21.03139,48960,1
brainsaw|2020/07/07 17:45:06,margrie,2020/07/07 17:45:06,2020,brainsaw,1,SL_1055875,sample_200707_172634,SL;sample,1.227,1.227,5.0,0.05,10.0,1.0,210.0,210,10.5,9.04583,9.00389,18480,1
brainsaw|2020/07/08 12:53:25,margrie,2020/07/08 12:53:25,2020,brainsaw,1,SL_1055876,SL_1055876,SL,1.227,1.227,5.0,0.05,10.0,1.0,210.0,210,10.5,8.77222,8.73028,18480,1
brainsaw|2020/07/09 18:00:59,margrie,2020/07/09 18:00:59,2020,brainsaw,1,SL_1068975,SL_1068975,SL,1.227,1.227,8.333333333333334,0.05,6.0,4.0,210.0,210,10.5,16.40972,16.33222,18480,1
brainsaw|2020/07/10 18:17:36,margrie,2020/07/10 18:17:36,2020,brainsaw,1,SL_CA517_1,SL_ca517_1,SL,1.227,1.227,5.0,0.05,10.0,1.0,210.0,210,10.5,9.25278,9.21056,18480,1
brainsaw|2020/07/13 14:25:39,margrie,2020/07/13 14:25:39,2020,brainsaw,1,CAA_1110262,MVF_four_brains,CAA;MVF,4.603,4.603,20.0,0.04,2.0,2.0,297.0,299,11.96,18.37444,18.34528,108066,1
brainsaw|2020/07/14 17:34:50,margrie,2020/07/14 17:34:50,2020,brainsaw,1,1100840,SL_1100840_1100845,1100840;SL,2.231,2.231,5.0,0.05,10.0,1.0,210.0,210,10.5,14.54194,14.47,43470,1
brainsaw|2020/07/15 12:15:16,margrie,2020/07/15 12:15:16,2020,brainsaw,1,MS_FN_1111808,MS_FN_1111808,MS,1.023,1.023,5.0,0.05,10.0,6.0,50.0,241,12.05,32.90806,37.49528,18432,1
brainsaw|2020/07/21 10:54:32,margrie,2020/07/21 10:54:32,2020,brainsaw,1,MS_1111986_GAD,MS_1111986_GAD,MS,1.023,1.023,5.714285714285714,0.04,7.0,1.0,90.0,304,12.16,11.04,11.03806,24508,1
brainsaw|2020/07/22 11:58:25,okeefe,2020/07/22 11:58:25,2020,brainsaw,1,CM_A10A11,CM_A10A11,CM,2.231,2.231,50.0,0.05,1.0,1.0,300.0,277,13.85,21.50222,21.42611,142101,1
brainsaw|2020/07/23 10:37:50,mrsic_flogel,2020/07/23 10:37:50,2020,brainsaw,5,AF_HMvGvLG1_4;HMvGvLG1;HMvGvLG2;HMvGvLG3;HMvGvLG4,AF_HMvGvLG1_4;ROI_1;ROI_2;ROI_3;ROI_4,AF;HMvGvLG1;HMvGvLG2;HMvGvLG3;HMvGvLG4;ROI,2.231,2.231,12.5,0.05,4.0,4.0,150.0,150,7.5,20.99139,20.85222,49500,1
brainsaw|2020/07/24 11:33:48,mrsic_flogel,2020/07/24 11:33:48,2020,brainsaw,4,AF_MB_44_47_48;MB44;MB47;MB48,AF_MB_44_47_48;ROI_1;ROI_2;ROI_3,AF;MB44;MB47;MB48;ROI,2.231,2.231,25.0,0.05,2.0,2.0,207.0,207,10.35,18.49056,18.40278,100188,1
brainsaw|2020/07/25 11:20:31,mrsic_flogel,2020/07/25 11:20:31,2020,brainsaw,3,AF_Necab_tdt_1_2;Necab_tdt1;Necab_tdt2,AF_Necab_tdt_1_2;ROI_1;ROI_2,AF;Necab;ROI,2.231,2.231,12.5,0.05,4.0,2.0,147.0,147,7.35,8.26694,8.21167,26460,1
brainsaw|2020/07/25 21:10:12,mrsic_flogel,2020/07/25 21:10:12,2020,brainsaw,7,AF_FPvGmSC8_13;FPvGmSC10;FPvGmSC11;FPvGmSC12;FPvGmSC13;FPvGmSC8;FPvGmSC9,AF_FPvGmSC8_13;ROI_1;ROI_2;ROI_3;ROI_4;ROI_5;ROI_6,AF;FPvGmSC10;FPvGmSC11;FPvGmSC12;FPvGmSC13;FPvGmSC8;FPvGmSC9;ROI,2.231,2.231,12.5,0.05,4.0,4.0,145.0,92,4.6,21.0025,20.77528,50784,1
brainsaw|2020/07/27 13:54:29,mrsic_flogel,2020/07/27 13:54:29,2020,brainsaw,3,AF_GtvGvLG18_20;ROI_1;ROI_2,AF_GtvGvLG16_20;ROI_1;ROI_2,AF;ROI,2.231,2.231,12.5,0.05,4.0,4.0,150.0,150,7.5,10.86556,10.80083,21820,1
brainsaw|2020/07/30 16:16:13,mrsic_flogel,2020/07/30 16:16:13,2020,brainsaw,3,AF_MB_45_46;MB45;MB46,AF_MB_45_46;ROI_1;ROI_2,AF;MB45;MB46;ROI,2.231,2.231,25.0,0.05,2.0,2.0,201.0,201,10.05,11.06306,11.00917,49647,1
brainsaw|2020/08/01 21:23:09,mrsic_flogel,2020/08/01 21:23:09,2020,brainsaw,7,AF_HMvGmSC1_6;HMvGmSC1;HMvGmSC2;HMvGmSC3;HMvGmSC4;HMvGmSC5;HMvGmSC6,AF_HMvGmSC1_6;ROI_1;ROI_2;ROI_3;ROI_4;ROI_5;ROI_6,AF;HMvGmSC1;HMvGmSC2;HMvGmSC3;HMvGmSC4;HMvGmSC5;HMvGmSC6;ROI,2.231,2.231,12.5,0.05,4.0,4.0,177.0,168,8.4,36.90694,36.69222,88872,1
brainsaw|2020/08/03 12:32:29,margrie,2020/08/03 12:32:29,2020,brainsaw,1,CAA_111221,MVF_CAA_111222_1234,CAA;MVF,4.603,4.603,20.0,0.04,2.0,12.0,275.0,275,11.0,18.48722,18.33611,100375,1
brainsaw|2020/08/04 16:40:28,margrie,2020/08/04 16:40:28,2020,brainsaw,1,CT_BY_1111822,CT_BY1111822,CT,1.227,1.227,10.0,0.05,5.0,1.0,220.0,220,11.0,8.00306,7.95444,21120,1
brainsaw|2020/08/05 11:06:17,margrie,2020/08/05 11:06:17,2020,brainsaw,1,CT_BY_1111825,CT_BY1111825,CT,1.227,1.227,10.0,0.05,5.0,1.0,220.0,220,11.0,8.11472,8.08139,21120,1
brainsaw|2020/08/07 13:31:10,margrie,2020/08/07 13:31:10,2020,brainsaw,1,1101531,SW_1101532_1101531,1101531;SW,2.231,2.231,6.25,0.05,8.0,1.0,220.0,220,11.0,17.37611,17.30194,60500,1
brainsaw|2020/08/10 12:05:17,margrie,2020/08/10 12:05:17,2020,brainsaw,1,2149,SW_2149_2150,2149;SW,2.231,2.231,6.25,0.05,8.0,1.0,220.0,220,11.0,16.90611,16.82889,60500,1
brainsaw|2020/08/12 11:03:38,margrie,2020/08/12 11:03:38,2020,brainsaw,1,1068088,SL_1068088_1095775_1095777_1111675,1068088;SL,2.231,2.231,12.5,0.05,4.0,1.0,210.0,210,10.5,15.37861,15.30389,83160,1
brainsaw|2020/08/13 12:05:40,margrie,2020/08/13 12:05:40,2020,brainsaw,1,CT_AS_1111877,CT_CX_1111877_AS_1111922,CT,2.231,2.231,10.0,0.05,5.0,1.0,230.0,230,11.5,11.49111,11.44306,49680,1
brainsaw|2020/08/19 11:02:12,mrsic_flogel,2020/08/19 11:02:12,2020,brainsaw,1,retroAAV_CT01,retroLP,retroAAV;retroLP,2.231,2.231,25.0,0.05,2.0,10.0,100.0,100,5.0,9.1525,9.07333,17670,1
brainsaw|2020/08/20 12:33:47,margrie,2020/08/20 12:33:47,2020,brainsaw,1,SL_1111536,SL_1111536,SL,2.231,2.231,5.0,0.05,10.0,1.0,210.0,110,5.5,3.91444,3.87917,9240,1
brainsaw|2020/08/27 12:15:18,margrie,2020/08/27 12:15:18,2020,brainsaw,1,SW_1080774,SW_1080774,SW,2.231,2.231,5.0,0.05,10.0,1.0,190.0,190,9.5,5.86167,5.83167,13323,1
brainsaw|2020/08/28 08:28:33,margrie,2020/08/28 08:28:33,2020,brainsaw,1,MS_1112312,MS_1112312,MS,2.231,2.231,5.0,0.05,10.0,2.0,240.0,240,12.0,8.47917,8.44944,12960,1
brainsaw|2020/08/30 16:57:35,margrie,2020/08/30 16:57:35,2020,brainsaw,1,1085861,SL_1085861,1085861;SL,1.023,1.023,10.0,0.05,5.0,5.0,210.0,210,10.5,16.56306,16.48361,18480,1
brainsaw|2020/08/31 15:43:40,margrie,2020/08/31 15:43:40,2020,brainsaw,1,1111661,SL_1111661,1111661;SL,1.227,1.227,5.0,0.05,10.0,1.0,210.0,210,10.5,9.64389,9.60278,20160,1
brainsaw|2020/09/01 10:06:59,sjones,2020/09/01 10:06:59,2020,brainsaw,1,mar194,FM_mar194_mar195,FM;mar194,1.023,1.023,50.0,0.05,1.0,15.0,190.0,190,9.5,17.80694,17.71389,43320,1
brainsaw|2020/09/02 11:42:13,mrsic_flogel,2020/09/02 11:42:13,2020,brainsaw,1,PvCre_test,AB_ctrls,AB;PvCre,2.231,2.231,12.5,0.05,4.0,4.0,150.0,150,7.5,19.22972,19.12194,46415,1
brainsaw|2020/09/06 15:58:09,margrie,2020/09/06 15:58:09,2020,brainsaw,1,SW_1112151,SW_1112151_1112225,SW,2.231,2.231,6.25,0.05,8.0,1.0,200.0,200,10.0,8.11972,8.08194,26412,1
brainsaw|2020/09/07 12:10:56,sjones,2020/09/07 12:10:56,2020,brainsaw,1,EJT49,EJT_28-29-49,EJT;EJT49,4.603,4.603,10.0,0.04,4.0,2.0,240.0,240,9.6,14.60639,14.56389,67419,1
brainsaw|2020/09/08 10:08:37,sjones,2020/09/08 10:08:37,2020,brainsaw,1,EJT37,EJT_37,EJT;EJT37,4.603,4.603,10.0,0.04,4.0,4.0,240.0,240,9.6,9.45417,9.42361,23311,1
brainsaw|2020/09/08 20:32:27,mrsic_flogel,2020/09/08 20:32:27,2020,brainsaw,1,FPvGmSC22,AF_FPvGmSC22,AF;FPvGmSC22,2.231,2.231,12.5,0.05,4.0,4.0,137.0,137,6.85,6.05111,6.00722,12056,1
brainsaw|2020/09/10 11:38:34,sjones,2020/09/10 11:38:34,2020,brainsaw,1,E59,EJT_59,E59;EJT,2.231,2.231,20.0,0.04,2.0,1.0,300.0,300,12.0,6.32278,6.30944,18424,1
brainsaw|2020/09/11 12:11:00,sjones,2020/09/11 12:11:00,2020,brainsaw,1,E58,EJT58,E58;EJT58,2.231,2.231,20.0,0.04,2.0,2.0,280.0,268,10.72,6.37556,6.35722,17115,1
brainsaw|2020/09/14 18:10:19,mrsic_flogel,2020/09/14 18:10:19,2020,brainsaw,5,AF_AK_HMvGvLG15_18;HMvGvLG15;HMvGvLG16;HMvGvLG17;HMvGvLG18,AF_AK_HMvGvLG15_18;ROI_1;ROI_2;ROI_3;ROI_4,AF;HMvGvLG15;HMvGvLG16;HMvGvLG17;HMvGvLG18;ROI,2.231,2.231,12.5,0.05,4.0,3.0,130.0,130,6.5,13.80278,13.7125,41074,1
brainsaw|2020/09/15 13:33:39,mrsic_flogel,2020/09/15 13:33:39,2020,brainsaw,4,AF_C2vGvLG6_8;C2vGvLG6;C2vGvLG7;C2vGvLG8,AF_C2vGvLG6_8;ROI_1;ROI_2;ROI_3,AF;C2vGvLG6;C2vGvLG7;C2vGvLG8;ROI,2.231,2.231,12.5,0.05,4.0,4.0,155.0,155,7.75,15.79889,15.71472,35409,1
brainsaw|2020/09/16 10:47:51,sjones,2020/09/16 10:47:51,2020,brainsaw,1,FG_SNLphoto24,FG_SNLphoto24,FG,4.603,4.603,20.0,0.04,2.0,2.0,1.0,240,9.6,5.55083,5.53667,24883,1
brainsaw|2020/09/16 18:26:43,margrie,2020/09/16 18:26:43,2020,brainsaw,1,1078517,SL_1078517,1078517;SL,1.023,1.023,5.0,0.05,10.0,1.0,210.0,210,10.5,10.16861,10.12833,22680,1
brainsaw|2020/09/17 10:49:10,mrsic_flogel,2020/09/17 10:49:10,2020,brainsaw,4,AF_FPvGmSC19_21;FPvGmSC19;FPvGmSC20;FPvGmSC21,AF_FPvGmSC19_21;ROI_1;ROI_2;ROI_3,AF;FPvGmSC19;FPvGmSC20;FPvGmSC21;ROI,2.231,2.231,12.5,0.05,4.0,4.0,109.0,109,5.45,11.64056,11.55222,26659,1
brainsaw|2020/09/18 10:39:23,mrsic_flogel,2020/09/18 10:39:23,2020,brainsaw,1,triinjection_L,AB_triinjection,AB;triinjection,2.231,2.231,12.5,0.05,4.0,5.0,150.0,104,5.2,12.7975,12.69806,25439,1
brainsaw|2020/09/19 13:13:53,mrsic_flogel,2020/09/19 13:13:53,2020,brainsaw,1,PvCh06,AB_PvCh060720,AB;PvCh06,2.231,2.231,12.5,0.05,4.0,4.0,150.0,150,7.5,15.54917,15.46389,36004,1
brainsaw|2020/09/21 16:32:14,mrsic_flogel,2020/09/21 16:32:14,2020,brainsaw,5,AF_FPvGmSC15_18;FPvGmSC15;FPvGmSC16;FPvGmSC17;FPvGmSC18,AF_FPvGmSC15_18;FPvGmSC15;FPvGmSC16;FPvGmSC17;FPvGmSC18,AF;FPvGmSC15;FPvGmSC16;FPvGmSC17;FPvGmSC18,2.231,2.231,12.5,0.05,4.0,4.0,88.0,88,4.4,10.56861,10.46111,25394,1
brainsaw|2020/09/22 15:49:09,margrie;mrsic_flogel,2020/09/22 15:49:09,2020,brainsaw,3,AK_1108135;CAA_1112416;CAA_1112417,AK_1108135;CAA_1112416;CAA_1112417,AK;CAA,4.603,4.603,20.0,0.04,2.0,2.0,275.0,275,11.0,12.90861,12.87278,77072,1
brainsaw|2020/09/23 10:59:08,sjones,2020/09/23 10:59:08,2020,brainsaw,1,FG_SNLphoto23,FG_SNLphoto23,FG,4.603,4.603,20.0,0.04,2.0,2.0,310.0,290,11.6,5.98278,5.97083,27200,1
brainsaw|2020/09/23 19:04:23,margrie,2020/09/23 19:04:23,2020,brainsaw,2,1095950;1112060,sample_1095950;sample_1112060,1095950;1112060;sample,2.231,2.231,5.0,0.05,10.0,1.0,210.0,210,10.5,13.07389,13.01889,50400,1
brainsaw|2020/09/24 11:40:06,margrie,2020/09/24 11:40:06,2020,brainsaw,2,1095877;1112059,sample_1095877;sample_1112059,1095877;1112059;sample,2.231,2.231,5.0,0.05,10.0,1.0,210.0,153,7.65,6.52694,6.49472,22795,1
brainsaw|2020/09/24 18:47:01,margrie,2020/09/24 18:47:01,2020,brainsaw,1,1095774_1111674_1111678_1112061,SL_1095774_1111674_1111678_1112061,1095774;SL,2.231,2.231,5.0,0.05,10.0,1.0,210.0,210,10.5,15.97194,15.90306,57097,1
brainsaw|2020/09/28 10:45:33,branco,2020/09/28 10:45:33,2020,brainsaw,2,1097709_rabies_yulin;1097710_rabies_yulin,sample_1097709;sample_1097710,1097709;1097710;sample,2.231,2.231,5.0,0.04,8.0,1.0,270.0,270,10.8,15.47389,15.42361,53460,1
brainsaw|2020/09/29 11:09:59,branco,2020/09/29 11:09:59,2020,brainsaw,1,1097708_rabies_yulin,YI_1097708,1097708;YI,2.231,2.231,5.0,0.04,8.0,1.0,270.0,270,10.8,8.89889,8.86778,26730,1
brainsaw|2020/09/30 13:39:00,margrie,2020/09/30 13:39:00,2020,brainsaw,2,SW_2171;SW_2172,SW_2171;SW_2172,SW,2.231,2.231,5.0,0.05,10.0,1.0,200.0,200,10.0,8.06583,8.0325,27190,1
brainsaw|2020/09/30 22:18:34,mrsic_flogel,2020/09/30 22:18:34,2020,brainsaw,5,AF_Alice_Sara_DII_vLGN;Alice1;Alice2;Sara1;Sara2,AF_Alice_Sara_DII_vLGN;ROI_1;ROI_2;ROI_3;ROI_4,AF;Alice1;Alice2;ROI;Sara1;Sara2,2.231,2.231,12.5,0.05,4.0,2.0,140.0,140,7.0,10.13028,10.07,44194,1
brainsaw|2020/10/01 19:30:40,margrie,2020/10/01 19:30:40,2020,brainsaw,2,CT_CX_1111782;CT_CX_1111783,sample_1111782;sample_1111783,CT;sample,2.231,2.231,10.0,0.05,5.0,1.0,210.0,210,10.5,7.35778,7.33222,29359,1
brainsaw|2020/10/04 12:37:24,margrie,2020/10/04 12:37:24,2020,brainsaw,2,SW_2211;SW_2212,SW_2211;SW_2212,SW,2.231,2.231,5.0,0.05,10.0,1.0,200.0,200,10.0,8.70861,8.67583,28798,1
brainsaw|2020/10/05 09:28:08,sjones,2020/10/05 09:28:08,2020,brainsaw,1,SP_HMV_Rabies-D1-Tail-1,SP_HMV_Rabies-D1-Tail-1,SP,2.231,2.231,5.0,0.04,8.0,3.0,280.0,280,11.2,11.69944,11.67056,19875,1
brainsaw|2020/10/06 11:18:02,sjones,2020/10/06 11:18:02,2020,brainsaw,1,EJT_20,EJT_20,EJT,2.231,2.231,20.0,0.04,2.0,4.0,300.0,300,12.0,8.58194,8.56333,18614,1
brainsaw|2020/10/08 19:10:35,mrsic_flogel,2020/10/08 19:10:35,2020,brainsaw,5,PvCh02;PvCh03;retroGt01;retroGt02;retroGt03,PvCh02;PvCh03;retroGt01;retroGt02;retroGt03,PvCh02;PvCh03;retroGt01;retroGt02;retroGt03,2.231,2.231,12.5,0.05,4.0,4.0,185.0,146,7.3,24.23806,24.09083,58049,1
brainsaw|2020/10/11 14:35:39,mrsic_flogel,2020/10/11 14:35:39,2020,brainsaw,4,AF_AK_HMvGvLG24_27_28;HMvGvLG24;HMvGvLG27;HMvGvLG28,AF_AK_HMvGvLG24_27_28;HMvGvLG24;HMvGvLG27;HMvGvLG28,AF;HMvGvLG24;HMvGvLG27;HMvGvLG28,2.231,2.231,12.5,0.05,4.0,4.0,150.0,150,7.5,15.675,15.58611,36313,1
brainsaw|2020/10/12 11:26:15,margrie,2020/10/12 11:26:15,2020,brainsaw,2,CAA-1112531;CAA-1112532,CAA-1112531;CAA-1112532,CAA-1112531;CAA-1112532,4.603,4.603,20.0,0.04,2.0,1.0,300.0,300,12.0,9.35611,9.34111,53887,1
brainsaw|2020/10/13 11:25:43,mrsic_flogel,2020/10/13 11:25:43,2020,brainsaw,5,TK_20201012_01;TK_20201012_02;TK_20201012_03;TK_20201012_04;TK_20201012_05,TK_20201012_01;TK_20201012_02;TK_20201012_03;TK_20201012_04;TK_20201012_05,TK,4.603,4.603,20.0,0.04,2.0,1.0,300.0,300,12.0,21.08,21.02417,147971,1
brainsaw|2020/10/14 11:42:57,sjones,2020/10/14 11:42:57,2020,brainsaw,1,s039_anatomygpegpirabiesoff_m1015961_L__20201014_000000__serial_section,LBR_20201014_rbOFF_earL,LBR;s039,1.227,1.227,5.0,0.04,8.0,1.0,300.0,267,10.68,8.93889,8.92028,17053,1
brainsaw|2020/10/14 20:55:46,mrsic_flogel,2020/10/14 20:55:46,2020,brainsaw,1,AF_NpxTest1,AF_NpxTest1,AF,2.231,2.231,12.5,0.05,4.0,4.0,200.0,200,10.0,8.17,8.14333,14872,1
brainsaw|2020/10/15 08:53:57,sjones,2020/10/15 08:53:57,2020,brainsaw,1,s041_anatomygpegpirabiesoff_m1015963_LR__20201014_000000__serial_section,LBR_20201014_rbOFF_earLR,LBR;s041,1.227,1.227,5.0,0.05,10.0,1.0,225.0,221,11.05,7.74722,7.73278,13083,1
brainsaw|2020/10/15 17:47:30,sjones,2020/10/15 17:47:30,2020,brainsaw,1,s040_anatomygpegpirabiesoff_m1015962_R__20201015_000000__serial_section,LBR_20201015_rbOFF_earR,LBR;s040,1.675,1.675,5.0,0.05,10.0,1.0,300.0,235,11.75,6.63028,6.62083,12509,1
brainsaw|2020/10/16 10:33:07,sjones,2020/10/16 10:33:07,2020,brainsaw,1,FG_SNL_photo21,FG_SNLphoto21,FG,1.675,1.675,20.0,0.04,2.0,8.0,310.0,312,12.48,10.21583,10.25917,16809,1
brainsaw|2020/10/19 14:36:22,margrie,2020/10/19 14:36:22,2020,brainsaw,1,CT_BY_1111939,CT_BY_1111939,CT,2.231,2.231,10.0,0.05,5.0,1.0,230.0,230,11.5,6.25583,6.235,20240,1
brainsaw|2020/10/20 09:09:14,mrsic_flogel,2020/10/20 09:09:14,2020,brainsaw,6,AF_HMvGvLG29_33_2;HMvGvLG29;HMvGvLG30;HMvGvLG31;HMvGvLG32;HMvGvLG33,AF_HMvGvLG29_33;ROI_1;ROI_2;ROI_3;ROI_4;ROI_5,AF;HMvGvLG29;HMvGvLG30;HMvGvLG31;HMvGvLG32;HMvGvLG33;ROI,2.231,2.231,12.5,0.05,4.0,4.0,160.0,140,7.0,24.79444,24.64444,59295,1
brainsaw|2020/10/21 14:47:03,branco,2020/10/21 14:47:03,2020,brainsaw,1,1097810,YI_1097810,1097810;YI,2.231,2.231,10.0,0.08,8.0,1.0,140.0,140,11.2,4.89806,4.865,13860,1
brainsaw|2020/10/21 22:02:07,mrsic_flogel,2020/10/21 22:02:07,2020,brainsaw,1,AF_NpxTest2,AF_NpxTest2,AF,2.231,2.231,12.5,0.05,4.0,4.0,100.0,100,5.0,4.24028,4.205,8048,1
brainsaw|2020/10/22 21:28:24,mrsic_flogel,2020/10/22 21:28:24,2020,brainsaw,5,AF_AK_Test3_4_5_Ring1;Alice3;Alice4;Alice5;Ring1,AF_AK_Test3_4_5_Ring1;ROI_1;ROI_2;ROI_3;ROI_4,AF;Alice3;Alice4;Alice5;ROI;Ring1,2.231,2.231,12.5,0.05,4.0,4.0,150.0,79,3.95,11.93806,11.81306,29198,1
brainsaw|2020/10/23 10:44:37,sjones,2020/10/23 10:44:37,2020,brainsaw,1,FG_SNL_photo22,FG_SNL_photo22,FG,1.675,1.675,20.0,0.04,2.0,8.0,253.0,253,10.12,9.94278,9.91667,14175,1
brainsaw|2020/10/23 22:17:40,mrsic_flogel,2020/10/23 22:17:40,2020,brainsaw,1,AF_NpxTest3,AF_NpxTest3,AF,2.231,2.231,12.5,0.05,4.0,4.0,120.0,120,6.0,5.2525,5.22111,9749,1
brainsaw|2020/10/26 11:04:57,sjones,2020/10/26 11:04:57,2020,brainsaw,1,FG_SNL_photo26,FG_SNL_photo26,FG,1.675,1.675,20.0,0.04,2.0,8.0,256.0,256,10.24,9.85556,9.82611,14547,1
brainsaw|2020/10/28 19:50:40,mrsic_flogel,2020/10/28 19:50:40,2020,brainsaw,2,1117531D;1117532D,sample_1117531D;sample_1117532D,1117531D;1117532D;sample,2.231,2.231,12.5,0.05,4.0,4.0,150.0,150,7.5,10.11361,10.0725,23566,1
brainsaw|2020/10/29 11:50:21,branco,2020/10/29 11:50:21,2020,brainsaw,2,AY_1098276;BF_1097816,AY_1098276;BF_1097816,AY;BF,2.231,2.231,5.0,0.04,8.0,1.0,200.0,200,8.0,11.37611,11.32472,39600,1
brainsaw|2020/11/03 14:56:25,margrie,2020/11/03 14:56:25,2020,brainsaw,1,CT_BY_1111940,CT_BY_1111940,CT,2.231,2.231,10.0,0.05,5.0,8.0,220.0,220,11.0,16.57056,16.49667,16940,1
brainsaw|2020/11/04 11:40:18,margrie,2020/11/04 11:40:18,2020,brainsaw,1,SW_1112876,SW_1112876,SW,2.231,2.231,5.0,0.05,10.0,1.0,151.0,151,7.55,5.09194,5.06528,11790,1
brainsaw|2020/11/04 18:37:39,margrie,2020/11/04 18:37:39,2020,brainsaw,1,SW_1112875,SW_1112875,SW,2.231,2.231,5.0,0.05,10.0,1.0,167.0,167,8.35,5.25222,5.22806,11491,1
brainsaw|2020/11/05 09:49:21,branco,2020/11/05 09:49:21,2020,brainsaw,2,1098531;1116169,sample_1098531;sample_1116169,1098531;1116169;sample,2.231,2.231,5.0,0.04,8.0,1.0,240.0,240,9.6,14.76,14.7075,47520,1
brainsaw|2020/11/06 08:11:42,sjones,2020/11/06 08:11:42,2020,brainsaw,1,s043_anatomygpegpirabiesoff_m1022667_LL__20201106_000000__serial_section,LBR_20201106_GPeRbOff_notLR,LBR;s043,1.675,1.675,5.0,0.05,10.0,1.0,185.0,185,9.25,5.09306,5.07917,9349,1
brainsaw|2020/11/06 14:05:27,sjones,2020/11/06 14:05:27,2020,brainsaw,1,s042_anatomygpegpirabiesoff_m1015964_LR__20201106_000000__serial_section,LBR_20201106_GPeRbOff_LR,LBR;s042,1.675,1.675,5.0,0.05,10.0,1.0,215.0,215,10.75,6.26778,6.25556,12154,1
brainsaw|2020/11/07 12:20:35,sjones,2020/11/07 12:20:35,2020,brainsaw,1,LBR_20201107_GPi_ant_R_LR,LBR_20201107_GPi_ant_R_LR,LBR,2.231,2.231,5.0,0.05,10.0,1.0,175.0,174,8.7,8.90417,8.8575,24131,1
brainsaw|2020/11/08 11:40:33,mrsic_flogel,2020/11/08 11:40:33,2020,brainsaw,3,gtacr_7069;tdt_6824;tdt_6826,retro1_081120;tdtom1_081120;tdtom2_081120,gtacr;retro1;tdt;tdtom1;tdtom2,2.231,2.231,12.5,0.05,4.0,4.0,150.0,150,7.5,16.48361,16.40583,38996,1
brainsaw|2020/11/09 10:28:58,sjones,2020/11/09 10:28:58,2020,brainsaw,1,SP_PDyn_Cre_Pf_tdTomato_Uni_091120,Pdyn_Cre_Pf_tdTomato,Pdyn;SP,2.231,2.231,20.0,0.04,2.0,1.0,205.0,205,8.2,4.905,4.88917,17137,1
brainsaw|2020/11/09 19:11:34,mrsic_flogel,2020/11/09 19:11:34,2020,brainsaw,2,AK_1116760;AK_1116764,AK_1116760;AK_1116764,AK,2.231,2.231,12.5,0.05,4.0,2.0,250.0,250,12.5,11.55333,11.52528,30976,1
brainsaw|2020/11/10 16:05:19,mrsic_flogel,2020/11/10 16:05:19,2020,brainsaw,4,gtacr_7241;gtacr_7242;tdt_6825;tdt_6827,gtacr_6241;gtacr_6242;tdt_6285;tdt_6287,gtacr;tdt,2.231,2.231,12.5,0.05,4.0,4.0,160.0,137,6.85,18.41972,18.32611,45464,1
brainsaw|2020/11/11 11:49:12,sjones,2020/11/11 11:49:12,2020,brainsaw,1,HMV_antCre01_111120,HMV_antCre01_111120,HMV,1.675,1.675,5.0,0.04,8.0,4.0,280.0,280,11.2,18.84417,18.79583,17415,1
brainsaw|2020/11/12 08:48:43,margrie,2020/11/12 08:48:43,2020,brainsaw,2,MS_AA_Both;MS_AA_none,MS_AA_Both;MS_AA_noneboth,MS,2.231,2.231,5.0,0.05,10.0,1.0,250.0,250,12.5,11.97083,11.93361,33380,1
brainsaw|2020/11/13 07:55:38,margrie,2020/11/13 07:55:38,2020,brainsaw,2,MS_AA_left;MS_AA_right,MS_AA_left;MS_AA_right,MS,2.231,2.231,5.0,0.05,10.0,1.0,255.0,255,12.75,11.33167,11.2975,30277,1
brainsaw|2020/11/16 08:31:23,margrie,2020/11/16 08:31:23,2020,brainsaw,3,MS_cx_left;MS_cx_none;MS_cx_right,MS_cx_left;MS_cx_none;MS_cx_right,MS,2.231,2.231,5.0,0.05,10.0,1.0,255.0,255,12.75,17.635,17.58056,48472,1
brainsaw|2020/11/17 12:29:50,mrsic_flogel,2020/11/17 12:29:50,2020,brainsaw,3,AF_Musc1;AF_Musc2;SM_SalAlexa,AF_Musc1;AF_Musc2;SM_SalAlexa,AF;SM,2.231,2.231,12.5,0.05,4.0,1.0,150.0,150,7.5,11.3,11.22944,62100,1
brainsaw|2020/11/18 12:06:40,margrie,2020/11/18 12:06:40,2020,brainsaw,1,CT_AK_1111739,CT_AK_1111739,CT,2.231,2.231,10.0,0.05,5.0,1.0,230.0,230,11.5,6.05028,6.02778,20240,1
brainsaw|2020/11/19 14:56:43,mrsic_flogel,2020/11/19 14:56:43,2020,brainsaw,7,AF_AK_C2vgvlgmsc_191120;C2vGmSC10;C2vGmSC7;C2vGmSC9;C2vGvLG10;C2vGvLG11;C2vGvLG9,AF_AK_C2vgvlgmsc_191120;ROI_4;ROI_5,AF;C2vGmSC10;C2vGmSC7;C2vGmSC9;C2vGvLG10;C2vGvLG11;C2vGvLG9;ROI,2.231,2.231,12.5,0.05,4.0,1.0,140.0,183,9.15,14.17528,14.27139,78718,1
brainsaw|2020/11/20 13:53:57,sjones,2020/11/20 13:53:57,2020,brainsaw,1,E64,E64,E64,4.603,4.603,25.0,0.05,2.0,1.0,200.0,200,10.0,4.40611,4.38806,15988,1
brainsaw|2020/11/21 15:00:54,mrsic_flogel,2020/11/21 15:00:54,2020,brainsaw,3,1108806;1108807;1117925,sample_1108806;sample_1108807;sample_1117925,1108806;1108807;1117925;sample,2.231,2.231,12.5,0.05,4.0,4.0,150.0,150,7.5,15.62333,15.56194,36551,1
brainsaw|2020/11/24 12:55:33,sjones,2020/11/24 12:55:33,2020,brainsaw,1,E65,E65,E65,4.603,4.603,20.0,0.04,2.0,1.0,224.0,224,8.96,5.06722,5.05,20817,1
brainsaw|2020/11/25 15:37:14,sjones,2020/11/25 15:37:14,2020,brainsaw,1,Svenja_251120,SN_251120,SN;Svenja,2.231,2.231,25.0,0.05,2.0,1.0,200.0,193,9.65,4.915,4.89194,24677,1
brainsaw|2020/11/26 14:11:15,mrsic_flogel,2020/11/26 14:11:15,2020,brainsaw,1,1118192,SM_1118192_261120,1118192;SM,2.231,2.231,5.0,0.03,6.0,1.0,150.0,150,4.5,3.83917,3.81639,11169,1
brainsaw|2020/11/27 11:22:45,mrsic_flogel,2020/11/27 11:22:45,2020,brainsaw,1,ML_IAA1116244_2L,ML_IAA1116244_2L,ML,4.603,4.603,20.0,0.04,2.0,1.0,320.0,320,12.8,8.94639,8.93389,33864,1
brainsaw|2020/11/27 21:09:09,mrsic_flogel,2020/11/27 21:09:09,2020,brainsaw,3,AF_NPXmSC1_4;NPXmSC1;NPXmSC4,AF_NPXmSC1_4;ROI_1;ROI_2,AF;NPXmSC1;NPXmSC4;ROI,2.231,2.231,12.5,0.05,4.0,4.0,150.0,150,7.5,11.32389,11.26139,23381,1
brainsaw|2020/11/28 11:14:12,margrie,2020/11/28 11:14:12,2020,brainsaw,2,CAA-1112872;CAA-1112874,CAA-1112872;CAA-1112874,CAA-1112872;CAA-1112874,4.603,4.603,20.0,0.04,2.0,1.0,275.0,275,11.0,9.38694,9.36111,49358,1
brainsaw|2020/11/30 11:06:22,branco,2020/11/30 11:06:22,2020,brainsaw,2,1097843;1116863,sample_1097843;sample_1116863,1097843;1116863;sample,2.231,2.231,5.0,0.04,8.0,1.0,250.0,250,10.0,16.28972,16.23056,54000,1
brainsaw|2020/12/01 11:13:14,mrsic_flogel,2020/12/01 11:13:14,2020,brainsaw,2,AK_1116765;ML_striatumprot1_pilot,AK_1116765;ML_striatumprot1_pilot,AK;ML,4.603,4.603,20.0,0.04,2.0,1.0,320.0,320,12.8,12.29944,12.27556,55859,1
brainsaw|2020/12/02 10:47:21,mrsic_flogel,2020/12/02 10:47:21,2020,brainsaw,1,ML_NpHR3.0mCherryPilot,ML_NpHR30mCherry,ML,4.603,4.603,20.0,0.04,2.0,1.0,310.0,310,12.4,7.67222,7.65639,26998,1
brainsaw|2020/12/03 12:07:27,branco,2020/12/03 12:07:27,2020,brainsaw,2,1098401;1098534,sample_1098401;sample_1098534,1098401;1098534;sample,2.231,2.231,5.0,0.04,8.0,1.0,250.0,250,10.0,15.22778,15.17444,49500,1
brainsaw|2020/12/04 10:48:41,okeefe,2020/12/04 10:48:41,2020,brainsaw,1,LH_ChatCre_testbrain_01,LH_ChatCre_testbrain_01,LH,4.603,4.603,100.0,0.1,1.0,4.0,110.0,110,11.0,2.62278,2.60306,10991,1
brainsaw|2020/12/04 16:59:34,okeefe,2020/12/04 16:59:34,2020,brainsaw,2,LH_Chat_Cre_616;LH_Chat_Cre_628,LH_Chat_Cre_616;LH_Chat_Cre_628,LH,4.603,4.603,20.0,0.04,2.0,1.0,300.0,300,12.0,11.98722,11.96194,63071,1
brainsaw|2020/12/06 13:35:23,sjones,2020/12/06 13:35:23,2020,brainsaw,2,s054_anatomystnrabies_m1098575_LR__20201206_000000__serial_section;s055_anatomystnrabies_m1112700_L__20201206_000000__serial_section,LBR_20201206_STN_Rb_68;LBR_20201206_STN_Rb_69,LBR;s054;s055,2.231,2.231,5.0,0.05,10.0,1.0,225.0,225,11.25,10.83639,10.81417,27244,1
brainsaw|2020/12/07 11:02:15,okeefe,2020/12/07 11:02:15,2020,brainsaw,2,LH_DiI_898616;LH_DiI_898628,LH_DiI_898616;LH_DiI_898628,LH,4.603,4.603,20.0,0.04,2.0,1.0,250.0,209,8.36,7.74722,7.72389,44314,1
brainsaw|2020/12/07 19:57:12,mrsic_flogel,2020/12/07 19:57:12,2020,brainsaw,3,PvCh16;PvCh19;PvCh21,PvCh_16;PvCh_19;PvCh_21,PvCh;PvCh16;PvCh19;PvCh21,2.231,2.231,12.5,0.05,4.0,4.0,162.0,123,6.15,12.72083,12.63417,28248,1
brainsaw|2020/12/08 10:27:27,sjones,2020/12/08 10:27:27,2020,brainsaw,2,s052_anatomypstnrabies_m1117873_L__20201208_000000__serial_section_pstnrabies;s053_anatomypstnrabies_m1117874_R__20201208_000000__serial_section_pstnrabies,LBR_20201208_calb2_rabies_767L;LBR_20201208_calb2_rabies_767R,LBR;s052;s053,2.231,2.231,5.0,0.04,8.0,1.0,293.0,286,11.44,13.63694,13.60222,36363,1
brainsaw|2020/12/09 10:17:28,margrie,2020/12/09 10:17:28,2020,brainsaw,2,CAA_1112859;CAA_1112860,CAA_1112859;CAA_1112860,CAA,2.231,2.231,5.0,0.04,8.0,1.0,297.0,297,11.88,14.13917,14.10139,38389,1
brainsaw|2020/12/10 08:39:45,branco,2020/12/10 08:39:45,2020,brainsaw,1,YI_1098527,YI_1098527,YI,2.231,2.231,5.0,0.04,8.0,1.0,250.0,250,10.0,8.07806,8.0525,20000,1
brainsaw|2020/12/11 10:18:47,mrsic_flogel,2020/12/11 10:18:47,2020,brainsaw,1,ML_1116763,ML_1116763,ML,4.603,4.603,20.0,0.04,2.0,1.0,289.0,289,11.56,7.24833,7.23333,24333,1
brainsaw|2020/12/11 18:39:51,mrsic_flogel,2020/12/11 18:39:51,2020,brainsaw,5,AF_HMvGmSC16_19;HMvGmSC16;HMvGmSC17;HMvGmSC18;HMvGmSC19,AF_HMvGmSC16_19;ROI_1;ROI_2;ROI_3;ROI_4,AF;HMvGmSC16;HMvGmSC17;HMvGmSC18;HMvGmSC19;ROI,2.231,2.231,12.5,0.05,4.0,4.0,150.0,116,5.8,15.49611,15.3775,36802,1
brainsaw|2020/12/12 12:46:31,mrsic_flogel,2020/12/12 12:46:31,2020,brainsaw,6,1117959;1117960;1118035;1118037;1118132;1118133,sample_1117959;sample_1117960;sample_1118035;sample_1118037;sample_1118132;sample_1118133,1117959;1117960;1118035;1118037;1118132;1118133;sample,2.231,2.231,12.5,0.05,4.0,1.0,175.0,175,8.75,17.04361,16.96944,98354,1
brainsaw|2020/12/13 13:17:28,mrsic_flogel,2020/12/13 13:17:28,2020,brainsaw,3,1117930;1117931;1117932,SM_1117930_1_2,1117930;1117931;1117932;SM,4.462,4.462,7.5,0.03,4.0,1.0,330.0,330,9.9,14.56611,14.52556,72689,1
brainsaw|2020/12/14 10:45:10,sjones,2020/12/14 10:45:10,2020,brainsaw,1,E81,E81,E81,4.603,4.603,25.0,0.05,2.0,1.0,200.0,166,8.3,4.19111,4.28528,14878,1
brainsaw|2020/12/14 15:57:16,sjones,2020/12/14 15:57:16,2020,brainsaw,2,E78;E80,E78;E80,E78;E80,1.675,1.675,20.0,0.04,2.0,1.0,200.0,200,8.0,5.59444,5.57361,21472,1
brainsaw|2020/12/14 22:44:14,mrsic_flogel,2020/12/14 22:44:14,2020,brainsaw,5,AF_HMvGmSC20_21_vLG25_26;HMvGmSC20;HMvGmSC21;HMvGvLG25;HMvGvLG26,AF_HMvGmSC20_21_vLG25_26;ROI_1;ROI_2;ROI_3;ROI_4,AF;HMvGmSC20;HMvGmSC21;HMvGvLG25;HMvGvLG26;ROI,2.231,2.231,12.5,0.05,4.0,4.0,130.0,95,4.75,12.48694,12.37667,30346,1
brainsaw|2020/12/15 12:12:23,margrie,2020/12/15 12:12:23,2020,brainsaw,2,CAA_1112781;CAA_1112868,CAA_1112781;CAA_1112868,CAA,2.231,2.231,12.5,0.05,4.0,1.0,200.0,200,10.0,6.16028,6.13722,29570,1
brainsaw|2020/12/15 19:55:11,sjones,2020/12/15 19:55:11,2020,brainsaw,2,E74;E76,E74;E76,E74;E76,1.675,1.675,10.0,0.04,4.0,1.0,250.0,250,10.0,7.51056,7.48944,30314,1
brainsaw|2020/12/16 11:39:22,sjones,2020/12/16 11:39:22,2020,brainsaw,1,E77,E77,E77,1.675,1.675,10.0,0.04,4.0,1.0,250.0,250,10.0,5.74417,5.72917,14394,1
brainsaw|2020/12/16 21:41:59,mrsic_flogel,2020/12/16 21:41:59,2020,brainsaw,5,AF_NPXmSC6_9;NPXmSC6;NPXmSC7;NPXmSC8;NPXmSC9,AF_NPXmSC6_9;NPXmSC6;NPXmSC7;NPXmSC8;NPXmSC9,AF;NPXmSC6;NPXmSC7;NPXmSC8;NPXmSC9,2.231,2.231,12.5,0.05,4.0,4.0,145.0,90,4.5,11.75361,11.64889,28581,1
brainsaw|2020/12/17 10:10:08,margrie,2020/12/17 10:10:08,2020,brainsaw,1,SW_CAA1112869,SW_CAA1112869,SW,2.231,2.231,6.3,0.05,8.0,1.0,200.0,200,10.0,5.4775,5.45667,13366,1
brainsaw|2020/12/17 17:17:23,branco,2020/12/17 17:17:23,2020,brainsaw,2,1098403;1098566,sample_1098403;sample_1098566,1098403;1098566;sample,2.231,2.231,5.0,0.04,8.0,1.0,250.0,250,10.0,14.17417,14.12167,46750,1
brainsaw|2020/12/18 21:43:36,mrsic_flogel,2020/12/18 21:43:36,2020,brainsaw,4,1108800;1117920;1117921;Chronos_Alice,Chronos_Alice;sample_1108800;sample_1117920;sample_1117921,1108800;1117920;1117921;Chronos;sample,2.231,2.231,6.0,0.03,5.0,1.0,260.0,260,7.8,16.42556,16.39389,76947,1
brainsaw|2020/12/21 12:54:48,sjones,2020/12/21 12:54:48,2020,brainsaw,1,FG_SNL_photo29,FG_SNL_photo29,FG,1.675,1.675,20.0,0.04,2.0,8.0,290.0,290,11.6,11.49944,11.47056,16584,1
brainsaw|2020/12/22 12:15:54,sjones,2020/12/22 12:15:54,2020,brainsaw,2,mar223;mar224,mar223;mar224,mar223;mar224,1.023,1.023,50.0,0.05,1.0,15.0,200.0,200,10.0,16.00944,15.95028,34649,1
brainsaw|2021/01/04 18:40:23,margrie,2021/01/04 18:40:23,2021,brainsaw,4,CAA-1113219;CAA-1113220;CAA-1113221;CAA-1113222,CAA-1113219;CAA-1113220;CAA-1113221;CAA-1113222,CAA-1113219;CAA-1113220;CAA-1113221;CAA-1113222,4.603,4.603,40.0,0.08,2.0,1.0,140.0,140,11.2,6.80889,6.76667,50204,1
brainsaw|2021/01/05 11:44:09,sjones,2021/01/05 11:44:09,2021,brainsaw,1,E82,E82,E82,2.231,2.231,10.0,0.04,4.0,1.0,270.0,221,8.84,5.04833,5.02806,14238,1
brainsaw|2021/01/07 12:38:16,sjones,2021/01/07 12:38:16,2021,brainsaw,1,E83,E83,E83,2.231,2.231,10.0,0.04,4.0,1.0,260.0,260,10.4,5.77667,5.76139,15365,1
brainsaw|2021/01/09 12:46:48,sjones,2021/01/09 12:46:48,2021,brainsaw,1,FM_mar226,FM_mar226,FM,1.023,1.023,50.0,0.05,1.0,20.0,200.0,200,10.0,10.99944,10.97194,17755,1
brainsaw|2021/01/12 12:20:16,branco,2021/01/12 12:20:16,2021,brainsaw,3,1098667;1098744;1116170,sample_1098667;sample_1098744;sample_1116170,1098667;1098744;1116170;sample,2.231,2.231,5.0,0.04,8.0,1.0,220.0,220,8.8,19.4125,19.32722,71060,1
brainsaw|2021/01/13 11:39:23,branco,2021/01/13 11:39:23,2021,brainsaw,4,1098544;1098666;1098743;1098745,sample_1098544;sample_1098666;sample_1098743;sample_1098745,1098544;1098666;1098743;1098745;sample,2.231,2.231,5.0,0.04,8.0,1.0,220.0,220,8.8,21.36,21.26889,82280,1
brainsaw|2021/01/15 11:32:13,sjones,2021/01/15 11:32:13,2021,brainsaw,1,SP13,SP13_Cre_Casp_left_onlyCre_right_Ai4,SP13,4.603,4.603,20.0,0.04,2.0,1.0,292.0,292,11.68,8.11333,8.09556,26810,1
brainsaw|2021/01/17 16:35:37,margrie,2021/01/17 16:35:37,2021,brainsaw,3,CT_AS_1112809;CT_CX_1111780;CT_CX_1112536,CT_AS_1112809;CT_CX_1111780;CT_CX_1112536,CT,4.603,4.603,10.0,0.05,5.0,1.0,200.0,200,10.0,8.565,8.51472,42206,1
brainsaw|2021/01/18 14:39:20,branco,2021/01/18 14:39:20,2021,brainsaw,1,YI_1098160,YI_1098160,YI,1.227,1.227,5.0,0.04,8.0,2.0,300.0,300,12.0,15.61444,15.57306,21000,1
brainsaw|2021/01/19 11:09:30,sjones,2021/01/19 11:09:30,2021,brainsaw,1,SP14,SP14_Cre_Casp_uni_Cre_uni_Ai14,SP14,2.231,2.231,20.0,0.04,2.0,4.0,320.0,320,12.8,9.69917,9.68528,21823,1
brainsaw|2021/01/20 13:23:26,mrsic_flogel,2021/01/20 13:23:26,2021,brainsaw,5,AF_200121_HMvGmSC8-11;HMvGmSC10;HMvGmSC11;HMvGmSC8;HMvGmSC9,AF_200121_HMvGmSC8-11;ROI_1;ROI_2;ROI_3;ROI_4,AF;HMvGmSC10;HMvGmSC11;HMvGmSC8;HMvGmSC9;ROI,2.231,2.231,12.5,0.05,4.0,4.0,170.0,161,8.05,20.12222,20.02278,49564,1
brainsaw|2021/01/21 11:09:00,margrie,2021/01/21 11:09:00,2021,brainsaw,1,MS_AI1112755,MS_AI1112755,MS,2.231,2.231,5.0,0.05,10.0,1.0,240.0,240,12.0,6.96417,6.94056,15160,1
brainsaw|2021/01/22 12:00:57,sjones,2021/01/22 12:00:57,2021,brainsaw,1,SP15,SP15_rgCre_ToS_flex_Casp_Pf,SP15,2.231,2.231,20.0,0.04,2.0,1.0,320.0,320,12.8,7.02833,7.01444,22236,1
brainsaw|2021/01/23 11:15:19,mrsic_flogel,2021/01/23 11:15:19,2021,brainsaw,1,1118194_230121,SM_1118194_230121,1118194;SM,2.231,2.231,7.5,0.03,4.0,2.0,370.0,367,11.01,12.01333,12.07472,31307,1
brainsaw|2021/01/24 11:46:09,mrsic_flogel,2021/01/24 11:46:09,2021,brainsaw,1,1118193_240121,SM_1118193_240121,1118193;SM,2.231,2.231,7.5,0.03,4.0,1.0,403.0,430,12.9,14.19111,14.20833,59250,1
brainsaw|2021/01/25 13:00:52,branco,2021/01/25 13:00:52,2021,brainsaw,1,YI_1098861,YI_1098861,YI,2.231,2.231,5.0,0.04,8.0,1.0,250.0,250,10.0,8.20028,8.17,22000,1
brainsaw|2021/01/26 12:00:46,murray,2021/01/26 12:00:46,2021,brainsaw,1,EM_F_N_2021_01_06,EM_F_N_2021_01_06,EM,2.231,2.231,5.0,0.04,8.0,1.0,288.0,287,11.48,9.06472,9.04444,19819,1
brainsaw|2021/01/27 12:11:45,murray,2021/01/27 12:11:45,2021,brainsaw,1,EM_M_N_2021_01_06,EM_M_N_2021_01_06,EM,2.231,2.231,6.3,0.05,8.0,1.0,234.0,229,11.45,8.24167,8.22,15837,1
brainsaw|2021/01/28 11:45:47,murray,2021/01/28 11:45:47,2021,brainsaw,1,EM_F_1R_2021_01_06,EM_F_1R_2021_01_06,EM,2.231,2.231,6.3,0.05,8.0,1.0,241.0,233,11.65,8.05556,8.03556,14647,1
brainsaw|2021/01/29 12:02:06,murray,2021/01/29 12:02:06,2021,brainsaw,1,EM_M_N2_2021_01_01,EM_M_N2_2021_01_01,EM,2.273,2.273,5.0,0.04,8.0,1.0,250.0,250,10.0,7.75778,7.74,16801,1
brainsaw|2021/01/30 11:59:02,mrsic_flogel,2021/01/30 11:59:02,2021,brainsaw,1,1118190_300121,SM_1118190_300121,1118190;SM,2.273,2.273,7.5,0.03,4.0,1.0,314.0,314,9.42,7.81889,7.79889,22694,1
brainsaw|2021/01/31 12:48:19,mrsic_flogel,2021/01/31 12:48:19,2021,brainsaw,1,1118189_310121,SM_1118189_310121,1118189;SM,2.273,2.273,7.5,0.03,4.0,1.0,419.0,419,12.57,10.29667,10.28639,29502,1
brainsaw|2021/02/01 12:24:51,branco,2021/02/01 12:24:51,2021,brainsaw,1,YI_1098683,YI_1098683,YI,1.19,1.19,10.0,0.04,4.0,4.0,300.0,300,12.0,15.08722,15.04167,21000,1
brainsaw|2021/02/02 14:37:47,margrie,2021/02/02 14:37:47,2021,brainsaw,3,CT_BY_IAA_1117275;CT_BY_IAA_1117276;CT_BY_IAA_1117277,CT_BY_1117275;CT_BY_1117276;CT_BY_1117277,CT,4.431,4.431,10.0,0.05,5.0,1.0,220.0,215,10.75,18.71472,18.63333,118465,1
brainsaw|2021/02/03 13:42:46,margrie,2021/02/03 13:42:46,2021,brainsaw,1,CT_CX_1112654,CT_CX_1112654,CT,2.273,2.273,10.0,0.05,5.0,1.0,230.0,230,11.5,6.72583,6.70111,22080,1
brainsaw|2021/02/04 12:51:07,margrie,2021/02/04 12:51:07,2021,brainsaw,1,CT_CX_1112837,CT_CX_1112837,CT,2.273,2.273,10.0,0.05,5.0,1.0,240.0,240,12.0,5.99861,5.98222,15507,1
brainsaw|2021/02/05 10:58:57,mrsic_flogel,2021/02/05 10:58:57,2021,brainsaw,1,1117884,sample_1117884,1117884;sample,2.273,2.273,7.1,0.05,7.0,1.0,240.0,240,12.0,9.33,9.30472,31833,1
brainsaw|2021/02/06 12:27:17,margrie,2021/02/06 12:27:17,2021,brainsaw,2,SW_1113046;SW_1113050,SW_1113046;SW_1113050,SW,2.273,2.273,5.0,0.05,10.0,1.0,204.0,204,10.2,9.99056,9.95111,29104,1
brainsaw|2021/02/07 15:53:18,margrie,2021/02/07 15:53:18,2021,brainsaw,1,CT_CX_1112647,CT_CX_1112647,CT,2.273,2.273,10.0,0.05,5.0,1.0,230.0,230,11.5,5.38056,5.36361,14096,1
brainsaw|2021/02/08 11:01:18,mrsic_flogel,2021/02/08 11:01:18,2021,brainsaw,1,AF_HMvGmSC12-22-3-4_080221,AF_HMvGmSC12-22-3-4_080221,AF,2.273,2.273,12.5,0.05,4.0,4.0,204.0,204,10.2,23.21306,23.11278,55239,1
brainsaw|2021/02/09 11:24:42,mrsic_flogel,2021/02/09 11:24:42,2021,brainsaw,3,MA_1117282;MA_1117283;MA_1117284,MA_1117282;MA_1117282-4_090221;MA_1117283,MA,2.273,2.273,7.1,0.05,7.0,1.0,219.0,238,11.9,14.61694,14.8375,53473,1
brainsaw|2021/02/10 11:35:16,murray,2021/02/10 11:35:16,2021,brainsaw,2,EM_CTB_2021_02_10_A;EM_CTB_2021_02_10_B,EM_CTB_2021_02_10_A;EM_CTB_2021_02_10_B,EM,2.273,2.273,6.0,0.06,10.0,1.0,243.0,184,11.04,10.98417,10.93806,26162,1
brainsaw|2021/02/11 11:43:20,mrsic_flogel,2021/02/11 11:43:20,2021,brainsaw,3,1117879;1117887;1117889,sample_1117879;sample_1117887;sample_1117889,1117879;1117887;1117889;sample,2.273,2.273,7.1,0.05,7.0,1.0,232.0,232,11.6,14.91278,14.86139,45782,1
brainsaw|2021/02/12 11:47:38,mrsic_flogel,2021/02/12 11:47:38,2021,brainsaw,2,1117886;1118063,sample_1117886;sample_1118063,1117886;1118063;sample,2.273,2.273,7.1,0.05,7.0,1.0,240.0,218,10.9,18.5075,18.42639,73248,1
brainsaw|2021/02/13 14:10:43,mrsic_flogel,2021/02/13 14:10:43,2021,brainsaw,1,AK_1117915,AK_1117915,AK,2.273,2.273,20.0,0.04,2.0,1.0,337.0,337,13.48,8.22528,8.21861,18758,1
brainsaw|2021/02/15 11:35:05,mrsic_flogel,2021/02/15 11:35:05,2021,brainsaw,3,1110400;1119464;1119466,sample_1116400;sample_1119464;sample_1119466,1110400;1119464;1119466;sample,2.273,2.273,7.1,0.05,7.0,1.0,220.0,220,11.0,14.01083,13.95,46124,1
brainsaw|2021/02/16 13:38:10,mrsic_flogel,2021/02/16 13:38:10,2021,brainsaw,3,1119322;1119465;1119467,sample_1119322;sample_1119465;sample_1119467,1119322;1119465;1119467;sample,2.273,2.273,7.1,0.05,7.0,1.0,215.0,215,10.75,13.85694,13.81639,45943,1
brainsaw|2021/02/17 17:24:57,mrsic_flogel,2021/02/17 17:24:57,2021,brainsaw,3,DK194;DK194_DK199;DK199,DK194;DK194_DK199;DK199,DK194;DK199,4.431,4.431,25.0,0.05,2.0,1.0,185.0,175,8.75,4.75667,4.7225,28725,1
brainsaw|2021/02/18 11:23:09,mrsic_flogel,2021/02/18 11:23:09,2021,brainsaw,2,RC_KH_PV594;RC_KH_TH594,RC_KH_PV594;RC_KH_TH594,RC,1.852,1.852,10.0,0.08,8.0,4.0,150.0,150,12.0,17.21528,17.12444,19823,1
brainsaw|2021/02/18 13:57:48,mrsic_flogel,2021/02/18 13:57:48,2021,brainsaw,1,ML_RBP4_LL_S1DO-DIO,ML_RBP4_LL_S1DO_DIO,ML,1.19,1.19,20.0,0.04,2.0,8.0,300.0,300,12.0,16.02056,15.99222,19581,1
brainsaw|2021/02/19 14:40:23,mrsic_flogel,2021/02/19 14:40:23,2021,brainsaw,2,ML_RBP4_LR_S1DO_DIO;ML_RBP4_RR_S1DO_DIO,ML_RBP4_LR_S1DO_DIO;ML_RBP4_RR_S1DO_DIO,ML,1.19,1.19,20.0,0.04,2.0,8.0,313.0,270,10.8,21.41806,21.35278,36953,1
brainsaw|2021/02/20 14:51:35,mrsic_flogel,2021/02/20 14:51:35,2021,brainsaw,2,1110401;1119026,sample_1110401;sample_1119026,1110401;1119026;sample,2.273,2.273,7.1,0.05,7.0,1.0,190.0,190,9.5,8.42306,8.38583,27397,1
brainsaw|2021/02/22 14:56:43,margrie,2021/02/22 14:56:43,2021,brainsaw,2,CT_BY_1113072;CT_BY_1113073,CT_BY_1113072;CT_BY_1113073,CT,2.273,2.273,5.0,0.05,10.0,1.0,230.0,230,11.5,10.71361,10.69,29993,1
brainsaw|2021/02/23 14:09:28,margrie,2021/02/23 14:09:28,2021,brainsaw,3,CT_BY_1112963;CT_BY_1113674;CT_BY_1113675,CT_BY_1112963;CT_BY_1113674;CT_BY_1113675,CT,2.273,2.273,5.0,0.05,10.0,1.0,250.0,250,12.5,16.49028,16.44556,45417,1
brainsaw|2021/02/24 10:11:55,mrsic_flogel,2021/02/24 10:11:55,2021,brainsaw,1,1119081,SM_1119081_240221,1119081;SM,2.273,2.273,12.5,0.05,4.0,1.0,178.0,126,6.3,3.05083,3.03167,10622,1
brainsaw|2021/02/24 14:11:09,mrsic_flogel,2021/02/24 14:11:09,2021,brainsaw,2,1119082;1119085,sample_1119082;sample_1119085,1119082;1119085;sample,2.273,2.273,7.1,0.05,7.0,1.0,183.0,156,7.8,6.50833,6.47889,23033,1
brainsaw|2021/02/24 22:05:12,mrsic_flogel,2021/02/24 22:05:12,2021,brainsaw,4,1118869;1118870;1118872;1118874,sample_1118869;sample_1118870;sample_1118872;sample_1118874,1118869;1118870;1118872;1118874;sample,2.273,2.273,7.1,0.05,7.0,1.0,202.0,134,6.7,11.06444,11.0075,44746,1
brainsaw|2021/02/25 14:49:55,mrsic_flogel,2021/02/25 14:49:55,2021,brainsaw,3,1119027;1119029;1119661,sample_1119027;sample_1119029;sample_1119661,1119027;1119029;1119661;sample,2.273,2.273,7.1,0.05,7.0,1.0,161.0,161,8.05,13.5575,13.49528,54818,1
brainsaw|2021/02/26 11:18:21,mrsic_flogel,2021/02/26 11:18:21,2021,brainsaw,4,1119266;1119328;1119330;1119331,sample_1119266;sample_1119328;sample_1119330;sample_1119331,1119266;1119328;1119330;1119331;sample,2.273,2.273,7.1,0.05,7.0,1.0,198.0,198,9.9,14.375,14.31111,54976,1
brainsaw|2021/02/27 11:41:30,mrsic_flogel,2021/02/27 11:41:30,2021,brainsaw,2,1117665;1117667,sample_1117665;sample_1117667,1117665;1117667;sample,2.273,2.273,7.1,0.05,7.0,2.0,212.0,212,10.6,13.4825,13.44861,32359,1
brainsaw|2021/02/28 13:00:43,margrie,2021/02/28 13:00:43,2021,brainsaw,2,SW_3268;SW_3314,SW_3268;SW_3314,SW,2.273,2.273,5.0,0.05,10.0,1.0,242.0,242,12.1,11.87667,11.85111,33103,1
brainsaw|2021/03/01 14:47:15,margrie,2021/03/01 14:47:15,2021,brainsaw,2,SW_3343;SW_3344,SW_3343;SW_3344,SW,2.273,2.273,5.0,0.05,10.0,1.0,230.0,230,11.5,11.67111,11.63694,33018,1
brainsaw|2021/03/02 13:01:58,branco,2021/03/02 13:01:58,2021,brainsaw,1,YI_1098864,YI_1098864,YI,2.273,2.273,5.0,0.04,8.0,1.0,250.0,250,10.0,8.34472,8.31806,22000,1
brainsaw|2021/03/03 11:00:14,margrie,2021/03/03 11:00:14,2021,brainsaw,1,SW_3267,SW_3267,SW,2.273,2.273,5.0,0.05,10.0,1.0,230.0,230,11.5,7.08667,7.06694,16012,1
brainsaw|2021/03/03 19:22:50,margrie,2021/03/03 19:22:50,2021,brainsaw,4,CT_CX_1113127;CT_CX_1113128;CT_CX_1113247;CT_CX_1113248,CT_CX_1113127;CT_CX_1113128;CT_CX_1113247;CT_CX_1113248,CT,2.273,2.273,5.0,0.05,10.0,1.0,240.0,240,12.0,20.8675,20.8,63561,1
brainsaw|2021/03/04 19:15:33,margrie,2021/03/04 19:15:33,2021,brainsaw,2,CT_CX_1112636;CT_CX_1112637,sample_1112636;sample_1112637,CT;sample,4.431,4.431,10.0,0.05,5.0,1.0,220.0,220,11.0,7.91722,7.88361,39617,1
brainsaw|2021/03/07 14:45:44,margrie,2021/03/07 14:45:44,2021,brainsaw,1,SL_DSC011026,SL_DSC011026,SL,2.273,2.273,5.0,0.05,10.0,1.0,210.0,210,10.5,6.49556,6.46833,12166,1
brainsaw|2021/03/08 09:08:02,sjones,2021/03/08 09:08:02,2021,brainsaw,2,LBR_20210308_STN_Rb_344799_LR_noTVAGcolor;LBR_20210308_STN_Rb_344799_L_noTVAGcolor,LBR_20210308_STN_Rb_344799_L;LBR_20210308_STN_Rb_344799_LR,LBR,2.273,2.273,5.0,0.04,8.0,1.0,290.0,290,11.6,12.80889,12.77417,34639,1
brainsaw|2021/03/09 08:41:13,sjones,2021/03/09 08:41:13,2021,brainsaw,1,s035_anatomydmsgpitopo_m1095723_L__20210721_000000__serial_section,LBR_20210309_DMStopo_338593_L,LBR;s035,2.273,2.273,20.0,0.04,2.0,1.0,251.0,194,7.76,6.72528,6.70028,25621,1
brainsaw|2021/03/09 15:48:43,sjones,2021/03/09 15:48:43,2021,brainsaw,2,LBR_20210308_pSTN_Rb_bottom_noTVAGcolor;LBR_20210308_pSTN_Rb_top_noTVAGcolor,LBR_20210308_pSTN_Rb_bottom;LBR_20210308_pSTN_Rb_top,LBR,2.273,2.273,5.0,0.04,8.0,1.0,319.0,319,12.76,14.09333,14.06639,39179,1
brainsaw|2021/03/10 10:53:41,branco,2021/03/10 10:53:41,2021,brainsaw,1,YT_vGLUT_YFP_testBrain_2021_03_10,YT_vGLUT_YFP_210310_105342,YT,4.431,4.431,80.0,0.08,1.0,1.0,160.0,160,12.8,3.93833,3.92139,14906,1
brainsaw|2021/03/10 16:47:16,branco,2021/03/10 16:47:16,2021,brainsaw,1,YT_1099029,YT_1099029,YT,2.273,2.273,5.0,0.04,8.0,1.0,300.0,300,12.0,9.64361,9.62833,21228,1
brainsaw|2021/03/11 16:58:34,branco,2021/03/11 16:58:34,2021,brainsaw,1,YT_1099030_BF_rabies,YT_1099030,YT,2.273,2.273,5.0,0.04,8.0,1.0,300.0,300,12.0,9.28083,9.26528,19188,1
brainsaw|2021/03/12 12:31:44,mrsic_flogel,2021/03/12 12:31:44,2021,brainsaw,4,1119455;1119470;1119471;1119474,sample_1119455;sample_1119470;sample_1119471;sample_1119474,1119455;1119470;1119471;1119474;sample,2.273,2.273,7.1,0.05,7.0,1.0,250.0,250,12.5,17.77694,17.705,62324,1
brainsaw|2021/03/13 13:45:40,mrsic_flogel,2021/03/13 13:45:40,2021,brainsaw,2,1119166-LexivLGN;NV_vgatTdT_130321,NV_vgat_130321;sample_1119166,1119166-LexivLGN;NV;sample,2.273,2.273,7.1,0.05,7.0,1.0,220.0,220,11.0,14.55111,14.50139,49286,1
brainsaw|2021/03/14 13:11:33,sjones,2021/03/14 13:11:33,2021,brainsaw,1,FM_mar233,mar233,FM;mar233,2.273,2.273,7.1,0.05,7.0,4.0,238.0,228,11.4,22.13306,22.04583,30195,1
brainsaw|2021/03/15 13:27:49,sjones,2021/03/15 13:27:49,2021,brainsaw,1,EJT81,EJT81,EJT81,2.273,2.273,12.5,0.05,4.0,1.0,245.0,226,11.3,5.20028,5.18222,14574,1
brainsaw|2021/03/16 12:08:58,mrsic_flogel,2021/03/16 12:08:58,2021,brainsaw,2,1110403;1110404,sample_1110403;sample_1110404,1110403;1110404;sample,2.273,2.273,7.1,0.05,7.0,1.0,225.0,225,11.25,9.8775,9.84194,29023,1
brainsaw|2021/03/16 17:32:07,murray,2021/03/16 17:32:07,2021,brainsaw,1,MM_FM_1034417_ChAT-Cre,MM_FM_1034417_ChAT-Cre,MM,4.444,4.444,20.0,0.04,2.0,1.0,255.0,255,10.2,4.82111,4.80528,10727,1
brainsaw|2021/03/17 11:19:49,margrie,2021/03/17 11:19:49,2021,brainsaw,1,SW_ZF7927,SW_ZF7927,SW,4.431,4.431,10.0,0.05,5.0,4.0,200.0,169,8.45,7.44083,7.41444,16209,1
brainsaw|2021/03/17 20:43:48,margrie,2021/03/17 20:43:48,2021,brainsaw,2,SW_BC38;SW_ZF8003,SW_BC38;SW_ZF8003,SW,4.431,4.431,10.0,0.05,5.0,4.0,198.0,198,9.9,19.43222,19.36417,46043,1
brainsaw|2021/03/18 17:46:30,margrie,2021/03/18 17:46:30,2021,brainsaw,1,SW_BC40,SW_BC40,SW,2.273,2.273,5.0,0.05,10.0,2.0,20.0,210,10.5,16.94278,16.89556,18433,1
brainsaw|2021/03/19 17:45:19,sjones,2021/03/19 17:45:19,2021,brainsaw,1,E100_CAVinDLS_DIO-GtACRinILThalamus,E100,E100,2.273,2.273,12.5,0.05,4.0,4.0,260.0,213,10.65,8.11417,8.07667,12293,1
brainsaw|2021/03/20 13:21:08,mrsic_flogel,2021/03/20 13:21:08,2021,brainsaw,1,SM_1110405_200321,SM_1110405_200321,SM,2.273,2.273,12.5,0.05,4.0,1.0,196.0,196,9.8,8.05444,8.01861,42336,1
brainsaw|2021/03/21 14:10:44,branco,2021/03/21 14:10:44,2021,brainsaw,2,YI_1098994;YI_1098996,YI_1098994;YI_1098996,YI,2.273,2.273,5.0,0.04,8.0,1.0,300.0,300,12.0,17.94889,17.89833,56100,1
brainsaw|2021/03/22 12:08:37,branco,2021/03/22 12:08:37,2021,brainsaw,2,YI_1098917;YI_1098918,YI_1098917;YI_1098918,YI,2.273,2.273,5.0,0.04,8.0,1.0,250.0,250,10.0,14.40778,14.35583,44000,1
brainsaw|2021/03/23 11:16:35,sjones,2021/03/23 11:16:35,2021,brainsaw,1,s038_anatomygpebranching_m1112786__20210323_000000__serial_section,LBR808R,LBR808R;s038,4.431,4.431,20.0,0.04,2.0,4.0,300.0,300,12.0,10.08528,10.06778,27759,1
brainsaw|2021/03/24 12:02:04,branco,2021/03/24 12:02:04,2021,brainsaw,2,YT_1099031;YT_1099032,YT_1099031;YT_1099032,YT,2.273,2.273,5.0,0.05,10.0,1.0,250.0,250,12.5,14.23083,14.17861,29365,1
brainsaw|2021/03/25 11:41:20,sjones,2021/03/25 11:41:20,2021,brainsaw,2,SP_37L;SP_38R,SP_37L;SP_38R,SP,1.667,1.667,5.0,0.04,8.0,4.0,300.0,300,12.0,18.24111,18.16694,35283,1
brainsaw|2021/03/27 16:47:46,margrie,2021/03/27 16:47:46,2021,brainsaw,1,SL_DSC_011165,SL_DSC_011165,SL,2.273,2.273,5.0,0.05,10.0,1.0,210.0,210,10.5,5.93694,5.91194,13400,1
brainsaw|2021/03/28 11:56:05,margrie,2021/03/28 11:56:05,2021,brainsaw,1,SL_DSC_011179,SL_DSC_011179,SL,2.273,2.273,5.0,0.05,10.0,1.0,190.0,181,9.05,5.25722,5.23472,12157,1
brainsaw|2021/03/28 18:27:29,margrie,2021/03/28 18:27:29,2021,brainsaw,1,SW_BC15,SW_BC15,SW,2.273,2.273,5.0,0.05,10.0,3.0,266.0,211,10.55,12.72111,12.68667,15770,1
brainsaw|2021/03/29 14:48:55,mrsic_flogel,2021/03/29 14:48:55,2021,brainsaw,2,1119481;1119482,sample_1119481;sample_1119482,1119481;1119482;sample,2.273,2.273,7.1,0.05,7.0,1.0,240.0,240,12.0,9.52306,9.49361,32080,1
brainsaw|2021/03/30 10:52:31,mrsic_flogel,2021/03/30 10:52:31,2021,brainsaw,1,NV_IAA1119246_30032021,NV_IAA1119246_30032021,NV,4.431,4.431,20.0,0.04,2.0,2.0,275.0,275,11.0,7.69861,7.67889,26116,1
brainsaw|2021/03/31 10:50:02,mrsic_flogel,2021/03/31 10:50:02,2021,brainsaw,2,NV_1119244;NV_1119245,NV_1119244;NV_1119245,NV,4.431,4.431,20.0,0.04,2.0,1.0,275.0,275,11.0,10.68389,10.65111,52480,1
brainsaw|2021/04/01 11:29:18,branco,2021/04/01 11:29:18,2021,brainsaw,1,YI_1098869,YI_1098869,YI,2.273,2.273,5.0,0.04,8.0,1.0,300.0,300,12.0,10.69139,10.66667,29700,1
brainsaw|2021/04/02 11:35:19,mrsic_flogel,2021/04/02 11:35:19,2021,brainsaw,4,NV_SOMFP1;NV_SOMFP5;NV_SOMFP6;NV_vglut247,NV_SOMFP1;NV_SOMFP5;NV_SOMFP6;NV_vglut247,NV,4.431,4.431,20.0,0.04,2.0,2.0,275.0,275,11.0,18.45139,18.4175,116581,1
brainsaw|2021/04/03 12:03:35,margrie,2021/04/03 12:03:35,2021,brainsaw,1,SW_BC63,SW_BC63,SW,2.273,2.273,5.0,0.05,10.0,4.0,250.0,235,11.75,18.975,18.94028,19069,1
brainsaw|2021/04/04 16:23:46,margrie,2021/04/04 16:23:46,2021,brainsaw,1,SL_DSC011178,SL_DSC011178,SL,2.273,2.273,5.0,0.05,10.0,1.0,210.0,210,10.5,6.4575,6.43722,15102,1
brainsaw|2021/04/06 11:46:54,margrie,2021/04/06 11:46:54,2021,brainsaw,4,SW_3800;SW_3801;SW_3802;SW_3803,SW_3800;SW_3801;SW_3802;SW_3803,SW,2.273,2.273,5.0,0.05,10.0,1.0,260.0,204,10.2,21.00889,20.92,62452,1
brainsaw|2021/04/07 11:11:09,sjones,2021/04/07 11:11:09,2021,brainsaw,1,EJT74,EJT74,EJT74,2.273,2.273,20.0,0.04,2.0,1.0,300.0,230,9.2,4.38139,4.42056,12867,1
brainsaw|2021/04/07 18:56:06,mrsic_flogel,2021/04/07 18:56:06,2021,brainsaw,1,SM_1110643DiI_070421,SM_1110643DiI_070421,SM,2.273,2.273,20.0,0.04,2.0,1.0,220.0,220,8.8,5.87389,5.86028,21431,1
brainsaw|2021/04/08 15:58:33,margrie,2021/04/08 15:58:33,2021,brainsaw,3,SW_3642;SW_3643;SW_3644,SW_3642;SW_3643;SW_3644,SW,2.273,2.273,5.0,0.05,10.0,1.0,230.0,213,10.65,16.51833,16.45139,44678,1
brainsaw|2021/04/09 10:03:48,sjones,2021/04/09 10:03:48,2021,brainsaw,1,EJT82,EJT82,EJT82,4.431,4.431,20.0,0.04,2.0,1.0,300.0,258,10.32,6.01306,5.99194,19855,1
brainsaw|2021/04/10 17:02:22,margrie,2021/04/10 17:02:22,2021,brainsaw,1,SL_DSC_0111077,SL_DSC_0111077,SL,2.273,2.273,5.0,0.05,10.0,1.0,200.0,200,10.0,5.94306,5.91806,13359,1
brainsaw|2021/04/11 10:12:25,sjones,2021/04/11 10:12:25,2021,brainsaw,1,SP39,SP39_110421,SP39,2.273,2.273,20.0,0.04,2.0,4.0,262.0,262,10.48,7.89,7.86833,19747,1
brainsaw|2021/04/12 09:16:28,sjones,2021/04/12 09:16:28,2021,brainsaw,1,SP40,SP40_120421,SP40,2.273,2.273,25.0,0.05,2.0,4.0,245.0,245,12.25,6.95361,6.93556,16264,1
brainsaw|2021/04/13 10:51:37,sjones,2021/04/13 10:51:37,2021,brainsaw,1,SP41,SP41_130421,SP41,2.273,2.273,20.0,0.04,2.0,4.0,306.0,306,12.24,8.79056,8.77778,20007,1
brainsaw|2021/04/14 14:51:52,margrie,2021/04/14 14:51:52,2021,brainsaw,1,SL_DSC_011213,SL_DSC_011213,SL,2.273,2.273,7.1,0.05,7.0,4.0,210.0,210,10.5,11.75861,11.71611,13849,1
brainsaw|2021/04/15 12:55:29,branco,2021/04/15 12:55:29,2021,brainsaw,2,YI_1099313;YI_1099314,YI_1099313;YI_1099314,YI,2.273,2.273,5.0,0.04,8.0,1.0,250.0,250,10.0,15.77722,15.71917,49500,1
brainsaw|2021/04/16 14:08:27,mrsic_flogel,2021/04/16 14:08:27,2021,brainsaw,3,SOMFP2;SOMFP3;SOMFP4,SOMFP2;SOMFP3;SOMFP4,SOMFP2;SOMFP3;SOMFP4,4.431,4.431,20.0,0.04,2.0,1.0,210.0,210,8.4,10.66889,10.62944,66946,1
brainsaw|2021/04/17 13:38:27,margrie,2021/04/17 13:38:27,2021,brainsaw,4,SW_2116;SW_3269;SW_3329;SW_4043,SW_2116;SW_3269;SW_3329;SW_4043,SW,2.273,2.273,7.1,0.05,7.0,1.0,220.0,220,11.0,15.69083,15.62833,57115,1
brainsaw|2021/04/18 15:40:22,branco,2021/04/18 15:40:22,2021,brainsaw,1,YI_1099040,YI_1099040,YI,2.273,2.273,5.0,0.04,8.0,1.0,250.0,250,10.0,9.20972,9.17833,24750,1
brainsaw|2021/04/19 14:23:11,mrsic_flogel,2021/04/19 14:23:11,2021,brainsaw,1,SM_1119751,SM_1119751,SM,4.431,4.431,20.0,0.04,2.0,2.0,247.0,247,9.88,7.48306,7.45806,24327,1
brainsaw|2021/04/20 11:50:51,mrsic_flogel,2021/04/20 11:50:51,2021,brainsaw,2,SM_1120307;SM_1120309,SM_1120307;SM_1120309,SM,2.273,2.273,5.0,0.04,8.0,2.0,230.0,230,9.2,18.11056,18.04528,34170,1
brainsaw|2021/04/21 11:54:33,mrsic_flogel,2021/04/21 11:54:33,2021,brainsaw,2,PV1120007;SOM1119888,PV1120007;SOM1119888,PV1120007;SOM1119888,4.431,4.431,20.0,0.04,2.0,1.0,260.0,260,10.4,11.615,11.57944,53803,1
brainsaw|2021/04/22 11:57:02,sjones,2021/04/22 11:57:02,2021,brainsaw,1,E99,E99,E99,2.273,2.273,20.0,0.04,2.0,1.0,300.0,300,12.0,5.78111,5.76889,18331,1
brainsaw|2021/04/22 21:50:31,mrsic_flogel,2021/04/22 21:50:31,2021,brainsaw,1,AMK_chat_tdt_220421,AMK_chat_tdt_220421,AMK,2.273,2.273,12.5,0.05,4.0,1.0,230.0,230,11.5,5.34472,5.32917,16815,1
brainsaw|2021/04/23 11:43:40,okeefe,2021/04/23 11:43:40,2021,brainsaw,1,CM_rat_acute4shank,CM_rat_4shank,CM,2.273,2.273,50.0,0.05,1.0,1.0,250.0,250,12.5,10.36083,10.32389,55250,1
brainsaw|2021/04/24 19:44:42,mrsic_flogel,2021/04/24 19:44:42,2021,brainsaw,3,1120109_s;1120110;1120111,sample_1120109_s;sample_1120110;sample_1120111,1120109;1120110;1120111;sample,2.273,2.273,7.1,0.05,7.0,1.0,217.0,217,10.85,23.62944,23.52917,104811,1
brainsaw|2021/04/26 13:34:30,branco,2021/04/26 13:34:30,2021,brainsaw,2,YI_1098868;YI_1099326,YI_1098868;YI_1099326,YI,2.273,2.273,5.0,0.04,8.0,1.0,250.0,250,10.0,15.43861,15.38639,49500,1
brainsaw|2021/04/27 11:16:57,mrsic_flogel,2021/04/27 11:16:57,2021,brainsaw,1,MA_1117280,MA_1117280_647_488,MA,2.273,2.273,5.0,0.04,8.0,4.0,270.0,270,10.8,17.26111,17.20278,17961,1
brainsaw|2021/04/29 10:41:14,sjones,2021/04/29 10:41:14,2021,brainsaw,1,FM_PVai14,FM_PVai14,FM,0.999,0.999,50.0,0.05,1.0,30.0,260.0,251,12.55,17.42528,17.38028,20650,1
brainsaw|2021/04/30 10:31:07,sjones,2021/04/30 10:31:07,2021,brainsaw,4,EJT55;EJT56;EJT57;EJT58,EJT55;EJT56;EJT57;EJT58,EJT55;EJT56;EJT57;EJT58,2.273,2.273,20.0,0.04,2.0,1.0,300.0,300,12.0,11.42917,11.39889,69281,1
brainsaw|2021/05/01 15:22:25,mrsic_flogel,2021/05/01 15:22:25,2021,brainsaw,2,AK_1119514;ML_1078733,AK_1119514;ML_1078733,AK;ML,2.273,2.273,20.0,0.04,2.0,2.0,321.0,321,12.84,13.74139,13.71111,38861,1
brainsaw|2021/05/02 12:45:23,sjones,2021/05/02 12:45:23,2021,brainsaw,1,SP42,SP42_1Cre_in_Aud_Flex_Starter_in_ToS,SP42,2.273,2.273,20.0,0.04,2.0,4.0,340.0,340,13.6,9.50167,9.48889,19396,1
brainsaw|2021/05/03 11:59:39,mrsic_flogel,2021/05/03 11:59:39,2021,brainsaw,1,AF_FPmSCtovLGN1,AF_FPmSCtovLGN1,AF,2.273,2.273,12.5,0.05,4.0,20.0,155.0,132,6.6,5.62889,5.5925,10395,1
brainsaw|2021/05/03 18:14:47,sjones,2021/05/03 18:14:47,2021,brainsaw,1,EJT59,EJT59,EJT59,1.667,1.667,20.0,0.04,2.0,1.0,276.0,243,9.72,4.34111,4.3275,11103,1
brainsaw|2021/05/04 11:04:44,margrie,2021/05/04 11:04:44,2021,brainsaw,4,CAA-1113928;CAA-1113930;CAA-1113931;CAA-1113932,CAA-1113928;CAA-1113930;CAA-1113931;CAA-1113932,CAA-1113928;CAA-1113930;CAA-1113931;CAA-1113932,4.431,4.431,25.0,0.05,2.0,1.0,297.0,285,14.25,12.4075,12.36917,82329,1
brainsaw|2021/05/05 10:42:59,margrie,2021/05/05 10:42:59,2021,brainsaw,4,SW_3838;SW_3839;SW_4057;SW_8563,SW_3838;SW_3839;SW_4057;SW_8563,SW,2.273,2.273,6.3,0.05,8.0,1.0,267.0,265,13.25,17.48972,17.43444,61386,1
brainsaw|2021/05/07 12:47:01,mrsic_flogel,2021/05/07 12:47:01,2021,brainsaw,2,Rbp4_DIL1;Rbp4_DIL2,Rbp4_DIL1;Rbp4_DIL2,Rbp4,2.273,2.273,5.0,0.04,8.0,1.0,303.0,303,12.12,14.90278,14.86556,40209,1
brainsaw|2021/05/12 15:05:08,mrsic_flogel,2021/05/12 15:05:08,2021,brainsaw,4,CTRL_25_50000;CTRL_5_50000;SPEARS_25_50000;SPEARS_5_50000,CTRL_25_50000;CTRL_5_50000;SPEARS_25_50000;SPEARS_5_50000,CTRL;SPEARS,1.268,1.268,50.0,0.05,1.0,1.0,250.0,250,12.5,14.79111,14.75361,34714,1
brainsaw|2021/05/13 11:48:24,mrsic_flogel,2021/05/13 11:48:24,2021,brainsaw,4,CTRL_10_50000;CTRL_50_50000;SPEARS_10_50000;SPEARS_50_50000,CTRL_10_50000;CTRL_50_50000;SPEARS_10_50000;SPEARS_50_50000,CTRL;SPEARS,1.268,1.268,50.0,0.05,1.0,8.0,260.0,260,13.0,14.95056,14.90611,37286,1
brainsaw|2021/05/14 12:02:42,margrie,2021/05/14 12:02:42,2021,brainsaw,1,SW_2533,SW_2533_3020_3576_4059,SW,2.278,2.278,6.3,0.05,8.0,1.0,260.0,256,12.8,12.85028,12.81111,50272,1
brainsaw|2021/05/15 13:43:00,mrsic_flogel,2021/05/15 13:43:00,2021,brainsaw,1,SM_FP1,sample_FPExp1_150521,SM;sample,4.033,4.033,40.0,0.04,6.0,1.0,343.0,335,13.4,15.23444,15.19694,71593,1
brainsaw|2021/05/16 11:35:35,sjones,2021/05/16 11:35:35,2021,brainsaw,1,SP43,SP43_Rabies_Aud_Str_16052021,SP43,2.278,2.278,4.0,0.04,10.0,4.0,327.0,327,13.08,14.03111,14.00722,16559,1
brainsaw|2021/05/17 14:06:21,sjones,2021/05/17 14:06:21,2021,brainsaw,2,FM_mar240;FM_mar241,FM_mar240;FM_mar241,FM,2.278,2.278,50.0,0.05,1.0,10.0,200.0,200,10.0,10.00139,9.95694,34937,1
brainsaw|2021/05/18 13:49:00,mrsic_flogel,2021/05/18 13:49:00,2021,brainsaw,1,SM_1099838,SM_1099838_180521,SM,2.278,2.278,7.1,0.05,7.0,1.0,250.0,250,12.5,5.45333,5.43583,12904,1
brainsaw|2021/05/19 10:44:54,margrie,2021/05/19 10:44:54,2021,brainsaw,2,SK_BY_2110_brainsaw;SK_BY_2111_brainsaw,SK_BY2110;SK_BY2111,SK,2.278,2.278,5.0,0.04,8.0,2.0,325.0,325,13.0,15.32417,15.29056,31452,1
brainsaw|2021/05/20 19:31:46,mrsic_flogel,2021/05/20 19:31:46,2021,brainsaw,1,AMK_FP2vLGLP-SM_1099839,AMK_FP2vLGLP-SM_1099839,AMK,2.278,2.278,6.3,0.05,8.0,1.0,220.0,220,11.0,6.1475,6.12667,12365,1
brainsaw|2021/05/21 17:11:42,mrsic_flogel,2021/05/21 17:11:42,2021,brainsaw,1,SM_1099839,SM_1099839,SM,2.278,2.278,6.3,0.05,8.0,1.0,208.0,208,10.4,5.18694,5.16667,11456,1
brainsaw|2021/05/24 11:09:02,margrie,2021/05/24 11:09:02,2021,brainsaw,4,SW_4162;SW_4223;SW_4226;SW_4227,SW_4162;SW_4223;SW_4226;SW_4227,SW,2.278,2.278,5.0,0.05,10.0,1.0,270.0,270,13.5,15.26444,15.21333,54351,1
brainsaw|2021/05/26 10:30:28,margrie,2021/05/26 10:30:28,2021,brainsaw,1,SW_4484,SW_4484,SW,2.278,2.278,6.3,0.05,8.0,1.0,221.0,221,11.05,5.41722,5.40056,16312,1
brainsaw|2021/05/26 17:42:20,margrie,2021/05/26 17:42:20,2021,brainsaw,3,SW_4158;SW_4159;SW_4160,SW_4158;SW_4159;SW_4160,SW,2.278,2.278,5.0,0.05,10.0,1.0,270.0,270,13.5,14.11889,14.07667,47437,1
brainsaw|2021/05/28 12:21:57,sjones,2021/05/28 12:21:57,2021,brainsaw,1,SP_CA01,SP_CA01_AS03_AAV1Cre_Pf_Right_Addgene_Left,SP,2.278,2.278,25.0,0.05,2.0,4.0,236.0,236,11.8,5.80111,5.78278,12823,1
brainsaw|2021/05/31 15:35:30,sjones,2021/05/31 15:35:30,2021,brainsaw,1,SP44,SP44_DTR_in_DLS_48hPI,SP44,2.278,2.278,25.0,0.05,2.0,4.0,241.0,241,12.05,5.94694,5.92333,13389,1
brainsaw|2021/06/01 11:58:23,histology,2021/06/01 11:58:23,2021,brainsaw,1,CM_chronic4shank_111460,CM_chronic4shank_111460,CM,4.033,4.033,50.0,0.05,1.0,1.0,276.0,276,13.8,10.09556,10.06833,36063,1
brainsaw|2021/06/02 14:52:40,sjones,2021/06/02 14:52:40,2021,brainsaw,1,SP45,SP45_DTR_in_DLS_72hPI,SP45,2.278,2.278,25.0,0.05,2.0,1.0,251.0,251,12.55,6.05889,6.04361,14520,1
brainsaw|2021/06/03 09:48:21,sjones,2021/06/03 09:48:21,2021,brainsaw,1,HMV_Caspase_test-2,HMV_Caspase_test-2,HMV,4.033,4.033,25.0,0.05,2.0,1.0,150.0,150,7.5,3.03972,3.02611,11306,1
brainsaw|2021/06/04 23:58:39,mrsic_flogel,2021/06/04 23:58:39,2021,brainsaw,1,SM_1120111_NPX_VGAT_040621,SM_1120111_NPX_VGAT_040621,SM,4.033,4.033,20.0,0.04,2.0,1.0,270.0,268,10.72,6.37472,6.35528,17043,1
brainsaw|2021/06/05 17:30:57,mrsic_flogel,2021/06/05 17:30:57,2021,brainsaw,5,AF_FPLP1-LP4_mSC1;FP1mSCvLG;FP1vLGLP;FP3vLGLP;FP4vLGLP,AF_FPLP1-LP4_mSC1;ROI_1;ROI_2;ROI_3;ROI_4,AF;FP1mSCvLG;FP1vLGLP;FP3vLGLP;FP4vLGLP;ROI,2.278,2.278,12.5,0.05,4.0,4.0,140.0,140,7.0,16.12361,16.01167,52920,1
brainsaw|2021/06/06 14:08:42,mrsic_flogel,2021/06/06 14:08:42,2021,brainsaw,3,AF_HM3q_1_2;HMq_vGvLG1;HMq_vGvLG2,AF_HM3q_1_2;ROI_1;ROI_3,AF;HMq;ROI,2.278,2.278,12.5,0.05,4.0,4.0,140.0,140,7.0,7.2175,7.17306,17784,1
brainsaw|2021/06/07 15:04:17,sjones,2021/06/07 15:04:17,2021,brainsaw,1,FG_CAA_1030755_Chrim,FG_CAA_1030755_Chrim,FG,4.033,4.033,20.0,0.04,2.0,4.0,316.0,316,12.64,7.68528,7.66417,16094,1
brainsaw|2021/06/08 12:49:41,branco,2021/06/08 12:49:41,2021,brainsaw,1,YI_1110751,YI_1110751,YI,2.278,2.278,5.0,0.04,8.0,1.0,280.0,280,11.2,8.36278,8.33694,22400,1
brainsaw|2021/06/09 11:09:48,sjones,2021/06/09 11:09:48,2021,brainsaw,2,CH_002;FG_test_opto_mouse,CH_002;FG_test_opto_mouse,CH;FG,4.033,4.033,20.0,0.04,2.0,4.0,358.0,333,13.32,12.46222,12.43667,36322,1
brainsaw|2021/06/10 11:22:40,mrsic_flogel,2021/06/10 11:22:40,2021,brainsaw,1,SF_152LR,sample_SF_152LR,SF;sample,4.033,4.033,20.0,0.04,2.0,2.0,312.0,297,11.88,8.08333,8.06472,17829,1
brainsaw|2021/06/11 09:26:03,sjones,2021/06/11 09:26:03,2021,brainsaw,1,HMV_creEY262-Ai14,HMV_creEY262-Ai14,HMV,2.278,2.278,20.0,0.04,2.0,1.0,250.0,250,10.0,5.34389,5.33111,14946,1
brainsaw|2021/06/11 22:26:13,mrsic_flogel,2021/06/11 22:26:13,2021,brainsaw,1,SM_1110817NPX_VGATCRe-ChR2YFP_DIL_080621,SM_1110817NPX_VGATCRe-ChR2YFP_DIL_080621,SM,4.033,4.033,20.0,0.04,2.0,1.0,275.0,275,11.0,6.40528,6.38778,16003,1
brainsaw|2021/06/12 14:36:51,mrsic_flogel,2021/06/12 14:36:51,2021,brainsaw,4,SOMV1_ChR2_9002;SOMV1_ChR2_9884;SOMV1_ChR2_9885;SOMV1_ChR2_9886,SOMV1_ChR2_9002;SOMV1_ChR2_9884;SOMV1_ChR2_9885;SOMV1_ChR2_9886,SOMV1,2.278,2.278,8.0,0.04,5.0,1.0,259.0,259,10.36,13.24222,13.19667,53890,1
brainsaw|2021/06/14 11:27:32,mrsic_flogel,2021/06/14 11:27:32,2021,brainsaw,2,1119228;1119230,sample_1119228;sample_1119230,1119228;1119230;sample,4.033,4.033,20.0,0.04,2.0,2.0,381.0,348,13.92,12.19917,12.17278,38699,1
brainsaw|2021/06/15 12:37:08,mrsic_flogel,2021/06/15 12:37:08,2021,brainsaw,4,1118857;1118865;1118866;1120293,sample_1118857;sample_1118865;sample_1118866;sample_1120293,1118857;1118865;1118866;1120293;sample,4.033,4.033,20.0,0.04,2.0,2.0,341.0,314,12.56,15.33639,15.29389,68792,1
brainsaw|2021/06/16 12:11:29,margrie,2021/06/16 12:11:29,2021,brainsaw,3,SW_4651;SW_4652;SW_4653,SW_4651;SW_4652;SW_4653,SW,2.278,2.278,6.3,0.05,8.0,1.0,260.0,260,13.0,10.68528,10.65556,38715,1
brainsaw|2021/06/17 11:40:05,margrie,2021/06/17 11:40:05,2021,brainsaw,3,3988;SW_3722;SW_3723,SL_3988;SW_3722;SW_3723,3988;SL;SW,2.278,2.278,6.3,0.05,8.0,1.0,260.0,260,13.0,10.82222,10.78361,38171,1
brainsaw|2021/06/18 14:06:44,mrsic_flogel,2021/06/18 14:06:44,2021,brainsaw,3,AF_CAVHyp1_2;CAVHyp1;CAVHyp2,AF_CAVHyp1_2;ROI_1;ROI_2,AF;CAVHyp1;CAVHyp2;ROI,2.278,2.278,12.5,0.05,4.0,2.0,180.0,180,9.0,9.70306,9.65861,24103,1
brainsaw|2021/06/20 13:15:22,sjones,2021/06/20 13:15:22,2021,brainsaw,1,SP_CA03,SP_CA03_vGlut2_Venus_CaspCre,SP,2.278,2.278,25.0,0.05,2.0,4.0,235.0,235,11.75,5.40222,5.38417,11780,1
brainsaw|2021/06/21 14:22:30,mrsic_flogel,2021/06/21 14:22:30,2021,brainsaw,2,SF_VIPi13;SF_VIPi14,SF_VIPi13;SF_VIPi14,SF,4.033,4.033,20.0,0.04,2.0,3.0,313.0,270,10.8,9.80528,9.77667,29812,1
brainsaw|2021/06/22 11:14:55,margrie,2021/06/22 11:14:55,2021,brainsaw,1,SW_4784,SW_CAA-1114784,SW,2.278,2.278,5.0,0.05,10.0,4.0,244.0,244,12.2,10.23778,10.19917,12471,1
brainsaw|2021/06/23 11:11:40,margrie,2021/06/23 11:11:40,2021,brainsaw,1,SW_4485,SW_CAA-1114485,SW,2.278,2.278,5.0,0.05,10.0,4.0,247.0,233,11.65,11.30944,11.27083,13976,1
brainsaw|2021/06/23 23:18:11,mrsic_flogel,2021/06/23 23:18:11,2021,brainsaw,5,AF_C2vGvLG15_18;C2vGvLG15;C2vGvLG16;C2vGvLG17;C2vGvLG18,AF_C2vGvLG15_18;C2vGvLG15,AF;C2vGvLG15;C2vGvLG16;C2vGvLG17;C2vGvLG18,2.278,2.278,12.5,0.05,4.0,20.0,160.0,160,8.0,12.29028,12.22778,40162,0
brainsaw|2021/06/24 16:41:58,mrsic_flogel,2021/06/24 16:41:58,2021,brainsaw,6,AF_C2vGvLG19_20_FP3_5mSCvLG;C2vGvLG19;C2vGvLG20;FP3mSCvLG;FP4mSCvLG;FP5mSCvLG,AF_C2vGvLG19_20_FP3_5mSCvLG;ROI_1;ROI_2;ROI_3;ROI_4;ROI_5,AF;C2vGvLG19;C2vGvLG20;FP3mSCvLG;FP4mSCvLG;FP5mSCvLG;ROI,2.278,2.278,12.5,0.05,4.0,4.0,175.0,175,8.75,16.08083,15.99972,53347,1
brainsaw|2021/06/25 16:14:18,margrie,2021/06/25 16:14:18,2021,brainsaw,2,SW_4785;SW_4786,SW_4785;SW_4786,SW,2.278,2.278,5.0,0.05,10.0,1.0,260.0,200,10.0,6.18861,6.16278,21495,1
brainsaw|2021/06/26 15:47:37,mrsic_flogel,2021/06/26 15:47:37,2021,brainsaw,3,AK_1108393;ML_1074894;MS_006,AK_1108393;ML_1078393;MS_006,AK;ML;MS,2.278,2.278,20.0,0.04,2.0,2.0,329.0,329,13.16,15.79111,15.7525,47340,1
brainsaw|2021/06/27 13:16:40,mrsic_flogel,2021/06/27 13:16:40,2021,brainsaw,2,1110472;1110659,sample_210627_123043,1110472;1110659;sample,2.278,2.278,20.0,0.04,2.0,2.0,363.0,287,11.48,8.83556,11.42278,29975,1
brainsaw|2021/06/28 11:10:20,mrsic_flogel,2021/06/28 11:10:20,2021,brainsaw,4,SF_VIPi015;SF_VIPi016;SF_VIPi017;SF_VIPi018,SF_VIPi_015;SF_VIPi_016;SF_VIPi_017;SF_VIPi_018,SF,4.033,4.033,20.0,0.04,2.0,2.0,300.0,279,11.16,11.87278,11.83972,64361,1
brainsaw|2021/06/30 12:19:07,margrie,2021/06/30 12:19:07,2021,brainsaw,2,SW_4216;SW_4494,SW_4216;SW_4494,SW,4.033,4.033,6.3,0.05,8.0,1.0,260.0,260,13.0,6.68639,6.66444,29292,1
brainsaw|2021/07/02 13:13:37,mrsic_flogel,2021/07/02 13:13:37,2021,brainsaw,5,1118858;1118868;1120289;1120290;sample_210702_115044_rawData,sample_1118858;sample_1118868;sample_1120289;sample_1120290;sample_210702_115044,1118858;1118868;1120289;1120290;sample,4.033,4.033,20.0,0.04,2.0,2.0,393.0,384,15.36,16.50222,16.47306,73166,1
brainsaw|2021/07/03 16:51:46,mrsic_flogel,2021/07/03 16:51:46,2021,brainsaw,4,1119255;1119257;Nicole_1119848_notdefined;Nicole_1120213_notdefined,Nicole_1119848_notdefined;Nicole_1120213_notdefined;sample_1119255;sample_1119257,1119255;1119257;Nicole;sample,2.278,2.278,20.0,0.04,2.0,2.0,370.0,337,13.48,15.29028,15.25444,62658,1
brainsaw|2021/07/04 15:49:37,mrsic_flogel,2021/07/04 15:49:37,2021,brainsaw,5,1110496;1110497;1110500;1110503;sample_210704_144258_rawData,sample_1110496;sample_1110497;sample_1110500;sample_1110503;sample_210704_144258,1110496;1110497;1110500;1110503;sample,4.033,4.033,20.0,0.04,2.0,2.0,363.0,356,14.24,16.91806,16.87917,81360,1
brainsaw|2021/07/05 14:06:36,mrsic_flogel,2021/07/05 14:06:36,2021,brainsaw,4,1118855;1118867;1120849;sample_210705_132922_rawData,sample_1118855;sample_1118867;sample_1120849;sample_210705_132922,1118855;1118867;1120849;sample,2.278,2.278,20.0,0.04,2.0,2.0,349.0,323,12.92,12.97444,12.94639,51983,1
brainsaw|2021/07/06 14:27:38,margrie,2021/07/06 14:27:38,2021,brainsaw,3,SW_4465;SW_4466;SW_4467,SW_4465;SW_4466;SW_4467,SW,2.278,2.278,5.0,0.05,10.0,1.0,270.0,270,13.5,12.5625,12.52278,44259,1
brainsaw|2021/07/08 14:16:22,margrie,2021/07/08 14:16:22,2021,brainsaw,2,SW_4654;SW_4772,SW_4654;SW_4772,SW,4.033,4.033,6.3,0.05,8.0,1.0,260.0,260,13.0,6.78333,6.76,29187,1
brainsaw|2021/07/10 16:04:29,sjones,2021/07/10 16:04:29,2021,brainsaw,1,EJT_EOPN3,EOPN3_test,EJT;EOPN3,2.278,2.278,20.0,0.04,2.0,1.0,300.0,300,12.0,5.54278,5.52917,13071,1
brainsaw|2021/07/11 14:04:11,sjones,2021/07/11 14:04:11,2021,brainsaw,1,s008_tab_m1113182_LR__20210722_094859__serial_section,LBR_20210711_NPX01,LBR;s008,4.033,4.033,25.0,0.05,2.0,2.0,229.0,229,11.45,4.61361,4.59639,12117,1
brainsaw|2021/07/12 10:38:34,okeefe,2021/07/12 10:38:34,2021,brainsaw,1,LO_D03,LO_D03,LO,4.033,4.033,25.0,0.05,2.0,2.0,345.0,318,15.9,13.86056,13.82583,39431,1
brainsaw|2021/07/13 11:49:33,mrsic_flogel,2021/07/13 11:49:33,2021,brainsaw,6,SF_27L;SF_28R;SF_29LR;SF_347L;SF_VIPi19;SF_VIPi20,SF_27L;SF_28R;SF_29LR;SF_347L;SF_VIPi19;SF_VIPi20,SF,4.033,4.033,20.0,0.04,2.0,2.0,349.0,316,12.64,19.97667,19.92194,103768,1
brainsaw|2021/07/14 11:07:50,margrie,2021/07/14 11:07:50,2021,brainsaw,2,SH_1113934;SH_1113936,SH_1113934;SH_1113936,SH,4.033,4.033,13.3,0.04,3.0,2.0,379.0,311,12.44,10.1475,10.12583,36153,1
brainsaw|2021/07/15 13:29:30,mrsic_flogel,2021/07/15 13:29:30,2021,brainsaw,3,1110473_cav2rabv;1119229_cav2rabv;1119873_vgatrabv,sample_1110473_cav2rabv;sample_1119229_cav2rabv;sample_1119873_vgatrabv,1110473;1119229;1119873;sample,2.278,2.278,4.0,0.04,10.0,4.0,374.0,364,14.56,33.78861,33.70222,47663,1
brainsaw|2021/07/17 10:40:12,sjones,2021/07/17 10:40:12,2021,brainsaw,1,EJT_CAV_Test,EJT_CAV_Test,EJT,2.278,2.278,20.0,0.04,2.0,1.0,250.0,250,10.0,5.70194,5.68278,16979,1
brainsaw|2021/07/18 14:27:13,mrsic_flogel,2021/07/18 14:27:13,2021,brainsaw,2,AK_1119544;ML_1119409,AK_1119544;ML_1119409,AK;ML,2.278,2.278,20.0,0.04,2.0,2.0,334.0,334,13.36,13.48611,13.45889,32782,1
brainsaw|2021/07/19 17:43:04,mrsic_flogel,2021/07/19 17:43:04,2021,brainsaw,2,1120858_eGFPMnR;1120864_leaky_eGFPMnR,sample_1120858_eGFPMnR;sample_1120864_leaky_eGFPMnR,1120858;1120864;sample,2.278,2.278,20.0,0.04,2.0,3.0,375.0,342,13.68,10.14389,10.12389,30323,1
brainsaw|2021/07/20 12:55:46,mrsic_flogel,2021/07/20 12:55:46,2021,brainsaw,3,1117922;1118244;FiberPosition_VirusExpression,sample_1117922;sample_1117922_1118244;sample_1118244,1117922;1118244;FiberPosition;sample,4.033,4.033,20.0,0.04,2.0,2.0,277.0,277,11.08,8.83,8.8025,31869,1
brainsaw|2021/07/21 15:57:53,branco,2021/07/21 15:57:53,2021,brainsaw,1,YI_1099321,YI_1099321,YI,2.278,2.278,5.0,0.04,8.0,1.0,250.0,250,10.0,8.40278,8.37167,24750,1
brainsaw|2021/07/22 11:57:24,sjones,2021/07/22 11:57:24,2021,brainsaw,1,FG_SNL_photo43,FG_SNL_photo43,FG,4.033,4.033,20.0,0.04,2.0,8.0,308.0,270,10.8,6.69333,6.67583,15183,1
brainsaw|2021/07/23 11:37:14,sjones,2021/07/23 11:37:14,2021,brainsaw,1,FM_mar263,FM_mar263,FM,1.667,1.667,50.0,0.05,1.0,50.0,213.0,213,10.65,12.54833,12.49583,11347,1
brainsaw|2021/07/24 09:49:34,mrsic_flogel,2021/07/24 09:49:34,2021,brainsaw,4,SOMCR5;vgatCZI1;vgatCZI2;vgatCZI3,SOMCR5;vgatCZI1;vgatCZI2;vgatCZI3,SOMCR5;vgatCZI1;vgatCZI2;vgatCZI3,4.033,4.033,20.0,0.04,2.0,1.0,275.0,275,11.0,16.96056,16.91917,69892,1
brainsaw|2021/07/26 11:32:44,sjones,2021/07/26 11:32:44,2021,brainsaw,1,GM8_Rabies,GM8_Rabies,GM8,1.667,1.667,20.0,0.04,2.0,1.0,351.0,274,10.96,6.79306,6.77389,15074,1
brainsaw|2021/07/27 12:38:04,mrsic_flogel,2021/07/27 12:38:04,2021,brainsaw,1,MA_retroGFP_MnR_1120865_good,sample_1120865,MA;sample,2.278,2.278,4.0,0.04,10.0,3.0,307.0,307,12.28,11.40444,11.375,15842,1
brainsaw|2021/07/28 14:00:15,branco,2021/07/28 14:00:15,2021,brainsaw,1,YI_1110750,YI_1110750,YI,2.278,2.278,10.0,0.04,4.0,1.0,250.0,250,10.0,6.15528,6.13667,17500,1
brainsaw|2021/07/29 11:03:46,margrie,2021/07/29 11:03:46,2021,brainsaw,1,SW_BC08,SW_BC08,SW,2.278,2.278,5.0,0.05,10.0,1.0,253.0,207,10.35,5.82556,5.80389,14567,1
brainsaw|2021/07/30 12:16:44,margrie,2021/07/30 12:16:44,2021,brainsaw,1,SW_BC71,SW_BC71,SW,2.278,2.278,5.0,0.05,10.0,1.0,242.0,208,10.4,5.79556,5.77611,14352,1
brainsaw|2021/08/02 11:13:05,margrie,2021/08/02 11:13:05,2021,brainsaw,1,SW_4787,SW_4787,SW,2.278,2.278,5.0,0.05,10.0,1.0,246.0,246,12.3,6.03139,6.01222,13343,1
brainsaw|2021/08/04 09:43:22,sjones,2021/08/04 09:43:22,2021,brainsaw,6,HMV_A2_028;HMV_A2_029;HMV_A2_030;HMV_A2_031;HMV_A2_032;HMV_A2_033,HMV_A2A-28-29-30-31-32-33,HMV,2.278,2.278,5.0,0.04,8.0,1.0,191.0,190,7.6,19.42889,20.01667,88168,1
brainsaw|2021/08/05 15:43:27,mrsic_flogel,2021/08/05 15:43:27,2021,brainsaw,1,ML_1120567,ML_1120567,ML,2.278,2.278,40.0,0.04,1.0,2.0,324.0,324,12.96,8.13333,8.11972,16671,1
brainsaw|2021/08/06 12:31:32,sjones,2021/08/06 12:31:32,2021,brainsaw,1,EJT128,EJT28,EJT128;EJT28,1.667,1.667,40.0,0.04,2.0,1.0,282.0,200,8.0,4.13861,4.12278,11421,1
brainsaw|2021/08/06 19:01:01,sjones,2021/08/06 19:01:01,2021,brainsaw,1,EJT129,EJT129,EJT129,1.667,1.667,20.0,0.04,2.0,5.0,333.0,309,12.36,7.93222,7.91333,16404,1
brainsaw|2021/08/07 10:27:53,mrsic_flogel,2021/08/07 10:27:53,2021,brainsaw,3,vglutChR1;vglutChR2;vglutChR3,vglutChR1;vglutChR2;vglutChR3,vglutChR1;vglutChR2;vglutChR3,4.033,4.033,20.0,0.04,2.0,1.0,264.0,264,10.56,10.14806,10.11583,43571,1
brainsaw|2021/08/08 15:10:03,sjones,2021/08/08 15:10:03,2021,brainsaw,1,EJT130,EJT130,EJT130,1.667,1.667,20.0,0.04,2.0,1.0,357.0,326,13.04,6.8475,6.83222,15504,1
brainsaw|2021/08/09 11:51:17,akrami,2021/08/09 11:51:17,2021,brainsaw,1,EM_07,EM_07,EM,4.033,4.033,20.0,0.04,2.0,2.0,455.0,455,18.2,15.96028,15.93639,57733,1
brainsaw|2021/08/11 11:13:32,mrsic_flogel,2021/08/11 11:13:32,2021,brainsaw,4,SF_777R;SF_785R;SF_786LR;SF_818L,SF_777R;SF_785R;SF_786LR;SF_818L,SF,4.033,4.033,20.0,0.04,2.0,2.0,350.0,350,14.0,13.16278,13.1325,68755,1
brainsaw|2021/08/12 12:23:22,sjones,2021/08/12 12:23:22,2021,brainsaw,1,GM9_Rabies,GM9_Rabies,GM9,1.667,1.667,20.0,0.04,2.0,1.0,360.0,267,10.68,6.62972,6.61028,14738,1
brainsaw|2021/08/13 18:39:43,sjones,2021/08/13 18:39:43,2021,brainsaw,2,EJT124;EJT125,EJT124;EJT125,EJT124;EJT125,2.278,2.278,20.0,0.04,2.0,1.0,341.0,330,13.2,9.35528,9.33306,26649,1
brainsaw|2021/08/16 15:02:03,sjones,2021/08/16 15:02:03,2021,brainsaw,2,FM_SNL_photo53;FM_SNL_photo54,sample_53;sample_54,FM;sample,4.033,4.033,20.0,0.04,2.0,10.0,300.0,300,12.0,11.1375,11.10833,30873,1
brainsaw|2021/08/18 12:31:45,mrsic_flogel,2021/08/18 12:31:45,2021,brainsaw,6,SF_770RR;SF_845L;SF_846R;SF_847LR;SF_848LL;SF_901LL,SF_770RR;SF_845L;SF_846R;SF_847LR;SF_848LL;SF_901LL,SF,4.033,4.033,20.0,0.04,2.0,2.0,378.0,347,13.88,21.13167,21.08222,112671,1
brainsaw|2021/08/19 11:21:27,mrsic_flogel,2021/08/19 11:21:27,2021,brainsaw,3,AF_CAVcre_again;CavCreAgain1;CavCreAgain2,AF_CAVcre_again;CavCreAgain1;CavCreAgain2,AF;CavCreAgain1;CavCreAgain2,2.278,2.278,12.5,0.05,4.0,4.0,180.0,121,6.05,6.22583,6.18139,15829,1
brainsaw|2021/08/19 18:13:37,mrsic_flogel,2021/08/19 18:13:37,2021,brainsaw,4,AF_C2vGvLG12_14;C2vGvLG12;C2vGvLG13;C2vGvLG14,AF_C2vGvLG12_14;C2vGvLG12;C2vGvLG13;C2vGvLG14,AF;C2vGvLG12;C2vGvLG13;C2vGvLG14,2.278,2.278,12.5,0.05,4.0,4.0,164.0,164,8.2,10.77056,10.72028,30611,1
brainsaw|2021/08/20 11:58:31,mrsic_flogel,2021/08/20 11:58:31,2021,brainsaw,4,AF_vGvGL7_9;FPvGvLG7;FPvGvLG8;FPvGvLG9,AF_vGvGL7_9;ROI_1;ROI_2;ROI_3,AF;FPvGvLG7;FPvGvLG8;FPvGvLG9;ROI,2.278,2.278,12.5,0.05,4.0,4.0,160.0,118,5.9,8.00722,7.95583,22980,1
brainsaw|2021/08/20 20:45:33,mrsic_flogel,2021/08/20 20:45:33,2021,brainsaw,5,AF_C2vGCTRL1_4;CntrlvGvlG1;CntrlvGvlG2;CntrlvGvlG3;CntrlvGvlG4,AF_C2vGCTRL1_4;ROI_1;ROI_2;ROI_3;ROI_4,AF;CntrlvGvlG1;CntrlvGvlG2;CntrlvGvlG3;CntrlvGvlG4;ROI,2.278,2.278,12.5,0.05,4.0,4.0,160.0,160,8.0,12.38028,12.31611,37139,1
brainsaw|2021/08/22 12:13:29,mrsic_flogel,2021/08/22 12:13:29,2021,brainsaw,6,NV_PVFP1;NV_PVFP2;NV_SOMFP11;NV_SOMFP12;NV_vglutFP1;NV_vglutFP2,NV_PVFP1;NV_PVFP2;NV_SOMFP11;NV_SOMFP12;NV_vglutFP1;NV_vglutFP2,NV,4.726,4.726,20.0,0.04,2.0,1.0,269.0,269,10.76,17.88611,17.82778,92005,1
brainsaw|2021/08/23 12:20:17,sjones,2021/08/23 12:20:17,2021,brainsaw,2,FM_SNL_photo47;FM_SNL_photo49,FM_SNL_photo_47;FM_SNL_photo_49,FM,4.033,4.033,20.0,0.04,2.0,20.0,300.0,300,12.0,14.82083,14.77972,31900,1
brainsaw|2021/08/24 11:44:24,mrsic_flogel,2021/08/24 11:44:24,2021,brainsaw,3,AF_CtrlvGvLG5_6;CntrlvGvlG5;CntrlvGvlG6,AF_CtrlvGvLG5_6;ROI_1;ROI_2,AF;CntrlvGvlG5;CntrlvGvlG6;ROI,2.278,2.278,12.5,0.05,4.0,4.0,160.0,113,5.65,5.70917,5.66556,14276,1
brainsaw|2021/08/24 18:31:05,mrsic_flogel,2021/08/24 18:31:05,2021,brainsaw,7,AF_FPvGmSC30_35;FPvGmSC30;FPvGmSC31;FPvGmSC32;FPvGmSC33;FPvGmSC34;FPvGmSC35,AF_FPvGmSC30_35;FPvGmSC30;FPvGmSC31;FPvGmSC32;FPvGmSC33;FPvGmSC34;FPvGmSC35,AF;FPvGmSC30;FPvGmSC31;FPvGmSC32;FPvGmSC33;FPvGmSC34;FPvGmSC35,2.278,2.278,12.5,0.05,4.0,4.0,160.0,132,6.6,15.46278,15.36694,51076,1
brainsaw|2021/08/25 13:18:18,sjones,2021/08/25 13:18:18,2021,brainsaw,1,GM12_Rabies,GM12_Rabies,GM12,1.667,1.667,10.0,0.04,4.0,1.0,300.0,300,12.0,7.65389,7.63861,16736,1
brainsaw|2021/08/26 14:02:57,sjones,2021/08/26 14:02:57,2021,brainsaw,1,GM_FibreTest,GM_FibreTest,GM,2.278,2.278,20.0,0.04,2.0,1.0,322.0,290,11.6,6.81583,6.8,13194,1
brainsaw|2021/08/27 11:09:30,branco,2021/08/27 11:09:30,2021,brainsaw,1,YI_1099781,YI_1099781,YI,2.278,2.278,5.0,0.04,8.0,1.0,250.0,250,10.0,7.50806,7.4825,22500,1
brainsaw|2021/08/30 11:18:57,murray,2021/08/30 11:18:57,2021,brainsaw,3,ZM_BAA1098855_C;ZM_BAA1098855_L;ZM_BAA1098855_T,ZM_BAA1098855_C;ZM_BAA1098855_L;ZM_BAA1098855_T,ZM,4.033,4.033,20.0,0.04,2.0,4.0,325.0,325,13.0,9.62083,9.60028,26000,1
brainsaw|2021/09/01 16:12:56,murray,2021/09/01 16:12:56,2021,brainsaw,7,ROI_C_ant-T_ant_more_likely;ROI_C_post-C_ant_more_likely;ROI_L_ant;ROI_L_post;ROI_T_ant-C_post_more_likely;ROI_T_post;ZM_FAA1034505,ROI_C_ant;ROI_C_post;ROI_L_ant;ROI_L_post;ROI_T_ant;ROI_T_post;ZM_FAA1034505,ROI;ZM,4.033,4.033,20.0,0.04,2.0,4.0,252.0,252,10.08,10.00722,9.97472,49140,1
brainsaw|2021/09/02 15:23:49,sjones,2021/09/02 15:23:49,2021,brainsaw,1,DTR-01_SP_HMV,DTR-01_DT_400_ng_kg,DTR-01,2.278,2.278,25.0,0.05,2.0,1.0,255.0,255,12.75,6.1175,6.19278,21763,1
brainsaw|2021/09/03 14:01:44,sjones,2021/09/03 14:01:44,2021,brainsaw,1,DTR-02_SP_HMV,DTR-02_saline,DTR-02,2.278,2.278,25.0,0.05,2.0,1.0,251.0,251,12.55,5.43444,5.42028,14863,1
brainsaw|2021/09/04 13:32:14,sjones,2021/09/04 13:32:14,2021,brainsaw,1,SP47,SP47_M2-ToS_DTR_DT_400ng_kg,SP47,2.278,2.278,25.0,0.05,2.0,2.0,255.0,255,12.75,5.77333,5.76028,14376,1
brainsaw|2021/09/05 13:57:10,sjones,2021/09/05 13:57:10,2021,brainsaw,1,SP48,SP48_M2-ToS_DTR_saline,SP48,2.278,2.278,25.0,0.05,2.0,1.0,253.0,253,12.65,5.67417,5.65861,13442,1
brainsaw|2021/09/06 12:09:46,margrie,2021/09/06 12:09:46,2021,brainsaw,1,SL_DSC_AN_013065,SL_DSC_AN_013065,SL,1.268,1.268,5.0,0.05,10.0,1.0,220.0,220,11.0,7.23556,7.20778,12721,1
brainsaw|2021/09/07 11:49:33,margrie,2021/09/07 11:49:33,2021,brainsaw,1,1115104,SL_1115104,1115104;SL,2.278,2.278,50.0,0.05,1.0,1.0,210.0,187,9.35,3.86833,3.85417,11557,1
brainsaw|2021/09/07 16:12:06,margrie,2021/09/07 16:12:06,2021,brainsaw,1,SL_DSC_011166,SL_DSC_011166,SL,1.268,1.268,5.0,0.05,10.0,1.0,210.0,210,10.5,6.93806,6.91167,11497,1
brainsaw|2021/09/08 10:29:02,margrie,2021/09/08 10:29:02,2021,brainsaw,1,SW_5069,SW_5069,SW,2.278,2.278,5.0,0.05,10.0,1.0,280.0,270,13.5,6.72111,6.70278,14282,1
brainsaw|2021/09/10 14:48:20,margrie,2021/09/10 14:48:20,2021,brainsaw,2,SW_5120;SW_5121,SW_5120;SW_5121,SW,2.278,2.278,5.0,0.05,10.0,1.0,280.0,268,13.4,11.28056,11.24167,29075,1
brainsaw|2021/09/11 14:34:17,margrie,2021/09/11 14:34:17,2021,brainsaw,1,1114064,SL_1114064,1114064;SL,2.278,2.278,12.5,0.05,4.0,1.0,210.0,210,10.5,4.5575,4.54056,11138,1
brainsaw|2021/09/12 17:23:35,mrsic_flogel,2021/09/12 17:23:35,2021,brainsaw,4,SM_1121119FP7;SM_1129690;SM_1129693;SM_1129694,SM_1121119FP7;SM_1129690;SM_1129693;SM_1129694,SM,2.278,2.278,10.0,0.04,4.0,1.0,308.0,308,12.32,15.22167,15.17944,64541,1
brainsaw|2021/09/13 12:06:53,margrie,2021/09/13 12:06:53,2021,brainsaw,1,SL_DSC_011171,SL_DSC_011171,SL,1.268,1.268,6.3,0.05,8.0,3.0,210.0,210,10.5,9.79667,9.75722,10788,1
brainsaw|2021/09/14 11:07:33,margrie,2021/09/14 11:07:33,2021,brainsaw,1,SW_5070,SW_5070,SW,2.278,2.278,5.0,0.05,10.0,1.0,280.0,263,13.15,6.35167,6.33083,13331,1
brainsaw|2021/09/15 11:24:26,murray,2021/09/15 11:24:26,2021,brainsaw,2,ROI_FAA1034471;ROI_FAA1034472,ROI_FAA1034471;ROI_FAA1034472,ROI,4.033,4.033,20.0,0.04,2.0,1.0,357.0,318,12.72,10.25056,10.22667,32747,1
brainsaw|2021/09/16 13:08:05,mrsic_flogel,2021/09/16 13:08:05,2021,brainsaw,5,SM_1099836;SM_1111921;SM_1120516;SM_1120517;SM_160921_1120516_1120517_1099836_1111921,SM_1099836;SM_1111921;SM_1120516;SM_1120517;SM_160921_1120516_1120517_1099836_1111921,SM,2.278,2.278,6.7,0.04,6.0,1.0,334.0,301,12.04,16.4175,16.375,61585,1
brainsaw|2021/09/17 12:25:02,sjones,2021/09/17 12:25:02,2021,brainsaw,1,E164,E164,E164,2.278,2.278,25.0,0.05,2.0,1.0,206.0,134,6.7,2.79417,2.77389,6302,1
brainsaw|2021/09/17 15:35:30,sjones,2021/09/17 15:35:30,2021,brainsaw,1,E165,E165,E165,2.278,2.278,20.0,0.04,2.0,1.0,245.0,141,5.64,2.69667,2.6775,6696,1
brainsaw|2021/09/17 18:51:15,sjones,2021/09/17 18:51:15,2021,brainsaw,1,EJT140,EJT140,EJT140,1.667,1.667,20.0,0.04,2.0,1.0,297.0,261,10.44,5.24611,5.22972,10992,1
brainsaw|2021/09/20 10:01:38,margrie,2021/09/20 10:01:38,2021,brainsaw,2,SW_4914;SW_4916,SW_4914;SW_4916,SW,2.278,2.278,5.0,0.05,10.0,1.0,280.0,269,13.45,10.02333,9.99194,27503,1
brainsaw|2021/09/21 11:00:14,akrami,2021/09/21 11:00:14,2021,brainsaw,1,2pe,VP_CAP01,2pe;VP,2.278,2.278,5.0,0.04,8.0,2.0,472.0,461,18.44,23.72111,23.69,42582,1
brainsaw|2021/09/22 13:28:48,branco,2021/09/22 13:28:48,2021,brainsaw,2,YI_1100279;YI_1100281,YI_1100279;YI_1100281,YI,2.278,2.278,10.0,0.04,4.0,4.0,250.0,250,10.0,18.22389,18.15833,47250,1
brainsaw|2021/09/23 14:16:16,mrsic_flogel,2021/09/23 14:16:16,2021,brainsaw,3,SM_1119875;SM_1119877;SM_1119879,SM_1119877;SM_1119879;SM_141619,SM,2.278,2.278,6.7,0.04,6.0,1.0,353.0,344,13.76,15.885,15.85417,59678,1
brainsaw|2021/09/25 13:33:25,mrsic_flogel,2021/09/25 13:33:25,2021,brainsaw,4,SM_1110854;SM_1120614;SM_1120618;SM_1120619,SM_1110850;SM_1120614;SM_1120618;SM_1120619,SM,4.033,4.033,10.0,0.04,4.0,1.0,316.0,316,12.64,13.87861,13.84917,73078,1
brainsaw|2021/09/27 11:07:18,murray,2021/09/27 11:07:18,2021,brainsaw,3,FAA1034662;FAA1034663;FAA1034664,FAA1034662;FAA1034663;FAA1034664,FAA1034662;FAA1034663;FAA1034664,4.033,4.033,20.0,0.04,2.0,2.0,309.0,309,12.36,15.50306,15.47389,59306,1
brainsaw|2021/09/28 10:45:39,margrie,2021/09/28 10:45:39,2021,brainsaw,1,SW_5269,SW_5269,SW,2.278,2.278,5.0,0.05,10.0,2.0,180.0,266,13.3,7.60972,7.86944,13601,1
brainsaw|2021/09/29 12:12:46,margrie,2021/09/29 12:12:46,2021,brainsaw,1,tgt001,SL_tgt_001,SL;tgt001,2.278,2.278,12.5,0.05,4.0,1.0,210.0,210,10.5,5.08833,5.06722,10995,1
brainsaw|2021/09/29 19:17:35,margrie,2021/09/29 19:17:35,2021,brainsaw,1,1115188,SL_1115188,1115188;SL,2.278,2.278,6.3,0.05,8.0,1.0,210.0,210,10.5,6.47111,6.44556,11312,1
brainsaw|2021/09/30 11:21:49,branco,2021/09/30 11:21:49,2021,brainsaw,1,YI_1099784,YI_1099784,YI,2.278,2.278,5.0,0.04,8.0,1.0,250.0,250,10.0,9.1725,9.14028,27000,1
brainsaw|2021/10/01 16:58:28,sjones,2021/10/01 16:58:28,2021,brainsaw,2,E166;E167,E166;E167,E166;E167,2.278,2.278,20.0,0.04,2.0,1.0,254.0,172,6.88,7.04611,7.01778,37215,1
brainsaw|2021/10/02 00:29:23,mrsic_flogel,2021/10/02 00:29:23,2021,brainsaw,3,SM_1122006;SM_1122007;SM_1122008,SM_1122006;SM_1122007;SM_1122008,SM,2.278,2.278,20.0,0.04,2.0,1.0,247.0,247,9.88,10.25806,10.22583,44261,1
brainsaw|2021/10/03 16:21:08,mrsic_flogel,2021/10/03 16:21:08,2021,brainsaw,2,SM_1121919;SM_1121922,SM_1121919;SM_1121922,SM,2.278,2.278,6.7,0.04,6.0,1.0,324.0,324,12.96,12.35583,12.33111,36724,1
brainsaw|2021/10/04 17:24:15,sjones,2021/10/04 17:24:15,2021,brainsaw,1,GM16,GM16,GM16,1.667,1.667,5.0,0.04,8.0,1.0,324.0,219,8.76,9.02972,9.00472,22754,1
brainsaw|2021/10/05 18:39:02,sjones,2021/10/05 18:39:02,2021,brainsaw,3,EJT126;EJT127;EJT131,EJT126;EJT127;EJT131,EJT126;EJT127;EJT131,4.033,4.033,20.0,0.04,2.0,1.0,300.0,292,11.68,10.12194,10.08583,39949,1
brainsaw|2021/10/06 13:02:55,margrie,2021/10/06 13:02:55,2021,brainsaw,1,SW_BC78yellow,SW_BC78yellow,SW,2.278,2.278,5.0,0.05,10.0,1.0,257.0,200,10.0,5.865,5.845,14546,1
brainsaw|2021/10/07 13:49:13,sjones,2021/10/07 13:49:13,2021,brainsaw,1,GM17,GM17,GM17,1.667,1.667,5.0,0.04,8.0,1.0,380.0,357,14.28,10.02917,10.01361,18639,1
brainsaw|2021/10/08 11:48:54,margrie,2021/10/08 11:48:54,2021,brainsaw,1,SW_BC26yellow,SW_BC26yellow,SW,2.278,2.278,5.0,0.05,10.0,3.0,278.0,219,10.95,10.99889,10.97944,14173,1
brainsaw|2021/10/09 14:22:22,margrie,2021/10/09 14:22:22,2021,brainsaw,4,1115103;1115105;1115137;1115195,sample_1115103;sample_1115105;sample_1115137;sample_1115195,1115103;1115105;1115137;1115195;sample,2.278,2.278,12.5,0.05,4.0,2.0,194.0,194,9.7,12.45694,12.4025,45019,1
brainsaw|2021/10/11 12:20:33,akrami,2021/10/11 12:20:33,2021,brainsaw,1,2pe,VP_CAP03,2pe;VP,2.278,2.278,5.7,0.04,7.0,10.0,468.0,424,16.96,20.98028,20.88889,45770,1
brainsaw|2021/10/12 09:57:47,mrsic_flogel,2021/10/12 09:57:47,2021,brainsaw,3,SM_1121882;SM_1121883;SM_1121886,SM_1121882;SM_1121883;SM_1121886,SM,2.278,2.278,10.0,0.04,4.0,1.0,331.0,331,13.24,13.98861,13.965,65407,1
brainsaw|2021/10/13 13:52:54,mrsic_flogel,2021/10/13 13:52:54,2021,brainsaw,4,1120623;1120624;Michael_1121048;Michael_1121049,Michael_1121048;Michael_1121049;sample_1120623;sample_1120624,1120623;1120624;Michael;sample,2.278,2.278,20.0,0.04,2.0,1.0,313.0,313,12.52,12.71472,12.68833,64968,1
brainsaw|2021/10/14 13:52:02,mrsic_flogel,2021/10/14 13:52:02,2021,brainsaw,4,1120654;1120659;1121294;1122504,sample_1120654;sample_1120659;sample_1121294;sample_1122504,1120654;1120659;1121294;1122504;sample,2.278,2.278,20.0,0.04,2.0,3.0,356.0,335,13.4,16.67639,16.64194,67156,1
brainsaw|2021/10/15 17:28:13,mrsic_flogel,2021/10/15 17:28:13,2021,brainsaw,4,1120291;1120753;1120844;1121227,sample_1120291;sample_1120753;sample_1120844;sample_1121227,1120291;1120753;1120844;1121227;sample,2.278,2.278,20.0,0.04,2.0,3.0,343.0,312,12.48,14.63806,14.60278,57688,1
brainsaw|2021/10/18 09:29:47,murray,2021/10/18 09:29:47,2021,brainsaw,6,ROI_C1;ROI_C2;ROI_L1;ROI_L2_posterior;ROI_T1_posterior;ROI_T2,ROI_L1;ZM_FAA1034508,ROI;ZM,4.033,4.033,20.0,0.04,2.0,2.0,213.0,146,5.84,4.18444,4.88583,4868,0
brainsaw|2021/10/19 09:44:22,murray,2021/10/19 09:44:22,2021,brainsaw,3,FAA1034571;FAA1034665;FAA1034666,FAA1034571;FAA1034665;FAA1034666,FAA1034571;FAA1034665;FAA1034666,4.033,4.033,20.0,0.04,2.0,4.0,384.0,311,12.44,22.21167,22.14472,121601,1
brainsaw|2021/10/20 16:31:23,sjones,2021/10/20 16:31:23,2021,brainsaw,1,E186,E186,E186,4.033,4.033,50.0,0.05,1.0,1.0,167.0,77,3.85,1.58167,1.56222,3999,1
brainsaw|2021/10/20 18:30:38,sjones,2021/10/20 18:30:38,2021,brainsaw,1,E180_A2Aai14_DToxin,E180_A2Aai14_DToxin,E180,2.278,2.278,20.0,0.04,2.0,1.0,332.0,294,11.76,6.93278,6.91333,12434,1
brainsaw|2021/10/21 18:07:59,sjones,2021/10/21 18:07:59,2021,brainsaw,1,E181_A2Aai14_Saline,E181_A2Aai14_Saline,E181,2.278,2.278,20.0,0.04,2.0,1.0,281.0,247,9.88,6.32194,6.30111,11315,1
brainsaw|2021/10/23 16:47:13,margrie,2021/10/23 16:47:13,2021,brainsaw,1,SL_DSC_AN_013067,SL_DSC_AN_013067,SL,1.268,1.268,6.3,0.05,8.0,2.0,210.0,210,10.5,8.94389,8.90944,11140,1
brainsaw|2021/10/24 12:12:09,mrsic_flogel,2021/10/24 12:12:09,2021,brainsaw,3,SM_1121887;SM_1121888;SM_1121889,SM_1121887;SM_1121888;SM_1121889,SM,2.278,2.278,20.0,0.04,2.0,1.0,327.0,327,13.08,12.5975,12.56806,49236,1
brainsaw|2021/10/25 11:08:04,margrie,2021/10/25 11:08:04,2021,brainsaw,1,SW_BC46yellow,SW_BC46yellow,SW,1.667,1.667,5.0,0.05,10.0,2.0,240.0,231,11.55,11.61389,11.58444,17191,1
brainsaw|2021/10/26 12:49:09,sjones,2021/10/26 12:49:09,2021,brainsaw,2,CH005;CH006,CH005;CH006,CH005;CH006,4.033,4.033,20.0,0.04,2.0,4.0,316.0,316,12.64,13.39833,13.36861,41035,1
brainsaw|2021/10/27 13:50:45,mrsic_flogel,2021/10/27 13:50:45,2021,brainsaw,7,CI042;CI043;CI044;NYU-50;NYU-52;UCLA014;UCLA014_NYU-50_52_CI042_043_044,CI042;CI043;CI044;NYU-50;NYU-52;UCLA014;UCLA014_NYU-50_52_CI042_043_044,CI042;CI043;CI044;NYU-50;NYU-52;UCLA014,4.033,4.033,25.0,0.05,2.0,4.0,321.0,296,14.8,18.30417,18.27694,72239,1
brainsaw|2021/10/28 10:44:02,margrie,2021/10/28 10:44:02,2021,brainsaw,1,SW_5409,SW_5409,SW,2.278,2.278,5.0,0.05,10.0,2.0,220.0,220,11.0,7.805,7.77028,11698,1
brainsaw|2021/10/31 16:17:44,mrsic_flogel,2021/10/31 16:17:44,2021,brainsaw,3,SM_1120652;SM_1122313;SM_1122314,SM_1120652;SM_1122313;SM_1122314,SM,2.278,2.278,10.0,0.04,4.0,1.0,378.0,378,15.12,14.06722,14.04694,50984,1
brainsaw|2021/11/01 14:15:56,branco,2021/11/01 14:15:56,2021,brainsaw,1,YI_1099782,YI_1099782,YI,2.278,2.278,5.0,0.04,8.0,1.0,250.0,250,10.0,7.83028,7.80333,22000,1
brainsaw|2021/11/02 12:12:16,margrie,2021/11/02 12:12:16,2021,brainsaw,2,1115689;1115691,sample_1115689;sample_1115691,1115689;1115691;sample,4.033,4.033,25.0,0.05,2.0,1.0,234.0,234,11.7,9.75944,9.72528,47736,1
brainsaw|2021/11/03 15:34:24,margrie,2021/11/03 15:34:24,2021,brainsaw,1,1115197,SL_1115197,1115197;SL,2.278,2.278,6.3,0.05,8.0,1.0,210.0,210,10.5,5.42528,5.40806,12440,1
brainsaw|2021/11/04 12:55:07,mrsic_flogel,2021/11/04 12:55:07,2021,brainsaw,7,CI047;CI047_048_FMR025_027_UCLA013_022;CI048;FMR025;FMR027;UCLA013;UCLA022,CI047;CI047_048_FMR025_027_UCLA013_022;CI048;FMR025;FMR027;UCLA013;UCLA022,CI047;CI048;FMR025;FMR027;UCLA013;UCLA022,4.033,4.033,25.0,0.05,2.0,1.0,318.0,300,15.0,14.62889,14.5975,73984,1
brainsaw|2021/11/05 11:29:42,mrsic_flogel,2021/11/05 11:29:42,2021,brainsaw,6,SF_478L;SF_479R;SF_703L;SF_704RR;SF_708R;SF_709LR,SF_478L;SF_479R;SF_703L;SF_704RR;SF_708R;SF_709LR,SF,4.033,4.033,20.0,0.04,2.0,1.0,356.0,339,13.56,22.20306,22.14028,107322,1
brainsaw|2021/11/06 15:09:04,margrie,2021/11/06 15:09:04,2021,brainsaw,1,1097634,SL_1097634,1097634;SL,1.268,1.268,5.0,0.05,10.0,1.0,210.0,201,10.05,12.10056,12.06861,30135,1
brainsaw|2021/11/08 11:30:43,branco,2021/11/08 11:30:43,2021,brainsaw,1,YI_1100516,YI_1100516,YI,4.033,4.033,10.0,0.04,4.0,1.0,250.0,250,10.0,6.66583,6.64861,24750,1
brainsaw|2021/11/09 14:49:24,sjones,2021/11/09 14:49:24,2021,brainsaw,1,FM_SNL_photo56,FM_7473,FM,4.033,4.033,20.0,0.04,2.0,10.0,250.0,250,10.0,8.58944,8.56722,14855,1
brainsaw|2021/11/10 09:22:14,mrsic_flogel,2021/11/10 09:22:14,2021,brainsaw,2,SWC_NM_008;SWC_NM_008_DEFAULT02,SWC_NM_008,SWC,4.033,4.033,25.0,0.05,2.0,1.0,298.0,298,14.9,5.43944,5.4275,15021,1
brainsaw|2021/11/10 17:38:23,sjones,2021/11/10 17:38:23,2021,brainsaw,1,GM19_Rabies,GM19_Rabies,GM19,1.667,1.667,5.0,0.04,8.0,1.0,282.0,282,11.28,8.55556,8.53417,16922,1
brainsaw|2021/11/11 12:12:00,mrsic_flogel,2021/11/11 12:12:00,2021,brainsaw,4,SM_1120254;SM_1121645;SM_28373CRp;SM_28374CRp,SM_1120254;SM_1121645;SM_28373CRp;SM_28374CRp,SM,2.278,2.278,10.0,0.04,4.0,1.0,307.0,307,12.28,15.66389,15.62861,75308,1
brainsaw|2021/11/12 13:53:40,mrsic_flogel,2021/11/12 13:53:40,2021,brainsaw,4,SM_1121918;SM_1121920;SM_1122315;SM_1122316,SM_1121918;SM_1121920;SM_1122315;SM_1122316,SM,2.278,2.278,10.0,0.04,4.0,1.0,336.0,334,13.36,15.71583,15.68028,64932,1
brainsaw|2021/11/15 17:32:52,margrie,2021/11/15 17:32:52,2021,brainsaw,1,1097612_2,SL_1097612_2,1097612;SL,2.278,2.278,6.3,0.05,8.0,1.0,210.0,210,10.5,6.97194,6.95222,19655,1
brainsaw|2021/11/16 17:22:09,sjones,2021/11/16 17:22:09,2021,brainsaw,1,GM20_Rabies,GM20_Rabies,GM20,1.667,1.667,5.0,0.04,8.0,1.0,280.0,280,11.2,9.36917,9.3475,17634,1
brainsaw|2021/11/17 14:17:08,mrsic_flogel,2021/11/17 14:17:08,2021,brainsaw,4,SM_1110726;SM_1110850;SM_1110851;SM_1110853,SM_1110726;SM_1120851;SM_1120853;SM_1120854,SM,2.278,2.278,10.0,0.04,4.0,1.0,354.0,329,13.16,15.39667,15.36083,68126,1
brainsaw|2021/11/19 13:31:09,mrsic_flogel,2021/11/19 13:31:09,2021,brainsaw,3,SM_1121652;SM_1121653;SM_1121654,SM_1121652;SM_1121653;SM_1121654,SM,2.278,2.278,6.7,0.04,6.0,1.0,297.0,297,11.88,14.15639,14.12139,49865,1
brainsaw|2021/11/20 16:19:34,mrsic_flogel,2021/11/20 16:19:34,2021,brainsaw,4,1120656LA;1120845LP;1120850RP;1121262RA,sample_1120656LA;sample_1120845LP;sample_1120850RP;sample_1121262RA,1120656LA;1120845LP;1120850RP;1121262RA;sample,2.278,2.278,8.0,0.04,5.0,4.0,352.0,352,14.08,37.64389,37.55917,79161,1
brainsaw|2021/11/23 12:10:05,sjones,2021/11/23 12:10:05,2021,brainsaw,5,SNL_photo59;SNL_photo60;SNL_photo63;SNL_photo64;SNL_photo65,SNL_photo59;SNL_photo60;SNL_photo63;SNL_photo64;SNL_photo65,SNL,4.033,4.033,40.0,0.04,1.0,1.0,230.0,230,9.2,13.52028,13.475,79064,1
brainsaw|2021/11/24 12:00:41,mrsic_flogel,2021/11/24 12:00:41,2021,brainsaw,6,vglutCR5;vglutCR6;vglutCR7;vglutCR8;vglutGFP3;vglutGFP4,vglutCR5;vglutCR6;vglutCR7;vglutCR8;vglutGFP3;vglutGFP4,vglutCR5;vglutCR6;vglutCR7;vglutCR8;vglutGFP3;vglutGFP4,4.033,4.033,20.0,0.04,2.0,4.0,380.0,275,11.0,23.32028,23.26278,100819,1
brainsaw|2021/11/25 12:10:08,mrsic_flogel,2021/11/25 12:10:08,2021,brainsaw,1,MA_1122070Vglut3GFP,MA_1122070Vglut3GFP,MA,2.278,2.278,5.0,0.04,8.0,4.0,339.0,339,13.56,15.72417,15.70083,17237,1
brainsaw|2021/11/28 18:43:17,margrie,2021/11/28 18:43:17,2021,brainsaw,1,1114590,SL_1114590,1114590;SL,2.278,2.278,6.3,0.05,8.0,1.0,210.0,210,10.5,5.47722,5.45917,13442,1
brainsaw|2021/11/29 13:32:22,sjones,2021/11/29 13:32:22,2021,brainsaw,1,EJT136,EJT136,EJT136,2.278,2.278,20.0,0.04,2.0,1.0,279.0,265,10.6,5.55,5.53528,12337,1
brainsaw|2021/11/30 11:36:48,sjones,2021/11/30 11:36:48,2021,brainsaw,3,EJT139;EJT141;EJT152,EJT139_EJT141_EJT152;EJT141,EJT139;EJT141;EJT152,2.278,2.278,5.0,0.04,8.0,1.0,300.0,298,11.92,14.42056,14.50694,37859,1
brainsaw|2021/12/01 09:59:01,mrsic_flogel,2021/12/01 09:59:01,2021,brainsaw,4,KS003r;KS003r_069_SWC_NM_004;KS069;SWC_NM_004,KS003r;KS003r_069_SWC_NM_004;KS069;SWC_NM_004,KS003r;KS069;SWC,4.033,4.033,25.0,0.05,2.0,4.0,316.0,302,15.1,12.19417,12.16722,46134,1
brainsaw|2021/12/03 14:30:45,mrsic_flogel,2021/12/03 14:30:45,2021,brainsaw,4,SM_1121647;SM_1121648;SM_1121650;SM_1121651,SM_1121647;SM_1121648;SM_1121650;SM_1121651,SM,2.278,2.278,10.0,0.04,4.0,1.0,308.0,308,12.32,13.95944,13.91389,58633,1
brainsaw|2021/12/04 15:12:23,margrie,2021/12/04 15:12:23,2021,brainsaw,2,SW_5270;SW_5499,SW_5270;SW_5499,SW,2.278,2.278,5.0,0.05,10.0,1.0,260.0,253,12.65,9.87306,9.835,24394,1
brainsaw|2021/12/06 12:51:03,branco,2021/12/06 12:51:03,2021,brainsaw,1,YI_1100062,YI_1100062,YI,2.278,2.278,5.0,0.04,8.0,1.0,250.0,250,10.0,8.95833,8.92972,22000,1
brainsaw|2021/12/07 15:52:03,sjones,2021/12/07 15:52:03,2021,brainsaw,1,EJT149,EJT149,EJT149,2.278,2.278,20.0,0.04,2.0,1.0,281.0,281,11.24,6.44778,6.42917,12898,1
brainsaw|2021/12/08 12:02:22,sjones,2021/12/08 12:02:22,2021,brainsaw,1,SP51,SP51_Vglut2Ai14_FlexGFP_in_Right_Pf,SP51,2.278,2.278,20.0,0.04,2.0,1.0,324.0,324,12.96,8.79944,8.78556,21924,1
brainsaw|2021/12/08 22:09:53,mrsic_flogel,2021/12/08 22:09:53,2021,brainsaw,4,SM_1034713;SM_1121126;SM_1121533;SM_1122532,SM_1034713;SM_1121126;SM_1121533;SM_1122532,SM,2.278,2.278,6.7,0.04,6.0,1.0,315.0,269,10.76,16.56806,16.51972,60344,1
brainsaw|2021/12/09 15:09:39,sjones,2021/12/09 15:09:39,2021,brainsaw,1,EJT151,EJT151,EJT151,2.278,2.278,5.0,0.04,8.0,1.0,282.0,282,11.28,8.76139,8.73722,15016,1
brainsaw|2021/12/11 19:24:04,sjones,2021/12/11 19:24:04,2021,brainsaw,1,GM22_eOPN3,GM22_eOPN3,GM22,2.278,2.278,20.0,0.04,2.0,1.0,258.0,258,10.32,6.155,6.13556,12579,1
brainsaw|2021/12/13 18:32:21,margrie,2021/12/13 18:32:21,2021,brainsaw,1,SW_5693,SW_5693,SW,2.278,2.278,5.0,0.05,10.0,1.0,247.0,247,12.35,7.46222,7.44167,12710,1
brainsaw|2021/12/14 14:12:39,mrsic_flogel,2021/12/14 14:12:39,2021,brainsaw,4,SF_141L;SF_144L;SF_145R;SF_254RR,SF_141L;SF_144L;SF_145R;SF_254RR,SF,4.033,4.033,20.0,0.04,2.0,1.0,345.0,327,13.08,15.37278,15.33,68908,1
brainsaw|2021/12/15 11:43:29,sjones,2021/12/15 11:43:29,2021,brainsaw,1,SP53,SP53_FlexDTR_in_rightPf_vglut2ai14,SP53,2.278,2.278,20.0,0.04,2.0,1.0,330.0,272,10.88,7.46917,7.45667,18509,1
brainsaw|2021/12/15 19:44:22,mrsic_flogel,2021/12/15 19:44:22,2021,brainsaw,4,SM_1034714;SM_1034715;SM_1122003;SM_1122005,SM_ChATCre15;SM_ChaTcre14;SM_SF05;SM_SF103,SM,2.278,2.278,10.0,0.04,4.0,1.0,363.0,330,13.2,16.07278,16.03306,65374,1
brainsaw|2021/12/16 15:33:27,mrsic_flogel,2021/12/16 15:33:27,2021,brainsaw,5,SM_1034720;SM_1120006;SM_1122004;SM_1122325;missingrecipe,SM_1034720;SM_1120006;SM_1122004;SM_1122325;SM_161221_1122325_1034720_1122004_1120006,SM;missingrecipe,4.033,4.033,10.0,0.04,4.0,1.0,315.0,315,12.6,18.52861,18.49361,93072,1
brainsaw|2021/12/17 13:25:27,margrie,2021/12/17 13:25:27,2021,brainsaw,1,SW_BC33yellow,SW_BC33yellow,SW,1.667,1.667,5.0,0.05,10.0,2.0,280.0,188,9.4,11.45611,11.4125,17078,1
brainsaw|2021/12/18 18:17:53,mrsic_flogel,2021/12/18 18:17:53,2021,brainsaw,4,SM_1110258;SM_1120253;SM_1120255;SM_1120257,SM_1110258;SM_1120253;SM_1120255;SM_1120257,SM,1.667,1.667,20.0,0.04,2.0,1.0,350.0,307,12.28,13.07778,13.04889,64388,1
brainsaw|2021/12/19 12:22:29,sjones,2021/12/19 12:22:29,2021,brainsaw,1,SP52,SP52_caspFlex_in_righPf_Vglut2Ai14,SP52,2.278,2.278,20.0,0.04,2.0,1.0,329.0,329,13.16,9.33333,9.31889,24178,1
brainsaw|2021/12/20 12:20:02,akrami,2021/12/20 12:20:02,2021,brainsaw,1,EM_46,EM_46,EM,2.278,2.278,7.1,0.05,7.0,1.0,389.0,387,19.35,14.33028,14.30306,37422,1
brainsaw|2021/12/26 11:00:48,mrsic_flogel,2021/12/26 11:00:48,2021,brainsaw,1,MA_NIN_LA67198tac1_RA67196tac1_LP67048ipnGad2_RP67047ipnGad2,MA_NIN_LA67198tac1_RA67196tac1_LP67048ipnGad2_RP67047ipnGad2,MA,2.278,2.278,20.0,0.04,2.0,3.0,300.0,300,12.0,20.85306,20.80028,81934,1
brainsaw|2021/12/27 17:45:22,mrsic_flogel,2021/12/27 17:45:22,2021,brainsaw,1,MA_A1122917_P1122918_smallHypInj_noEffect,MA_A1122917_P1122918_smallHypInj,MA,2.278,2.278,20.0,0.04,2.0,3.0,250.0,250,10.0,10.245,10.21444,28611,1
brainsaw|2021/12/30 19:22:55,sjones,2021/12/30 19:22:55,2021,brainsaw,1,E194,E194,E194,2.278,2.278,20.0,0.04,2.0,1.0,209.0,209,8.36,5.71028,5.68722,14131,1
brainsaw|2021/12/31 13:47:26,sjones,2021/12/31 13:47:26,2021,brainsaw,1,GM23,GM23_eOPN3,GM23,2.278,2.278,10.0,0.04,4.0,1.0,258.0,258,10.32,7.03222,7.01,12913,1
brainsaw|2022/01/04 15:22:04,margrie,2022/01/04 15:22:04,2022,brainsaw,2,1115593;1115594,sample_1115593;sample_1115594,1115593;1115594;sample,2.278,2.278,6.3,0.05,8.0,1.0,210.0,210,10.5,8.78139,8.74778,23460,1
brainsaw|2022/01/05 15:20:24,sjones,2022/01/05 15:20:24,2022,brainsaw,1,GM21_eOPN3,GM21_eOPN3,GM21,2.278,2.278,10.0,0.04,4.0,1.0,246.0,246,9.84,6.64389,6.62167,11859,1
brainsaw|2022/01/06 17:10:28,margrie,2022/01/06 17:10:28,2022,brainsaw,2,1116091;1116092,sample_1116091;sample_1116092,1116091;1116092;sample,2.278,2.278,6.3,0.05,8.0,1.0,210.0,210,10.5,8.61056,8.5725,20275,1
brainsaw|2022/01/07 13:55:03,sjones,2022/01/07 13:55:03,2022,brainsaw,3,EJT133;EJT143;EJT144,EJT133;EJT143;EJT144,EJT133;EJT143;EJT144,2.278,2.278,10.0,0.04,4.0,1.0,300.0,285,11.4,12.41833,12.37944,35110,1
brainsaw|2022/01/09 13:17:51,mrsic_flogel,2022/01/09 13:17:51,2022,brainsaw,1,MA_L1121957_R1120706,MA_L1121957_R1120706,MA,2.278,2.278,10.0,0.04,4.0,3.0,367.0,329,13.16,14.76278,14.73389,33177,1
brainsaw|2022/01/10 15:05:23,sjones,2022/01/10 15:05:23,2022,brainsaw,2,E195;E196,E195;E196,E195;E196,2.278,2.278,10.0,0.04,4.0,1.0,333.0,329,13.16,13.59611,13.56667,49376,1
brainsaw|2022/01/13 13:34:50,mrsic_flogel,2022/01/13 13:34:50,2022,brainsaw,2,1122069_vglut3_RabV;1122877_SERT_RabV,sample_1122069_vglut3_RabV;sample_1122877_SERT_RabV,1122069;1122877;sample,2.278,2.278,5.0,0.04,8.0,3.0,397.0,371,14.84,24.00833,23.96694,36862,1
brainsaw|2022/01/14 16:55:02,mrsic_flogel,2022/01/14 16:55:02,2022,brainsaw,2,SM_1121884;SM_1121975,SM_1121884;SM_1121975,SM,1.667,1.667,5.0,0.04,8.0,1.0,333.0,333,13.32,14.88917,14.86472,34742,1
brainsaw|2022/01/15 19:37:24,mrsic_flogel,2022/01/15 19:37:24,2022,brainsaw,4,SM_CHATai14_1034803;SM_CHATai14_1034804;SM_Pup1CR_0346802;SM_Pup2CR_0346502,SM_CHATai14_1034803;SM_CHATai14_1034804;SM_Pup1CR_0346802;SM_Pup2CR_0346502,SM,2.278,2.278,10.0,0.04,4.0,1.0,386.0,353,14.12,17.58722,17.55583,69058,1
brainsaw|2022/01/18 12:10:49,mrsic_flogel,2022/01/18 12:10:49,2022,brainsaw,3,SM_1122209;SM_1122324;SM_1122326,SM_1122209;SM_1122324;SM_1122326,SM,2.278,2.278,6.7,0.04,6.0,1.0,354.0,257,10.28,22.0175,21.98361,91218,1
brainsaw|2022/01/19 16:32:13,margrie,2022/01/19 16:32:13,2022,brainsaw,3,SW_5537;SW_6158;SW_6159,SW_5537;SW_6158;SW_6159,SW,2.278,2.278,5.0,0.05,10.0,1.0,280.0,277,13.85,16.00167,15.94583,40037,1
brainsaw|2022/01/22 15:06:30,mrsic_flogel,2022/01/22 15:06:30,2022,brainsaw,4,1120848;1121264;1121293;MA_AR1121293_PL1121264_PR1120848,MA_AR1121293_PL1121264_PR1120848;sample_1120848;sample_1121264;sample_1121293,1120848;1121264;1121293;MA;sample,2.278,2.278,10.0,0.04,4.0,3.0,280.0,280,11.2,19.23194,19.17833,45329,1
brainsaw|2022/01/23 17:30:12,mrsic_flogel,2022/01/23 17:30:12,2022,brainsaw,2,1123325;1123528,sample_1123325;sample_1123528,1123325;1123528;sample,2.278,2.278,5.0,0.04,8.0,4.0,387.0,362,14.48,26.2425,26.18639,34392,1
brainsaw|2022/01/25 11:34:52,mrsic_flogel,2022/01/25 11:34:52,2022,brainsaw,2,1123326;1123465,sample_1123326;sample_1123465,1123326;1123465;sample,2.278,2.278,5.0,0.04,8.0,4.0,390.0,292,11.68,23.03222,22.98306,31166,1
brainsaw|2022/01/26 16:10:58,akrami,2022/01/26 16:10:58,2022,brainsaw,1,EM_47,EM_47,EM,2.278,2.278,7.1,0.05,7.0,1.0,244.0,167,8.35,7.51722,7.47861,21249,1
brainsaw|2022/01/27 12:15:07,branco,2022/01/27 12:15:07,2022,brainsaw,1,YI_1100517,YI_1100517,YI,4.033,4.033,10.0,0.04,4.0,1.0,250.0,250,10.0,7.13639,7.11639,18501,1
brainsaw|2022/01/28 11:06:46,margrie,2022/01/28 11:06:46,2022,brainsaw,4,SW_4454;SW_5154;SW_5444;SW_5536,SW_4454;SW_5154;SW_5444;SW_5536,SW,2.278,2.278,5.0,0.05,10.0,1.0,260.0,260,13.0,18.45222,18.38444,51167,1
brainsaw|2022/01/29 17:22:30,sjones,2022/01/29 17:22:30,2022,brainsaw,1,EJT172_eOPN3,EJT172_eOPN3,EJT172,2.278,2.278,10.0,0.04,4.0,1.0,290.0,249,9.96,7.4175,7.39306,14801,1
brainsaw|2022/01/31 13:28:32,mrsic_flogel,2022/01/31 13:28:32,2022,brainsaw,3,Lucie1;Lucie2;SM_1122545,Lucie1;Lucie2;SM_1122545,Lucie1;Lucie2;SM,2.278,2.278,10.0,0.04,4.0,1.0,344.0,344,13.76,15.2625,15.23667,52291,1
brainsaw|2022/02/02 12:49:45,mrsic_flogel,2022/02/02 12:49:45,2022,brainsaw,4,SM_1122554;SM_1122555;SM_1122559;SM_1122560,SM_1122554;SM_1122555;SM_1122559;SM_1122560,SM,2.278,2.278,10.0,0.04,4.0,1.0,303.0,303,12.12,15.99222,15.96139,63171,1
brainsaw|2022/02/05 16:00:31,mrsic_flogel,2022/02/05 16:00:31,2022,brainsaw,3,SM_1122556;SM_1123923;SM_1123926,SM_1122556;SM_1123923;SM_1123926,SM,2.278,2.278,10.0,0.04,4.0,1.0,328.0,328,13.12,17.47444,17.45111,68842,1
brainsaw|2022/02/08 15:16:38,sjones,2022/02/08 15:16:38,2022,brainsaw,1,HMV_DAT-ChR2-YFP-line,HMV_DAT-ChR2-YFP-line,HMV,4.033,4.033,100.0,0.1,1.0,4.0,100.0,87,8.7,1.57028,1.55611,5530,1
brainsaw|2022/02/09 13:41:49,margrie,2022/02/09 13:41:49,2022,brainsaw,3,CT_AK_1115867;CT_AK_1115869;CT_AK_1115878,CT_AK_1115867;CT_AK_1115869;CT_AK_1115878,CT,4.033,4.033,10.0,0.05,5.0,1.0,240.0,240,12.0,12.15306,12.11139,39549,1
brainsaw|2022/02/10 13:42:38,mrsic_flogel,2022/02/10 13:42:38,2022,brainsaw,4,Lucie_11222977;SM_1119887;SM_1120003;SM_1129001,Lucie_11222977;SM_1119887;SM_1120003;SM_1129001,Lucie;SM,4.033,4.033,10.0,0.04,4.0,1.0,342.0,342,13.68,17.05528,17.02667,70489,1
brainsaw|2022/02/11 12:14:03,mrsic_flogel,2022/02/11 12:14:03,2022,brainsaw,5,SF_LPi10;SF_LPi11;SF_LPi14;SF_LPi6;SF_LPi8,SF_LPi10;SF_LPi11;SF_LPi14;SF_LPi6;SF_LPi8,SF,4.033,4.033,20.0,0.04,2.0,1.0,368.0,335,13.4,20.89389,20.84111,96992,1
brainsaw|2022/02/14 14:44:24,margrie,2022/02/14 14:44:24,2022,brainsaw,1,TC_CAA-1115936,TC_CAA-1115936,TC,2.278,2.278,5.0,0.04,8.0,1.0,273.0,273,10.92,8.65222,8.62667,14130,1
brainsaw|2022/02/15 14:31:24,margrie,2022/02/15 14:31:24,2022,brainsaw,1,TC_CAA-1115937,TC_CAA-1115937,TC,2.278,2.278,5.0,0.04,8.0,1.0,301.0,301,12.04,9.0875,9.06278,14526,1
brainsaw|2022/02/16 14:17:52,margrie,2022/02/16 14:17:52,2022,brainsaw,2,TC_1115424;TC_1115686,TC_1115424;TC_1115686,TC,2.278,2.278,5.0,0.04,8.0,1.0,365.0,342,13.68,14.74444,14.705,30295,1
brainsaw|2022/02/17 12:07:47,margrie,2022/02/17 12:07:47,2022,brainsaw,1,SW_BC74white,SW_BC74white,SW,2.278,2.278,5.0,0.05,10.0,2.0,260.0,201,10.05,8.93611,8.90917,13713,1
brainsaw|2022/02/18 14:00:11,mrsic_flogel,2022/02/18 14:00:11,2022,brainsaw,3,SM_1122981;SM_1123470;SM_1123563,SM_1122981;SM_1123470;SM_1123563,SM,2.278,2.278,6.7,0.04,6.0,1.0,341.0,341,13.64,16.78639,16.75889,52748,1
brainsaw|2022/02/19 16:57:02,mrsic_flogel,2022/02/19 16:57:02,2022,brainsaw,1,SM_1123925,SM_1123925,SM,2.278,2.278,6.7,0.04,6.0,1.0,321.0,321,12.84,9.86111,9.84306,17756,1
brainsaw|2022/02/21 14:22:48,sjones,2022/02/21 14:22:48,2022,brainsaw,2,FM_SNL_photo71;FM_SNL_photo72,FM_SNL_photo5163NH;FM_SNL_photo5163R,FM,4.033,4.033,50.0,0.05,1.0,10.0,240.0,222,11.1,7.06778,7.03972,22685,1
brainsaw|2022/02/22 11:14:33,sjones,2022/02/22 11:14:33,2022,brainsaw,1,YJ_onon_DATVGlut_CAA_1115702,YJ_onon_DATVGlut,YJ,2.278,2.278,5.0,0.04,8.0,1.0,297.0,287,11.48,9.37611,9.35194,16265,1
brainsaw|2022/02/23 10:54:12,sjones,2022/02/23 10:54:12,2022,brainsaw,2,YJ_01_TSinjection;YJ_02_TSinjection,YJ_01_CAA_1115702;YJ_02_CAA_1115702,YJ,4.033,4.033,20.0,0.04,2.0,1.0,380.0,347,13.88,11.61444,11.58972,35170,1
brainsaw|2022/02/27 17:07:07,mrsic_flogel,2022/02/27 17:07:07,2022,brainsaw,1,MA_Vgat_1123061_interesting,MA_Vgat_1123061,MA,2.278,2.278,8.0,0.04,5.0,3.0,305.0,305,12.2,9.92889,9.89972,15509,1
brainsaw|2022/02/28 11:56:50,margrie,2022/02/28 11:56:50,2022,brainsaw,5,SW_5406;TC_1115709;TC_1115709_1116095_1116216_SW_5406(raw);TC_1116095;TC_1116216,SW_5406;TC_1115709;TC_1115709_1116095_1116216_SW_5406;TC_1116095;TC_1116216,SW;TC,2.278,2.278,5.0,0.05,10.0,1.0,260.0,241,12.05,18.57611,18.50556,44161,1
brainsaw|2022/03/02 12:45:43,branco,2022/03/02 12:45:43,2022,brainsaw,1,YI_0000012,YI_0000012,YI,4.033,4.033,10.0,0.04,4.0,1.0,220.0,212,8.48,5.17444,5.15944,15425,1
brainsaw|2022/03/02 18:00:58,branco,2022/03/02 18:00:58,2022,brainsaw,1,YI_0000012b - Copy,YI_0000012b,YI,4.033,4.033,10.0,0.04,4.0,1.0,120.0,120,4.8,2.46472,2.44083,5260,1
brainsaw|2022/03/03 10:41:15,margrie,2022/03/03 10:41:15,2022,brainsaw,2,SW_4460;SW_6279,SW_4460;SW_6279,SW,2.278,2.278,5.0,0.05,10.0,2.0,260.0,260,13.0,14.13028,14.07806,24046,1
brainsaw|2022/03/04 10:15:22,margrie,2022/03/04 10:15:22,2022,brainsaw,3,SW_5443;SW_6219;SW_6303,SW_5443;SW_6219;SW_6303,SW,2.278,2.278,5.0,0.05,10.0,2.0,260.0,247,12.35,19.78639,19.71167,35099,1
brainsaw|2022/03/06 12:53:21,mrsic_flogel,2022/03/06 12:53:21,2022,brainsaw,4,Lucie220222;Lucie_0403;SM_1120005;SM_1122546,Lucie220222;Lucie_0403;SM_1120005;SM_1122546,Lucie;Lucie220222;SM,2.278,2.278,10.0,0.04,4.0,1.0,332.0,332,13.28,18.53861,18.51194,76696,1
brainsaw|2022/03/07 12:02:50,mrsic_flogel,2022/03/07 12:02:50,2022,brainsaw,3,1122506;1122507;1122985,sample_1122506;sample_1122507;sample_1122985,1122506;1122507;1122985;sample,2.278,2.278,20.0,0.04,2.0,2.0,300.0,300,12.0,14.94944,14.91889,56955,1
brainsaw|2022/03/08 13:59:08,sjones,2022/03/08 13:59:08,2022,brainsaw,2,NR_Ai14;SF_Ai75D,NR_Ai14;SF_Ai75D,NR;SF,2.278,2.278,40.0,0.04,2.0,1.0,340.0,310,12.4,10.68528,10.65778,30481,1
brainsaw|2022/03/16 18:30:30,sjones,2022/03/16 18:30:30,2022,brainsaw,1,EJT183_eOPN3,EJT183_eOPN3,EJT183,2.278,2.278,20.0,0.04,2.0,1.0,290.0,242,9.68,6.86333,18.55667,18413,1
brainsaw|2022/03/22 12:15:24,mrsic_flogel,2022/03/22 12:15:24,2022,brainsaw,4,Lucie1003p1;SM_1123406p1;SM_1123714p1;SM_1124011p1,Lucie1003p1;SM_1123406p1;SM_1123714p1;SM_1124011p1,Lucie1003p1;SM,2.278,2.278,10.0,0.04,4.0,1.0,309.0,93,3.72,4.54389,4.49583,17727,1
brainsaw|2022/03/22 16:55:10,mrsic_flogel,2022/03/22 16:55:10,2022,brainsaw,8,Lucie1003p1;Lucie_100322p2;SM_1114011p2;SM_1123406p1;SM_1123406p2;SM_1123714p1;SM_1123714p2;SM_1124011p1,Lucie1003p1;Lucie_100322p2;SM_1114011p2;SM_1123406p1;SM_1123406p2;SM_1123714p1;SM_1123714p2;SM_1124011p1,Lucie;Lucie1003p1;SM,2.278,2.278,10.0,0.04,4.0,1.0,309.0,143,5.72,6.78528,6.72972,26999,1
brainsaw|2022/03/25 12:30:25,mrsic_flogel,2022/03/25 12:30:25,2022,brainsaw,1,SM_1124406,SM_1124406,SM,4.033,4.033,6.7,0.04,6.0,1.0,329.0,329,13.16,8.57861,8.56278,19532,1
brainsaw|2022/03/27 13:10:30,mrsic_flogel,2022/03/27 13:10:30,2022,brainsaw,1,SM_wt1,SM_wt1,SM,4.033,4.033,5.0,0.04,8.0,1.0,341.0,341,13.64,9.665,9.64611,19264,1
brainsaw|2022/03/29 16:56:35,sjones,2022/03/29 16:56:35,2022,brainsaw,1,EJT162_Neuropixel,EJT162_Neuropixel,EJT162,1.667,1.667,10.0,0.04,4.0,1.0,289.0,276,11.04,7.3325,7.31028,13270,1
brainsaw|2022/03/31 11:32:08,margrie,2022/03/31 11:32:08,2022,brainsaw,2,TC_1115816-8f;TC_1115954-flp,TC_1115816-8f;TC_1115954-flp,TC,4.267,4.267,20.0,0.04,2.0,1.0,382.0,354,14.16,12.1125,12.09083,35142,1
brainsaw|2022/04/04 12:25:17,mrsic_flogel,2022/04/04 12:25:17,2022,brainsaw,4,SM_1122899;SM_1122968;SM_1123714_15;SM_Lucie310322,SM_1122899;SM_1122968;SM_1123714_15;SM_Lucie310322,SM,4.267,4.267,6.7,0.04,6.0,1.0,339.0,339,13.56,17.74667,17.71306,66998,1
brainsaw|2022/04/06 17:58:36,mrsic_flogel,2022/04/06 17:58:36,2022,brainsaw,4,SWC_NM_015;SWC_NM_015_020_021;SWC_NM_020;SWC_NM_021,SWC_NM_015;SWC_NM_015_020_021;SWC_NM_020;SWC_NM_021,SWC,4.267,4.267,25.0,0.05,2.0,1.0,383.0,306,15.3,11.92306,11.90139,40185,1
brainsaw|2022/04/07 15:59:45,akrami,2022/04/07 15:59:45,2022,brainsaw,1,EM_036,EM_036,EM,4.267,4.267,50.0,0.05,1.0,1.0,371.0,371,18.55,11.455,11.43472,36827,1
brainsaw|2022/04/11 17:41:19,sjones,2022/04/11 17:41:19,2022,brainsaw,1,E231_TRN-Test,E231_TRN-Test,E231,2.278,2.278,20.0,0.04,2.0,1.0,292.0,292,11.68,7.60139,7.57944,13938,1
brainsaw|2022/04/12 12:20:44,mrsic_flogel,2022/04/12 12:20:44,2022,brainsaw,2,SM_1123327;SM_1124404,SM_1123327;SM_1124404,SM,2.278,2.278,6.7,0.04,6.0,1.0,300.0,300,12.0,11.47528,11.45111,31615,1
brainsaw|2022/04/13 15:07:47,sjones,2022/04/13 15:07:47,2022,brainsaw,1,EJT178_neuropixel,EJT178_neuropixel,EJT178,2.278,2.278,10.0,0.04,4.0,1.0,314.0,314,12.56,8.17833,8.15778,14268,1
brainsaw|2022/04/14 11:04:58,mrsic_flogel,2022/04/14 11:04:58,2022,brainsaw,6,SF_193;SF_194;SF_293;SF_414;SF_769;SF_770,SF_193;SF_194;SF_293;SF_414;SF_769;SF_770,SF,4.033,4.033,20.0,0.04,2.0,1.0,357.0,346,13.84,21.09417,21.03861,102197,1
brainsaw|2022/04/16 10:26:47,mrsic_flogel,2022/04/16 10:26:47,2022,brainsaw,6,SF_077;SF_079;SF_080;SF_415;SF_416;SF_417,SF_077;SF_079;SF_080;SF_415;SF_416;SF_417,SF,4.033,4.033,20.0,0.04,2.0,1.0,304.0,294,11.76,17.00917,16.95833,77799,1
brainsaw|2022/04/19 17:09:10,sjones,2022/04/19 17:09:10,2022,brainsaw,1,E137_TRN_test2,E137_TRN_test2,E137,2.278,2.278,20.0,0.04,2.0,1.0,265.0,265,10.6,6.75972,6.73944,11758,1
brainsaw|2022/04/20 17:26:48,sjones,2022/04/20 17:26:48,2022,brainsaw,1,E138_TRN_test3,E138_TRN_test3,E138,2.278,2.278,20.0,0.04,2.0,1.0,263.0,263,10.52,6.8925,6.87056,12098,1
brainsaw|2022/04/21 10:09:32,akrami,2022/04/21 10:09:32,2022,brainsaw,1,2pe,VP_CAP24,2pe;VP,2.278,2.278,7.1,0.05,7.0,1.0,386.0,377,18.85,13.53972,13.51306,33120,1
brainsaw|2022/04/25 17:53:53,sjones,2022/04/25 17:53:53,2022,brainsaw,1,E239_TRN-TEST4,E239_TRN-TEST4,E239,2.278,2.278,20.0,0.04,2.0,1.0,280.0,280,11.2,7.03167,7.0125,12418,1
brainsaw|2022/04/27 11:18:17,margrie,2022/04/27 11:18:17,2022,brainsaw,1,SW_6878,SW_6878_6879,SW,2.278,2.278,5.0,0.05,10.0,2.0,260.0,260,13.0,14.18806,14.14194,24874,1
brainsaw|2022/04/28 09:58:12,margrie,2022/04/28 09:58:12,2022,brainsaw,1,CT_EJ_1116870,CT_EJ_1116870,CT,2.278,2.278,5.0,0.05,10.0,1.0,150.0,150,7.5,7.95861,7.92944,19831,1
brainsaw|2022/04/29 12:00:31,sjones,2022/04/29 12:00:31,2022,brainsaw,2,s029_tabnpxon_m1114799_LL__20220429_120032__serial_section;s060_tabnpxon_m1098207_L__20220429_120032__serial_section,s029;s030,s029;s030;s060,2.278,2.278,25.0,0.05,2.0,1.0,214.0,214,10.7,7.0325,7.00278,21179,1
brainsaw|2022/05/01 12:36:04,mrsic_flogel,2022/05/01 12:36:04,2022,brainsaw,1,SM_1125192,SM_1125192,SM,4.033,4.033,6.7,0.04,6.0,1.0,346.0,346,13.84,8.94833,8.93417,19818,1
brainsaw|2022/05/02 15:52:23,sjones,2022/05/02 15:52:23,2022,brainsaw,1,E240-TRN-TEST4,E240-TRN-TEST4,E240-TRN-TEST4,2.278,2.278,10.0,0.04,4.0,1.0,289.0,289,11.56,7.57389,7.55417,11639,1
brainsaw|2022/05/03 12:02:47,mrsic_flogel,2022/05/03 12:02:47,2022,brainsaw,1,SE_LR01,SE_LR01,SE,4.033,4.033,20.0,0.04,2.0,2.0,315.0,315,12.6,8.41556,8.40056,16650,1
brainsaw|2022/05/04 10:31:51,mrsic_flogel,2022/05/04 10:31:51,2022,brainsaw,1,SE_LR02,SE_LR02,SE,4.033,4.033,20.0,0.04,2.0,2.0,271.0,255,10.2,6.83111,6.80861,16346,1
brainsaw|2022/05/04 17:50:41,sjones,2022/05/04 17:50:41,2022,brainsaw,1,EJT180_Cannula,EJT180_Cannula,EJT180,2.278,2.278,10.0,0.04,4.0,1.0,266.0,266,10.64,6.70389,6.6825,12949,1
brainsaw|2022/05/05 12:41:24,branco,2022/05/05 12:41:24,2022,brainsaw,1,YI_1101192,YI_1101192,YI,4.033,4.033,10.0,0.04,4.0,1.0,300.0,300,12.0,8.23806,8.21944,18825,1
brainsaw|2022/05/06 12:03:30,mrsic_flogel,2022/05/06 12:03:30,2022,brainsaw,6,SF_419;SF_496;SF_497;SF_498;SF_768;SF_LPi13,SF_419;SF_496;SF_497;SF_498;SF_768;SF_LPi13,SF,4.033,4.033,20.0,0.04,2.0,1.0,362.0,325,13.0,21.75917,21.69528,105350,1
brainsaw|2022/05/10 16:57:28,sjones,2022/05/10 16:57:28,2022,brainsaw,1,EJT201_LesioninGMR2negative_CONTROL,EJT201_IL-thal-Lesion,EJT201,2.278,2.278,2.5,0.04,16.0,1.0,316.0,316,12.64,11.0025,10.97222,14395,1
brainsaw|2022/05/12 17:24:20,sjones,2022/05/12 17:24:20,2022,brainsaw,4,EJT171_eOPN3;EJT173_eOPN3;EJT196_eOPN3;EJT197_eOPN3,EJT171_eOPN3;EJT173_eOPN3;EJT196_eOPN3;EJT197_eOPN3,EJT171;EJT173;EJT196;EJT197,2.278,2.278,10.0,0.04,4.0,1.0,327.0,300,12.0,12.06833,12.03278,43440,1
brainsaw|2022/05/16 13:00:52,sjones,2022/05/16 13:00:52,2022,brainsaw,1,EJT198_ILthal-lesion,EJT198_ILthal-lesion,EJT198,2.278,2.278,2.5,0.04,16.0,1.0,317.0,317,12.68,11.32361,11.29722,15171,1
brainsaw|2022/05/17 13:34:25,sjones,2022/05/17 13:34:25,2022,brainsaw,1,EJT199_IL-thal-lesion,EJT199_IL-thal-lesion,EJT199,2.278,2.278,2.5,0.04,16.0,1.0,291.0,291,11.64,10.74972,10.72139,16233,1
brainsaw|2022/05/18 09:16:55,sjones,2022/05/18 09:16:55,2022,brainsaw,3,s064_target_m1114976;s065_targetgridctr_m1114800__20220518_000000__serial_section;s066_targetgridring_m1115003__20220518_000000__serial_section,s064_target_m1114976;s065_target_gridctr_m1114800;s066_target_gridring_m1115003,s064;s065;s066,2.278,2.278,25.0,0.05,2.0,2.0,208.0,208,10.4,11.01222,10.97472,36055,1
brainsaw|2022/05/18 20:49:51,mrsic_flogel,2022/05/18 20:49:51,2022,brainsaw,4,Lcuie_SFA63;SM_1124153;SM_1124581;SM_1124583,Lcuie_SFA63;SM_1124153;SM_1124581;SM_1124583,Lcuie;SM,2.278,2.278,6.7,0.04,6.0,1.0,323.0,264,10.56,17.89972,17.86222,67724,1
brainsaw|2022/05/19 16:32:00,mrsic_flogel,2022/05/19 16:32:00,2022,brainsaw,2,Lucie_11257;Lucie_1125768,Lucie_11257;Lucie_1125768,Lucie,2.278,2.278,10.0,0.04,4.0,1.0,326.0,324,12.96,11.44861,11.42778,32495,1
brainsaw|2022/05/23 11:12:37,sjones,2022/05/23 11:12:37,2022,brainsaw,1,YJ_D1_RR,YJ_D1_RR,YJ,4.033,4.033,20.0,0.04,2.0,1.0,306.0,306,12.24,8.6925,8.67361,17946,1
brainsaw|2022/05/24 14:53:15,sjones,2022/05/24 14:53:15,2022,brainsaw,1,EJT200_IL-thal-Lesion,EJT200_IL-thal-Lesion,EJT200,2.278,2.278,2.5,0.04,16.0,1.0,304.0,304,12.16,10.73,10.69833,14501,1
brainsaw|2022/05/25 10:21:08,okeefe,2022/05/25 10:21:08,2022,brainsaw,2,ROI_2;ROI_3,ROI_2;ROI_3,ROI,4.033,4.033,50.0,0.05,1.0,2.0,319.0,319,15.95,21.93056,21.87167,87457,1
brainsaw|2022/05/26 09:41:45,okeefe,2022/05/26 09:41:45,2022,brainsaw,2,ROI_1;ROI_2,ROI_1;ROI_2,ROI,4.033,4.033,50.0,0.05,1.0,2.0,296.0,296,14.8,18.56778,18.51639,77633,1
brainsaw|2022/05/30 12:04:27,margrie,2022/05/30 12:04:27,2022,brainsaw,1,CT_CX_1117219_brainsaw,CT_CX_1117219,CT,2.278,2.278,5.0,0.05,10.0,1.0,230.0,230,11.5,8.64944,8.62556,11923,1
brainsaw|2022/05/31 11:34:33,margrie,2022/05/31 11:34:33,2022,brainsaw,2,CT_CX_1117220;CT_CX_1117222,CT_CX_1117220;CT_CX_1117222,CT,2.278,2.278,5.0,0.05,10.0,1.0,260.0,260,13.0,11.8775,11.84972,26466,1
brainsaw|2022/06/01 11:06:16,margrie,2022/06/01 11:06:16,2022,brainsaw,1,1101299,SL_1101299,1101299;SL,2.278,2.278,10.0,0.05,5.0,1.0,210.0,210,10.5,5.22722,5.205,11320,1
brainsaw|2022/06/02 12:00:50,sjones,2022/06/02 12:00:50,2022,brainsaw,2,m06_220602;m07_220602,m06_220602;m07_220602,m06;m07,4.033,4.033,20.0,0.04,2.0,1.0,383.0,363,14.52,13.04667,13.01889,41612,1
brainsaw|2022/06/03 16:16:06,mrsic_flogel,2022/06/03 16:16:06,2022,brainsaw,4,SM_1125540;SM_1125762;SM_1125763;SM_1125764,SM_1125540;SM_1125762;SM_1125763;SM_1125764,SM,4.033,4.033,10.0,0.04,4.0,1.0,392.0,361,14.44,18.80972,18.77694,76289,1
brainsaw|2022/06/04 13:36:44,mrsic_flogel,2022/06/04 13:36:44,2022,brainsaw,2,SM_1124450;SM_1125087,SM_1124450;SM_1125087,SM,4.033,4.033,6.7,0.04,6.0,1.0,335.0,335,13.4,13.03667,13.01389,38416,1
brainsaw|2022/06/05 13:30:48,mrsic_flogel,2022/06/05 13:30:48,2022,brainsaw,1,ML_1122811,ML_1122811,ML,2.278,2.278,20.0,0.04,2.0,2.0,319.0,319,12.76,8.90194,8.88194,16492,1
brainsaw|2022/06/06 21:23:05,sjones,2022/06/06 21:23:05,2022,brainsaw,2,GMR2_baseline_iv;GRM2_negative_No_signal,GMR2_AI75D_Baseline1;GRM2_negative_No_signal,GMR2;GRM2,2.278,2.278,5.0,0.04,8.0,1.0,258.0,200,8.0,13.03,12.98139,44285,1
brainsaw|2022/06/07 11:39:14,margrie,2022/06/07 11:39:14,2022,brainsaw,1,CT_EJ_1116871,CT_EJ_1116871,CT,2.278,2.278,5.0,0.05,10.0,4.0,250.0,250,12.5,15.7375,15.70667,18300,1
brainsaw|2022/06/08 11:56:35,mrsic_flogel,2022/06/08 11:56:35,2022,brainsaw,5,SF_445;SF_446;SF_502;SF_503;SF_899,SF_445;SF_446;SF_502;SF_503;SF_899,SF,4.033,4.033,20.0,0.04,2.0,10.0,351.0,252,10.08,26.19556,26.09389,84793,1
brainsaw|2022/06/09 17:30:25,margrie,2022/06/09 17:30:25,2022,brainsaw,4,SW_5155;SW_5426;SW_5687;SW_7252,SW_5155;SW_5426;SW_5687;SW_7252,SW,2.278,2.278,5.0,0.05,10.0,1.0,280.0,268,13.4,16.35944,16.30028,49093,1
brainsaw|2022/06/10 14:37:46,margrie,2022/06/10 14:37:46,2022,brainsaw,2,SW_ZF3883;SW_ZF3890,SW_ZF3883;SW_ZF3890,SW,2.278,2.278,5.0,0.05,10.0,2.0,232.0,171,8.55,10.17056,10.13333,21421,1
brainsaw|2022/06/13 12:48:57,mrsic_flogel,2022/06/13 12:48:57,2022,brainsaw,3,SM_1125209;SM_1125765;SM_1125767,SM_1125209;SM_1125765;SM_1125767,SM,2.278,2.278,6.7,0.04,6.0,1.0,351.0,351,14.04,17.0825,17.05472,55745,1
brainsaw|2022/06/14 12:05:09,margrie,2022/06/14 12:05:09,2022,brainsaw,2,SW_BC58;SW_BC73,SW_BC58;SW_BC73,SW,2.278,2.278,5.0,0.05,10.0,2.0,288.0,228,11.4,14.3525,14.31972,30421,1
brainsaw|2022/06/15 12:41:47,mrsic_flogel,2022/06/15 12:41:47,2022,brainsaw,4,Lucie_1125365;Lucie_1125769;SM_CRTOMp15;SM_CRTOMp80,Lucie_1125365;Lucie_1125769;SM_CRTOMp15;SM_CRTOMp80,Lucie;SM,2.278,2.278,6.7,0.04,6.0,1.0,289.0,269,10.76,20.88778,20.84444,90640,1
brainsaw|2022/06/20 14:11:51,margrie,2022/06/20 14:11:51,2022,brainsaw,1,SL_1101737,SL_1101737,SL,2.278,2.278,10.0,0.05,5.0,1.0,210.0,210,10.5,5.67611,5.65722,12012,1
brainsaw|2022/06/21 13:53:34,margrie,2022/06/21 13:53:34,2022,brainsaw,4,1117105;1117107;1117111;1117113,sample_1117105;sample_1117107;sample_1117111;sample_1117113,1117105;1117107;1117111;1117113;sample,4.033,4.033,25.0,0.05,2.0,1.0,190.0,190,9.5,10.83806,10.78444,48808,1
brainsaw|2022/06/23 13:46:09,margrie,2022/06/23 13:46:09,2022,brainsaw,1,SL_1101739,SL_1101739,SL,2.278,2.278,6.3,0.05,8.0,1.0,210.0,210,10.5,6.22,6.20389,12698,1
brainsaw|2022/06/24 12:17:20,mrsic_flogel,2022/06/24 12:17:20,2022,brainsaw,2,CR_p80MarinLab;SM_1124451,CR_p80MarinLab;SM_1124451,CR;SM,1.667,1.667,6.7,0.04,6.0,1.0,324.0,324,12.96,14.84722,14.82111,39942,1
brainsaw|2022/06/27 12:01:02,margrie,2022/06/27 12:01:02,2022,brainsaw,2,CT_AK_1116499;CT_AK_1116703,CT_AK_1116499;CT_AK_1116703,CT,2.278,2.278,10.0,0.05,5.0,1.0,250.0,250,12.5,9.06917,9.04361,25465,1
brainsaw|2022/06/29 14:35:31,mrsic_flogel,2022/06/29 14:35:31,2022,brainsaw,2,SM_1126527;SM_1126528,SM_1126527;SM_1126528,SM,2.278,2.278,5.0,0.04,8.0,1.0,342.0,342,13.68,16.4175,16.38528,36194,1
brainsaw|2022/06/30 12:33:07,margrie,2022/06/30 12:33:07,2022,brainsaw,2,CT_CX_1116962;CT_CX_1116963,CT_CX_1116962;CT_CX_1116963,CT,2.278,2.278,5.0,0.05,10.0,4.0,250.0,250,12.5,21.98361,21.92139,27304,1
brainsaw|2022/07/01 13:51:36,margrie,2022/07/01 13:51:36,2022,brainsaw,1,SL_1101298,SL_1101298,SL,2.278,2.278,6.3,0.05,8.0,1.0,210.0,210,10.5,6.00861,5.985,13400,1
brainsaw|2022/07/02 16:05:53,mrsic_flogel,2022/07/02 16:05:53,2022,brainsaw,4,NIN_33226gad2;NIN_33519tac1;NIN_38266tac1;NIN_45007tac1_50nl,NIN_33226gad2;NIN_33519tac1;NIN_38266tac1;NIN_45007tac1_50nl,NIN,2.278,2.278,10.0,0.04,4.0,1.0,346.0,305,12.2,15.7025,15.65944,63767,1
brainsaw|2022/07/03 15:51:04,mrsic_flogel,2022/07/03 15:51:04,2022,brainsaw,4,NIN_29106vglut2_ChrimsonGCaMP;NIN_33516tac1;NIN_38267tac1;NIN_38272tac1,NIN_29106vglut2_ChrimsonGCaMP;NIN_33516tac1;NIN_38267tac1;NIN_38272tac1,NIN,2.278,2.278,10.0,0.04,4.0,3.0,250.0,222,8.88,18.82,18.75083,56580,1
brainsaw|2022/07/05 11:46:32,margrie,2022/07/05 11:46:32,2022,brainsaw,3,TC_CX_1116663;TC_CX_1116994;TC_CX_1117217,TC_CX_1116663;TC_CX_1116663_1116994_1117217;TC_CX_1117217,TC,2.278,2.278,10.0,0.05,5.0,1.0,250.0,250,12.5,13.725,13.68056,40561,0
brainsaw|2022/07/06 14:31:37,mrsic_flogel,2022/07/06 14:31:37,2022,brainsaw,4,vgatHypMRN_AL1123245;vgatHypMRN_AR1123058;vgatHypMRN_PL1126007;vgatHypMRN_PR1126008,vgatHypMRN_AL1123245;vgatHypMRN_AR1123058;vgatHypMRN_PL1126007;vgatHypMRN_PR1126008,vgatHypMRN,2.278,2.278,20.0,0.04,2.0,3.0,250.0,250,10.0,16.66417,16.61,64966,1
brainsaw|2022/07/07 14:29:42,sjones,2022/07/07 14:29:42,2022,brainsaw,2,EJT_194_EOPN3;EJT_195_EOPN3,EJT_194_EOPN3;EJT_195_EOPN3,EJT,2.278,2.278,40.0,0.04,1.0,1.0,271.0,271,10.84,9.24111,9.21472,27263,1
brainsaw|2022/07/08 10:57:57,mrsic_flogel,2022/07/08 10:57:57,2022,brainsaw,1,MA_eGFPMRN1126300,MA_eGFPMRN1126300,MA,2.278,2.278,5.0,0.04,8.0,3.0,309.0,309,12.36,11.99139,11.96694,17159,1
brainsaw|2022/07/11 09:45:49,mrsic_flogel,2022/07/11 09:45:49,2022,brainsaw,4,1121612;1121614;1123677;1125770,sample_1121612;sample_1121614;sample_1123677;sample_1125770,1121612;1121614;1123677;1125770;sample,2.278,2.278,20.0,0.04,2.0,2.0,250.0,250,10.0,13.83083,13.78833,57785,1
brainsaw|2022/07/12 10:19:08,akrami,2022/07/12 10:19:08,2022,brainsaw,1,EC06,EC_06,EC;EC06,2.278,2.278,10.0,0.05,5.0,1.0,277.0,170,8.5,6.42583,6.39667,21939,1
brainsaw|2022/07/13 09:44:58,akrami,2022/07/13 09:44:58,2022,brainsaw,1,EM50,EM50,EM50,2.278,2.278,10.0,0.05,5.0,1.0,175.0,88,4.4,3.23556,3.20361,11056,1
brainsaw|2022/07/14 12:46:18,mrsic_flogel,2022/07/14 12:46:18,2022,brainsaw,4,SM_1125616;SM_1125619;SM_1125712;SM_1125713,SM_1125616;SM_1125619;SM_1125712;SM_1125713,SM,2.278,2.278,6.7,0.04,6.0,1.0,396.0,360,14.4,21.13472,21.09806,72275,1
brainsaw|2022/07/15 11:11:31,mrsic_flogel,2022/07/15 11:11:31,2022,brainsaw,4,1122327;1122328;1123060;1123527,sample_1122327;sample_1122328;sample_1123060;sample_1123527,1122327;1122328;1123060;1123527;sample,2.278,2.278,20.0,0.04,2.0,2.0,250.0,250,10.0,14.30111,14.2575,58988,1
brainsaw|2022/07/16 14:51:20,mrsic_flogel,2022/07/16 14:51:20,2022,brainsaw,3,SM_1126027;SM_1126028;SM_1126074,SM_112127;SM_1126128;SM_lucieHalo,SM,2.278,2.278,8.0,0.04,5.0,1.0,338.0,338,13.52,14.65944,14.62944,44592,1
brainsaw|2022/07/17 12:09:38,mrsic_flogel,2022/07/17 12:09:38,2022,brainsaw,4,1120529;1122493;1122494;1125771,sample_1120529;sample_1122493;sample_1122494;sample_1125771,1120529;1122493;1122494;1125771;sample,2.278,2.278,20.0,0.04,2.0,2.0,250.0,250,10.0,14.88444,14.84028,64176,1
brainsaw|2022/07/18 10:20:22,mrsic_flogel,2022/07/18 10:20:22,2022,brainsaw,4,1120523;1120524;1120705;1121124,sample_1120523;sample_1120524;sample_1120705;sample_1121124,1120523;1120524;1120705;1121124;sample,2.278,2.278,20.0,0.04,2.0,2.0,350.0,350,14.0,17.63417,17.59694,65672,1
brainsaw|2022/07/19 13:59:30,margrie,2022/07/19 13:59:30,2022,brainsaw,2,1117310;1117314,sample_1117310;sample_1117314,1117310;1117314;sample,2.278,2.278,6.3,0.05,8.0,1.0,210.0,210,10.5,7.59889,7.56639,23627,1
brainsaw|2022/07/20 10:46:36,mrsic_flogel,2022/07/20 10:46:36,2022,brainsaw,4,1121123;1121613;1121974;1124562,sample_1121123;sample_1121613;sample_1121974;sample_1124562,1121123;1121613;1121974;1124562;sample,2.278,2.278,20.0,0.04,2.0,2.0,300.0,300,12.0,15.895,15.8575,64029,1
brainsaw|2022/07/21 10:05:49,okeefe,2022/07/21 10:05:49,2022,brainsaw,2,ROI_1;ROI_2,ROI_1;ROI_2,ROI,4.033,4.033,50.0,0.05,1.0,2.0,287.0,242,12.1,23.67611,23.60889,114805,1
brainsaw|2022/07/23 13:11:17,mrsic_flogel,2022/07/23 13:11:17,2022,brainsaw,3,SM_1125965;SM_1126076;SM_1126079,SM_1125965;SM_1126076;SM_1126079,SM,2.278,2.278,10.0,0.04,4.0,1.0,394.0,382,15.28,17.74722,17.72056,50008,1
brainsaw|2022/07/25 17:20:35,sjones,2022/07/25 17:20:35,2022,brainsaw,4,EJT179_cannula;EJT182_cannula;EJT185_cannula;EJT193_cannula,EJT179_cannula;EJT182_cannula;EJT185_cannula;EJT193_cannula,EJT179;EJT182;EJT185;EJT193,2.278,2.278,5.0,0.04,8.0,1.0,318.0,272,10.88,16.32556,16.26306,49019,1
brainsaw|2022/07/26 12:55:09,sjones,2022/07/26 12:55:09,2022,brainsaw,2,EJT181_cannula;EJT184_cannula,EJT181_cannula;EJT182_cannula,EJT181;EJT182;EJT184,4.033,4.033,40.0,0.04,1.0,2.0,314.0,171,6.84,6.42,6.38583,23195,1
brainsaw|2022/07/27 15:01:54,sjones,2022/07/27 15:01:54,2022,brainsaw,2,EJT208;EJT209,EJT208;EJT209,EJT208;EJT209,2.278,2.278,5.0,0.04,8.0,1.0,361.0,304,12.16,12.34667,12.31194,27850,1
brainsaw|2022/07/28 11:02:36,okeefe,2022/07/28 11:02:36,2022,brainsaw,2,ROI_1;ROI_2,ROI_1;ROI_2,ROI,4.033,4.033,50.0,0.05,1.0,1.0,334.0,334,16.7,20.68444,20.63667,84193,1
brainsaw|2022/07/29 12:32:27,sjones,2022/07/29 12:32:27,2022,brainsaw,1,TRN-stimtest_EJT_E245,TRN-stimtest_EJT,TRN-stimtest,2.278,2.278,40.0,0.04,1.0,1.0,291.0,291,11.64,7.73917,7.72111,13965,1
brainsaw|2022/08/01 10:18:53,mrsic_flogel,2022/08/01 10:18:53,2022,brainsaw,4,PVvLGLP1;PVvLGLP2;vLGChRLP2;vLGChRLP3,PVvLGLP1;PVvLGLP2;vLGChRLP2;vLGChRLP3,PVvLGLP1;PVvLGLP2;vLGChRLP2;vLGChRLP3,1.667,1.667,10.0,0.04,4.0,1.0,360.0,333,13.32,17.42139,17.37583,68779,1
brainsaw|2022/08/02 13:42:39,sjones,2022/08/02 13:42:39,2022,brainsaw,1,SP55,SP55_M2ToS_Lesion_Expt,SP55,2.278,2.278,20.0,0.04,2.0,16.0,337.0,337,13.48,15.79278,15.76833,18647,1
brainsaw|2022/08/03 12:33:01,sjones,2022/08/03 12:33:01,2022,brainsaw,1,SP56,SP56_M2ToS_Lesion_Experiment,SP56,2.278,2.278,20.0,0.04,2.0,1.0,322.0,322,12.88,8.75806,8.74028,17902,1
brainsaw|2022/08/04 12:08:24,sjones,2022/08/04 12:08:24,2022,brainsaw,1,SP57,SP57_M2ToS_Lesion_Experiment,SP57,2.278,2.278,20.0,0.04,2.0,1.0,271.0,339,13.56,8.22222,11.82139,18337,1
brainsaw|2022/08/05 11:52:10,sjones,2022/08/05 11:52:10,2022,brainsaw,1,SP59,SP59_M2Tos_Lesion_Expt,SP59,2.278,2.278,20.0,0.04,2.0,1.0,330.0,330,13.2,9.02583,9.01056,18484,1
brainsaw|2022/08/06 12:23:27,mrsic_flogel,2022/08/06 12:23:27,2022,brainsaw,5,SM_1126698;SM_1126700;SM_1126739;SM_1126740;SM_1126741,SM_1126698;SM_1126700;SM_1126739;SM_1126740;SM_1126741,SM,2.278,2.278,10.0,0.04,4.0,1.0,346.0,346,13.84,22.79361,22.75639,88068,1
brainsaw|2022/08/08 11:59:22,sjones,2022/08/08 11:59:22,2022,brainsaw,1,SP60,SP60_M2ToS_Lesion_Expt,SP60,2.278,2.278,20.0,0.04,2.0,1.0,337.0,337,13.48,8.53556,8.52389,17584,1
brainsaw|2022/08/09 12:00:46,sjones,2022/08/09 12:00:46,2022,brainsaw,1,SP61_remaining_anterior,SP61_remaining_anterior_M2ToS_Lesion_Expt,SP61,2.278,2.278,20.0,0.04,2.0,1.0,162.0,162,6.48,3.39111,3.37139,6626,1
brainsaw|2022/08/09 17:23:37,sjones,2022/08/09 17:23:37,2022,brainsaw,3,E250_TRN-test;E251_TRN-test;EJT192,E250_TRN-test;E251_TRN-test;EJT192,E250;E251;EJT192,2.278,2.278,20.0,0.04,2.0,1.0,341.0,304,12.16,11.84528,11.81444,38968,1
brainsaw|2022/08/10 11:42:17,sjones,2022/08/10 11:42:17,2022,brainsaw,1,SP62,SP62_M2ToS_Lesion_Expt,SP62,2.278,2.278,20.0,0.04,2.0,1.0,337.0,337,13.48,8.58833,8.57667,18125,1
brainsaw|2022/08/11 12:53:29,sjones,2022/08/11 12:53:29,2022,brainsaw,2,EJT215;EJT216,EJT215;EJT216,EJT215;EJT216,2.278,2.278,10.0,0.04,4.0,1.0,351.0,290,11.6,9.74194,9.71306,24986,1
brainsaw|2022/08/12 09:31:29,sjones,2022/08/12 09:31:29,2022,brainsaw,1,SP63,sion_ExptSP63_M2ToS_Le,SP63;sion,2.278,2.278,20.0,0.04,2.0,1.0,347.0,347,13.88,8.71028,8.70083,17818,1
brainsaw|2022/08/12 19:06:49,sjones,2022/08/12 19:06:49,2022,brainsaw,3,EJT191;EJT202;EJT203,EJT191;EJT202;EJT203,EJT191;EJT202;EJT203,2.278,2.278,20.0,0.04,2.0,1.0,289.0,252,10.08,10.31083,10.26944,30196,1
brainsaw|2022/08/13 12:15:10,mrsic_flogel,2022/08/13 12:15:10,2022,brainsaw,4,SM_1125617;SM_1126705;SM_insituRbp4;SM_insituSF1,SM_1125617;SM_1126705;SM_insituRbp4;SM_insituSF1,SM,4.033,4.033,6.7,0.04,6.0,1.0,357.0,71,2.84,3.3425,3.29417,12501,1
brainsaw|2022/08/14 15:56:44,mrsic_flogel,2022/08/14 15:56:44,2022,brainsaw,3,SM_1125617p1;SM_insiturbp4p1;SM_insitus11p1,SM_1125617p1;SM_insiturbp4p1;SM_insitus11p1,SM,2.278,2.278,20.0,0.04,2.0,1.0,260.0,266,10.64,11.44667,12.15972,40425,1
brainsaw|2022/08/15 08:48:59,mrsic_flogel,2022/08/15 08:48:59,2022,brainsaw,6,SOMSC2;SOMSC3;vLGChRLP1;vLGChRLP4;vLGLP1;vLGLP2,SOMSC2;SOMSC3;vLGChRLP1;vLGChRLP4;vLGLP1;vLGLP2,SOMSC2;SOMSC3;vLGChRLP1;vLGChRLP4;vLGLP1;vLGLP2,2.278,2.278,10.0,0.04,4.0,1.0,372.0,335,13.4,23.54972,23.48833,92942,1
brainsaw|2022/08/16 17:33:32,sjones,2022/08/16 17:33:32,2022,brainsaw,1,EJT224_ILthalamuslesion,EJT224_ILthalamuslesion,EJT224,2.278,2.278,5.0,0.04,8.0,1.0,316.0,316,12.64,9.88972,9.865,15411,1
brainsaw|2022/08/18 11:48:39,margrie,2022/08/18 11:48:39,2022,brainsaw,2,CT_SG_1117787;CT_SG_1117791,CT_SG_1117787;CT_SG_1117791,CT,2.278,2.278,5.0,0.05,10.0,10.0,230.0,230,11.5,13.60472,13.47556,27316,1
brainsaw|2022/08/19 12:31:16,branco,2022/08/19 12:31:16,2022,brainsaw,2,1101491;1101492,sample_1101491;sample_1101492,1101491;1101492;sample,4.033,4.033,10.0,0.04,4.0,1.0,300.0,300,12.0,11.64,11.60694,36918,1
brainsaw|2022/08/22 11:29:07,isogai,2022/08/22 11:29:07,2022,brainsaw,1,XC_1085596,XC_1085596,XC,2.278,2.278,5.0,0.04,8.0,1.0,381.0,351,14.04,11.16972,11.1475,17319,1
brainsaw|2022/08/23 11:49:18,margrie,2022/08/23 11:49:18,2022,brainsaw,1,CT_SG_1117792,CT_SG_1117792,CT,2.278,2.278,5.0,0.05,10.0,1.0,230.0,230,11.5,6.9,6.87778,12811,1
brainsaw|2022/08/24 11:22:16,isogai,2022/08/24 11:22:16,2022,brainsaw,2,XC_1085535;XC_1085592_somcre,XC_1085535_vgatcre;XC_1085592_somcre,XC,2.278,2.278,5.0,0.04,8.0,1.0,367.0,374,14.96,14.16389,18.41667,35481,1
brainsaw|2022/08/26 16:40:00,mrsic_flogel,2022/08/26 16:40:00,2022,brainsaw,4,LR_retro;L_CTB;L_retro;R_CTB,LR_retro;L_CTB;L_retro;R_CTB,L;LR;R,2.278,2.278,10.0,0.04,4.0,3.0,300.0,300,12.0,21.63,21.56583,58457,1
brainsaw|2022/08/30 16:08:11,akrami,2022/08/30 16:08:11,2022,brainsaw,1,2pe,VP_CAP28,2pe;VP,2.278,2.278,6.3,0.05,8.0,1.0,420.0,420,21.0,16.79611,16.77139,44570,1
brainsaw|2022/08/31 15:47:56,sjones,2022/08/31 15:47:56,2022,brainsaw,3,GRM2_baseline_i;GRM2_baseline_ii;GRM2_baseline_iii,GRM2_baseline_i;GRM2_baseline_ii;GRM2_baseline_iii,GRM2,2.278,2.278,5.0,0.04,8.0,1.0,341.0,334,13.36,16.34278,16.29583,42049,1
brainsaw|2022/09/01 14:59:48,margrie,2022/09/01 14:59:48,2022,brainsaw,1,SL_25deg_3mm,SL_25deg_3mm,SL,2.278,2.278,25.0,0.05,2.0,1.0,150.0,30,1.5,0.62139,0.60194,2054,1
brainsaw|2022/09/01 18:58:30,mrsic_flogel,2022/09/01 18:58:30,2022,brainsaw,1,SM_1126703_1126701_new,SM_1126703_1126701_new,SM,4.033,4.033,20.0,0.06,3.0,1.0,78.0,77,4.62,3.00222,2.96417,1980,1
brainsaw|2022/09/02 14:57:01,sjones,2022/09/02 14:57:01,2022,brainsaw,1,SP64,SP64_M2ToS_Lesion_Expt,SP64,2.278,2.278,20.0,0.04,2.0,1.0,332.0,332,13.28,9.0525,9.03694,17394,1
brainsaw|2022/09/03 12:49:19,mrsic_flogel,2022/09/03 12:49:19,2022,brainsaw,2,SM_1126083;SM_1126283,SM_1126083;SM_1126283,SM,4.033,4.033,10.0,0.04,4.0,1.0,340.0,340,13.6,18.36806,18.32722,39907,1
brainsaw|2022/09/05 11:46:33,margrie,2022/09/05 11:46:33,2022,brainsaw,2,25deg2mm_0.8mmbreg;30deg2mm_0.8mmbreg,sample_25deg2mm;sample_30deg2mm,25deg2mm;30deg2mm;sample,4.033,4.033,25.0,0.05,2.0,1.0,70.0,30,1.5,1.01222,0.98139,3952,1
brainsaw|2022/09/05 14:26:39,sjones,2022/09/05 14:26:39,2022,brainsaw,1,SP65,SP65_M2ToS_Lesion_Expt,SP65,2.278,2.278,20.0,0.04,2.0,1.0,335.0,335,13.4,9.44139,9.42361,17580,1
brainsaw|2022/09/06 11:41:37,sjones,2022/09/06 11:41:37,2022,brainsaw,1,SP66,SP66_M2ToS_Lesion_Expt,SP66,2.278,2.278,20.0,0.04,2.0,1.0,352.0,352,14.08,10.16083,10.15,19369,1
brainsaw|2022/09/07 12:19:44,sjones,2022/09/07 12:19:44,2022,brainsaw,1,SP67,SP67_M2ToS_Lesion_Expt,SP67,2.278,2.278,20.0,0.04,2.0,1.0,362.0,362,14.48,11.12306,11.10694,19987,1
brainsaw|2022/09/08 12:23:09,sjones,2022/09/08 12:23:09,2022,brainsaw,1,SP68,SP68_M2ToS_Lesion_Expt,SP68,2.278,2.278,20.0,0.04,2.0,1.0,338.0,338,13.52,10.6075,10.59333,19399,1
brainsaw|2022/09/09 10:04:44,sjones,2022/09/09 10:04:44,2022,brainsaw,1,SP70,SP70_M2ToS_Lesion_Expt,SP70,2.278,2.278,20.0,0.04,2.0,1.0,348.0,348,13.92,10.76083,10.74694,18374,1
brainsaw|2022/09/11 13:27:43,mrsic_flogel,2022/09/11 13:27:43,2022,brainsaw,1,SM_1127081,SM_1127081,SM,4.033,4.033,10.0,0.04,4.0,1.0,362.0,362,14.48,15.38833,15.36,40975,1
brainsaw|2022/09/12 12:20:00,sjones,2022/09/12 12:20:00,2022,brainsaw,3,YJ_03;YJ_04;YJ_05,YJ_03;YJ_04;YJ_05,YJ,4.033,4.033,20.0,0.04,2.0,2.0,385.0,353,14.12,18.14861,18.09917,56289,1
brainsaw|2022/09/14 12:21:42,mrsic_flogel,2022/09/14 12:21:42,2022,brainsaw,1,SM_1126837,SM_1126837,SM,4.033,4.033,10.0,0.04,4.0,1.0,354.0,354,14.16,8.67389,8.66111,17874,1
brainsaw|2022/09/15 11:16:57,histology;okeefe,2022/09/15 11:16:57,2022,brainsaw,2,Cristina_ratbrain_ROI_1;ROI_2,ROI_1;ROI_2,Cristina;ROI,4.033,4.033,25.0,0.05,2.0,1.0,295.0,295,14.75,19.80528,19.73694,81324,1
brainsaw|2022/09/20 16:40:49,sjones,2022/09/20 16:40:49,2022,brainsaw,1,EJT186_NP_HLesion,EJT186_NP_HLesion,EJT186,2.278,2.278,10.0,0.04,4.0,1.0,288.0,252,10.08,7.14806,7.12583,11855,1
brainsaw|2022/09/21 08:14:49,mrsic_flogel,2022/09/21 08:14:49,2022,brainsaw,6,PVChRLP1;PVChRLP2;vLGChRLP5;vLGChRLP6;vLGChRaLP1;vLGChRpLP1,PVChRLP1;PVChRLP2;vLGChRLP5;vLGChRLP6;vLGChRaLP1;vLGChRpLP1,PVChRLP1;PVChRLP2;vLGChRLP5;vLGChRLP6;vLGChRaLP1;vLGChRpLP1,2.278,2.278,10.0,0.04,4.0,1.0,368.0,266,10.64,24.4925,24.42639,119307,1
brainsaw|2022/09/22 11:57:30,margrie,2022/09/22 11:57:30,2022,brainsaw,4,SW_6671;SW_6855;SW_6877;SW_8264,SW_6671;SW_6855;SW_6877;SW_8264,SW,2.278,2.278,6.3,0.05,8.0,1.0,280.0,260,13.0,15.38583,15.33056,48030,1
brainsaw|2022/09/23 12:36:16,branco,2022/09/23 12:36:16,2022,brainsaw,2,1101863;1101864,sample_1101863;sample_1101864,1101863;1101864;sample,4.033,4.033,10.0,0.04,4.0,1.0,300.0,300,12.0,11.81111,11.77861,37682,1
brainsaw|2022/09/26 09:38:54,mrsic_flogel,2022/09/26 09:38:54,2022,brainsaw,2,vLGGFPLP1;vLGGFPLP2,vLGGFPLP1;vLGGFPLP2,vLGGFPLP1;vLGGFPLP2,1.667,1.667,10.0,0.04,4.0,1.0,300.0,300,12.0,9.13,9.10944,30968,1
brainsaw|2022/09/27 12:47:39,mrsic_flogel,2022/09/27 12:47:39,2022,brainsaw,1,SM_4321_Ephys,SM_4321_Ephys,SM,4.033,4.033,10.0,0.04,4.0,1.0,346.0,346,13.84,9.29667,9.2825,21855,1
brainsaw|2022/09/28 10:59:29,okeefe,2022/09/28 10:59:29,2022,brainsaw,2,1117679;1117680,ROI_1;ROI_2,1117679;1117680;ROI,2.278,2.278,25.0,0.05,2.0,1.0,269.0,269,13.45,19.77389,19.71111,92616,1
brainsaw|2022/09/29 10:17:12,okeefe,2022/09/29 10:17:12,2022,brainsaw,1,CM_1117681,CM_1117681,CM,2.278,2.278,25.0,0.05,2.0,1.0,275.0,275,13.75,13.32222,13.28167,50495,1
brainsaw|2022/09/30 12:05:32,margrie,2022/09/30 12:05:32,2022,brainsaw,1,SL_TS_15deg_450ml_1_5mm,SL_TS_15deg_450ml_1_5mm,SL,2.278,2.278,25.0,0.05,2.0,1.0,150.0,150,7.5,3.875,3.85222,10112,1
brainsaw|2022/10/01 12:05:50,mrsic_flogel,2022/10/01 12:05:50,2022,brainsaw,4,brainsaw;brainsaw;brainsaw;brainsaw,se010;se011;se012;se013,brainsaw;se010;se011;se012;se013,2.278,2.278,6.7,0.04,6.0,1.0,330.0,316,12.64,18.44694,18.38278,56968,1
brainsaw|2022/10/02 14:03:50,sjones,2022/10/02 14:03:50,2022,brainsaw,4,EJT211_strlesioncontrol;EJT212_strlesioncontrol;EJT213_strlesioncontrol;EJT214_strlesioncontrol,EJT211_strlesioncontrol;EJT212_strlesioncontrol;EJT213_strlesioncontrol;EJT214_strlesioncontrol,EJT211;EJT212;EJT213;EJT214,2.278,2.278,40.0,0.04,1.0,1.0,339.0,298,11.92,16.42056,16.38417,83450,1
brainsaw|2022/10/03 12:47:50,mrsic_flogel,2022/10/03 12:47:50,2022,brainsaw,1,sm_1125856_SOMaI14RGyfp,sm_1125856_SOMaI14RGyfp,sm,4.033,4.033,6.7,0.04,6.0,1.0,41.0,367,14.68,11.23694,11.22167,25845,1
brainsaw|2022/10/04 11:31:18,margrie,2022/10/04 11:31:18,2022,brainsaw,1,SW_7000,SW_7000,SW,2.278,2.278,5.0,0.05,10.0,2.0,241.0,241,12.05,9.52194,9.48444,14184,1
brainsaw|2022/10/06 13:39:22,mrsic_flogel,2022/10/06 13:39:22,2022,brainsaw,1,SM_1127399,SM_1127399,SM,2.278,2.278,10.0,0.04,4.0,1.0,369.0,362,14.48,9.92,9.90583,19110,1
brainsaw|2022/10/08 16:16:33,mrsic_flogel,2022/10/08 16:16:33,2022,brainsaw,4,brainsaw;brainsaw;brainsaw;brainsaw,SE_ACCV1;se014,SE;brainsaw;se014,2.278,2.278,13.3,0.04,3.0,1.0,221.0,357,14.28,19.39833,57.27111,69412,1
brainsaw|2022/10/11 17:09:43,isogai,2022/10/11 17:09:43,2022,brainsaw,2,trap10L;trap11R,trap10L;trap11R,trap10L;trap11R,2.278,2.278,5.0,0.04,8.0,1.0,427.0,378,15.12,15.78444,15.75389,40287,1
brainsaw|2022/10/14 15:14:39,mrsic_flogel,2022/10/14 15:14:39,2022,brainsaw,1,dop_50,dop_50,dop,2.278,2.278,25.0,0.05,2.0,2.0,361.0,310,15.5,7.21,7.19694,13960,1
brainsaw|2022/10/17 17:10:01,branco,2022/10/17 17:10:01,2022,brainsaw,1,YT_DiD_trajectories,YT_DiD_trajectories,YT,4.033,4.033,10.0,0.04,4.0,1.0,300.0,300,12.0,6.52111,6.50694,19298,1
brainsaw|2022/10/18 15:27:59,mrsic_flogel,2022/10/18 15:27:59,2022,brainsaw,4,SM_1126732;SM_1127534;SM_1127535;SM_1127537,SM_1126732;SM_1127534;SM_1127535;SM_1127537,SM,4.033,4.033,10.0,0.04,4.0,1.0,300.0,300,12.0,12.78889,12.75222,49725,1
brainsaw|2022/10/19 13:11:48,mrsic_flogel,2022/10/19 13:11:48,2022,brainsaw,4,SM_1123088;SM_1126736;SM_1127531;SM_1127536,SM_1123088;SM_1126736;SM_1127531;SM_1127536,SM,4.033,4.033,10.0,0.04,4.0,1.0,417.0,337,13.48,24.31222,24.28222,139553,1
brainsaw|2022/10/20 14:56:24,akrami,2022/10/20 14:56:24,2022,brainsaw,1,EM_28,EM_28,EM,2.278,2.278,7.1,0.05,7.0,1.0,276.0,276,13.8,10.04722,10.01083,28967,1
brainsaw|2022/10/24 16:22:27,margrie,2022/10/24 16:22:27,2022,brainsaw,3,SG_1118211;SG_1118214;SG_1118215,SG_1118211;SG_1118214;SG_1118215,SG,2.278,2.278,5.0,0.05,10.0,1.0,240.0,240,12.0,15.02778,14.97306,38451,1
brainsaw|2022/10/25 11:19:37,margrie,2022/10/25 11:19:37,2022,brainsaw,2,SG_1118218;SG_1118219,SG_1118218;SG_1118219,SG,2.278,2.278,5.0,0.05,10.0,1.0,240.0,240,12.0,10.54778,10.51444,25171,1
brainsaw|2022/10/26 14:54:48,margrie,2022/10/26 14:54:48,2022,brainsaw,1,SW_7917,SW_1117917,SW,2.278,2.278,5.0,0.05,10.0,1.0,270.0,270,13.5,8.57306,8.55056,14766,1
brainsaw|2022/10/28 14:33:07,branco;margrie,2022/10/28 14:33:07,2022,brainsaw,2,1118404;histology,sample_1118404;sample_1118406,1118404;histology;sample,4.033,4.033,10.0,0.04,4.0,1.0,250.0,250,10.0,10.39,10.36028,34080,1
brainsaw|2022/10/29 18:43:35,mrsic_flogel,2022/10/29 18:43:35,2022,brainsaw,2,FiberPosTest1;FiberPosTest2,FiberPosTest1;FiberPosTest2,FiberPosTest1;FiberPosTest2,4.033,4.033,20.0,0.04,2.0,1.0,266.0,265,10.6,10.755,9.76222,28842,1
brainsaw|2022/10/31 11:51:17,margrie,2022/10/31 11:51:17,2022,brainsaw,1,SW_4f,SW_4f,SW,2.278,2.278,5.0,0.05,10.0,2.0,240.0,151,7.55,4.26778,4.24917,4440,1
brainsaw|2022/10/31 18:20:05,margrie,2022/10/31 18:20:05,2022,brainsaw,1,SW_13f,SW_13f,SW,2.278,2.278,5.0,0.05,10.0,4.0,200.0,189,9.45,6.43389,6.41806,5296,1
brainsaw|2022/11/01 11:09:36,isogai,2022/11/01 11:09:36,2022,brainsaw,2,SB_TRAP_07;SB_TRAP_09,SB_TRAP_07;SB_TRAP_09,SB,2.278,2.278,5.0,0.04,8.0,1.0,423.0,392,15.68,18.39917,18.37028,39851,1
brainsaw|2022/11/07 11:11:41,mrsic_flogel,2022/11/07 11:11:41,2022,brainsaw,4,brainsaw;brainsaw;brainsaw;brainsaw,se004;se005;se006;se008,brainsaw;se004;se005;se006;se008,2.278,2.278,20.0,0.04,2.0,10.0,341.0,273,10.92,24.02528,23.94278,52700,1
brainsaw|2022/11/08 13:53:33,mrsic_flogel,2022/11/08 13:53:33,2022,brainsaw,2,SM_1125568;SM_1127993,SM_1125568;SM_1127998,SM,4.033,4.033,10.0,0.04,4.0,1.0,365.0,365,14.6,15.71056,15.69111,45086,1
brainsaw|2022/11/09 14:52:13,margrie,2022/11/09 14:52:13,2022,brainsaw,2,1118405;1118407,sample_1118405;sample_1118407,1118405;1118407;sample,4.033,4.033,10.0,0.04,4.0,1.0,270.0,270,10.8,11.12417,11.09417,33857,1
brainsaw|2022/11/10 11:44:20,margrie,2022/11/10 11:44:20,2022,brainsaw,1,SW_12m,SW_12m,SW,2.278,2.278,5.0,0.05,10.0,4.0,200.0,145,7.25,5.08,5.05528,4064,1
brainsaw|2022/11/10 18:42:24,margrie,2022/11/10 18:42:24,2022,brainsaw,1,SW_14f,SW_14f,SW,2.278,2.278,5.0,0.05,10.0,4.0,200.0,146,7.3,4.93806,4.91528,4162,1
brainsaw|2022/11/11 11:50:27,margrie,2022/11/11 11:50:27,2022,brainsaw,2,SW_ZF28;SW_ZF69,SW_ZF28;SW_ZF69,SW,2.278,2.278,5.0,0.05,10.0,2.0,281.0,201,10.05,11.08556,11.05639,21718,1
brainsaw|2022/11/14 11:39:15,margrie,2022/11/14 11:39:15,2022,brainsaw,1,SW_7m,SW_7m,SW,2.278,2.278,5.0,0.05,10.0,4.0,197.0,124,6.2,4.13389,4.10972,3563,1
brainsaw|2022/11/14 19:18:34,margrie,2022/11/14 19:18:34,2022,brainsaw,1,SW_11m,SW_11m,SW,2.278,2.278,5.0,0.05,10.0,4.0,200.0,163,8.15,5.69917,5.66833,5109,1
brainsaw|2022/11/15 11:19:26,branco,2022/11/15 11:19:26,2022,brainsaw,4,CA_DMS&NAc_044;CA_DMS&NAc_047;CA_DMS&NAc_048;CA_OFC_051,sample_044_1098600;sample_047_1098603;sample_048_1098676;sample_051_1098758,CA;sample,4.033,4.033,20.0,0.04,2.0,4.0,393.0,313,12.52,21.57333,21.51861,69855,1
brainsaw|2022/11/16 09:57:58,mrsic_flogel,2022/11/16 09:57:58,2022,brainsaw,4,vLGhSynLP1;vLGhSynLP2;vglutChRLP1;vglutChRLP2,vLGhSynLP1;vLGhSynLP2;vglutChRLP1;vglutChRLP2,vLGhSynLP1;vLGhSynLP2;vglutChRLP1;vglutChRLP2,2.278,2.278,10.0,0.04,4.0,1.0,300.0,300,12.0,15.76417,15.71806,58507,1
brainsaw|2022/11/17 11:48:49,sjones,2022/11/17 11:48:49,2022,brainsaw,2,1098660_DATtom_unilateral_ChR2TS;1098662_DATtom_bilateral_ChR2TS,bilateral;unilateral,1098660;1098662;bilateral;unilateral,2.278,2.278,20.0,0.04,2.0,1.0,383.0,347,13.88,12.56667,12.54028,36008,1
brainsaw|2022/11/18 13:09:25,mrsic_flogel,2022/11/18 13:09:25,2022,brainsaw,3,long;none;short,long;none;short,long;none;short,4.033,4.033,20.0,0.04,2.0,1.0,401.0,306,12.24,12.78139,12.74583,47734,1
brainsaw|2022/11/22 12:04:59,sjones,2022/11/22 12:04:59,2022,brainsaw,3,YJ_DATTOM1;YJ_DATTOM2;YJ_DATTOM3_ChR2,YJ_221122_DATTOM;YJ_DATTOM2;YJ_DATTOM3_ChR2,YJ,1.667,1.667,5.0,0.04,8.0,1.0,95.0,349,13.96,19.81917,19.95917,55472,0
brainsaw|2022/11/23 15:40:33,margrie,2022/11/23 15:40:33,2022,brainsaw,1,CT_SG_1118210,CT_SG_1118210,CT,2.278,2.278,10.0,0.05,5.0,1.0,276.0,276,13.8,7.51528,7.49889,15141,1
brainsaw|2022/11/28 13:06:23,mrsic_flogel,2022/11/28 13:06:23,2022,brainsaw,1,SM_EphysinVitro_11_tdtom_HVAChR2,SM_EphysinVitro_11_tdtom_HVAChR2,SM,4.033,4.033,10.0,0.04,4.0,1.0,366.0,366,14.64,9.49278,9.47722,18936,1
brainsaw|2022/11/29 12:10:46,mrsic_flogel,2022/11/29 12:10:46,2022,brainsaw,1,SM_CTB_1128217,SM_CTB_1128217,SM,4.033,4.033,10.0,0.04,4.0,1.0,381.0,381,15.24,10.99167,10.97639,20615,1
brainsaw|2022/11/30 10:17:47,mrsic_flogel,2022/11/30 10:17:47,2022,brainsaw,4,PVM4D2;PVM4D3;PVTdT1;PVTdT2,PVM4D2;PVM4D3;PVTdT1;PVTdT2,PVM4D2;PVM4D3;PVTdT1;PVTdT2,2.278,2.278,10.0,0.04,4.0,1.0,300.0,300,12.0,17.54167,17.49667,63930,1
brainsaw|2022/12/02 17:14:45,margrie,2022/12/02 17:14:45,2022,brainsaw,3,CT_AK_WT_1118554;CT_BY_1117976;CT_BY_1117977,CT_AK_WT_1118554;CT_BY_1117976;CT_BY_1117977,CT,2.278,2.278,10.0,0.05,5.0,1.0,254.0,237,11.85,10.21306,10.17528,36683,1
brainsaw|2022/12/06 15:35:28,branco,2022/12/06 15:35:28,2022,brainsaw,1,YI_1101872,YI_1101872,YI,4.033,4.033,10.0,0.04,4.0,1.0,270.0,270,10.8,7.34194,7.32167,17299,1
brainsaw|2022/12/07 14:31:46,branco,2022/12/07 14:31:46,2022,brainsaw,2,CA_OFC_050;CA_mPFC_054,CA_050_20221207;CA_054_20221207,CA,4.033,4.033,20.0,0.04,2.0,2.0,397.0,384,15.36,15.25611,15.22556,42301,1
brainsaw|2022/12/08 13:58:27,margrie,2022/12/08 13:58:27,2022,brainsaw,2,SW_8408;SW_8409,sample_1118408;sample_1118409,SW;sample,2.278,2.278,5.0,0.05,10.0,1.0,267.0,267,13.35,13.81361,13.7725,29717,1
brainsaw|2022/12/13 09:13:41,mrsic_flogel,2022/12/13 09:13:41,2022,brainsaw,1,SM_1128220,SM_1128220,SM,4.033,4.033,20.0,0.04,2.0,1.0,353.0,301,12.04,7.79083,7.77444,18060,1
brainsaw|2022/12/13 17:37:48,sjones,2022/12/13 17:37:48,2022,brainsaw,4,EJT210;EJT225;EJT225_226_210;EJT226,EJT210;EJT225;EJT225_226_210;EJT226,EJT210;EJT225;EJT226,2.278,2.278,40.0,0.04,1.0,1.0,367.0,289,11.56,12.07667,12.04472,45875,1
brainsaw|2022/12/14 09:28:28,mrsic_flogel,2022/12/14 09:28:28,2022,brainsaw,1,SM_1128219,SM_1128219,SM,2.278,2.278,20.0,0.04,2.0,1.0,337.0,250,10.0,6.75806,6.7375,15021,1
brainsaw|2022/12/14 16:37:33,mrsic_flogel,2022/12/14 16:37:33,2022,brainsaw,2,SM_1128218;SM_1128220,SM_1128218;SM_1128220,SM,4.033,4.033,10.0,0.04,4.0,1.0,354.0,354,14.16,13.27222,13.25333,39708,1
brainsaw|2022/12/18 09:42:34,mrsic_flogel,2022/12/18 09:42:34,2022,brainsaw,3,VMH_1128326;vLGFPACC1;vLGFPACC3,VMH_1128326;vLGFPACC1;vLGFPACC3,VMH;vLGFPACC1;vLGFPACC3,2.278,2.278,10.0,0.04,4.0,1.0,330.0,330,13.2,13.22639,13.19417,46259,1
brainsaw|2022/12/19 17:28:13,isogai,2022/12/19 17:28:13,2022,brainsaw,4,SB037;SB041;SB042;SB045,SB037;SB041;SB042;SB045,SB037;SB041;SB042;SB045,4.033,4.033,20.0,0.04,2.0,1.0,377.0,361,14.44,15.96611,15.92389,76396,1
brainsaw|2022/12/20 10:43:42,okeefe,2022/12/20 10:43:42,2022,brainsaw,2,ROI_1;ROI_2,ROI_1;ROI_2,ROI,4.033,4.033,25.0,0.05,2.0,1.0,298.0,298,14.9,20.07194,20.01972,84575,1
brainsaw|2022/12/21 13:36:23,margrie,2022/12/21 13:36:23,2022,brainsaw,4,1118350;1118352;1118353;calcacre_tdtom,calcacre_tdtom;sample_1118350;sample_1118352;sample_1118353,1118350;1118352;1118353;calcacre;sample,2.278,2.278,12.5,0.05,4.0,1.0,210.0,210,10.5,15.06028,15.01556,58734,1
brainsaw|2022/12/22 12:57:03,margrie,2022/12/22 12:57:03,2022,brainsaw,2,SW_8888;SW_8889,sample_1118888;sample_1118889,SW;sample,2.278,2.278,5.0,0.05,10.0,1.0,274.0,274,13.7,13.25944,13.22333,27273,1
brainsaw|2022/12/23 17:12:38,mrsic_flogel,2022/12/23 17:12:38,2022,brainsaw,3,NV_vLGPACC4;SM_1128919;SM_1128921,NV_vLGPACC4;SM_1128919;SM_1128921,NV;SM,4.033,4.033,40.0,0.04,4.0,1.0,396.0,373,14.92,16.68111,16.64778,61523,1
brainsaw|2022/12/28 14:19:46,mrsic_flogel,2022/12/28 14:19:46,2022,brainsaw,1,SM_1127695,SM_1127695,SM,4.033,4.033,10.0,0.04,4.0,1.0,354.0,354,14.16,9.56694,9.54917,20357,1
brainsaw|2023/01/02 13:03:12,sjones,2023/01/02 13:03:12,2023,brainsaw,1,EJT239_TRN,EJT239_TRN,EJT239,2.278,2.278,10.0,0.04,4.0,1.0,316.0,316,12.64,8.15694,8.14083,13822,1
brainsaw|2023/01/03 15:33:27,sjones,2023/01/03 15:33:27,2023,brainsaw,1,EJT238_TRN_NP,EJT238_TRN_NP,EJT238,2.278,2.278,10.0,0.04,4.0,1.0,314.0,314,12.56,8.36111,8.34333,14123,1
brainsaw|2023/01/04 13:21:37,margrie,2023/01/04 13:21:37,2023,brainsaw,4,SW_7133;SW_7250;SW_7251;SW_7524,SW_7133;SW_7250;SW_7251;SW_7524,SW,2.278,2.278,6.3,0.05,8.0,1.0,280.0,268,13.4,16.49222,16.44333,50669,1
brainsaw|2023/01/06 15:20:32,mrsic_flogel,2023/01/06 15:20:32,2023,brainsaw,1,SM_1128325,SM_1128325,SM,1.667,1.667,10.0,0.04,4.0,1.0,351.0,351,14.04,9.83417,9.81556,18487,1
brainsaw|2023/01/07 13:23:58,mrsic_flogel,2023/01/07 13:23:58,2023,brainsaw,3,brainsaw;brainsaw;brainsaw,SE_30_32;se030;se031,SE;brainsaw;se030;se031,2.278,2.278,20.0,0.04,2.0,1.0,314.0,314,12.56,18.34222,18.30306,82769,1
brainsaw|2023/01/08 15:12:25,mrsic_flogel,2023/01/08 15:12:25,2023,brainsaw,2,brainsaw;brainsaw,se028;se029,brainsaw;se028;se029,2.278,2.278,20.0,0.04,2.0,5.0,359.0,298,11.92,12.74472,12.70667,28539,1
brainsaw|2023/01/09 13:18:25,mrsic_flogel,2023/01/09 13:18:25,2023,brainsaw,1,SM_1129529f,SM_1129529f,SM,1.268,1.268,10.0,0.04,4.0,1.0,360.0,360,14.4,18.80556,18.76694,18770,1
brainsaw|2023/01/10 13:20:35,mrsic_flogel,2023/01/10 13:20:35,2023,brainsaw,1,SM_1126530,SM_1126530,SM,1.268,1.268,10.0,0.04,4.0,1.0,343.0,343,13.72,11.36639,11.34278,18596,1
brainsaw|2023/01/11 14:50:04,margrie,2023/01/11 14:50:04,2023,brainsaw,1,CT_CX_1118491,CT_CX_1118491,CT,2.278,2.278,5.0,0.05,10.0,4.0,240.0,240,12.0,11.79194,11.755,12160,1
brainsaw|2023/01/12 10:27:50,margrie,2023/01/12 10:27:50,2023,brainsaw,1,SL_1110925,SL_1110925,SL,4.033,4.033,50.0,0.05,1.0,1.0,100.0,64,3.2,1.50528,1.48306,4281,1
brainsaw|2023/01/12 15:08:47,margrie,2023/01/12 15:08:47,2023,brainsaw,3,CT_SG_1118561;CT_SG_1118566;CT_SG_1118567,CT_SG_1118561;CT_SG_1118561_1118566_1118567;CT_SG_1118566,CT,2.278,2.278,5.0,0.05,10.0,1.0,250.0,250,12.5,17.17417,17.11139,40197,1
brainsaw|2023/01/13 14:24:20,sjones,2023/01/13 14:24:20,2023,brainsaw,1,EJT149_hlesion,EJT149_hlesion,EJT149,2.278,2.278,10.0,0.1,10.0,1.0,129.0,129,12.9,4.26028,4.22611,5988,1
brainsaw|2023/01/14 16:48:28,mrsic_flogel,2023/01/14 16:48:28,2023,brainsaw,2,34731R;347370LR,sample_34731R;sample_347370LR,34731R;347370LR;sample,2.278,2.278,20.0,0.04,2.0,1.0,282.0,282,11.28,12.47361,12.43944,26551,1
brainsaw|2023/01/16 14:50:38,akrami,2023/01/16 14:50:38,2023,brainsaw,1,EM_41,EM_41,EM,2.278,2.278,10.0,0.05,5.0,1.0,295.0,277,13.85,10.28222,10.25194,29118,1
brainsaw|2023/01/17 14:45:14,branco,2023/01/17 14:45:14,2023,brainsaw,1,CA_DMS&NAc_057_20230117,CA_057_20230117,CA,4.033,4.033,20.0,0.04,2.0,1.0,233.0,169,6.76,4.91444,4.88639,8266,1
brainsaw|2023/01/18 13:22:28,margrie,2023/01/18 13:22:28,2023,brainsaw,1,SL_1118693,SL_1118693,SL,1.268,1.268,10.0,0.05,5.0,1.0,210.0,210,10.5,9.65944,9.63361,25247,1
brainsaw|2023/01/19 10:28:32,okeefe,2023/01/19 10:28:32,2023,brainsaw,2,ROI_1;ROI_2,ROI_1;ROI_2,ROI,4.033,4.033,50.0,0.05,1.0,2.0,331.0,309,15.45,23.29278,23.23417,131107,1
brainsaw|2023/01/20 10:56:55,mrsic_flogel,2023/01/20 10:56:55,2023,brainsaw,5,vLGSCHalo1;vLGSCHalo2;vLGSCHalo3;vLGSCHalo4;vLGSCHalo5,vLGSCHalo1;vLGSCHalo2;vLGSCHalo3;vLGSCHalo4;vLGSCHalo5,vLGSCHalo1;vLGSCHalo2;vLGSCHalo3;vLGSCHalo4;vLGSCHalo5,2.278,2.278,10.0,0.04,4.0,1.0,250.0,250,10.0,17.67889,17.62167,73349,1
brainsaw|2023/01/23 11:52:46,margrie,2023/01/23 11:52:46,2023,brainsaw,1,SL_1110923,SL_1110923,SL,2.278,2.278,50.0,0.05,1.0,1.0,128.0,128,6.4,3.77083,3.74806,10459,1
brainsaw|2023/01/24 10:41:45,margrie,2023/01/24 10:41:45,2023,brainsaw,1,SL_1118496,SL_1118496,SL,1.268,1.268,10.0,0.05,5.0,1.0,247.0,247,12.35,6.96611,6.945,13517,1
brainsaw|2023/01/25 11:16:52,branco,2023/01/25 11:16:52,2023,brainsaw,1,YI_1102640,YI_1102640,YI,4.033,4.033,10.0,0.04,4.0,1.0,320.0,320,12.8,8.05861,8.04556,17448,1
brainsaw|2023/01/26 11:36:08,margrie,2023/01/26 11:36:08,2023,brainsaw,1,SL_1110924,SL_1110924,SL,2.278,2.278,25.0,0.05,2.0,1.0,210.0,210,10.5,5.21167,5.19417,12227,1
brainsaw|2023/01/27 10:15:30,mrsic_flogel,2023/01/27 10:15:30,2023,brainsaw,3,vLGLPHalo1;vLGLPHalo2;vLGLPHalo3,vLGLPHalo1;vLGLPHalo2;vLGLPHalo3,vLGLPHalo1;vLGLPHalo2;vLGLPHalo3,1.268,1.268,10.0,0.04,4.0,1.0,250.0,250,10.0,14.14444,14.10528,43726,1
brainsaw|2023/01/30 14:50:35,branco,2023/01/30 14:50:35,2023,brainsaw,1,YI_1101879,YI_1101879,YI,2.278,2.278,10.0,0.04,4.0,1.0,320.0,320,12.8,8.0275,8.00944,16344,1
brainsaw|2023/02/02 16:58:24,akrami,2023/02/02 16:58:24,2023,brainsaw,1,2pe,VP_CAP33,2pe;VP,2.278,2.278,6.3,0.05,8.0,1.0,452.0,397,19.85,16.58,16.555,42949,1
brainsaw|2023/02/03 12:57:28,margrie,2023/02/03 12:57:28,2023,brainsaw,1,SL_1119322,SL_1119322,SL,2.278,2.278,25.0,0.05,2.0,1.0,210.0,210,10.5,5.02722,5.01083,12384,1
brainsaw|2023/02/04 20:25:08,mrsic_flogel;murray,2023/02/04 20:25:08,2023,brainsaw,4,1120795;1122808;1129535;1129537,sample_1120795;sample_1122808;sample_1129535;sample_1129537,1120795;1122808;1129535;1129537;sample,2.278,2.278,20.0,0.04,2.0,3.0,400.0,397,15.88,22.82667,22.79417,74742,1
brainsaw|2023/02/06 10:33:27,okeefe,2023/02/06 10:33:27,2023,brainsaw,2,ROI_1;ROI_2,ROI_1;ROI_2,ROI,2.278,2.278,25.0,0.05,2.0,1.0,305.0,305,15.25,25.61306,25.55361,120081,1
brainsaw|2023/02/08 20:15:36,mrsic_flogel,2023/02/08 20:15:36,2023,brainsaw,1,brainsaw,se021,brainsaw;se021,2.278,2.278,12.5,0.05,4.0,10.0,236.0,211,10.55,11.99361,11.93639,11347,1
brainsaw|2023/02/09 12:59:28,branco,2023/02/09 12:59:28,2023,brainsaw,2,YI_1102983;YI_1102985,YI_1102923_1102985;YI_1102985,YI,2.278,2.278,10.0,0.04,4.0,1.0,270.0,250,10.0,10.93917,10.90667,31029,1
brainsaw|2023/02/10 18:59:20,mrsic_flogel,2023/02/10 18:59:20,2023,brainsaw,1,brainsaw,SE022,SE022;brainsaw,2.278,2.278,10.0,0.04,4.0,1.0,284.0,182,7.28,5.60806,5.58139,10943,1
brainsaw|2023/02/12 16:46:56,mrsic_flogel,2023/02/12 16:46:56,2023,brainsaw,4,SM_1128708;SM_1129091;SM_1129093;SM_1129094,SM_1128708;SM_1128708_1129091__1129094_1129093;SM_1129091;SM_1129094,SM,1.667,1.667,6.7,0.04,6.0,1.0,390.0,372,14.88,21.55472,21.57528,78240,1
brainsaw|2023/02/13 15:06:14,margrie,2023/02/13 15:06:14,2023,brainsaw,3,CT_SG_1118878;CT_SG_1118881;CT_SG_1118953,CT_SG_1118878;CT_SG_1118881;CT_SG_1118953,CT,2.278,2.278,5.0,0.05,10.0,1.0,270.0,270,13.5,16.02333,15.97056,37188,1
brainsaw|2023/02/14 10:52:04,margrie,2023/02/14 10:52:04,2023,brainsaw,1,SW_0919,SW_0919,SW,2.278,2.278,5.0,0.05,10.0,4.0,290.0,271,13.55,12.59,12.54972,13154,1
brainsaw|2023/02/15 10:27:44,margrie,2023/02/15 10:27:44,2023,brainsaw,2,SW_7884;SW_8487,SW_7884;SW_8487,SW,2.278,2.278,5.0,0.05,10.0,2.0,280.0,278,13.9,14.76667,14.7175,27806,1
brainsaw|2023/02/17 13:43:08,mrsic_flogel,2023/02/17 13:43:08,2023,brainsaw,4,PB_1128144;SM_1129091_FPHVA;SM_1129095;SM_1129532,PB_1128144;SM_1129091;SM_1129095;SM_1129532,PB;SM,1.667,1.667,20.0,0.04,2.0,1.0,406.0,374,14.96,18.88778,18.86056,72905,1
brainsaw|2023/02/20 12:19:19,margrie,2023/02/20 12:19:19,2023,brainsaw,4,1119008;1119009;1119010;1119011,sample_1119008;sample_1119009;sample_1119010;sample_1119011,1119008;1119009;1119010;1119011;sample,2.278,2.278,5.0,0.05,10.0,1.0,270.0,267,13.35,20.24472,20.18556,53241,1
brainsaw|2023/02/21 09:32:21,mrsic_flogel,2023/02/21 09:32:21,2023,brainsaw,5,vLGLPHalo4;vLGLPHalo5;vLGLPHalo6;vLGLPHalo7;vLGLPHalo8,vLGLPHalo4;vLGLPHalo5;vLGLPHalo6;vLGLPHalo7;vLGLPHalo8,vLGLPHalo4;vLGLPHalo5;vLGLPHalo6;vLGLPHalo7;vLGLPHalo8,1.667,1.667,10.0,0.04,4.0,1.0,250.0,250,10.0,20.24861,20.18972,78235,1
brainsaw|2023/02/22 11:40:20,mrsic_flogel,2023/02/22 11:40:20,2023,brainsaw,1,SM_1130489,SM_1130489,SM,1.667,1.667,10.0,0.04,4.0,4.0,285.0,239,9.56,11.49,11.44528,14546,1
brainsaw|2023/02/23 11:17:51,mrsic_flogel,2023/02/23 11:17:51,2023,brainsaw,2,SM_1130488;SM_1130490,SM_1130488_1130490,SM,2.278,2.278,6.7,0.04,6.0,2.0,347.0,294,11.76,13.62806,13.67139,27730,1
brainsaw|2023/02/27 11:19:32,mrsic_flogel,2023/02/27 11:19:32,2023,brainsaw,3,MA_RabV_A1129368;MA_RabV_LP1129434;MA_RabV_RP1128808,MA_RabV_A1129368;MA_RabV_LP1129434;MA_RabV_RP1128808,MA,2.278,2.278,4.0,0.04,10.0,3.0,372.0,350,14.0,30.50694,30.41194,49611,1
brainsaw|2023/03/01 14:08:44,mrsic_flogel,2023/03/01 14:08:44,2023,brainsaw,4,1123240;1125691;1125871;1129249,sample_1123240;sample_1125691;sample_1125871;sample_1129249,1123240;1125691;1125871;1129249;sample,2.278,2.278,10.0,0.04,4.0,2.0,300.0,300,12.0,17.2475,17.20361,61424,1
brainsaw|2023/03/02 15:12:01,branco,2023/03/02 15:12:01,2023,brainsaw,2,1102999;1103002,sample_1102999;sample_1103002,1102999;1103002;sample,2.278,2.278,5.0,0.04,8.0,1.0,240.0,240,9.6,10.44611,10.41417,27626,1
brainsaw|2023/03/03 12:10:13,sjones,2023/03/03 12:10:13,2023,brainsaw,1,TS8_1099220,YJ_TS8_1099220,TS8;YJ,1.667,1.667,10.0,0.02,2.0,1.0,500.0,500,10.0,17.60444,17.585,29994,1
brainsaw|2023/03/04 11:24:39,mrsic_flogel,2023/03/04 11:24:39,2023,brainsaw,2,brainsaw;brainsaw,se036;se041,brainsaw;se036;se041,2.278,2.278,8.0,0.04,5.0,1.0,354.0,252,10.08,9.90806,9.87306,29149,1
brainsaw|2023/03/04 22:23:15,mrsic_flogel,2023/03/04 22:23:15,2023,brainsaw,4,brainsaw;brainsaw;brainsaw;brainsaw,se033;se038;se039;se042,brainsaw;se033;se038;se039;se042,2.278,2.278,8.0,0.04,5.0,1.0,304.0,287,11.48,17.12278,17.06972,58822,1
brainsaw|2023/03/07 11:43:33,mrsic_flogel,2023/03/07 11:43:33,2023,brainsaw,4,1124619;1125872;1127314;1128457,sample_1124619;sample_1125872;sample_1127314;sample_1128457,1124619;1125872;1127314;1128457;sample,2.278,2.278,10.0,0.04,4.0,1.0,250.0,250,10.0,20.35917,20.31528,58957,1
brainsaw|2023/03/08 11:17:17,mrsic_flogel,2023/03/08 11:17:17,2023,brainsaw,4,1125776;1126004;1126807;1126810,sample_1125776;sample_1126004;sample_1126807;sample_1126810,1125776;1126004;1126807;1126810;sample,4.033,4.033,10.0,0.04,4.0,4.0,300.0,300,12.0,22.23417,22.16694,66401,1
brainsaw|2023/03/09 12:53:36,mrsic_flogel,2023/03/09 12:53:36,2023,brainsaw,4,1123526;1126562;1126622;1127015,sample_1123526;sample_1126562;sample_1126622;sample_1127015,1123526;1126562;1126622;1127015;sample,4.033,4.033,10.0,0.04,4.0,4.0,300.0,285,11.4,21.25833,21.18667,63776,1
brainsaw|2023/03/10 11:47:05,sjones,2023/03/10 11:47:05,2023,brainsaw,1,TS7,YJ_TS7,TS7;YJ,1.667,1.667,10.0,0.04,4.0,1.0,308.0,308,12.32,10.76389,10.7375,15094,1
brainsaw|2023/03/13 10:58:15,mrsic_flogel,2023/03/13 10:58:15,2023,brainsaw,4,brainsaw;brainsaw;brainsaw;brainsaw,se024;se026;se035;se037,brainsaw;se024;se026;se035;se037,2.278,2.278,10.0,0.04,4.0,1.0,357.0,329,13.16,17.00639,16.95889,59798,1
brainsaw|2023/03/14 11:33:44,sjones,2023/03/14 11:33:44,2023,brainsaw,2,TS4;TS6,TS4;TS6,TS4;TS6,1.667,1.667,10.0,0.02,2.0,1.0,500.0,468,9.36,22.26222,22.23389,63885,1
brainsaw|2023/03/15 11:08:53,sjones,2023/03/15 11:08:53,2023,brainsaw,2,TS1;TS2,TS1;TS2,TS1;TS2,1.667,1.667,10.0,0.04,4.0,1.0,387.0,328,13.12,15.78472,15.74556,33340,1
brainsaw|2023/03/16 11:02:27,mrsic_flogel,2023/03/16 11:02:27,2023,brainsaw,3,SM_1130094;SM_1130215;SM_1130219,SM_1130094;SM_1130215;SM_1130219,SM,1.667,1.667,10.0,0.04,4.0,1.0,350.0,313,12.52,15.50333,15.46167,46832,1
brainsaw|2023/03/17 10:28:35,mrsic_flogel,2023/03/17 10:28:35,2023,brainsaw,1,SM_1130203,SM_1130203,SM,1.667,1.667,10.0,0.04,4.0,1.0,315.0,314,12.56,10.58111,10.55611,18259,1
brainsaw|2023/03/18 11:34:37,mrsic_flogel,2023/03/18 11:34:37,2023,brainsaw,4,MA_1126561;MA_1126621;MA_1127161;MA_1127868,MA_1126561;MA_1126621;MA_1127161;MA_1127868,MA,4.033,4.033,10.0,0.04,4.0,4.0,300.0,300,12.0,23.01611,22.94972,70104,1
brainsaw|2023/03/19 17:27:09,mrsic_flogel,2023/03/19 17:27:09,2023,brainsaw,2,PB_1130098;SM_1130498,PB_1130098;SM_1130498,PB;SM,2.278,2.278,10.0,0.04,4.0,1.0,318.0,318,12.72,11.59722,11.57889,32555,1
brainsaw|2023/03/20 13:09:19,mrsic_flogel,2023/03/20 13:09:19,2023,brainsaw,4,MA_1125465;MA_1126001;MA_1127869;MA_1127873,MA_1125465;MA_1126001;MA_1127869;MA_1127873,MA,4.033,4.033,10.0,0.04,4.0,4.0,300.0,194,7.76,21.04833,20.97778,56555,1
brainsaw|2023/03/21 11:22:25,mrsic_flogel,2023/03/21 11:22:25,2023,brainsaw,2,MA_1121228;MA_1127778,MA_1121228;MA_1127778,MA,4.033,4.033,20.0,0.04,2.0,4.0,366.0,251,10.04,11.59472,11.55722,30676,1
brainsaw|2023/03/22 10:09:32,mrsic_flogel,2023/03/22 10:09:32,2023,brainsaw,6,vLGNHalo1;vLGNHalo2;vLGNHalo3;vLGNHalo4;vLGNHalo5;vLGNHalo6,vLGNHalo1;vLGNHalo2;vLGNHalo3;vLGNHalo4;vLGNHalo5;vLGNHalo6,vLGNHalo1;vLGNHalo2;vLGNHalo3;vLGNHalo4;vLGNHalo5;vLGNHalo6,2.278,2.278,10.0,0.04,4.0,1.0,260.0,236,9.44,23.30861,23.24194,89437,1
brainsaw|2023/03/23 13:30:44,mrsic_flogel,2023/03/23 13:30:44,2023,brainsaw,4,1121295;1122863;1124624;1125465,sample_1121295;sample_1122863;sample_1124624;sample_1125465,1121295;1122863;1124624;1125465;sample,4.033,4.033,20.0,0.04,2.0,4.0,300.0,300,12.0,17.75583,17.70361,66736,1
brainsaw|2023/03/24 16:49:56,mrsic_flogel,2023/03/24 16:49:56,2023,brainsaw,2,1128809;1128811,sample_1128809;sample_1128811,1128809;1128811;sample,2.278,2.278,4.0,0.04,10.0,3.0,389.0,264,10.56,20.65444,20.59111,30558,1
brainsaw|2023/03/27 11:06:52,mrsic_flogel,2023/03/27 11:06:52,2023,brainsaw,1,BJG_347694L,BJG_347694L,BJG,4.033,4.033,20.0,0.04,2.0,4.0,338.0,338,13.52,10.49278,10.46694,17964,1
brainsaw|2023/03/28 11:46:55,mrsic_flogel,2023/03/28 11:46:55,2023,brainsaw,2,BJG_CTB_Ctx;BJG_CTB_Str,BJG_CTB_Ctx;BJG_CTB_Str,BJG,1.667,1.667,20.0,0.04,2.0,4.0,401.0,339,13.56,15.43806,15.39583,34239,1
brainsaw|2023/03/29 09:30:32,mrsic_flogel,2023/03/29 09:30:32,2023,brainsaw,2,1128896;1128901,sample_1128896;sample_1128901,1128896;1128901;sample,2.278,2.278,5.0,0.04,8.0,4.0,359.0,345,13.8,23.90417,23.84028,34125,1
brainsaw|2023/03/30 13:10:02,mrsic_flogel,2023/03/30 13:10:02,2023,brainsaw,2,1130230;1130417,sample_1130230;sample_1130417,1130230;1130417;sample,2.278,2.278,5.0,0.04,8.0,4.0,406.0,274,10.96,23.56417,23.49528,33652,1
brainsaw|2023/03/31 13:23:16,mrsic_flogel,2023/03/31 13:23:16,2023,brainsaw,1,1127802,MA_RabV_1127802,1127802;MA,2.278,2.278,5.0,0.04,8.0,4.0,325.0,299,11.96,14.51194,14.47028,16393,1
brainsaw|2023/04/02 11:08:09,akrami,2023/04/02 11:08:09,2023,brainsaw,1,2pe,VP_CAP35,2pe;VP,2.278,2.278,6.3,0.05,8.0,1.0,446.0,446,22.3,16.87139,16.84833,39842,1
brainsaw|2023/04/03 15:21:25,branco,2023/04/03 15:21:25,2023,brainsaw,2,1102636;1102922,sample_1102636;sample_1102922,1102636;1102922;sample,4.033,4.033,10.0,0.04,4.0,1.0,250.0,250,10.0,10.26278,10.23028,34579,1
brainsaw|2023/04/04 10:36:02,branco,2023/04/04 10:36:02,2023,brainsaw,1,YW_1103043,YW_1103043,YW,4.033,4.033,20.0,0.04,2.0,4.0,341.0,340,13.6,10.05667,12.34389,19669,1
brainsaw|2023/04/05 11:26:53,mrsic_flogel,2023/04/05 11:26:53,2023,brainsaw,2,1130127;1130133,sample_1130127;sample_1130133,1130127;1130133;sample,2.278,2.278,5.0,0.04,8.0,4.0,378.0,375,15.0,23.93333,23.86528,31320,1
brainsaw|2023/04/06 12:23:30,mrsic_flogel,2023/04/06 12:23:30,2023,brainsaw,2,1128899;1128900,sample_1128899;sample_1128900,1128899;1128900;sample,2.278,2.278,5.0,0.04,8.0,4.0,400.0,323,12.92,23.37,23.31194,31978,1
brainsaw|2023/04/07 13:09:04,mrsic_flogel,2023/04/07 13:09:04,2023,brainsaw,2,1128810;1128812,sample_1128810;sample_1128812,1128810;1128812;sample,2.278,2.278,5.0,0.04,8.0,4.0,387.0,306,12.24,23.03417,22.96722,32135,1
brainsaw|2023/04/10 12:52:54,mrsic_flogel,2023/04/10 12:52:54,2023,brainsaw,2,1129928;1130415,sample_1129928;sample_1130415,1129928;1130415;sample,2.278,2.278,5.0,0.04,8.0,4.0,382.0,308,12.32,22.17028,22.10778,29505,1
brainsaw|2023/04/11 13:10:30,mrsic_flogel,2023/04/11 13:10:30,2023,brainsaw,1,MA_Retro_1130798,MA_Retro_1130798,MA,2.278,2.278,5.0,0.04,8.0,4.0,310.0,310,12.4,13.54389,13.50611,14418,1
brainsaw|2023/04/12 13:44:11,sjones,2023/04/12 13:44:11,2023,brainsaw,1,lgcy0264__20230412_134425__serial_section,EJT256_hlesion_np,EJT256;lgcy0264,2.278,2.278,20.0,0.1,5.0,1.0,125.0,125,12.5,3.64556,3.61083,6203,1
brainsaw|2023/04/12 19:06:25,mrsic_flogel,2023/04/12 19:06:25,2023,brainsaw,4,1124663;1126240;1126851;1126852,sample_1124663;sample_1126240;sample_1126851;sample_1126852,1124663;1126240;1126851;1126852;sample,4.033,4.033,20.0,0.04,2.0,3.0,270.0,270,10.8,15.40028,15.35444,63551,1
brainsaw|2023/04/13 17:53:39,mrsic_flogel,2023/04/13 17:53:39,2023,brainsaw,4,1126449;1126563;1126808;1127777,sample_1126449;sample_1126563;sample_1126808;sample_1127777,1126449;1126563;1126808;1127777;sample,4.033,4.033,20.0,0.04,2.0,3.0,200.0,200,8.0,13.07889,13.02778,56839,1
brainsaw|2023/04/14 10:16:12,mrsic_flogel,2023/04/14 10:16:12,2023,brainsaw,6,vLGHVAChR1;vLGHVAChR2;vLGHVACont1;vLGPenkChR1;vLGPenkChR2;vgatHVAChR2,vLGHVAChR1;vLGHVAChR2;vLGHVACont1;vLGPenkChR1;vLGPenkChR2;vgatHVAChR2,vLGHVAChR1;vLGHVAChR2;vLGHVACont1;vLGPenkChR1;vLGPenkChR2;vgatHVAChR2,4.033,4.033,10.0,0.04,4.0,1.0,250.0,250,10.0,19.75056,19.68917,99349,1
brainsaw|2023/04/18 13:30:26,margrie,2023/04/18 13:30:26,2023,brainsaw,2,1119324;1119325,sample_1119324;sample_1119325,1119324;1119325;sample,2.278,2.278,25.0,0.05,2.0,1.0,210.0,210,10.5,6.51833,6.49472,23074,1
brainsaw|2023/04/25 09:56:14,mrsic_flogel,2023/04/25 09:56:14,2023,brainsaw,1,SM_1130799,SM_1130799,SM,2.278,2.278,20.0,0.04,2.0,1.0,309.0,242,9.68,7.08583,7.0625,14172,1
brainsaw|2023/04/25 18:26:40,branco,2023/04/25 18:26:40,2023,brainsaw,1,YT_1102864,YT_1102864,YT,2.278,2.278,5.0,0.04,8.0,1.0,411.0,375,15.0,11.52417,11.50639,19265,1
brainsaw|2023/04/26 14:40:02,sjones,2023/04/26 14:40:02,2023,brainsaw,1,lgcy0263__20230426_144008__serial_section,EJT255_Hlesion_NP,EJT255;lgcy0263,2.278,2.278,20.0,0.1,5.0,1.0,168.0,108,10.8,3.21944,3.19194,5361,1
brainsaw|2023/04/27 13:48:30,branco,2023/04/27 13:48:30,2023,brainsaw,2,1102700;1102768,sample_1102700;sample_1102768,1102700;1102768;sample,2.278,2.278,5.0,0.04,8.0,1.0,275.0,275,11.0,13.39944,13.36417,32334,1
brainsaw|2023/04/28 10:50:40,mrsic_flogel,2023/04/28 10:50:40,2023,brainsaw,2,SM_1120627;SM_1130208,SM_1120627;SM_1130208,SM,2.278,2.278,10.0,0.04,4.0,3.0,368.0,328,13.12,15.6575,15.61444,31615,1
brainsaw|2023/04/29 12:18:27,margrie,2023/04/29 12:18:27,2023,brainsaw,1,1119617,SL_1119617,1119617;SL,2.278,2.278,25.0,0.05,2.0,1.0,210.0,210,10.5,6.17583,6.15389,12754,1
brainsaw|2023/05/01 09:41:08,mrsic_flogel,2023/05/01 09:41:08,2023,brainsaw,6,vLGJawsLP1;vLGJawsLP2;vLGJawsSC1;vLGJawsSC2;vLGNJaws1;vLGNJaws2,vLGJawsLP1;vLGJawsLP2;vLGJawsSC1;vLGJawsSC2;vLGNJaws1;vLGNJaws2,vLGJawsLP1;vLGJawsLP2;vLGJawsSC1;vLGJawsSC2;vLGNJaws1;vLGNJaws2,2.278,2.278,10.0,0.04,4.0,1.0,250.0,250,10.0,18.28222,18.22278,87273,1
brainsaw|2023/05/02 12:11:17,mrsic_flogel,2023/05/02 12:11:17,2023,brainsaw,3,1129032;1129033;1129035,sample_1129032;sample_1129033;sample_1129035,1129032;1129033;1129035;sample,2.278,2.278,5.0,0.04,8.0,4.0,411.0,375,15.0,42.815,42.72889,61060,1
brainsaw|2023/05/08 09:55:16,mrsic_flogel,2023/05/08 09:55:16,2023,brainsaw,4,ACCFPZI1;ACCFPZI2;vLGHVACont2;vgatHVAChR1,ACCFPZI1;ACCFPZI2;vLGHVACont2;vgatHVAChR1,ACCFPZI1;ACCFPZI2;vLGHVACont2;vgatHVAChR1,2.278,2.278,10.0,0.04,4.0,1.0,250.0,250,10.0,13.13556,13.09278,58340,1
brainsaw|2023/05/09 11:39:11,mrsic_flogel,2023/05/09 11:39:11,2023,brainsaw,2,brainsaw;brainsaw,se043;se044,brainsaw;se043;se044,2.278,2.278,10.0,0.04,4.0,1.0,267.0,267,10.68,11.44778,11.41056,34297,1
brainsaw|2023/05/12 14:49:23,mrsic_flogel,2023/05/12 14:49:23,2023,brainsaw,4,brainsaw;brainsaw;brainsaw;brainsaw,se044;se045;se048;se049,brainsaw;se044;se045;se048;se049,2.278,2.278,10.0,0.04,4.0,1.0,333.0,315,12.6,18.54861,18.49667,65799,1
brainsaw|2023/05/14 11:53:38,sjones,2023/05/14 11:53:38,2023,brainsaw,1,SP107,SP107_rabies_rILT_to_DLS,SP107,2.278,2.278,5.0,0.05,10.0,1.0,288.0,288,14.4,14.60389,14.58722,14873,1
brainsaw|2023/05/15 12:37:37,margrie,2023/05/15 12:37:37,2023,brainsaw,3,1116558;1116591;1118927,ROI_3;sample_1116558;sample_1116591,1116558;1116591;1118927;ROI;sample,2.278,2.278,10.0,0.05,5.0,1.0,220.0,220,11.0,12.64111,12.59694,37532,1
brainsaw|2023/05/16 16:14:41,sjones,2023/05/16 16:14:41,2023,brainsaw,1,lgcy0278__20230516_161447__serial_section,EJT268_NP,EJT268;lgcy0278,2.278,2.278,20.0,0.08,4.0,1.0,157.0,157,12.56,4.35028,4.32528,7025,1
brainsaw|2023/05/17 20:14:04,sjones,2023/05/17 20:14:04,2023,brainsaw,1,EJT263_HLesion_rerun,EJT263_HLesion_rerun,EJT263,2.278,2.278,25.0,0.1,4.0,1.0,105.0,105,10.5,2.95528,2.92917,4284,1
brainsaw|2023/05/18 13:22:54,mrsic_flogel,2023/05/18 13:22:54,2023,brainsaw,1,SM_1131106,SM_1131106,SM,1.667,1.667,10.0,0.04,4.0,4.0,283.0,281,11.24,11.06389,11.03056,13971,1
brainsaw|2023/05/22 14:45:40,branco,2023/05/22 14:45:40,2023,brainsaw,1,YI_1102943,YI_1102943,YI,4.033,4.033,10.0,0.04,4.0,1.0,250.0,250,10.0,7.01278,6.99083,15997,1
brainsaw|2023/05/26 16:37:51,mrsic_flogel,2023/05/26 16:37:51,2023,brainsaw,2,SM_1131014;SM_1131107,SM_1131014;SM_1131107,SM,2.278,2.278,10.0,0.04,4.0,2.0,365.0,317,12.68,14.18389,14.14778,30610,1
brainsaw|2023/05/29 14:17:35,sjones,2023/05/29 14:17:35,2023,brainsaw,1,lgcy0288__20230529_141743__serial_section,EJT269_NP,EJT269;lgcy0288,2.278,2.278,20.0,0.08,4.0,1.0,156.0,156,12.48,4.51139,4.48556,7274,1
brainsaw|2023/05/29 19:36:42,sjones,2023/05/29 19:36:42,2023,brainsaw,1,lgcy0272__20230529_193650__serial_section,EJT262_NP_Hlesion,EJT262;lgcy0272,2.278,2.278,12.5,0.1,8.0,1.0,130.0,130,13.0,4.03583,4.00556,5543,1
brainsaw|2023/05/30 15:14:14,sjones,2023/05/30 15:14:14,2023,brainsaw,1,lgcy0289__20230530_151423__serial_section,EJT270_NP,EJT270;lgcy0289,2.278,2.278,20.0,0.08,4.0,1.0,156.0,156,12.48,4.44583,4.41917,6553,1
brainsaw|2023/06/01 11:52:24,margrie,2023/06/01 11:52:24,2023,brainsaw,3,1118926;1119171;1119625,sample_1118926;sample_1119171;sample_1119625,1118926;1119171;1119625;sample,2.278,2.278,10.0,0.05,5.0,1.0,280.0,260,13.0,12.35583,12.2975,41483,1
brainsaw|2023/06/02 15:26:06,margrie,2023/06/02 15:26:06,2023,brainsaw,1,SL_1119563,SL_1119563,SL,1.268,1.268,10.0,0.05,5.0,1.0,210.0,113,5.65,8.19611,8.16222,7445,1
brainsaw|2023/06/05 09:53:52,mrsic_flogel,2023/06/05 09:53:52,2023,brainsaw,6,RbpHVACont1;vLGHVAChR3;vLGHVAChR4;vLGHVAChR5;vLGHVAGFP1;vLGHVAGFP3,RbpHVACont1;vLGHVAChR3;vLGHVAChR4;vLGHVAChR5;vLGHVAGFP1;vLGHVAGFP3,RbpHVACont1;vLGHVAChR3;vLGHVAChR4;vLGHVAChR5;vLGHVAGFP1;vLGHVAGFP3,2.278,2.278,10.0,0.04,4.0,1.0,250.0,243,9.72,20.68806,20.6275,88283,1
brainsaw|2023/06/07 13:35:48,margrie,2023/06/07 13:35:48,2023,brainsaw,1,sub-004_id-1119976,SL_1119976,SL;sub-004,2.278,2.278,12.5,0.05,4.0,1.0,210.0,210,10.5,5.89167,5.86778,11568,1
brainsaw|2023/06/08 10:09:38,mrsic_flogel,2023/06/08 10:09:38,2023,brainsaw,5,SM_1131013;SOMChR6;SOMChROFF1;SOMChROFF2;SOMChROFF3,SOMChR6;SOMChROFF1;SOMChROFF2;SOMChROFF3;sample_1131013Patty,SM;SOMChR6;SOMChROFF1;SOMChROFF2;SOMChROFF3;sample,2.278,2.278,10.0,0.04,4.0,1.0,250.0,243,9.72,12.48861,12.435,56440,1
brainsaw|2023/06/09 16:32:26,mrsic_flogel,2023/06/09 16:32:26,2023,brainsaw,1,SM_1130629_2,SM_1130629_2,SM,1.667,1.667,10.0,0.04,4.0,1.0,317.0,251,10.04,9.51833,9.49444,13074,1
brainsaw|2023/06/12 10:40:19,margrie,2023/06/12 10:40:19,2023,brainsaw,2,1119626;1119805,ROI_1;sample_9626,1119626;1119805;ROI;sample,2.278,2.278,10.0,0.05,5.0,1.0,280.0,249,12.45,10.09639,10.06444,30956,1
brainsaw|2023/06/13 19:01:27,mrsic_flogel,2023/06/13 19:01:27,2023,brainsaw,1,SM_1131494,SM_1131494,SM,4.033,4.033,10.0,0.04,4.0,4.0,371.0,320,12.8,10.07944,10.05361,17292,1
brainsaw|2023/06/14 09:45:44,mrsic_flogel,2023/06/14 09:45:44,2023,brainsaw,5,hSynHVAGtA1;vLGGtA3;vLGGtA4;vLGHVAGtA1;vLGHVAGtA2,hSynHVAGtA1;vLGGtA3;vLGGtA4;vLGHVAGtA1;vLGHVAGtA2,hSynHVAGtA1;vLGGtA3;vLGGtA4;vLGHVAGtA1;vLGHVAGtA2,2.278,2.278,10.0,0.04,4.0,1.0,250.0,250,10.0,14.35667,14.31,69183,1
brainsaw|2023/06/15 09:45:54,mrsic_flogel,2023/06/15 09:45:54,2023,brainsaw,6,SOMChR7;SOMChR8;vLGDIOJaws1;vLGDIOJaws3;vLGHVAChR6;vLGHVAGFP4,SOMChR7;SOMChR8;vLGDIOJaws1;vLGDIOJaws3;vLGHVAChR6;vLGHVAGFP4,SOMChR7;SOMChR8;vLGDIOJaws1;vLGDIOJaws3;vLGHVAChR6;vLGHVAGFP4,2.278,2.278,10.0,0.04,4.0,1.0,250.0,250,10.0,20.02111,19.96278,110566,1
brainsaw|2023/06/16 15:20:40,branco,2023/06/16 15:20:40,2023,brainsaw,2,1102770;1102771,sample_1102770;sample_1102771,1102770;1102771;sample,2.278,2.278,5.0,0.04,8.0,1.0,270.0,270,10.8,11.88917,11.85611,29967,1
brainsaw|2023/06/20 10:27:31,okeefe,2023/06/20 10:27:31,2023,brainsaw,2,BLA00;N2,ROI_1;ROI_2,BLA00;N2;ROI,2.278,2.278,25.0,0.05,2.0,2.0,312.0,312,15.6,21.05139,21.00722,72135,1
brainsaw|2023/06/21 11:04:41,mrsic_flogel,2023/06/21 11:04:41,2023,brainsaw,1,SM_1132258,SM_1132258,SM,2.278,2.278,10.0,0.04,4.0,3.0,301.0,298,11.92,9.99972,9.96889,14449,1
brainsaw|2023/06/23 11:24:04,akrami,2023/06/23 11:24:04,2023,brainsaw,1,2pe,VP_CAP43,2pe;VP,2.278,2.278,6.3,0.05,8.0,1.0,426.0,403,20.15,17.41639,17.39389,44759,1
brainsaw|2023/06/27 12:38:05,sjones,2023/06/27 12:38:05,2023,brainsaw,3,TS10;TS11;TS12,TS10;TS11;TS12,TS10;TS11;TS12,4.033,4.033,6.7,0.04,6.0,1.0,407.0,363,14.52,16.71778,16.68222,56020,1
brainsaw|2023/06/28 10:54:13,sjones,2023/06/28 10:54:13,2023,brainsaw,1,TS3,YJ_TS3,TS3;YJ,4.033,4.033,6.7,0.04,6.0,1.0,345.0,345,13.8,11.05583,11.03222,17841,1
brainsaw|2023/06/29 11:02:21,sjones,2023/06/29 11:02:21,2023,brainsaw,1,EJT246,EJT246_GRM2Ai75D__rILT_Casp,EJT246,2.278,2.278,5.0,0.04,8.0,1.0,345.0,345,13.8,16.9975,16.98028,16379,1
brainsaw|2023/06/30 12:20:26,sjones,2023/06/30 12:20:26,2023,brainsaw,2,s084_tabfixed_m1130740_R__20230630_122032__serial_section;s086_tabfixed_m1119778_LR__20230630_122032__serial_section,s084;s086,s084;s086,4.033,4.033,20.0,0.04,2.0,1.0,342.0,342,13.68,19.60917,19.55972,37316,1
brainsaw|2023/07/01 11:26:43,sjones,2023/07/01 11:26:43,2023,brainsaw,1,EJT247,EJT247,EJT247,2.278,2.278,5.0,0.04,8.0,4.0,338.0,338,13.52,16.23694,16.20417,16649,1
brainsaw|2023/07/02 11:40:15,sjones,2023/07/02 11:40:15,2023,brainsaw,2,s080_tabfixed_m1099613_No__20230702_114021__serial_section;s081_tabfixed_m1099614_L__20230702_114021__serial_section,s080;s081,s080;s081,4.033,4.033,20.0,0.04,2.0,1.0,313.0,313,12.52,12.72583,12.68972,31093,1
brainsaw|2023/07/03 15:40:08,branco,2023/07/03 15:40:08,2023,brainsaw,1,YW_1103405,YW_1103405,YW,2.278,2.278,5.0,0.04,8.0,4.0,251.0,251,10.04,16.64,16.59694,19494,1
brainsaw|2023/07/04 11:24:11,sjones,2023/07/04 11:24:11,2023,brainsaw,2,TS13;TS5,TS13;TS5,TS13;TS5,4.033,4.033,6.7,0.04,6.0,1.0,385.0,372,14.88,14.17389,14.15278,36584,1
brainsaw|2023/07/05 11:05:11,mrsic_flogel,2023/07/05 11:05:11,2023,brainsaw,2,SM_1131818_SerialSection;SM_1132396_SerialSection,SM_1131818;SM_1132396,SM,2.278,2.278,10.0,0.04,4.0,2.0,383.0,333,13.32,14.69,14.65083,32755,1
brainsaw|2023/07/07 10:24:41,mrsic_flogel,2023/07/07 10:24:41,2023,brainsaw,5,C2vLGACCa6;C2vLGACCa7;C2vLGcortB;C2vLGcortD;C2vLGcortE,C2vLGACCa6;C2vLGACCa7;C2vLGcortB;C2vLGcortD;C2vLGcortE,C2vLGACCa6;C2vLGACCa7;C2vLGcortB;C2vLGcortD;C2vLGcortE,4.033,4.033,12.5,0.05,4.0,4.0,315.0,177,8.85,18.38,18.29972,60507,1
brainsaw|2023/07/08 13:49:31,akrami,2023/07/08 13:49:31,2023,brainsaw,1,2pe,VP_CAP45,2pe;VP,2.278,2.278,6.3,0.05,8.0,1.0,421.0,391,19.55,16.35889,16.32833,41854,1
brainsaw|2023/07/10 11:12:36,mrsic_flogel,2023/07/10 11:12:36,2023,brainsaw,3,SM_1131703;SM_1133123;SM_1133126,SM_1131703;SM_1133123;SM_1133126,SM,4.033,4.033,10.0,0.04,4.0,3.0,383.0,334,13.36,18.50667,18.4575,53811,1
brainsaw|2023/07/11 08:46:34,mrsic_flogel,2023/07/11 08:46:34,2023,brainsaw,4,vgatHVAChR3;vgatHVAChR4;vgatHVACont1;vgatHVACont2,vgatHVAChR3;vgatHVAChR4;vgatHVACont1;vgatHVACont2,vgatHVAChR3;vgatHVAChR4;vgatHVACont1;vgatHVACont2,4.033,4.033,10.0,0.04,4.0,1.0,250.0,250,10.0,12.9425,12.90167,66810,1
brainsaw|2023/07/12 12:12:59,margrie,2023/07/12 12:12:59,2023,brainsaw,3,SW_20183;SW_20331;SW_20332,SW_20183;SW_20331;SW_20332,SW,2.278,2.278,5.0,0.05,10.0,1.0,298.0,260,13.0,14.98667,14.93139,37473,1
brainsaw|2023/07/17 14:41:16,mrsic_flogel,2023/07/17 14:41:16,2023,brainsaw,4,AK_GtVMHvLG1;AK_GtVMHvLG2;SM_1131743;SM_1131744,AK_GtVMHvLG1;AK_GtVMHvLG2;SM_1131743;SM_1131744,AK;SM,2.278,2.278,10.0,0.04,4.0,3.0,327.0,298,11.92,20.11056,20.03972,51104,1
brainsaw|2023/07/18 16:01:53,mrsic_flogel,2023/07/18 16:01:53,2023,brainsaw,3,SM_1131428;SM_1133124;SM_1133127,SM_1131428;SM_1133124;SM_1133127,SM,2.278,2.278,10.0,0.04,4.0,3.0,377.0,289,11.56,18.21111,18.15417,43905,1
brainsaw|2023/07/20 14:24:29,margrie,2023/07/20 14:24:29,2023,brainsaw,3,SW_20194;SW_20333;SW_20334,SW_20194;SW_20333;SW_20334,SW,2.278,2.278,5.0,0.05,10.0,1.0,220.0,220,11.0,16.05611,15.99861,41285,1
brainsaw|2023/07/21 17:24:12,branco,2023/07/21 17:24:12,2023,brainsaw,1,YW_1103410,YW_1103410,YW,2.278,2.278,5.0,0.04,8.0,4.0,300.0,287,11.48,15.77944,15.73389,16112,1
brainsaw|2023/07/22 21:02:35,branco,2023/07/22 21:02:35,2023,brainsaw,1,YW_1103496,YW_1103496,YW,2.278,2.278,5.0,0.04,8.0,4.0,300.0,281,11.24,14.76861,14.72972,14853,1
brainsaw|2023/07/23 21:29:34,branco,2023/07/23 21:29:34,2023,brainsaw,1,YW_1103497,YW_1103497,YW,2.278,2.278,5.0,0.04,8.0,4.0,300.0,224,8.96,12.82444,12.78389,13562,1
brainsaw|2023/07/24 11:47:01,mrsic_flogel,2023/07/24 11:47:01,2023,brainsaw,4,LPsSOMi4;LPsSOMi5;V1vLGHalo1;V1vLGHalo2,LPsSOMi4;LPsSOMi5;V1vLGHalo1;V1vLGHalo2,LPsSOMi4;LPsSOMi5;V1vLGHalo1;V1vLGHalo2,2.278,2.278,10.0,0.04,4.0,1.0,250.0,250,10.0,15.61417,15.55861,55084,1
brainsaw|2023/07/25 18:01:55,branco,2023/07/25 18:01:55,2023,brainsaw,1,YW_1103408,YW_1103408,YW,2.278,2.278,5.0,0.04,8.0,4.0,300.0,288,11.52,14.82694,14.78722,15109,1
brainsaw|2023/07/30 16:46:34,mrsic_flogel,2023/07/30 16:46:34,2023,brainsaw,3,C2BNSTvLG1;C2BNSTvLG2;C2vGBNST1,C2BNSTvLG1;C2BNSTvLG2;C2vGBNST1,C2BNSTvLG1;C2BNSTvLG2;C2vGBNST1,2.278,2.278,8.3,0.05,6.0,4.0,266.0,193,9.65,17.57917,17.4925,31793,1
brainsaw|2023/07/31 18:08:10,mrsic_flogel,2023/07/31 18:08:10,2023,brainsaw,4,1123679;1127160;1127551;1128456,sample_1123679;sample_1127160;sample_1127551;sample_1128456,1123679;1127160;1127551;1128456;sample,2.278,2.278,20.0,0.04,2.0,2.0,348.0,283,11.32,15.91833,15.86889,53707,1
brainsaw|2023/08/01 12:41:17,mrsic_flogel,2023/08/01 12:41:17,2023,brainsaw,4,1126446;1127313;1127776;1130554,sample_1126446;sample_1127313;sample_1127776;sample_1130554,1126446;1127313;1127776;1130554;sample,2.278,2.278,20.0,0.04,2.0,1.0,377.0,357,14.28,18.73972,18.69444,64773,1
brainsaw|2023/08/03 16:30:39,mrsic_flogel,2023/08/03 16:30:39,2023,brainsaw,3,brainsaw;brainsaw;brainsaw,se055;se056;se057,brainsaw;se055;se056;se057,2.278,2.278,10.0,0.05,5.0,1.0,291.0,264,13.2,14.78167,14.73278,43163,1
brainsaw|2023/08/07 16:35:28,mrsic_flogel,2023/08/07 16:35:28,2023,brainsaw,3,brainsaw;brainsaw;brainsaw,se059;se062;se064,brainsaw;se059;se062;se064,2.278,2.278,20.0,0.04,2.0,1.0,267.0,267,10.68,14.98139,14.93083,45817,1
brainsaw|2023/08/08 16:55:50,margrie,2023/08/08 16:55:50,2023,brainsaw,1,SL_1119566,SL_1119566,SL,1.268,1.268,6.3,0.05,8.0,4.0,210.0,210,10.5,18.06111,17.99222,12385,1
brainsaw|2023/08/09 12:15:52,mrsic_flogel,2023/08/09 12:15:52,2023,brainsaw,2,SM_1131817;SM_1132110,SM_1131817;SM_1132110,SM,2.278,2.278,5.0,0.04,8.0,4.0,392.0,345,13.8,27.88944,27.81556,34621,1
brainsaw|2023/08/17 09:31:13,mrsic_flogel,2023/08/17 09:31:13,2023,brainsaw,6,AMK_GtvLGA1;AMK_GtvLGA2;vLGGtA5;vLGGtA7;vLGPenkGtA1;vLGPenkGtA2,AMK_GtvLGA1;AMK_GtvLGA2;vLGGtA5;vLGGtA7;vLGPenkGtA1;vLGPenkGtA2,AMK;vLGGtA5;vLGGtA7;vLGPenkGtA1;vLGPenkGtA2,1.667,1.667,10.0,0.04,4.0,1.0,250.0,250,10.0,21.80111,21.73361,89774,1
brainsaw|2023/08/18 14:24:27,margrie,2023/08/18 14:24:27,2023,brainsaw,2,SW_ZF1;SW_ZF2,SW_ZF1;SW_ZF2,SW,2.278,2.278,5.0,0.05,10.0,2.0,286.0,194,9.7,13.43194,13.38806,25720,1
brainsaw|2023/08/19 16:17:36,mrsic_flogel,2023/08/19 16:17:36,2023,brainsaw,2,1128360;1128417,sample_1128360;sample_1128417,1128360;1128417;sample,2.278,2.278,4.0,0.04,10.0,4.0,375.0,331,13.24,30.23833,30.15111,30531,1
brainsaw|2023/08/21 10:13:40,mrsic_flogel,2023/08/21 10:13:40,2023,brainsaw,5,vLGHVAChR11;vLGHVAChR12;vLGHVAChR13;vLGHVAChR14;vLGHVAChR15,vLGHVAChR11;vLGHVAChR12;vLGHVAChR13;vLGHVAChR14;vLGHVAChR15,vLGHVAChR11;vLGHVAChR12;vLGHVAChR13;vLGHVAChR14;vLGHVAChR15,1.667,1.667,10.0,0.04,4.0,1.0,250.0,201,8.04,23.10472,23.03417,82148,1
brainsaw|2023/08/22 10:56:58,margrie,2023/08/22 10:56:58,2023,brainsaw,2,SW_ZF3;SW_ZF5,SW_ZF3;SW_ZF5,SW,2.278,2.278,5.0,0.05,10.0,2.0,268.0,182,9.1,13.13056,13.08444,25313,1
brainsaw|2023/08/23 11:00:35,margrie,2023/08/23 11:00:35,2023,brainsaw,2,SW_ZF4;SW_ZF6,SW_ZF4;SW_ZF6,SW,2.278,2.278,5.0,0.05,10.0,2.0,285.0,180,9.0,12.245,12.20806,24125,1
brainsaw|2023/08/29 11:22:46,akrami,2023/08/29 11:22:46,2023,brainsaw,1,2pe,VP_Mike,2pe;VP,2.278,2.278,20.0,0.04,2.0,1.0,500.0,500,20.0,20.22806,20.20833,57147,1
brainsaw|2023/08/30 15:44:02,branco,2023/08/30 15:44:02,2023,brainsaw,1,YW_1103652,YW_1103652,YW,2.278,2.278,5.0,0.04,8.0,4.0,310.0,310,12.4,17.64972,17.61556,20559,1
brainsaw|2023/09/01 19:02:20,branco,2023/09/01 19:02:20,2023,brainsaw,1,YW_1103654,YW_1103654,YW,2.278,2.278,5.0,0.04,8.0,4.0,310.0,310,12.4,16.30639,16.26667,17577,1
brainsaw|2023/09/04 14:38:58,branco,2023/09/04 14:38:58,2023,brainsaw,2,1103076;1103078,sample_1103076;sample_1103078,1103076;1103078;sample,2.278,2.278,5.0,0.04,8.0,1.0,250.0,250,10.0,12.00556,11.97028,28875,1
brainsaw|2023/09/05 11:26:51,sjones,2023/09/05 11:26:51,2023,brainsaw,1,YJ_T1_Molly,YJ_T1_Molly,YJ,2.278,2.278,12.5,0.05,4.0,1.0,275.0,275,13.75,8.55028,8.52389,13122,1
brainsaw|2023/09/06 15:52:05,branco,2023/09/06 15:52:05,2023,brainsaw,6,CA_DMS&NAc_074;CA_DMS&NAc_075;CA_DMS&NAc_076;CA_DMS&NAc_077;CA_DMS&NAc_078;CA_DMS&NAc_079,sample_074;sample_075;sample_076;sample_077;sample_078;sample_079,CA;sample,4.033,4.033,20.0,0.04,2.0,1.0,416.0,265,10.6,21.51806,21.46472,115884,1
brainsaw|2023/09/07 14:01:18,branco,2023/09/07 14:01:18,2023,brainsaw,6,CA_ACC_081;CA_ACC_082;CA_ACC_083;CA_ACC_084;CA_ACC_085;CA_DMS&NAc_080,sample_080;sample_081;sample_082;sample_083;sample_084;sample_085,CA;sample,4.033,4.033,20.0,0.04,2.0,1.0,434.0,273,10.92,21.85639,21.79917,115982,1
brainsaw|2023/09/11 16:29:05,branco,2023/09/11 16:29:05,2023,brainsaw,1,YW_1103656,YW_1103656,YW,2.278,2.278,5.0,0.04,8.0,4.0,310.0,310,12.4,16.48222,16.44361,18309,1
brainsaw|2023/09/12 11:34:09,sjones,2023/09/12 11:34:09,2023,brainsaw,1,YJ_T1_T2,YJ_T1_T2,YJ,2.278,2.278,10.0,0.05,5.0,1.0,302.0,286,14.3,11.07056,11.04389,26157,1
brainsaw|2023/09/13 11:45:48,sjones,2023/09/13 11:45:48,2023,brainsaw,3,T9;TS19;TS22,T9;TS19;TS22,T9;TS19;TS22,2.278,2.278,13.3,0.04,3.0,2.0,373.0,348,13.92,16.67667,16.63472,49999,1
brainsaw|2023/09/15 23:53:36,branco,2023/09/15 23:53:36,2023,brainsaw,1,YW_1103677,YW_1103677,YW,2.278,2.278,5.0,0.04,8.0,4.0,310.0,310,12.4,29.78444,29.75556,44387,1
brainsaw|2023/09/18 12:48:31,branco,2023/09/18 12:48:31,2023,brainsaw,1,YW_1103678,YW_1103678,YW,2.278,2.278,5.0,0.04,8.0,4.0,310.0,310,12.4,15.23056,15.19389,15941,1
brainsaw|2023/09/19 17:59:05,branco,2023/09/19 17:59:05,2023,brainsaw,1,YW_1103676,YW_1103676,YW,2.278,2.278,5.0,0.04,8.0,4.0,310.0,310,12.4,16.54139,16.5125,18076,1
brainsaw|2023/09/20 14:42:27,branco,2023/09/20 14:42:27,2023,brainsaw,1,YW_1103675,YW_1103675,YW,2.278,2.278,5.0,0.04,8.0,4.0,310.0,310,12.4,16.28222,16.24306,17548,1
brainsaw|2023/09/21 10:26:10,okeefe,2023/09/21 10:26:10,2023,brainsaw,1,M170,CM_170,CM;M170,2.278,2.278,20.0,0.04,2.0,1.0,318.0,318,12.72,7.07028,7.05361,14712,1
brainsaw|2023/09/25 09:57:19,okeefe,2023/09/25 09:57:19,2023,brainsaw,1,CM_172,CM_172,CM,2.278,2.278,20.0,0.04,2.0,1.0,295.0,255,10.2,7.08,7.05667,14321,1
brainsaw|2023/09/25 17:34:30,okeefe,2023/09/25 17:34:30,2023,brainsaw,1,CM_174,CM_174,CM,2.278,2.278,20.0,0.04,2.0,1.0,306.0,306,12.24,7.97306,7.9525,16024,1
brainsaw|2023/09/26 17:38:45,branco,2023/09/26 17:38:45,2023,brainsaw,1,YW_1103679,YW_1103679,YW,2.278,2.278,5.0,0.04,8.0,4.0,310.0,310,12.4,14.79333,14.75528,14592,1
brainsaw|2023/09/27 11:49:04,branco;sjones,2023/09/27 11:49:04,2023,brainsaw,5,CA_beads_TS;TS14;TS15;TS16;TS17,CA_1100200_TS;TS14;TS15;TS16;TS17,CA;TS14;TS15;TS16;TS17,2.278,2.278,16.7,0.05,3.0,1.0,309.0,278,13.9,18.76111,18.70167,65178,1
brainsaw|2023/09/28 12:13:33,mrsic_flogel,2023/09/28 12:13:33,2023,brainsaw,1,HB_009,HB_009,HB,4.033,4.033,25.0,0.05,2.0,1.0,330.0,264,13.2,6.76194,6.73833,13329,1
brainsaw|2023/09/29 10:50:38,sjones,2023/09/29 10:50:38,2023,brainsaw,1,YJ_Striatum1,YJ_Striatum1,YJ,1.667,1.667,5.0,0.04,8.0,3.0,344.0,344,13.76,19.76917,19.7325,18085,1
brainsaw|2023/09/30 13:20:35,margrie,2023/09/30 13:20:35,2023,brainsaw,1,sub-005_id-1120923,SL_1120923,SL;sub-005,2.278,2.278,25.0,0.05,2.0,1.0,210.0,210,10.5,5.26278,5.24667,10995,1
brainsaw|2023/10/02 15:51:56,branco,2023/10/02 15:51:56,2023,brainsaw,1,YI_1103077,YI_1103077,YI,2.278,2.278,5.0,0.04,8.0,1.0,250.0,250,10.0,8.56861,8.54167,13947,1
brainsaw|2023/10/03 11:16:18,sjones,2023/10/03 11:16:18,2023,brainsaw,3,TS20;TS21;TS23,TS20;TS21;TS23,TS20;TS21;TS23,4.033,4.033,10.0,0.04,4.0,1.0,368.0,348,13.92,16.36444,16.32111,53028,1
brainsaw|2023/10/04 12:37:32,sjones,2023/10/04 12:37:32,2023,brainsaw,1,T6,T7,T6;T7,4.033,4.033,10.0,0.04,4.0,2.0,311.0,287,11.48,11.82083,11.78278,29446,1
brainsaw|2023/10/05 13:50:47,margrie,2023/10/05 13:50:47,2023,brainsaw,1,sub-006_id-1121002,SL_1121002,SL;sub-006,2.278,2.278,25.0,0.05,2.0,1.0,210.0,210,10.5,6.04889,6.02472,12205,1
brainsaw|2023/10/06 12:25:56,branco,2023/10/06 12:25:56,2023,brainsaw,1,YW_1103763,YW_1103763,YW,2.278,2.278,5.0,0.04,8.0,4.0,310.0,310,12.4,16.85861,16.81972,17571,1
brainsaw|2023/10/09 19:56:00,branco,2023/10/09 19:56:00,2023,brainsaw,1,YW_1103764,YW_1103764,YW,2.278,2.278,5.0,0.04,8.0,4.0,310.0,310,12.4,17.62833,32.37139,17847,1
brainsaw|2023/10/11 13:53:16,branco,2023/10/11 13:53:16,2023,brainsaw,3,JAL3;JAL4;JAL5,JAL3;JAL4;JAL5,JAL3;JAL4;JAL5,4.033,4.033,10.0,0.04,4.0,1.0,250.0,250,10.0,16.74556,16.69472,50188,1
brainsaw|2023/10/12 10:38:51,sjones,2023/10/12 10:38:51,2023,brainsaw,1,YJ_Striatum2,YJ_Striatum2,YJ,1.667,1.667,5.0,0.04,8.0,4.0,324.0,324,12.96,19.62667,19.57778,17686,1
brainsaw|2023/10/13 09:35:30,margrie,2023/10/13 09:35:30,2023,brainsaw,2,sub-007_id-1121004;sub-008_id-1112005,sample_1121004;sample_1121005,sample;sub-007;sub-008,2.278,2.278,25.0,0.05,2.0,1.0,210.0,210,10.5,8.06806,8.0325,20811,1
brainsaw|2023/10/14 13:17:31,mrsic_flogel,2023/10/14 13:17:31,2023,brainsaw,1,ML_1126564,ML_1126564,ML,2.278,2.278,20.0,0.04,2.0,3.0,310.0,310,12.4,9.49611,9.475,15155,1
brainsaw|2023/10/16 13:56:56,branco,2023/10/16 13:56:56,2023,brainsaw,1,YW_1103761,YW_1103761,YW,2.278,2.278,5.0,0.04,8.0,4.0,310.0,310,12.4,16.54694,16.50556,16614,1
brainsaw|2023/10/17 13:40:24,branco,2023/10/17 13:40:24,2023,brainsaw,1,YW_1103762,YW_1103762,YW,2.278,2.278,5.0,0.04,8.0,4.0,310.0,310,12.4,16.755,16.7225,15549,1
brainsaw|2023/10/18 14:28:03,branco,2023/10/18 14:28:03,2023,brainsaw,1,YW_1103765,YW_1103765,YW,2.278,2.278,5.0,0.04,8.0,4.0,307.0,307,12.28,15.85083,15.81111,17076,1
brainsaw|2023/10/19 11:11:17,okeefe,2023/10/19 11:11:17,2023,brainsaw,2,BLA02;BLA03,BLA02;BLA03,BLA02;BLA03,4.033,4.033,25.0,0.05,2.0,1.0,285.0,285,14.25,17.6575,17.60694,76629,1
brainsaw|2023/10/25 13:37:44,sjones,2023/10/25 13:37:44,2023,brainsaw,6,JK1;JK2;JK3;JK4;JK5;JK6,JK1;JK2;JK3;JK4;JK5;JK6,JK1;JK2;JK3;JK4;JK5;JK6,4.033,4.033,20.0,0.04,2.0,1.0,391.0,239,9.56,25.91944,25.84167,94740,1
brainsaw|2023/10/27 13:37:40,sjones,2023/10/27 13:37:40,2023,brainsaw,1,SP135,SP135_cannulae_in_ToS,SP135,4.033,4.033,20.0,0.04,2.0,1.0,363.0,363,14.52,10.92667,10.90889,21183,1
brainsaw|2023/10/28 19:47:51,branco,2023/10/28 19:47:51,2023,brainsaw,1,YW_1103865,YW_1103865,YW,2.278,2.278,5.0,0.04,8.0,4.0,292.0,291,11.64,14.95278,13.97778,15552,1
brainsaw|2023/10/29 14:19:26,branco,2023/10/29 14:19:26,2023,brainsaw,1,YW_1103866,YW_1103866,YW,2.278,2.278,5.0,0.04,8.0,4.0,310.0,310,12.4,15.82861,15.78833,16279,1
brainsaw|2023/10/30 19:18:13,branco,2023/10/30 19:18:13,2023,brainsaw,1,YW_1103867,YW_1103867,YW,2.278,2.278,5.0,0.04,8.0,6.0,310.0,218,8.72,14.49944,14.45639,13234,1
brainsaw|2023/10/31 11:14:01,mrsic_flogel,2023/10/31 11:14:01,2023,brainsaw,1,RC_Neurotrans_Ab,RC_Neurotrans_Ab,RC,2.278,2.278,20.0,0.04,2.0,2.0,278.0,278,11.12,10.29944,10.93056,13761,1
brainsaw|2023/11/01 13:24:16,margrie,2023/11/01 13:24:16,2023,brainsaw,1,sub-010_id-1134615,SL_1134615,SL;sub-010,2.278,2.278,25.0,0.05,2.0,1.0,210.0,210,10.5,5.90361,5.88278,12227,1
brainsaw|2023/11/06 13:23:20,branco,2023/11/06 13:23:20,2023,brainsaw,1,YW_1103861,YW_1103861,YW,4.033,4.033,5.0,0.04,8.0,4.0,310.0,310,12.4,13.9175,13.89028,17965,1
brainsaw|2023/11/07 11:35:29,sjones,2023/11/07 11:35:29,2023,brainsaw,1,TS26,AG_TS26,AG;TS26,4.033,4.033,20.0,0.04,2.0,1.0,383.0,383,15.32,10.91389,10.89722,20510,1
brainsaw|2023/11/09 17:48:32,branco,2023/11/09 17:48:32,2023,brainsaw,1,YW_1103862,YW_1103862,YW,2.278,2.278,5.0,0.04,8.0,4.0,310.0,254,10.16,15.91417,15.86722,17316,1
brainsaw|2023/11/10 10:35:37,mrsic_flogel,2023/11/10 10:35:37,2023,brainsaw,1,aRbp402_SerialSection,SM_aRbp402,SM;aRbp402,1.667,1.667,10.0,0.04,4.0,4.0,279.0,272,10.88,11.82278,11.78639,14912,1
brainsaw|2023/11/13 15:56:47,mrsic_flogel,2023/11/13 15:56:47,2023,brainsaw,4,brainsaw;brainsaw;brainsaw;se1x_brainsaw,se065;se066;se067;se1x,brainsaw;se065;se066;se067;se1x,2.278,2.278,8.0,0.04,5.0,1.0,250.0,250,10.0,15.65917,15.60222,57438,1
brainsaw|2023/11/14 11:36:43,sjones,2023/11/14 11:36:43,2023,brainsaw,1,TS24,AG_TS24,AG;TS24,1.667,1.667,20.0,0.04,2.0,1.0,322.0,322,12.88,9.40444,9.3825,17035,1
brainsaw|2023/11/17 16:39:40,margrie,2023/11/17 16:39:40,2023,brainsaw,1,SL_1120997,SL_1120997,SL,2.278,2.278,25.0,0.05,2.0,1.0,210.0,120,6.0,3.14583,3.125,7718,1
brainsaw|2023/11/24 11:14:14,mrsic_flogel,2023/11/24 11:14:14,2023,brainsaw,3,bRbp412;bRbp413;bRbp414,bRbp412;bRbp413;bRbp414,bRbp412;bRbp413;bRbp414,4.033,4.033,20.0,0.04,2.0,1.0,332.0,136,5.44,7.25444,7.21028,30694,1
brainsaw|2023/11/24 18:59:44,mrsic_flogel,2023/11/24 18:59:44,2023,brainsaw,4,bRbp415;bRbp416;bRbp417_SerialSection;bRbp418_SerialSection,SM_bRbp415_16_17_18;bRbp415;bRbp416;bRbp418,SM;bRbp415;bRbp416;bRbp417;bRbp418,4.033,4.033,20.0,0.04,2.0,1.0,302.0,335,13.4,18.19556,36.21639,76860,1
brainsaw|2023/11/27 15:07:08,akrami,2023/11/27 15:07:08,2023,brainsaw,1,EM_56,EM_56,EM,2.278,2.278,10.0,0.05,5.0,1.0,382.0,382,19.1,15.98444,15.94917,46476,1
brainsaw|2023/11/28 12:19:57,mrsic_flogel,2023/11/28 12:19:57,2023,brainsaw,2,bRbp407;bRbp409,bRbp407;bRbp409,bRbp407;bRbp409,4.033,4.033,20.0,0.04,2.0,1.0,327.0,111,4.44,4.77056,4.73222,16946,1
brainsaw|2023/11/29 10:35:40,mrsic_flogel,2023/11/29 10:35:40,2023,brainsaw,1,SM_achR2VIP_ref,SM_achR2VIP_ref,SM,2.278,2.278,10.0,0.04,4.0,6.0,277.0,277,11.08,11.89944,11.86417,15364,1
brainsaw|2023/12/01 15:24:34,margrie,2023/12/01 15:24:34,2023,brainsaw,3,SW_0210;SW_9915;SW_9917,SW_0210;SW_9915;SW_9917,SW,2.278,2.278,5.0,0.05,10.0,1.0,280.0,272,13.6,14.43222,14.38333,36351,1
brainsaw|2023/12/02 12:52:39,sjones,2023/12/02 12:52:39,2023,brainsaw,2,ROff2;ROff3,ROff2;ROff3,ROff2;ROff3,2.278,2.278,5.0,0.04,8.0,4.0,326.0,326,13.04,25.28611,25.24194,33283,1
brainsaw|2023/12/03 18:41:07,branco,2023/12/03 18:41:07,2023,brainsaw,1,YW_1103931,YW_1103931,YW,2.278,2.278,5.0,0.04,8.0,4.0,305.0,305,12.2,15.93778,15.90056,16979,1
brainsaw|2023/12/04 15:20:55,branco,2023/12/04 15:20:55,2023,brainsaw,1,YW_1103932,YW_1103932,YW,2.278,2.278,5.0,0.04,8.0,4.0,310.0,310,12.4,16.45389,16.41556,16777,1
brainsaw|2023/12/05 12:07:46,mrsic_flogel,2023/12/05 12:07:46,2023,brainsaw,1,aRbp403_SerialSection,SM_aRbp403,SM;aRbp403,1.667,1.667,5.0,0.04,8.0,4.0,289.0,289,11.56,17.36083,17.315,17081,1
brainsaw|2023/12/06 11:53:35,mrsic_flogel,2023/12/06 11:53:35,2023,brainsaw,6,TRNGtA1;vLGGtA10;vLGGtA11;vLGGtA12;vLGGtA8;vLGGtA9,TRNGtA1;vLGGtA10;vLGGtA11;vLGGtA12;vLGGtA8;vLGGtA9,TRNGtA1;vLGGtA10;vLGGtA11;vLGGtA12;vLGGtA8;vLGGtA9,2.278,2.278,10.0,0.04,4.0,1.0,250.0,227,9.08,20.27861,20.20472,105842,1
brainsaw|2023/12/07 14:00:52,mrsic_flogel,2023/12/07 14:00:52,2023,brainsaw,1,fpRbp402_SerialSection,SM_fpRbp402,SM;fpRbp402,2.278,2.278,10.0,0.04,4.0,4.0,261.0,261,10.44,9.94361,9.91111,14400,1
brainsaw|2023/12/08 14:13:02,branco,2023/12/08 14:13:02,2023,brainsaw,1,YW_1103934,YW_1103934,YW,2.278,2.278,5.0,0.04,8.0,4.0,302.0,302,12.08,16.38111,16.33833,17362,1
brainsaw|2023/12/09 22:18:15,branco,2023/12/09 22:18:15,2023,brainsaw,1,YW_1103986,YW_1103986,YW,2.278,2.278,5.0,0.04,8.0,6.0,300.0,300,12.0,20.4575,20.40778,18224,1
brainsaw|2023/12/11 12:07:20,margrie,2023/12/11 12:07:20,2023,brainsaw,2,SW_0937;SW_2119,SW_0937;SW_2119,SW,2.278,2.278,5.0,0.05,10.0,1.0,276.0,258,12.9,11.33417,11.29528,26576,1
brainsaw|2023/12/12 12:11:08,margrie,2023/12/12 12:11:08,2023,brainsaw,1,SW_0936,SW_0936,SW,2.278,2.278,5.0,0.05,10.0,1.0,231.0,231,11.55,6.97694,6.95167,14227,1
brainsaw|2023/12/13 09:42:36,mrsic_flogel,2023/12/13 09:42:36,2023,brainsaw,2,bPV02_SerialSection;bRbp420_SerialSection,bPV02;bRbp420,bPV02;bRbp420,4.033,4.033,20.0,0.04,2.0,1.0,319.0,122,4.88,5.28444,5.24694,18302,1
brainsaw|2023/12/13 17:08:03,mrsic_flogel,2023/12/13 17:08:03,2023,brainsaw,1,aVIP02_SerialSection,SM_aVIP02,SM;aVIP02,2.278,2.278,5.0,0.04,8.0,4.0,272.0,272,10.88,14.84,14.79417,15529,1
brainsaw|2023/12/14 15:10:08,branco,2023/12/14 15:10:08,2023,brainsaw,1,YI_1103203,YI_1103203,YI,2.278,2.278,5.0,0.04,8.0,1.0,270.0,270,10.8,8.63472,8.61167,15838,1
brainsaw|2023/12/15 12:39:31,branco,2023/12/15 12:39:31,2023,brainsaw,5,FNT_092;FNT_093;FNT_094;FNT_095;FNT_096,FNT_092;FNT_093;FNT_094;FNT_095;FNT_096,FNT,4.033,4.033,20.0,0.04,2.0,1.0,353.0,353,14.12,26.74556,26.68139,100729,1
brainsaw|2023/12/16 18:06:44,branco,2023/12/16 18:06:44,2023,brainsaw,1,YW_1103987,YW_1103987,YW,2.278,2.278,5.0,0.04,8.0,4.0,303.0,303,12.12,16.12556,16.08528,16585,1
brainsaw|2023/12/18 09:09:46,mrsic_flogel,2023/12/18 09:09:46,2023,brainsaw,2,NV_LPvLGT2A1;NV_LPvLGT2A2,NV_LPvLGT2A1_2_18122023,NV,1.268,1.268,5.0,0.04,8.0,4.0,200.0,200,8.0,23.84833,24.62056,26727,1
brainsaw|2023/12/19 11:35:34,margrie,2023/12/19 11:35:34,2023,brainsaw,3,SW_1258;YY_78;YY_79,SW_1258;YY_78;YY_79,SW;YY,4.033,4.033,6.3,0.05,8.0,2.0,260.0,257,12.85,14.24083,14.18333,37480,1
brainsaw|2023/12/20 11:33:36,mrsic_flogel,2023/12/20 11:33:36,2023,brainsaw,3,ML_1127957;ML_1128010;ML_1131154,ML_1127957;ML_1128010;ML_1131154,ML,4.033,4.033,20.0,0.04,2.0,2.0,312.0,312,12.48,18.9175,18.85778,51635,1
brainsaw|2023/12/21 16:14:59,branco,2023/12/21 16:14:59,2023,brainsaw,1,YW_1103863,YW_1103863,YW,2.278,2.278,5.0,0.04,8.0,4.0,300.0,300,12.0,15.31778,15.27694,14725,1
brainsaw|2023/12/22 15:53:22,margrie,2023/12/22 15:53:22,2023,brainsaw,4,1121011;sub-013_id-1121013;sub-014_id-1121014;sub-016_id-1121016,sample_1121011;sample_1121013;sample_1121014;sample_1121016,1121011;sample;sub-013;sub-014;sub-016,2.278,2.278,25.0,0.05,2.0,1.0,317.0,280,14.0,19.94667,19.8775,57535,1
brainsaw|2023/12/23 15:02:03,akrami,2023/12/23 15:02:03,2023,brainsaw,1,EC69,EC69,EC69,4.033,4.033,20.0,0.04,2.0,1.0,489.0,484,19.36,22.50694,22.47139,62617,1
brainsaw|2023/12/24 15:46:26,akrami,2023/12/24 15:46:26,2023,brainsaw,1,EC74,EC74,EC74,4.033,4.033,20.0,0.04,2.0,1.0,488.0,468,18.72,20.62028,20.58667,57657,1
brainsaw|2023/12/28 13:50:24,akrami,2023/12/28 13:50:24,2023,brainsaw,4,DO71;DO72;DO75;DO76,DO71;DO72;DO75;DO76,DO71;DO72;DO75;DO76,4.033,4.033,25.0,0.05,2.0,1.0,312.0,297,14.85,16.82833,16.78778,59789,1
brainsaw|2024/01/02 12:34:00,margrie,2024/01/02 12:34:00,2024,brainsaw,2,SW_1259;SW_1308,SW_1259;SW_1308,SW,4.033,4.033,6.3,0.05,8.0,1.0,309.0,258,12.9,9.71167,9.67778,25782,1
brainsaw|2024/01/03 12:04:16,branco,2024/01/03 12:04:16,2024,brainsaw,1,YW_1103991,YW_1103991,YW,2.278,2.278,5.0,0.04,8.0,4.0,310.0,310,12.4,17.275,17.23667,18082,1
brainsaw|2024/01/04 14:31:13,branco,2024/01/04 14:31:13,2024,brainsaw,1,YW_1103992,YW_1103992,YW,2.278,2.278,5.0,0.04,8.0,4.0,310.0,310,12.4,16.81722,16.77861,17657,1
brainsaw|2024/01/05 15:15:25,akrami,2024/01/05 15:15:25,2024,brainsaw,3,DO_000;DO_350;DO_373,DO_000;DO_350;DO_373,DO,4.033,4.033,25.0,0.05,2.0,1.0,309.0,293,14.65,11.37806,11.34806,47750,1
brainsaw|2024/01/08 11:33:28,margrie,2024/01/08 11:33:28,2024,brainsaw,2,SW_BC41o;SW_BC41v,SW_BC41o;SW_BC41v,SW,2.278,2.278,5.0,0.05,10.0,2.0,294.0,223,11.15,15.03,15.0,29954,1
brainsaw|2024/01/09 11:31:08,margrie,2024/01/09 11:31:08,2024,brainsaw,2,SW_1260;SW_1312,ROI_1260;SW_1312,ROI;SW,4.033,4.033,6.3,0.05,8.0,1.0,300.0,259,12.95,9.18528,9.15194,28765,1
brainsaw|2024/01/10 12:27:46,mrsic_flogel,2024/01/10 12:27:46,2024,brainsaw,4,brainsaw_2;brainsaw_2;brainsaw_2;brainsaw_2,se070;se071;se074;se075,brainsaw;se070;se071;se074;se075,2.278,2.278,20.0,0.04,2.0,1.0,217.0,233,9.32,12.55083,29.70833,49362,1
brainsaw|2024/01/11 19:44:14,mrsic_flogel,2024/01/11 19:44:14,2024,brainsaw,4,brainsaw_2;brainsaw_2;brainsaw_2;brainsaw_2,se068;se069;se077;se078,brainsaw;se068;se069;se077;se078,2.278,2.278,20.0,0.04,2.0,1.0,244.0,244,9.76,11.55333,11.92917,46009,1
brainsaw|2024/01/12 11:46:01,margrie,2024/01/12 11:46:01,2024,brainsaw,1,SL_1121380,SL_1121380,SL,2.278,2.278,25.0,0.05,2.0,1.0,210.0,124,6.2,3.74639,3.72167,7597,1
brainsaw|2024/01/12 16:24:57,margrie,2024/01/12 16:24:57,2024,brainsaw,2,sub-012_id-1121383;sub-013_id-1121381,sample_1121381;sample_1121383,sample;sub-012;sub-013,2.278,2.278,25.0,0.05,2.0,1.0,210.0,210,10.5,8.78278,8.74861,24875,1
brainsaw|2024/01/14 16:28:00,branco,2024/01/14 16:28:00,2024,brainsaw,1,YW_1136042,YW_1103942,YW,2.278,2.278,5.0,0.04,8.0,4.0,310.0,287,11.48,16.06139,16.02472,17437,1
brainsaw|2024/01/15 19:09:40,mrsic_flogel,2024/01/15 19:09:40,2024,brainsaw,3,atdTomPenk01_SerialSection;atdTomPenk02_SerialSection;atdTomPenk03_SerialSection,atdTomPenk01;atdTomPenk02;atdTomPenk03,atdTomPenk01;atdTomPenk02;atdTomPenk03,4.033,4.033,20.0,0.04,2.0,1.0,372.0,258,10.32,13.63278,13.59222,62965,1
brainsaw|2024/01/16 14:39:49,branco,2024/01/16 14:39:49,2024,brainsaw,1,YW_1136044,YW_1103644,YW,2.278,2.278,5.0,0.04,8.0,4.0,310.0,300,12.0,15.51972,15.48694,15390,1
brainsaw|2024/01/17 12:01:26,margrie,2024/01/17 12:01:26,2024,brainsaw,1,SW_1309,SW_1309,SW,4.033,4.033,6.3,0.05,8.0,1.0,280.0,269,13.45,7.2775,7.255,14132,1
brainsaw|2024/01/19 11:45:25,mrsic_flogel,2024/01/19 11:45:25,2024,brainsaw,1,aRbp405_SerialSection,SM_aRbp405,SM;aRbp405,1.667,1.667,5.0,0.04,8.0,4.0,289.0,278,11.12,15.78111,15.72944,14698,1
brainsaw|2024/01/20 19:47:22,mrsic_flogel,2024/01/20 19:47:22,2024,brainsaw,2,BG_012;HaDa_MiLo_SNr_test,BG_012;HaDa_MiLo_SNr_test,BG;HaDa,2.278,2.278,20.0,0.04,2.0,2.0,335.0,332,13.28,12.27194,12.23583,31631,1
brainsaw|2024/01/22 18:06:45,branco,2024/01/22 18:06:45,2024,brainsaw,1,YW_1104078,YW_1104078,YW,2.278,2.278,5.0,0.04,8.0,4.0,310.0,291,11.64,15.30611,15.26944,17121,1
brainsaw|2024/01/23 18:06:29,branco,2024/01/23 18:06:29,2024,brainsaw,1,YW_test,YW_test,YW,2.278,2.278,5.0,0.04,8.0,4.0,310.0,301,12.04,15.74556,15.71528,16676,1
brainsaw|2024/01/24 10:27:59,okeefe,2024/01/24 10:27:59,2024,brainsaw,2,BLA04;BLA07,BLA04;BLA07,BLA04;BLA07,2.278,2.278,25.0,0.05,2.0,1.0,325.0,325,16.25,19.07778,19.03306,73742,1
brainsaw|2024/01/25 10:27:17,okeefe,2024/01/25 10:27:17,2024,brainsaw,2,BLA09;BLA10,BLA09;BLA10,BLA09;BLA10,2.278,2.278,25.0,0.05,2.0,1.0,295.0,295,14.75,19.02472,18.97667,80833,1
brainsaw|2024/01/26 11:56:30,margrie,2024/01/26 11:56:30,2024,brainsaw,2,CAA-1121413;CAA-1121414,CAA-1121413;CAA-1121414,CAA-1121413;CAA-1121414,4.033,4.033,25.0,0.05,2.0,1.0,250.0,250,12.5,11.36583,11.33528,33159,1
brainsaw|2024/01/27 13:16:59,margrie,2024/01/27 13:16:59,2024,brainsaw,1,SL_1100581,SL_1100581,SL,1.268,1.268,8.3,0.05,6.0,1.0,210.0,210,10.5,6.38333,6.35861,11713,1
brainsaw|2024/01/28 12:38:09,margrie,2024/01/28 12:38:09,2024,brainsaw,1,SL_1100652,SL_1100652,SL,1.268,1.268,8.3,0.05,6.0,1.0,261.0,260,13.0,8.60611,8.5775,13105,1
brainsaw|2024/01/29 17:03:12,mrsic_flogel,2024/01/29 17:03:12,2024,brainsaw,4,4_5mmZ;4mmZ;5_5mmZ;5mmZ,sample_4_5mmZ;sample_4mmZ;sample_5_5mmZ;sample_5mmZ,4;4mmZ;5;5mmZ;sample,2.278,2.278,20.0,0.04,2.0,2.0,388.0,243,9.72,16.91389,16.85667,56828,1
brainsaw|2024/01/30 14:21:08,margrie,2024/01/30 14:21:08,2024,brainsaw,3,1118624;1118939;1118964,sample_1118624;sample_1118939;sample_1118964,1118624;1118939;1118964;sample,2.278,2.278,10.0,0.04,4.0,1.0,300.0,300,12.0,15.55611,15.51833,45752,1
brainsaw|2024/02/01 15:15:35,margrie,2024/02/01 15:15:35,2024,brainsaw,1,SL_1100589,SL_1100589,SL,1.268,1.268,8.3,0.05,6.0,1.0,210.0,210,10.5,7.24611,7.22139,12475,1
brainsaw|2024/02/02 16:37:14,mrsic_flogel,2024/02/02 16:37:14,2024,brainsaw,4,HD_SNr_49_47;ML_1131757;ML_118_1131654;ML_119_1131656,HD_SNr_49_47;ML_1131757;ML_118_1131654;ML_119_1131656,HD;ML,2.278,2.278,20.0,0.04,2.0,2.0,373.0,324,12.96,21.70778,21.645,59344,1
brainsaw|2024/02/06 15:06:32,margrie,2024/02/06 15:06:32,2024,brainsaw,3,1118998;1118999;1119005,sample_1118998;sample_1118999;sample_1119005,1118998;1118999;1119005;sample,2.278,2.278,10.0,0.04,4.0,1.0,280.0,280,11.2,25.41389,25.34944,48290,1
brainsaw|2024/02/09 13:59:23,branco,2024/02/09 13:59:23,2024,brainsaw,1,YW_1104128,YW_1104128,YW,2.278,2.278,5.0,0.04,8.0,4.0,310.0,284,11.36,15.20083,15.15944,16879,1
brainsaw|2024/02/10 18:10:16,branco,2024/02/10 18:10:16,2024,brainsaw,1,YW_1104130,YW_1104130,YW,2.278,2.278,5.0,0.04,8.0,4.0,310.0,310,12.4,15.46417,15.43139,15999,1
brainsaw|2024/02/11 14:38:54,branco,2024/02/11 14:38:54,2024,brainsaw,1,YW_1104131,YW_1104131,YW,2.278,2.278,5.0,0.04,8.0,4.0,310.0,310,12.4,16.20056,16.16694,17710,1
brainsaw|2024/02/13 15:05:19,margrie,2024/02/13 15:05:19,2024,brainsaw,1,YI_1121416,YI_1121416,YI,4.033,4.033,25.0,0.05,2.0,1.0,220.0,220,11.0,5.48417,5.46222,14154,1
brainsaw|2024/02/14 11:25:18,margrie,2024/02/14 11:25:18,2024,brainsaw,1,SL_dr34_25deg_300ML,SL_dr34_25deg_300ML,SL,2.278,2.278,50.0,0.05,1.0,1.0,51.0,51,2.55,1.07417,1.055,3028,1
brainsaw|2024/02/14 13:57:09,margrie,2024/02/14 13:57:09,2024,brainsaw,3,1119006;1119138;1119329,sample_1119006;sample_1119138;sample_1119329,1119006;1119138;1119329;sample,2.278,2.278,10.0,0.04,4.0,1.0,280.0,280,11.2,14.65333,14.61639,47092,1
brainsaw|2024/02/15 14:32:13,branco,2024/02/15 14:32:13,2024,brainsaw,1,YW_1104132,YW_1104132,YW,2.278,2.278,5.0,0.04,8.0,4.0,310.0,306,12.24,16.19583,16.16306,17421,1
brainsaw|2024/02/16 16:02:46,margrie,2024/02/16 16:02:46,2024,brainsaw,1,YI_1118846,YI_1118846,YI,2.278,2.278,5.0,0.04,8.0,8.0,280.0,280,11.2,19.21917,19.165,15270,1
brainsaw|2024/02/19 16:23:58,margrie,2024/02/19 16:23:58,2024,brainsaw,3,1134845;1134847;1134848,sample_1134845;sample_1134847;sample_1134848,1134845;1134847;1134848;sample,2.278,2.278,5.0,0.05,10.0,2.0,220.0,220,11.0,21.42139,21.35611,39415,1
brainsaw|2024/02/20 15:49:52,margrie,2024/02/20 15:49:52,2024,brainsaw,1,SL_dr_08at23_30deg,SL_dr_08at23_30deg,SL,2.278,2.278,50.0,0.05,1.0,1.0,100.0,100,5.0,2.23,2.21111,5854,1
brainsaw|2024/02/21 10:54:28,okeefe,2024/02/21 10:54:28,2024,brainsaw,2,BLA06;BLA11,BLA06;BLA11,BLA06;BLA11,2.278,2.278,25.0,0.05,2.0,1.0,317.0,280,14.0,22.52944,22.47917,73605,1
brainsaw|2024/02/23 20:01:46,branco,2024/02/23 20:01:46,2024,brainsaw,1,YW_1104163,YW_1104163,YW,2.278,2.278,5.0,0.04,8.0,4.0,310.0,301,12.04,17.67528,17.63944,17525,1
brainsaw|2024/02/25 16:33:35,branco,2024/02/25 16:33:35,2024,brainsaw,2,test1;test2,test1;test2,test1;test2,4.033,4.033,10.0,0.04,4.0,4.0,300.0,258,10.32,17.54667,17.5025,36713,1
brainsaw|2024/02/26 10:35:28,margrie,2024/02/26 10:35:28,2024,brainsaw,1,SL_dr_25deg_5deg_250umR_150AP_vesselmid,SL_dr_25deg_5deg_250umR_150AP_vesselmid,SL,2.278,2.278,25.0,0.05,2.0,1.0,100.0,56,2.8,1.25639,1.23528,3275,1
brainsaw|2024/02/26 12:35:41,margrie,2024/02/26 12:35:41,2024,brainsaw,2,1135341;1135344,sample_1135341;sample_1135344,1135341;1135344;sample,2.278,2.278,5.0,0.05,10.0,2.0,220.0,220,11.0,14.81417,14.77361,25474,1
brainsaw|2024/02/27 14:20:26,margrie,2024/02/27 14:20:26,2024,brainsaw,2,1121231;1121232,sample_1121231;sample_1121232,1121231;1121232;sample,4.033,4.033,10.0,0.05,5.0,1.0,220.0,220,11.0,9.52611,9.49472,28018,1
brainsaw|2024/02/29 16:52:59,margrie,2024/02/29 16:52:59,2024,brainsaw,1,SL_1121664,SL_1121664,SL,2.278,2.278,25.0,0.05,2.0,1.0,100.0,100,5.0,2.44278,2.42222,6564,1
brainsaw|2024/03/01 17:22:06,branco,2024/03/01 17:22:06,2024,brainsaw,1,YW_1104162,YW_1104162,YW,2.278,2.278,5.0,0.04,8.0,4.0,310.0,310,12.4,16.00083,15.96333,17079,1
brainsaw|2024/03/04 14:44:33,branco,2024/03/04 14:44:33,2024,brainsaw,1,YW_1104180,YW_1104180,YW,2.278,2.278,5.0,0.04,8.0,4.0,310.0,305,12.2,15.32944,15.30306,16371,1
brainsaw|2024/03/05 10:21:48,mrsic_flogel,2024/03/05 10:21:48,2024,brainsaw,1,bRbp421_SerialSection,SM_bRbp421,SM;bRbp421,4.033,4.033,20.0,0.04,2.0,1.0,304.0,171,6.84,5.26083,5.23639,12579,1
brainsaw|2024/03/06 14:22:47,sjones,2024/03/06 14:22:47,2024,brainsaw,1,SP185,SP185,SP185,2.278,2.278,5.0,0.04,8.0,4.0,358.0,322,12.88,17.51111,17.47028,19358,1
brainsaw|2024/03/07 12:46:49,sjones,2024/03/07 12:46:49,2024,brainsaw,2,SP177;SP180,SP177;SP180,SP177;SP180,2.278,2.278,5.0,0.04,8.0,4.0,406.0,353,14.12,27.91306,27.84417,35403,1
brainsaw|2024/03/09 10:20:40,sjones,2024/03/09 10:20:40,2024,brainsaw,2,SP178;SP179,SP178;SP179,SP178;SP179,2.278,2.278,5.0,0.04,8.0,4.0,421.0,342,13.68,27.57722,27.52278,36461,1
brainsaw|2024/03/11 15:10:04,branco,2024/03/11 15:10:04,2024,brainsaw,1,YW_1104179,YW_1104179,YW,2.278,2.278,5.0,0.04,8.0,4.0,310.0,310,12.4,17.50306,17.47167,17084,1
brainsaw|2024/03/12 15:48:59,margrie,2024/03/12 15:48:59,2024,brainsaw,2,CAA-1121763;CAA-1121764,CAA-1121763;CAA-1121764,CAA-1121763;CAA-1121764,4.033,4.033,25.0,0.05,2.0,1.0,250.0,250,12.5,9.99944,9.97083,30464,1
brainsaw|2024/03/13 12:04:53,okeefe,2024/03/13 12:04:53,2024,brainsaw,3,BLA12;BLA13;CM_BLA12_13,BLA12;BLA13;CM_BLA12_13,BLA12;BLA13;CM,4.033,4.033,25.0,0.05,2.0,1.0,275.0,275,13.75,19.21389,19.16056,75197,1
brainsaw|2024/03/14 12:09:06,margrie,2024/03/14 12:09:06,2024,brainsaw,2,sub-002_id-1121665;sub-014_id-1121660,sample_1121660;sample_1121665,sample;sub-002;sub-014,2.278,2.278,25.0,0.05,2.0,1.0,210.0,210,10.5,9.74833,9.71111,27948,1
brainsaw|2024/03/15 14:06:01,margrie,2024/03/15 14:06:01,2024,brainsaw,2,CAA-1121765;CAA-1121766,CAA-1121765;CAA-1121766,CAA-1121765;CAA-1121766,4.033,4.033,25.0,0.05,2.0,1.0,250.0,250,12.5,11.36083,11.32972,33408,1
brainsaw|2024/03/16 11:45:37,margrie,2024/03/16 11:45:37,2024,brainsaw,1,sub-052_id-1121477,SL_1121477,SL;sub-052,1.268,1.268,10.0,0.05,5.0,1.0,210.0,197,9.85,6.54639,6.52333,11606,1
brainsaw|2024/03/16 18:57:31,margrie,2024/03/16 18:57:31,2024,brainsaw,2,sub-046_id-1121577;sub-048_id-1121479,sample_1121479;sample_1121577,sample;sub-046;sub-048,4.033,4.033,10.0,0.05,5.0,1.0,210.0,210,10.5,7.75639,7.72722,27051,1
brainsaw|2024/03/17 12:10:26,margrie,2024/03/17 12:10:26,2024,brainsaw,2,sub-049_id-1121575;sub-053_id-1121567,sample_1121575;sample_1121576,sample;sub-049;sub-053,1.268,1.268,10.0,0.05,5.0,1.0,210.0,136,6.8,6.30778,6.26806,17535,1
brainsaw|2024/03/17 18:58:18,margrie,2024/03/17 18:58:18,2024,brainsaw,2,sub-058_id-1100832;sub-059_id-1121711,sample_1100832;sample_1121711,sample;sub-058;sub-059,1.268,1.268,25.0,0.05,2.0,1.0,180.0,180,9.0,5.27639,5.25333,21912,1
brainsaw|2024/03/18 11:28:53,mrsic_flogel,2024/03/18 11:28:53,2024,brainsaw,6,bNr5a105_SerialSection;bNr5a106_SerialSection;bRbp425_SerialSection;bRbp427_SerialSection;bRbp428_SerialSection;bRbp429_SerialSection,bNr5a105;bNr5a106;bRbp425;bRbp427;bRbp428;bRbp429,bNr5a105;bNr5a106;bRbp425;bRbp427;bRbp428;bRbp429,4.033,4.033,20.0,0.04,2.0,4.0,384.0,332,13.28,23.55333,23.47361,106245,1
brainsaw|2024/03/19 13:22:48,branco,2024/03/19 13:22:48,2024,brainsaw,1,YW_1104181,YW_1104181,YW,2.278,2.278,5.0,0.04,8.0,1.0,310.0,294,11.76,8.17222,8.15444,15777,1
brainsaw|2024/03/20 12:48:59,branco,2024/03/20 12:48:59,2024,brainsaw,1,YW_1104224,YW_1104224,YW,2.278,2.278,5.0,0.04,8.0,4.0,310.0,285,11.4,14.88972,14.85806,15524,1
brainsaw|2024/03/21 09:31:21,mrsic_flogel,2024/03/21 09:31:21,2024,brainsaw,1,aRbp407_SerialSection,SM_aRbp407,SM;aRbp407,1.667,1.667,5.0,0.04,8.0,8.0,306.0,286,11.44,17.77472,17.69861,15400,1
brainsaw|2024/03/22 10:22:50,branco,2024/03/22 10:22:50,2024,brainsaw,1,YI_1104282,YI_1104282,YI,2.278,2.278,20.0,0.04,2.0,1.0,200.0,200,8.0,5.42778,5.40444,12366,1
brainsaw|2024/03/22 18:31:18,okeefe,2024/03/22 18:31:18,2024,brainsaw,2,214;215,sample_214;sample_215,214;215;sample,1.268,1.268,10.0,0.05,5.0,1.0,240.0,240,12.0,11.44361,11.40722,25665,1
brainsaw|2024/03/23 11:34:23,okeefe,2024/03/23 11:34:23,2024,brainsaw,2,LS_210;LS_216,sample_210;sample_216,LS;sample,1.268,1.268,10.0,0.05,5.0,1.0,230.0,230,11.5,12.30111,12.26222,27858,1
brainsaw|2024/03/24 12:22:38,margrie,2024/03/24 12:22:38,2024,brainsaw,2,sub-003_id-1121669;sub-016_id-1121662,sample_1121662;sample_1121669,sample;sub-003;sub-016,2.278,2.278,25.0,0.05,2.0,1.0,190.0,190,9.5,7.2425,7.21472,24797,1
brainsaw|2024/03/25 12:26:12,branco,2024/03/25 12:26:12,2024,brainsaw,2,YW_1104228;YW_1104229,YW_1104228;YW_1104229,YW,2.278,2.278,5.0,0.04,8.0,4.0,310.0,264,10.56,22.12167,22.07639,30554,1
brainsaw|2024/03/26 11:15:01,mrsic_flogel,2024/03/26 11:15:01,2024,brainsaw,3,bRbp430_SerialSection;bRbp431_SerialSection;bRbp432_SerialSection,bRbp430;bRbp431;bRbp432,bRbp430;bRbp431;bRbp432,4.033,4.033,20.0,0.04,2.0,1.0,362.0,309,12.36,12.2425,12.21139,48720,1
brainsaw|2024/03/27 10:00:06,mrsic_flogel,2024/03/27 10:00:06,2024,brainsaw,4,brainsaw;brainsaw;brainsaw;brainsaw,SE80_83;se080,SE80;brainsaw;se080,2.278,2.278,10.0,0.04,4.0,1.0,300.0,300,12.0,14.77639,16.52361,60944,1
brainsaw|2024/03/28 09:37:03,mrsic_flogel,2024/03/28 09:37:03,2024,brainsaw,3,brainsaw;brainsaw;brainsaw,se084;se085;se086,brainsaw;se084;se085;se086,2.278,2.278,8.0,0.04,5.0,1.0,300.0,280,11.2,13.39194,13.34806,40822,1
brainsaw|2024/03/29 16:54:37,sjones,2024/03/29 16:54:37,2024,brainsaw,1,EJT_JAWS_dlight_test,EJT_JAWS_dlight_test,EJT,2.278,2.278,10.0,0.04,4.0,1.0,287.0,287,11.48,10.59556,10.57389,27548,1
brainsaw|2024/03/30 11:46:03,okeefe,2024/03/30 11:46:03,2024,brainsaw,2,LS_205;LS_206,LS_205;LS_206,LS,2.278,2.278,25.0,0.05,2.0,4.0,230.0,230,11.5,16.2975,16.2425,27008,1
brainsaw|2024/03/31 11:00:20,okeefe,2024/03/31 11:00:20,2024,brainsaw,2,LS_208;LS_212,LS_208;LS_212,LS,2.278,2.278,25.0,0.05,2.0,4.0,230.0,230,11.5,14.34667,14.29861,26501,1
brainsaw|2024/04/01 19:58:31,mrsic_flogel,2024/04/01 19:58:31,2024,brainsaw,2,MRNretroGFP_VTAretrotdTOM_1134754;MRNretroGFP_VTAretrotdTOM_1134755,MRNretroGFP_VTAretrotdTOM_1134754;MRNretroGFP_VTAretrotdTOM_1134755,MRNretroGFP,2.278,2.278,4.0,0.04,10.0,5.0,360.0,220,8.8,38.82583,38.69778,28335,1
brainsaw|2024/04/03 12:36:34,mrsic_flogel,2024/04/03 12:36:34,2024,brainsaw,3,KM_006;KM_006_012;KM_012,KM_006;KM_006_012;KM_012,KM,4.033,4.033,20.0,0.04,2.0,4.0,485.0,364,14.56,13.93056,13.91417,34845,1
brainsaw|2024/04/05 13:00:24,mrsic_flogel,2024/04/05 13:00:24,2024,brainsaw,2,aRbp408_SerialSection;aRbp409_SerialSection,aRbp408;aRbp409,aRbp408;aRbp409,1.667,1.667,10.0,0.04,4.0,4.0,379.0,334,13.36,20.68611,20.62778,32997,1
brainsaw|2024/04/07 15:45:50,branco,2024/04/07 15:45:50,2024,brainsaw,1,YW_1104260,YW_1104260,YW,2.278,2.278,5.0,0.04,8.0,4.0,310.0,268,10.72,13.68889,13.65556,14723,1
brainsaw|2024/04/08 11:34:46,mrsic_flogel,2024/04/08 11:34:46,2024,brainsaw,1,aVGAT-chR2-EYFP02,SM_aVGAT-chR2-EYFP02,SM;aVGAT-chR2-EYFP02,1.667,1.667,5.0,0.04,8.0,4.0,299.0,299,11.96,16.09306,16.04806,15701,1
brainsaw|2024/04/09 12:11:15,branco,2024/04/09 12:11:15,2024,brainsaw,1,YW_1104261,YW_1104261,YW,2.278,2.278,5.0,0.04,8.0,4.0,310.0,302,12.08,16.34611,16.31222,17000,1
brainsaw|2024/04/10 13:47:57,branco,2024/04/10 13:47:57,2024,brainsaw,1,YW_1104262,YW_1104262,YW,2.278,2.278,5.0,0.04,8.0,4.0,300.0,265,10.6,15.59667,15.55472,16067,1
brainsaw|2024/04/11 09:41:48,mrsic_flogel,2024/04/11 09:41:48,2024,brainsaw,2,PVhSyn7;SOMhSyn7,NV_PVhSyn7_SOMhSyn7_11042024;SOMhSyn7,NV;PVhSyn7;SOMhSyn7,2.278,2.278,5.0,0.04,8.0,4.0,180.0,243,9.72,22.46389,22.44833,32737,1
brainsaw|2024/04/12 11:41:24,mrsic_flogel,2024/04/12 11:41:24,2024,brainsaw,3,brainsaw;brainsaw;brainsaw,se087;se088;se089,brainsaw;se087;se088;se089,2.278,2.278,13.3,0.04,3.0,1.0,333.0,320,12.8,13.40361,13.36667,42061,1
brainsaw|2024/04/13 15:41:58,mrsic_flogel,2024/04/13 15:41:58,2024,brainsaw,3,1136240;1137118;1137122,sample_1136240;sample_1137118;sample_1137122,1136240;1137118;1137122;sample,2.278,2.278,5.0,0.04,8.0,2.0,421.0,374,14.96,27.02083,26.97361,56279,1
brainsaw|2024/04/15 12:47:33,mrsic_flogel,2024/04/15 12:47:33,2024,brainsaw,2,aNr5a101_SerialSection;aNr5a102_SerialSection,aNr5a101;aNr5a102,aNr5a101;aNr5a102,1.667,1.667,10.0,0.04,4.0,4.0,377.0,313,12.52,22.10778,22.045,34734,1
brainsaw|2024/04/16 14:53:50,mrsic_flogel,2024/04/16 14:53:50,2024,brainsaw,4,RCS10;RCS8;RSC6;RSC7,RCS10;RCS8;RSC6;RSC7,RCS10;RCS8;RSC6;RSC7,2.225,2.225,20.0,0.04,2.0,2.0,339.0,315,12.6,32.73778,32.66306,68657,1
brainsaw|2024/04/18 11:06:40,okeefe,2024/04/18 11:06:40,2024,brainsaw,1,JO_46,JO_46,JO,4.033,4.033,20.0,0.04,2.0,1.0,500.0,449,17.96,22.53722,22.49222,57896,1
brainsaw|2024/04/19 11:52:20,okeefe,2024/04/19 11:52:20,2024,brainsaw,1,JO_47,JO_47,JO,4.033,4.033,20.0,0.04,2.0,1.0,496.0,484,19.36,24.78556,24.75111,59594,1
brainsaw|2024/04/22 12:10:01,akrami,2024/04/22 12:10:01,2024,brainsaw,1,2pe,Henry,2pe;Henry,4.033,4.033,16.7,0.05,3.0,1.0,329.0,287,14.35,10.60222,10.57806,36561,1
brainsaw|2024/04/23 14:11:10,branco,2024/04/23 14:11:10,2024,brainsaw,2,FNT098;FNT101,FNT098;FNT101,FNT098;FNT101,2.278,2.278,20.0,0.04,2.0,1.0,378.0,313,12.52,11.02583,10.99667,31836,1
brainsaw|2024/04/24 12:53:08,sjones,2024/04/24 12:53:08,2024,brainsaw,4,SP141;SP142;SP144;SP145,SP141;SP142;SP144;SP145,SP141;SP142;SP144;SP145,2.278,2.278,20.0,0.04,2.0,1.0,403.0,355,14.2,17.93861,17.89917,65093,1
brainsaw|2024/04/29 11:30:50,akrami,2024/04/29 11:30:50,2024,brainsaw,1,2pe,VP_CAP57,2pe;VP,2.278,2.278,7.1,0.05,7.0,1.0,416.0,412,20.6,18.94694,18.9175,49539,1
brainsaw|2024/05/01 12:30:12,mrsic_flogel,2024/05/01 12:30:12,2024,brainsaw,2,aRbp410_SerialSection;atdTomVGAT01_SerialSection,SM_aRbp410;SM_atdTomVGAT01,SM;aRbp410;atdTomVGAT01,1.667,1.667,10.0,0.04,4.0,4.0,388.0,276,11.04,21.95,21.8875,32957,1
brainsaw|2024/05/02 13:19:58,mrsic_flogel,2024/05/02 13:19:58,2024,brainsaw,4,Cfos_ENR;RCS2;RCS4;RCS7,Cfos_ENR;RCS2;RCS4;RCS7,Cfos;RCS2;RCS4;RCS7,2.278,2.278,5.0,0.04,8.0,1.0,350.0,248,9.92,20.48889,20.4425,77021,1
brainsaw|2024/05/03 16:31:38,mrsic_flogel,2024/05/03 16:31:38,2024,brainsaw,2,retroGFP_MRN_retrotdTOM_RMTg_M1;retroGFP_MRN_retrotdTOM_RMTg_M2,retroGFP_MRN_retrotdTOM_RMTg_M1;retroGFP_MRN_retrotdTOM_RMTg_M2,retroGFP,2.278,2.278,4.0,0.04,10.0,3.0,356.0,302,12.08,21.90111,21.8375,33721,1
brainsaw|2024/05/08 11:01:30,margrie,2024/05/08 11:01:30,2024,brainsaw,1,SW_1121871,SW_1121871,SW,2.278,2.278,5.0,0.04,8.0,4.0,301.0,301,12.04,11.24333,11.19972,15832,1
brainsaw|2024/05/09 16:25:10,branco,2024/05/09 16:25:10,2024,brainsaw,2,1104390;1104391,sample_1104390;sample_1104391,1104390;1104391;sample,2.278,2.278,10.0,0.04,4.0,1.0,250.0,250,10.0,8.98139,8.96056,26622,1
brainsaw|2024/05/13 13:16:05,okeefe,2024/05/13 13:16:05,2024,brainsaw,2,LS_203_BLA;LS_209_mPFC,LS_203_BLA;LS_209_mPFC,LS,4.033,4.033,20.0,0.04,2.0,2.0,366.0,340,13.6,11.35972,11.33167,37016,1
brainsaw|2024/05/14 12:16:28,margrie,2024/05/14 12:16:28,2024,brainsaw,2,SW_1121676;SW_1121677,SW_1121676;SW_1121677,SW,4.033,4.033,6.3,0.05,8.0,2.0,307.0,291,14.55,11.9825,11.95667,30096,1
brainsaw|2024/05/15 14:57:22,akrami,2024/05/15 14:57:22,2024,brainsaw,1,2pe,Edward,2pe;Edward,4.033,4.033,10.0,0.05,5.0,1.0,256.0,223,11.15,7.85444,7.82417,24559,1
brainsaw|2024/05/16 16:49:23,mrsic_flogel,2024/05/16 16:49:23,2024,brainsaw,4,aquisitio_logs;aquisition_logs;aquisition_logs;aquisition_logs,AMA_cFos61_60_76_74;cFos74;cFos76,AMA;aquisitio;aquisition;cFos74;cFos76,2.278,2.278,5.0,0.04,8.0,4.0,419.0,322,12.88,38.01417,101.20833,72108,1
brainsaw|2024/05/21 11:01:52,mrsic_flogel,2024/05/21 11:01:52,2024,brainsaw,1,aa010_05_02,AA_BFLC_L_180524,AA;aa010,4.033,4.033,20.0,0.04,2.0,1.0,342.0,342,13.68,8.98972,8.97889,19627,1
brainsaw|2024/05/23 12:04:30,margrie,2024/05/23 12:04:30,2024,brainsaw,3,SW_1678;SW_1679;SW_2231,SW_1678;SW_1679;SW_2231,SW,2.278,2.278,5.0,0.05,10.0,2.0,286.0,263,13.15,18.24917,18.15667,40175,1
brainsaw|2024/05/24 11:36:28,mrsic_flogel,2024/05/24 11:36:28,2024,brainsaw,3,KM_010;KM_010_013;KM_013,KM_010;KM_010_013;KM_013,KM,4.033,4.033,20.0,0.04,2.0,2.0,439.0,401,16.04,13.33889,13.32528,35182,1
brainsaw|2024/05/27 13:16:35,mrsic_flogel,2024/05/27 13:16:35,2024,brainsaw,3,brainsaw;brainsaw;dreadds_test,dreadds_test;se090;se091,brainsaw;dreadds;se090;se091,2.278,2.278,20.0,0.04,2.0,1.0,346.0,325,13.0,12.46611,12.43667,43759,1
brainsaw|2024/05/29 13:12:32,branco,2024/05/29 13:12:32,2024,brainsaw,2,1104424;1104425,sample_1104424;sample_1104425,1104424;1104425;sample,2.278,2.278,10.0,0.04,4.0,1.0,250.0,250,10.0,9.02278,8.99778,31523,1
brainsaw|2024/05/30 12:28:02,branco,2024/05/30 12:28:02,2024,brainsaw,2,1104428;1104429,sample_1104428;sample_1104429,1104428;1104429;sample,2.278,2.278,10.0,0.04,4.0,1.0,250.0,250,10.0,8.57639,8.55361,29316,1
brainsaw|2024/05/31 12:14:58,mrsic_flogel,2024/05/31 12:14:58,2024,brainsaw,5,aa013_06_03;aa014_06_04;aa018_08_02;aa019_08_03;aa020_08_04,sample_114;sample_139;sample_444;sample_445;sample_446,aa013;aa014;aa018;aa019;aa020;sample,4.033,4.033,10.0,0.04,4.0,1.0,367.0,367,14.68,23.31389,23.27472,100125,1
brainsaw|2024/06/03 15:08:02,akrami,2024/06/03 15:08:02,2024,brainsaw,1,2pe,VP_CAP63,2pe;VP,4.033,4.033,16.7,0.05,3.0,1.0,368.0,333,16.65,10.515,10.49389,44017,1
brainsaw|2024/06/06 11:36:13,mrsic_flogel,2024/06/06 11:36:13,2024,brainsaw,4,TB_009;TB_010;TB_012;TB_013,TB_009;TB_010;TB_012;TB_013,TB,4.033,4.033,20.0,0.04,2.0,1.0,364.0,320,12.8,14.56,14.51972,67684,1
brainsaw|2024/06/07 16:37:36,branco,2024/06/07 16:37:36,2024,brainsaw,1,YI_JAL7,YI_JAL7,YI,4.033,4.033,10.0,0.04,4.0,1.0,250.0,250,10.0,6.72889,6.70833,16612,1
brainsaw|2024/06/10 10:36:12,mrsic_flogel,2024/06/10 10:36:12,2024,brainsaw,1,aRbp412_SerialSection,SM_aRbp412,SM;aRbp412,2.278,2.278,10.0,0.04,4.0,4.0,292.0,292,11.68,11.57417,11.54028,14481,1
brainsaw|2024/06/12 12:00:34,margrie,2024/06/12 12:00:34,2024,brainsaw,2,SW_2195;SW_2196,sample_2195;sample_2196,SW;sample,2.278,2.278,5.0,0.05,10.0,2.0,284.0,241,12.05,12.81806,12.77056,24788,1
brainsaw|2024/06/18 12:55:23,mrsic_flogel,2024/06/18 12:55:23,2024,brainsaw,3,KM_014;KM_014_016;KM_016,KM_014;KM_014_016;KM_016,KM,4.033,4.033,20.0,0.04,2.0,2.0,444.0,376,15.04,14.38028,14.35583,37309,1
brainsaw|2024/06/20 15:15:54,branco,2024/06/20 15:15:54,2024,brainsaw,2,JAL_6;JAL_8,JAL_6;JAL_8,JAL,4.033,4.033,10.0,0.04,4.0,1.0,250.0,250,10.0,8.66444,8.64222,35511,1
brainsaw|2024/06/21 11:10:58,mrsic_flogel,2024/06/21 11:10:58,2024,brainsaw,2,fpNr5a102_SerialSection;fpNr5a103_SerialSection,fpNr5a102;fpNr5a103,fpNr5a102;fpNr5a103,2.278,2.278,10.0,0.04,4.0,2.0,366.0,316,12.64,13.35639,13.32389,30523,1
brainsaw|2024/06/22 20:23:35,mrsic_flogel,2024/06/22 20:23:35,2024,brainsaw,3,intrsct_ctx_str_yfp;intrsct_strOnly_chr2;intrsct_strOnly_gcamp,intrsct_ctx_str_yfp;intrsct_strOnly_chr2;intrsct_strOnly_gcamp,intrsct,2.278,2.278,20.0,0.04,2.0,2.0,369.0,343,13.72,13.81028,13.78,50281,1
brainsaw|2024/06/24 11:44:29,branco,2024/06/24 11:44:29,2024,brainsaw,1,AF_BF_1104480,AF_BF_1104480,AF,4.033,4.033,20.0,0.04,2.0,2.0,305.0,305,12.2,8.5825,8.56111,17111,1
brainsaw|2024/06/27 11:30:48,branco,2024/06/27 11:30:48,2024,brainsaw,2,1104500;1104501,sample_1104500;sample_1104501,1104500;1104501;sample,2.278,2.278,20.0,0.04,2.0,2.0,393.0,332,13.28,11.25806,11.23361,34242,1
brainsaw|2024/06/28 14:20:22,margrie,2024/06/28 14:20:22,2024,brainsaw,1,SL_1100816_b,SL_1100816_b,SL,2.278,2.278,6.3,0.05,8.0,1.0,210.0,211,10.55,5.27917,5.33333,12457,1
brainsaw|2024/06/29 13:19:23,margrie,2024/06/29 13:19:23,2024,brainsaw,1,SL_1100817,SL_1100817,SL,2.278,2.278,6.3,0.05,8.0,1.0,210.0,210,10.5,5.58833,5.56722,12891,1
brainsaw|2024/07/01 11:41:12,margrie,2024/07/01 11:41:12,2024,brainsaw,3,SW_1262;SW_2193;SW_2194,SW_1262;SW_2193;SW_2194,SW,2.278,2.278,5.0,0.05,10.0,1.0,289.0,249,12.45,13.50361,13.45389,34740,1
brainsaw|2024/07/08 14:33:39,sjones,2024/07/08 14:33:39,2024,brainsaw,4,BG646;BG676;BG7;FP14,BG646;BG676;BG7;FP14,BG646;BG676;BG7;FP14,2.278,2.278,10.0,0.04,4.0,1.0,326.0,291,11.64,13.27528,13.23167,50864,1
brainsaw|2024/07/09 13:48:15,branco,2024/07/09 13:48:15,2024,brainsaw,1,FNT104,FNT104,FNT104,2.278,2.278,20.0,0.04,2.0,1.0,328.0,328,13.12,7.88361,7.86917,15194,1
brainsaw|2024/07/10 10:36:10,margrie,2024/07/10 10:36:10,2024,brainsaw,1,SL_1101074,SL_1101074,SL,4.033,4.033,25.0,0.05,2.0,1.0,200.0,161,8.05,3.54944,3.53306,11620,1
brainsaw|2024/07/10 14:35:21,branco,2024/07/10 14:35:21,2024,brainsaw,1,FNT099,FNT99,FNT099;FNT99,2.278,2.278,20.0,0.04,2.0,1.0,328.0,328,13.12,7.18944,7.17694,17024,1
brainsaw|2024/07/15 11:13:00,margrie,2024/07/15 11:13:00,2024,brainsaw,1,SL_1101077,SL_1101077,SL,4.033,4.033,25.0,0.05,2.0,1.0,210.0,210,10.5,4.30278,4.28806,13016,1
brainsaw|2024/07/17 14:23:31,margrie,2024/07/17 14:23:31,2024,brainsaw,1,SL_1101075,SL_1101075,SL,4.033,4.033,25.0,0.05,2.0,1.0,200.0,200,10.0,4.35917,4.3425,12683,1
brainsaw|2024/07/19 16:11:56,margrie,2024/07/19 16:11:56,2024,brainsaw,2,SL_1101072;SL_1101073,SL_1101072;SL_1101073,SL,4.033,4.033,25.0,0.05,2.0,1.0,210.0,210,10.5,7.52917,7.5025,27470,1
brainsaw|2024/07/23 10:40:19,mrsic_flogel,2024/07/23 10:40:19,2024,brainsaw,2,aVGAT01_SerialSection;aVGAT02_SerialSection,aVGAT01;aVGAT02,aVGAT01;aVGAT02,2.278,2.278,10.0,0.04,4.0,4.0,366.0,321,12.84,17.23778,17.19472,32245,1
brainsaw|2024/07/24 09:23:23,mrsic_flogel,2024/07/24 09:23:23,2024,brainsaw,2,SCT2A1_control;vLGSCT2A3,SCT2A1_control;vLGSCT2A3,SCT2A1;vLGSCT2A3,2.278,2.278,5.0,0.04,8.0,4.0,200.0,200,8.0,16.14056,16.07444,25180,1
brainsaw|2024/07/25 16:46:04,margrie,2024/07/25 16:46:04,2024,brainsaw,2,SL_1101215;SL_1101216,SL_1101215;SL_1101216,SL,4.033,4.033,25.0,0.05,2.0,1.0,210.0,210,10.5,6.55472,6.53083,24890,1
brainsaw|2024/07/26 11:51:24,margrie,2024/07/26 11:51:24,2024,brainsaw,1,SL_1122248,SL_1122248,SL,2.278,2.278,6.3,0.05,8.0,1.0,210.0,180,9.0,4.67028,4.64944,10769,1
brainsaw|2024/07/26 16:48:28,margrie,2024/07/26 16:48:28,2024,brainsaw,1,SL_1122249,SL_1122249,SL,2.278,2.278,6.3,0.05,8.0,1.0,210.0,210,10.5,5.17667,5.15917,10764,1
brainsaw|2024/07/29 11:28:18,branco,2024/07/29 11:28:18,2024,brainsaw,4,1104559;1104561;1104562;1104661,sample_1104559;sample_1104561;sample_1104562;sample_1104661,1104559;1104561;1104562;1104661;sample,2.278,2.278,20.0,0.04,2.0,2.0,350.0,316,12.64,14.55417,14.52361,64925,1
brainsaw|2024/07/31 16:08:59,margrie,2024/07/31 16:08:59,2024,brainsaw,2,SL_1122313;SL_1122314,SL_1122313;SL_1122314,SL,2.153,2.153,6.3,0.05,8.0,1.0,210.0,210,10.5,9.28972,9.25306,29415,1
brainsaw|2024/08/02 12:31:04,mrsic_flogel,2024/08/02 12:31:04,2024,brainsaw,2,834;838,AMA_838_834_020824;sample_838,834;838;AMA;sample,2.278,2.278,5.0,0.04,8.0,4.0,47.0,360,14.4,23.15528,23.22361,34245,1
brainsaw|2024/08/05 12:42:20,branco,2024/08/05 12:42:20,2024,brainsaw,2,1104611;1104613,sample_1104611;sample_1104613,1104611;1104613;sample,2.278,2.278,20.0,0.04,2.0,8.0,338.0,303,12.12,16.86222,16.81417,31349,1
brainsaw|2024/08/06 15:26:38,akrami,2024/08/06 15:26:38,2024,brainsaw,1,D086,D086,D086,4.033,4.033,16.7,0.05,3.0,1.0,265.0,135,6.75,3.36583,3.34333,9221,1
brainsaw|2024/08/07 14:51:00,branco,2024/08/07 14:51:00,2024,brainsaw,1,YI_1104684,YI_1104684,YI,2.278,2.278,5.0,0.04,8.0,1.0,280.0,280,11.2,9.34278,9.32278,18613,1
brainsaw|2024/08/08 14:12:45,branco,2024/08/08 14:12:45,2024,brainsaw,1,YI_1104685,YI_1104685,YI,2.278,2.278,5.0,0.04,8.0,1.0,280.0,280,11.2,8.69,8.67083,16389,1
brainsaw|2024/08/11 10:24:56,mrsic_flogel,2024/08/11 10:24:56,2024,brainsaw,2,atdTomVGAT04;atdTomVGAT05_SerialSection,atdTomVGAT04;atdTomVGAT05,atdTomVGAT04;atdTomVGAT05,2.278,2.278,10.0,0.04,4.0,4.0,364.0,349,13.96,19.9975,19.94278,34356,1
brainsaw|2024/08/12 14:12:58,margrie,2024/08/12 14:12:58,2024,brainsaw,1,YI_240701B,YI_240701B,YI,2.278,2.278,5.0,0.04,8.0,2.0,280.0,280,11.2,11.97917,11.95389,17155,1
brainsaw|2024/08/13 10:15:09,mrsic_flogel,2024/08/13 10:15:09,2024,brainsaw,4,fpNr5a104_SerialSection;fpNr5a105_SerialSection;fpNr5a106_SerialSection;fpNr5a107_SerialSection,fpNr5a104;fpNr5a105;fpNr5a106;fpNr5a107,fpNr5a104;fpNr5a105;fpNr5a106;fpNr5a107,4.033,4.033,10.0,0.04,4.0,2.0,354.0,277,11.08,24.45528,24.37944,65092,1
brainsaw|2024/08/14 14:03:34,branco,2024/08/14 14:03:34,2024,brainsaw,1,YI_1104686,YI_1104686,YI,2.278,2.278,5.0,0.04,8.0,1.0,280.0,280,11.2,9.96944,9.94667,16547,1
brainsaw|2024/08/15 13:45:01,branco,2024/08/15 13:45:01,2024,brainsaw,1,YI_1104687,YI_1104687,YI,2.278,2.278,5.0,0.04,8.0,1.0,280.0,280,11.2,9.99417,9.96972,16537,1
brainsaw|2024/08/16 11:25:50,mrsic_flogel,2024/08/16 11:25:50,2024,brainsaw,5,KM_019;KM_019_032_MT_001_KM_020;KM_020;KM_032;MT_001,KM_019;KM_019_032_MT_001_KM_020;KM_020;KM_032;MT_001,KM;MT,4.033,4.033,20.0,0.04,2.0,1.0,489.0,443,17.72,19.17972,19.15361,78450,1
brainsaw|2024/08/20 11:42:33,okeefe,2024/08/20 11:42:33,2024,brainsaw,3,485;486;489,sample_485;sample_486;sample_489,485;486;489;sample,4.033,4.033,20.0,0.04,2.0,1.0,383.0,323,12.92,13.25222,13.22111,53143,1
brainsaw|2024/08/21 11:07:53,okeefe,2024/08/21 11:07:53,2024,brainsaw,2,487;488,sample_487;sample_488,487;488;sample,4.033,4.033,20.0,0.04,2.0,1.0,308.0,308,12.32,9.24306,9.22083,38672,1
brainsaw|2024/08/22 12:43:58,margrie,2024/08/22 12:43:58,2024,brainsaw,2,YY1121876;YY1122278,YY1121876;YY1122278,YY1121876;YY1122278,4.033,4.033,20.0,0.04,2.0,3.0,386.0,359,14.36,12.01667,11.9925,36308,1
brainsaw|2024/08/23 13:31:23,mrsic_flogel,2024/08/23 13:31:23,2024,brainsaw,4,HD_004;HD_009;HD_016;HD_019,HD_004;HD_009;HD_016;HD_019,HD,4.033,4.033,20.0,0.04,2.0,3.0,379.0,320,12.8,15.94722,15.91111,69393,1
brainsaw|2024/08/27 12:12:35,mrsic_flogel,2024/08/27 12:12:35,2024,brainsaw,1,977,AMA_977_27824,977;AMA,2.278,2.278,5.0,0.04,8.0,4.0,400.0,359,14.36,15.5425,15.52722,17627,1
brainsaw|2024/08/30 11:03:00,margrie,2024/08/30 11:03:00,2024,brainsaw,2,SL_1122321;SL_1122322,SL_1122321;SL_1122322,SL,2.278,2.278,6.3,0.05,8.0,1.0,210.0,210,10.5,8.94139,8.90861,26355,1
brainsaw|2024/09/02 12:52:28,branco,2024/09/02 12:52:28,2024,brainsaw,4,1104614;1104653;1104654;1104657,sample_1104614;sample_1104653;sample_1104654;sample_1104657,1104614;1104653;1104654;1104657;sample,2.278,2.278,20.0,0.04,2.0,2.0,387.0,329,13.16,18.26306,18.22417,66815,1
brainsaw|2024/09/03 10:01:07,mrsic_flogel,2024/09/03 10:01:07,2024,brainsaw,4,brainsaw;brainsaw;brainsaw;brainsaw,se096;se097;se104;se105,brainsaw;se096;se097;se104;se105,2.278,2.278,20.0,0.04,2.0,2.0,294.0,268,10.72,14.46306,14.41167,49576,1
brainsaw|2024/09/04 12:29:42,mrsic_flogel,2024/09/04 12:29:42,2024,brainsaw,4,brainsaw;brainsaw;brainsaw;brainsaw,se100;se103;se106;se108,brainsaw;se100;se103;se106;se108,2.278,2.278,10.0,0.04,4.0,1.0,324.0,314,12.56,16.47222,16.41944,54722,1
brainsaw|2024/09/05 12:42:23,branco,2024/09/05 12:42:23,2024,brainsaw,3,1104716;1104723;1104724,sample_1104716;sample_1104723;sample_1104724,1104716;1104723;1104724;sample,2.278,2.278,20.0,0.04,2.0,2.0,374.0,306,12.24,16.86389,16.82861,50180,1
brainsaw|2024/09/06 13:28:26,mrsic_flogel,2024/09/06 13:28:26,2024,brainsaw,4,102brainsaw;brainsaw;brainsaw;brainsaw,se098;se099;se102;se107,102brainsaw;brainsaw;se098;se099;se102;se107,2.278,2.278,10.0,0.04,4.0,1.0,332.0,267,10.68,16.70583,16.64833,51302,1
brainsaw|2024/09/09 11:41:27,margrie,2024/09/09 11:41:27,2024,brainsaw,2,SL_1122205;SL_1122325,SL_1122205;SL_1122325,SL,2.278,2.278,6.3,0.05,8.0,1.0,210.0,210,10.5,11.17333,11.13611,25170,1
brainsaw|2024/09/10 10:08:43,mrsic_flogel,2024/09/10 10:08:43,2024,brainsaw,2,vLGYSCTLP1;vLGYSCTLP2,vLGYSCTLP1;vLGYSCTLP2,vLGYSCTLP1;vLGYSCTLP2,2.278,2.278,5.0,0.04,8.0,4.0,250.0,195,7.8,28.05,27.94778,24257,1
brainsaw|2024/09/11 16:28:20,margrie,2024/09/11 16:28:20,2024,brainsaw,1,SL_1122320,SL_1122320,SL,2.278,2.278,6.3,0.05,8.0,1.0,210.0,210,10.5,6.44944,6.42528,10823,1
brainsaw|2024/09/12 10:22:26,margrie,2024/09/12 10:22:26,2024,brainsaw,1,SL_1122312,SL_1122312,SL,2.278,2.278,6.3,0.05,8.0,1.0,210.0,210,10.5,7.15139,7.12667,12252,1
brainsaw|2024/09/16 10:56:09,okeefe,2024/09/16 10:56:09,2024,brainsaw,1,JO_HC04,JO_HC04,JO,4.033,4.033,20.0,0.04,2.0,1.0,452.0,452,18.08,15.57833,15.55556,56016,1
brainsaw|2024/09/17 11:57:07,mrsic_flogel,2024/09/17 11:57:07,2024,brainsaw,2,aVGAT03_SerialSection;aVGAT04_SerialSection,aVGAT03;aVGAT04,aVGAT03;aVGAT04,2.278,2.278,5.0,0.04,8.0,4.0,351.0,259,10.36,21.53694,21.46444,30651,1
brainsaw|2024/09/18 10:38:05,mrsic_flogel,2024/09/18 10:38:05,2024,brainsaw,1,aRbp413_SerialSection,SM_aRbp413,SM;aRbp413,2.278,2.278,10.0,0.04,4.0,4.0,286.0,286,11.44,11.14389,11.11139,15617,1
brainsaw|2024/09/20 12:27:13,branco,2024/09/20 12:27:13,2024,brainsaw,3,1104660;1104784;1104786,sample_1104660;sample_1104784;sample_1104786,1104660;1104784;1104786;sample,2.278,2.278,20.0,0.04,2.0,2.0,375.0,315,12.6,13.50028,13.47056,47697,1
brainsaw|2024/09/22 10:32:52,mrsic_flogel,2024/09/22 10:32:52,2024,brainsaw,1,atdTomVGAT06_SerialSection,SM_atdTomVGAT06,SM;atdTomVGAT06,2.278,2.278,5.0,0.04,8.0,3.0,287.0,287,11.48,13.81639,13.77611,17160,1
brainsaw|2024/09/23 10:23:11,mrsic_flogel,2024/09/23 10:23:11,2024,brainsaw,1,fVGAT-chR2-EYFP01_SerialSection,SM_fVGAT-chR2-EYFP01,SM;fVGAT-chR2-EYFP01,4.033,4.033,5.0,0.04,8.0,4.0,280.0,275,11.0,12.56944,12.52528,14856,1
brainsaw|2024/09/24 10:59:06,margrie,2024/09/24 10:59:06,2024,brainsaw,1,SL_1101290,SL_1101290,SL,2.278,2.278,6.3,0.05,8.0,1.0,210.0,210,10.5,5.80917,5.78667,12636,1
brainsaw|2024/09/25 14:22:49,branco,2024/09/25 14:22:49,2024,brainsaw,1,YI_1104753,YI_1104753,YI,4.033,4.033,10.0,0.04,4.0,1.0,270.0,270,10.8,6.61972,6.60472,16978,1
brainsaw|2024/09/26 09:30:46,margrie,2024/09/26 09:30:46,2024,brainsaw,1,SL_1101292,SL_1101292,SL,2.278,2.278,6.3,0.05,8.0,1.0,210.0,210,10.5,5.30139,5.28194,11671,1
brainsaw|2024/09/30 11:25:53,mrsic_flogel,2024/09/30 11:25:53,2024,brainsaw,1,atdTomVGAT07_SerialSection,SM_atdTomVGAT07,SM;atdTomVGAT07,2.278,2.278,5.0,0.04,8.0,3.0,294.0,294,11.76,13.05639,13.02,15812,1
brainsaw|2024/10/01 10:37:55,mrsic_flogel,2024/10/01 10:37:55,2024,brainsaw,1,atdTomVGAT08_SerialSection,SM_atdTomVGAT08,SM;atdTomVGAT08,2.278,2.278,5.0,0.04,8.0,3.0,302.0,302,12.08,13.62778,13.59028,15597,1
brainsaw|2024/10/03 13:16:56,branco,2024/10/03 13:16:56,2024,brainsaw,3,1104835;1104850;1104934,sample_1104835;sample_1104850;sample_1104934,1104835;1104850;1104934;sample,2.278,2.278,20.0,0.04,2.0,2.0,399.0,349,13.96,16.10833,16.07778,51590,1
brainsaw|2024/10/08 10:07:08,okeefe,2024/10/08 10:07:08,2024,brainsaw,1,CM_vhpc12,CM_vhpc12,CM,4.033,4.033,25.0,0.05,2.0,1.0,327.0,327,16.35,15.57417,15.53611,42075,1
brainsaw|2024/10/10 13:42:56,branco,2024/10/10 13:42:56,2024,brainsaw,2,1104405;1104434,sample_1104405;sample_1104434,1104405;1104434;sample,2.278,2.278,5.0,0.04,8.0,1.0,280.0,280,11.2,13.93389,13.90528,44471,1
brainsaw|2024/10/11 14:09:20,branco,2024/10/11 14:09:20,2024,brainsaw,2,1104435;1104436,sample_1104435;sample_1104436,1104435;1104436;sample,2.278,2.278,5.0,0.04,8.0,1.0,280.0,280,11.2,11.69306,11.66306,31703,1
brainsaw|2024/10/16 13:28:16,mrsic_flogel,2024/10/16 13:28:16,2024,brainsaw,1,AMA_Mmb_161024_2,AMA_Mmb_161024_2,AMA,4.033,4.033,20.0,0.04,2.0,4.0,330.0,330,13.2,10.06111,10.03667,18736,1
brainsaw|2024/10/18 11:12:38,okeefe,2024/10/18 11:12:38,2024,brainsaw,4,CM_482_484_840;bottomR;topL;topR,CM_482_484_840;bottomR;topL;topR,CM;bottomR;topL;topR,4.033,4.033,20.0,0.04,2.0,1.0,369.0,330,13.2,16.24083,16.19667,55267,1
brainsaw|2024/10/19 10:15:23,mrsic_flogel,2024/10/19 10:15:23,2024,brainsaw,2,vLGLPT2A4;vLGLPT2A5,vLGLPT2A4;vLGLPT2A5,vLGLPT2A4;vLGLPT2A5,2.278,2.278,5.0,0.04,8.0,4.0,200.0,200,8.0,18.82333,18.75083,26012,1
brainsaw|2024/10/21 09:25:45,mrsic_flogel,2024/10/21 09:25:45,2024,brainsaw,6,SOMChRLP10;SOMChRLP11;SOMChRLP6;SOMChRLP7;SOMChRLP8;SOMChRLP9,SOMChRLP10;SOMChRLP11;SOMChRLP6;SOMChRLP7;SOMChRLP8;SOMChRLP9,SOMChRLP10;SOMChRLP11;SOMChRLP6;SOMChRLP7;SOMChRLP8;SOMChRLP9,4.033,4.033,10.0,0.04,4.0,1.0,200.0,200,8.0,23.17278,23.09417,104540,1
brainsaw|2024/10/22 14:44:58,mrsic_flogel,2024/10/22 14:44:58,2024,brainsaw,1,Inter1_SerialSection,AMK_Inter1_221024,AMK;Inter1,2.278,2.278,5.0,0.04,8.0,2.0,326.0,326,13.04,14.55222,14.52056,16143,1
brainsaw|2024/10/23 15:53:32,akrami,2024/10/23 15:53:32,2024,brainsaw,2,D083;D085,D083;D085,D083;D085,4.033,4.033,16.7,0.05,3.0,1.0,304.0,293,14.65,11.11139,11.08306,33483,1
brainsaw|2024/10/24 11:24:05,branco,2024/10/24 11:24:05,2024,brainsaw,4,1104852;1104853;1104871;1104873,sample_1104852;sample_1104853;sample_1104871;sample_1104873,1104852;1104853;1104871;1104873;sample,2.278,2.278,20.0,0.04,2.0,2.0,391.0,324,12.96,23.10389,23.05222,65855,1
brainsaw|2024/10/25 12:28:45,branco,2024/10/25 12:28:45,2024,brainsaw,4,1104832;1104875;1104912;1105020,sample_1104832;sample_1104875;sample_1104912;sample_1105020,1104832;1104875;1104912;1105020;sample,2.278,2.278,20.0,0.04,2.0,2.0,389.0,328,13.12,24.27833,24.22972,66733,1
brainsaw|2024/10/28 14:16:22,mrsic_flogel,2024/10/28 14:16:22,2024,brainsaw,1,aRbp415_SerialSection,SM_aRbp415,SM;aRbp415,2.278,2.278,5.0,0.04,8.0,4.0,294.0,165,6.6,9.12361,9.08028,10515,1
brainsaw|2024/10/29 14:42:40,branco,2024/10/29 14:42:40,2024,brainsaw,3,1104798;1104810;1104817,sample_1104798;sample_1104810;sample_1104817,1104798;1104810;1104817;sample,2.278,2.278,20.0,0.04,2.0,1.0,410.0,357,14.28,12.67972,12.6575,42932,1
brainsaw|2024/10/31 10:12:28,mrsic_flogel,2024/10/31 10:12:28,2024,brainsaw,1,aRbp414_SerialSection,SM_aRbp414,SM;aRbp414,2.278,2.278,5.0,0.04,8.0,3.0,302.0,302,12.08,13.36833,13.33556,15627,1
brainsaw|2024/11/01 10:26:21,mrsic_flogel,2024/11/01 10:26:21,2024,brainsaw,4,HVAM4SC1;HVAM4SC2;HVAM4SC3;HVAM4SC4,HVAM4SC1;HVAM4SC2;HVAM4SC3;HVAM4SC4,HVAM4SC1;HVAM4SC2;HVAM4SC3;HVAM4SC4,2.278,2.278,10.0,0.04,4.0,1.0,250.0,250,10.0,13.09111,13.05139,61202,1
brainsaw|2024/11/02 09:45:51,mrsic_flogel,2024/11/02 09:45:51,2024,brainsaw,6,HVATdTSC1;HVATdTSC2;HVATdTSC3;HVATdTSC4;HVATdTSC5;HVATdTSC6,HVATdTSC1;HVATdTSC2;HVATdTSC3;HVATdTSC4;HVATdTSC5;HVATdTSC6,HVATdTSC1;HVATdTSC2;HVATdTSC3;HVATdTSC4;HVATdTSC5;HVATdTSC6,2.278,2.278,10.0,0.04,4.0,1.0,250.0,250,10.0,19.03444,18.96694,87550,1
brainsaw|2024/11/04 13:48:46,margrie,2024/11/04 13:48:46,2024,brainsaw,1,SL_1122490,SL_1122490,SL,2.278,2.278,6.3,0.05,8.0,1.0,210.0,210,10.5,5.58417,5.56556,12219,1
brainsaw|2024/11/05 12:05:49,branco,2024/11/05 12:05:49,2024,brainsaw,1,AF_1104814,AF_1104814,AF,2.278,2.278,20.0,0.04,2.0,2.0,345.0,334,13.36,8.07639,8.06222,13808,1
brainsaw|2024/11/06 11:21:10,margrie,2024/11/06 11:21:10,2024,brainsaw,1,SW_22631,SW_22631,SW,4.033,4.033,25.0,0.05,2.0,1.0,279.0,247,12.35,6.16417,6.14361,13238,1
brainsaw|2024/11/07 13:04:02,branco,2024/11/07 13:04:02,2024,brainsaw,3,1104840;1104841;1104843,sample_1104840;sample_1104841;sample_1104843,1104840;1104841;1104843;sample,2.278,2.278,20.0,0.04,2.0,2.0,367.0,320,12.8,15.16528,15.12583,44755,1
brainsaw|2024/11/08 16:26:09,margrie,2024/11/08 16:26:09,2024,brainsaw,1,SL_1101380,SL_1101380,SL,2.278,2.278,6.3,0.05,8.0,1.0,210.0,210,10.5,6.0025,5.98167,12339,1
brainsaw|2024/11/11 11:16:23,mrsic_flogel,2024/11/11 11:16:23,2024,brainsaw,1,aVGAT-chR2-EYFP03_fVGAT-chR2-EYFP02,SM_fVGAT-chR2-EYFP02,SM;aVGAT-chR2-EYFP03,2.278,2.278,5.0,0.04,8.0,3.0,163.0,289,11.56,12.63944,30.01583,15939,1
brainsaw|2024/11/19 12:57:11,branco,2024/11/19 12:57:11,2024,brainsaw,3,1104970;1104971;1105019,sample_1104970;sample_1104971;sample_1105019,1104970;1104971;1105019;sample,2.278,2.278,20.0,0.04,2.0,2.0,372.0,311,12.44,13.39472,13.36028,43000,1
brainsaw|2024/11/20 17:52:32,mrsic_flogel,2024/11/20 17:52:32,2024,brainsaw,6,bRbp451_SerialSection;bRbp455_SerialSection;bVGAT-chR2-EYFP58_SerialSection;shortVIP7;shortVIP8;shortVIP9,bRbp451;bRbp455;bVGAT-chR2-EYFP58;shortVIP7;shortVIP8;shortVIP9,bRbp451;bRbp455;bVGAT-chR2-EYFP58;shortVIP7;shortVIP8;shortVIP9,4.033,4.033,20.0,0.04,2.0,1.0,370.0,240,9.6,20.46083,20.39194,96397,1
brainsaw|2024/11/21 14:49:30,mrsic_flogel,2024/11/21 14:49:30,2024,brainsaw,1,NV_probetrack1_21112024,NV_probetrack1_21112024,NV,4.033,4.033,20.0,0.04,2.0,1.0,200.0,200,8.0,4.50167,4.48278,14029,1
brainsaw|2024/11/22 13:34:15,branco,2024/11/22 13:34:15,2024,brainsaw,4,1104800;1104809;1104811;1104878,sample_1104800;sample_1104809;sample_1104811;sample_1104878,1104800;1104809;1104811;1104878;sample,2.278,2.278,20.0,0.04,2.0,2.0,399.0,359,14.36,16.4625,16.42611,60467,1
brainsaw|2024/11/23 15:11:22,mrsic_flogel,2024/11/23 15:11:22,2024,brainsaw,1,AMA_LC_axons_231124,AMA_LC_axons_231124,AMA,2.278,2.278,5.0,0.04,8.0,1.0,331.0,288,11.52,9.39722,9.37528,18495,1
brainsaw|2024/11/25 12:25:31,branco,2024/11/25 12:25:31,2024,brainsaw,2,1105013;1105218,sample_1105013;sample_1105218,1105013;1105218;sample,2.278,2.278,20.0,0.04,2.0,1.0,377.0,313,12.52,8.18389,8.16583,27411,1
brainsaw|2024/11/28 10:53:44,mrsic_flogel,2024/11/28 10:53:44,2024,brainsaw,5,bRbp469_SerialSection;bRbp470_SerialSection;bRbp471_SerialSection;bRbp472_SerialSection;bRbp473_SerialSection,bRbp469;bRbp470;bRbp471;bRbp472;bRbp473,bRbp469;bRbp470;bRbp471;bRbp472;bRbp473,2.278,2.278,20.0,0.04,2.0,1.0,364.0,332,13.28,19.52806,19.4775,79062,1
brainsaw|2024/11/29 10:48:45,mrsic_flogel,2024/11/29 10:48:45,2024,brainsaw,2,bNr5a129_SerialSection;bNr5a130_SerialSection,bNr5a129;bNr5a130,bNr5a129;bNr5a130,4.033,4.033,20.0,0.04,2.0,1.0,352.0,311,12.44,11.23111,11.205,33576,1
brainsaw|2024/12/04 11:44:00,mrsic_flogel,2024/12/04 11:44:00,2024,brainsaw,4,brainsaw;brainsaw;brainsaw;brainsaw,SE_VIPRSC;se3;se6,SE;brainsaw;se3;se6,2.278,2.278,6.7,0.04,6.0,1.0,313.0,294,11.76,18.46139,18.5875,56551,1
brainsaw|2024/12/05 13:05:11,mrsic_flogel,2024/12/05 13:05:11,2024,brainsaw,3,brainsaw;brainsaw;brainsaw,se1;se4;se5,brainsaw;se1;se4;se5,2.278,2.278,10.0,0.04,4.0,1.0,300.0,278,11.12,12.33944,12.29972,42368,1
brainsaw|2024/12/06 12:20:06,mrsic_flogel,2024/12/06 12:20:06,2024,brainsaw,1,mouse2,AMA_262_B1_61224,AMA;mouse2,2.278,2.278,5.0,0.04,8.0,4.0,387.0,341,13.64,16.73639,16.71389,17232,1
brainsaw|2024/12/07 14:13:51,mrsic_flogel,2024/12/07 14:13:51,2024,brainsaw,4,LC1;LC2;cntnap2_1;cntnap2_2,LC1;LC2;cntnap2_1;cntnap2_2,LC1;LC2;cntnap2,4.033,4.033,10.0,0.04,4.0,25.0,409.0,361,14.44,19.53778,19.42944,76749,1
brainsaw|2024/12/09 10:24:59,mrsic_flogel,2024/12/09 10:24:59,2024,brainsaw,1,fpVGAT05_SerialSection,SM_fpVGAT05,SM;fpVGAT05,2.278,2.278,10.0,0.04,4.0,1.0,304.0,304,12.16,8.96806,8.94778,15005,1
brainsaw|2024/12/10 09:51:36,mrsic_flogel,2024/12/10 09:51:36,2024,brainsaw,4,SCChRLP2;vLGGtA14;vLGGtA15;vLGGtA16,SCChRLP2;vLGGtA14;vLGGtA15;vLGGtA16,SCChRLP2;vLGGtA14;vLGGtA15;vLGGtA16,2.278,2.278,10.0,0.04,4.0,1.0,250.0,250,10.0,13.62639,13.57972,57153,1
brainsaw|2024/12/11 16:07:44,branco,2024/12/11 16:07:44,2024,brainsaw,2,1105014_fixed;1105022_fixed,sample_1105014;sample_1105022,1105014;1105022;sample,2.278,2.278,20.0,0.04,2.0,1.0,395.0,314,12.56,9.21833,9.20167,33307,1
brainsaw|2024/12/12 13:42:35,mrsic_flogel,2024/12/12 13:42:35,2024,brainsaw,3,fpSHANK303_SerialSection;fpSHANK304_SerialSection;fpVGAT06_SerialSection,BottomLeft;TopLeft;TopRight,BottomLeft;TopLeft;TopRight;fpSHANK303;fpSHANK304;fpVGAT06,2.278,2.278,10.0,0.04,4.0,1.0,378.0,340,13.6,14.8475,14.81278,50298,1
brainsaw|2024/12/15 19:34:47,mrsic_flogel,2024/12/15 19:34:47,2024,brainsaw,1,AMA_LC_151224,AMA_LC_151224,AMA,4.033,4.033,20.0,0.04,2.0,1.0,339.0,334,13.36,8.80472,8.78944,18280,1
brainsaw|2024/12/16 11:39:28,branco,2024/12/16 11:39:28,2024,brainsaw,1,AF_1104837,AF_1104837,AF,2.278,2.278,20.0,0.04,2.0,2.0,312.0,312,12.48,8.61111,8.59139,14136,1
brainsaw|2024/12/17 14:25:45,branco,2024/12/17 14:25:45,2024,brainsaw,2,1105076;1105077,sample_1105076;sample_1105077,1105076;1105077;sample,4.033,4.033,10.0,0.04,4.0,1.0,270.0,270,10.8,9.02944,9.00917,33940,1
brainsaw|2024/12/18 10:59:15,mrsic_flogel,2024/12/18 10:59:15,2024,brainsaw,3,014;177;178,sample_014;sample_177;sample_178,014;177;178;sample,4.033,4.033,20.0,0.04,2.0,1.0,343.0,99,3.96,3.92222,4.31861,13505,1
brainsaw|2024/12/18 15:54:12,branco,2024/12/18 15:54:12,2024,brainsaw,2,1105073;1105075,sample_1105073;sample_1105075,1105073;1105075;sample,4.033,4.033,10.0,0.04,4.0,1.0,270.0,270,10.8,9.855,9.83361,35678,1
brainsaw|2024/12/19 14:51:43,mrsic_flogel,2024/12/19 14:51:43,2024,brainsaw,2,LPDiI1;LPDiI2,LPDiI1;LPDiI2,LPDiI1;LPDiI2,4.033,4.033,10.0,0.04,4.0,1.0,200.0,200,8.0,6.28667,6.26194,28783,1
brainsaw|2024/12/20 10:15:34,mrsic_flogel,2024/12/20 10:15:34,2024,brainsaw,6,SOMChRLP12;SOMChRLP13;SOMChRLP14;SOMChRLP15;SOMChRLP16;SOMChRLP17,SOMChRLP12;SOMChRLP13;SOMChRLP14;SOMChRLP15;SOMChRLP16;SOMChRLP17,SOMChRLP12;SOMChRLP13;SOMChRLP14;SOMChRLP15;SOMChRLP16;SOMChRLP17,2.278,2.278,10.0,0.04,4.0,1.0,250.0,250,10.0,19.27167,19.21389,91069,1
brainsaw|2024/12/23 11:40:57,mrsic_flogel,2024/12/23 11:40:57,2024,brainsaw,3,NicoleLC1;NicoleLC2;lc_bi_0902_1,LC1_0902;NicoleLC1;NicoleLC2,LC1;NicoleLC1;NicoleLC2;lc,4.033,4.033,10.0,0.04,4.0,1.0,150.0,139,5.56,4.67861,4.65083,20542,1
brainsaw|2025/01/06 11:20:12,mrsic_flogel,2025/01/06 11:20:12,2025,brainsaw,2,fpNr5a109_SerialSection;fpNr5a110_SerialSection,fpNr5a109;fpNr5a110,fpNr5a109;fpNr5a110,2.278,2.278,10.0,0.04,4.0,1.0,364.0,320,12.8,12.935,12.90583,31013,1
brainsaw|2025/01/08 10:33:41,mrsic_flogel,2025/01/08 10:33:41,2025,brainsaw,2,bigcerebel1;smallcerebel1,bigcerebel1;smallcerebel1,bigcerebel1;smallcerebel1,2.278,2.278,10.0,0.04,4.0,1.0,200.0,200,8.0,8.83056,8.79917,25424,1
brainsaw|2025/01/09 13:36:38,akrami,2025/01/09 13:36:38,2025,brainsaw,1,AR_HAA_1105421,AR_HAA_1105421,AR,4.033,4.033,20.0,0.04,2.0,1.0,429.0,429,17.16,17.29528,17.26722,53760,1
brainsaw|2025/01/11 14:45:04,branco,2025/01/11 14:45:04,2025,brainsaw,2,1104976;1104977,sample_1104976;sample_1104977,1104976;1104977;sample,2.278,2.278,5.0,0.04,8.0,1.0,250.0,250,10.0,10.3825,10.355,28494,1
brainsaw|2025/01/14 11:06:50,akrami,2025/01/14 11:06:50,2025,brainsaw,2,AR_HAA_1105428;AR_LP06,AR_HAA_1105428;AR_LP06,AR,4.033,4.033,20.0,0.04,2.0,2.0,408.0,363,14.52,23.92222,23.86389,91365,1
brainsaw|2025/01/21 10:52:55,mrsic_flogel,2025/01/21 10:52:55,2025,brainsaw,4,se109;se110;se111;se112,se109;se110;se111;se112,se109;se110;se111;se112,2.278,2.278,20.0,0.04,2.0,1.0,337.0,270,10.8,11.31778,11.27972,47508,1
brainsaw|2025/01/24 13:07:06,mrsic_flogel,2025/01/24 13:07:06,2025,brainsaw,2,lc_bi_2401_1;lc_bi_2401_2,lc_bi_2401_1;lc_bi_2401_2,lc,4.033,4.033,20.0,0.04,2.0,4.0,318.0,286,11.44,12.52806,12.49667,31834,1
brainsaw|2025/01/30 11:04:16,mrsic_flogel,2025/01/30 11:04:16,2025,brainsaw,3,RgSCChRLP1;RgSCChRLP2;RgSCChRLP3,RgSCChRLP1;RgSCChRLP2;RgSCChRLP3,RgSCChRLP1;RgSCChRLP2;RgSCChRLP3,2.278,2.278,10.0,0.04,4.0,1.0,250.0,250,10.0,10.71028,10.68083,44149,1
brainsaw|2025/01/31 11:50:23,mrsic_flogel,2025/01/31 11:50:23,2025,brainsaw,2,fpCamK201_SerialSection;fpCamK202_SerialSection,fpCamK201;fpCamK202,fpCamK201;fpCamK202,4.033,4.033,20.0,0.04,2.0,1.0,342.0,308,12.32,10.23667,10.21139,29149,1
brainsaw|2025/02/03 10:58:01,mrsic_flogel,2025/02/03 10:58:01,2025,brainsaw,1,lc_bi_3101,AMA_LC_bi_3101,AMA;lc,4.033,4.033,20.0,0.04,2.0,1.0,317.0,85,3.4,2.11944,2.09833,5076,1
brainsaw|2025/02/05 10:56:51,sjones,2025/02/05 10:56:51,2025,brainsaw,1,AG_MAR_01,AG_Marc_01,AG,4.033,4.033,20.0,0.04,2.0,2.0,296.0,296,11.84,9.12194,9.10083,16374,1
brainsaw|2025/02/10 11:33:07,mrsic_flogel,2025/02/10 11:33:07,2025,brainsaw,1,lc_bi_0902_2,AMA_LC_DiI_bi_090225,AMA;lc,4.033,4.033,20.0,0.04,2.0,4.0,377.0,323,12.92,10.2675,10.24583,17045,1
brainsaw|2025/02/11 11:04:35,mrsic_flogel,2025/02/11 11:04:35,2025,brainsaw,1,aRbp421_SerialSection,SM_aRbp421,SM;aRbp421,4.033,4.033,6.7,0.04,6.0,4.0,297.0,297,11.88,11.52861,11.49889,17159,1
brainsaw|2025/02/13 13:25:21,branco,2025/02/13 13:25:21,2025,brainsaw,1,YI_1105201,YI_1105201,YI,2.278,2.278,5.0,0.04,8.0,1.0,280.0,280,11.2,8.2125,8.19444,15308,1
brainsaw|2025/02/14 11:35:16,mrsic_flogel,2025/02/14 11:35:16,2025,brainsaw,2,fpSHANK305_SerialSection;fpSHANK306_SerialSection,fpSHANK305;fpSHANK306,fpSHANK305;fpSHANK306,4.033,4.033,10.0,0.04,4.0,6.0,359.0,333,13.32,18.73889,18.68944,36301,1
brainsaw|2025/02/17 12:11:11,branco,2025/02/17 12:11:11,2025,brainsaw,1,SL_1105106,SL_1105106,SL,2.278,2.278,25.0,0.05,2.0,1.0,210.0,210,10.5,4.6775,4.66111,12680,1
brainsaw|2025/02/18 15:02:58,mrsic_flogel,2025/02/18 15:02:58,2025,brainsaw,1,TB_1141802,AMA_TB_180225,AMA;TB,2.278,2.278,10.0,0.04,4.0,4.0,354.0,354,14.16,13.32472,13.29917,17734,1
brainsaw|2025/02/19 10:48:41,margrie,2025/02/19 10:48:41,2025,brainsaw,1,sub-001_id-1105107_type-sertcregcampdr,SL_1105107,SL;sub-001,2.278,2.278,25.0,0.05,2.0,1.0,210.0,210,10.5,4.1275,4.11333,12623,1
brainsaw|2025/02/21 12:16:27,margrie,2025/02/21 12:16:27,2025,brainsaw,1,SL_1104858,SL_1104858,SL,2.278,2.278,6.3,0.05,8.0,1.0,210.0,210,10.5,5.45139,5.435,13398,1
brainsaw|2025/02/25 11:23:28,mrsic_flogel,2025/02/25 11:23:28,2025,brainsaw,4,LC0;LC1;brainsaw;brainsaw,LC0;LC1;se113;se114,LC0;LC1;brainsaw;se113;se114,2.278,2.278,10.0,0.04,4.0,1.0,350.0,292,11.68,13.75333,13.71028,52999,1
brainsaw|2025/02/28 10:04:04,mrsic_flogel,2025/02/28 10:04:04,2025,brainsaw,2,brainsaw;brainsaw,se115;se116,brainsaw;se115;se116,2.278,2.278,20.0,0.04,2.0,1.0,351.0,295,11.8,10.49167,10.46472,31037,1
brainsaw|2025/03/05 11:49:51,sjones,2025/03/05 11:49:51,2025,brainsaw,1,HB_tdTom_SNR_01,HB_tdTom_SNR_01,HB,4.033,4.033,20.0,0.04,2.0,2.0,309.0,309,12.36,10.00306,9.98333,24665,1
brainsaw|2025/03/10 12:24:46,akrami,2025/03/10 12:24:46,2025,brainsaw,1,DO_250227,DO_250227,DO,2.278,2.278,10.0,0.05,5.0,1.0,292.0,214,10.7,5.22861,5.20639,11694,1
brainsaw|2025/03/11 11:29:21,okeefe,2025/03/11 11:29:21,2025,brainsaw,2,REV05;REV06,REV05;REV06,REV05;REV06,4.033,4.033,25.0,0.05,2.0,1.0,302.0,302,15.1,19.27083,19.22028,85170,1
brainsaw|2025/03/13 13:49:12,margrie,2025/03/13 13:49:12,2025,brainsaw,1,SW_22777,SW_22777,SW,2.278,2.278,5.0,0.05,10.0,1.0,339.0,264,13.2,7.31389,7.295,12985,1
brainsaw|2025/03/14 13:55:28,sjones,2025/03/14 13:55:28,2025,brainsaw,4,lbr_test_20250315;seq085_dlsttx;seq101_dlsttx;seq115_dlsttxtest,lbr_test_20250315;seq085_ttx;seq101;seq115,lbr;seq085;seq101;seq115,4.033,4.033,20.0,0.04,2.0,2.0,384.0,375,15.0,33.50917,33.47861,183765,1
brainsaw|2025/03/17 12:29:32,akrami,2025/03/17 12:29:32,2025,brainsaw,1,DO_250312,DO_250312,DO,2.278,2.278,10.0,0.05,5.0,1.0,226.0,121,6.05,3.58278,3.55806,8311,1
brainsaw|2025/03/17 16:40:41,akrami,2025/03/17 16:40:41,2025,brainsaw,1,DO_E79,DO_E79,DO,4.033,4.033,10.0,0.05,5.0,1.0,241.0,241,12.05,6.2925,6.27194,14955,1
brainsaw|2025/03/18 13:51:46,branco,2025/03/18 13:51:46,2025,brainsaw,1,YI_1105224,YI_1105224,YI,2.278,2.278,5.0,0.04,8.0,1.0,280.0,280,11.2,8.70333,8.68167,15457,1
brainsaw|2025/03/19 12:02:49,mrsic_flogel,2025/03/19 12:02:49,2025,brainsaw,2,aNr5a105_SerialSection;aNr5a106_SerialSection,aNr5a105;aNr5a106,aNr5a105;aNr5a106,2.278,2.278,6.7,0.04,6.0,4.0,377.0,270,10.8,22.85194,22.78806,31621,1
brainsaw|2025/03/21 11:48:19,margrie,2025/03/21 11:48:19,2025,brainsaw,4,SW_3041;SW_3042;SW_3043;SW_3044,SW_3041;SW_3042;SW_3043;SW_3044,SW,4.033,4.033,10.0,0.05,5.0,1.0,279.0,251,12.55,12.69056,12.64083,56259,1
brainsaw|2025/03/24 11:27:40,margrie,2025/03/24 11:27:40,2025,brainsaw,2,SW_2963;SW_3045,SW_2963;SW_3045,SW,4.033,4.033,10.0,0.05,5.0,1.0,303.0,278,13.9,8.4975,8.47333,30320,1
brainsaw|2025/03/25 11:36:08,mrsic_flogel,2025/03/25 11:36:08,2025,brainsaw,1,AMA_1141219,AMA_1141219,AMA,4.033,4.033,20.0,0.04,2.0,4.0,342.0,342,13.68,10.17167,10.15194,19518,1
brainsaw|2025/03/26 16:48:46,mrsic_flogel,2025/03/26 16:48:46,2025,brainsaw,1,aquisition_logs,AMA_676_260325,AMA;aquisition,2.278,2.278,5.0,0.04,8.0,4.0,351.0,351,14.04,16.15722,16.1325,18417,1
brainsaw|2025/03/27 17:52:45,margrie,2025/03/27 17:52:45,2025,brainsaw,1,sub-007_id-1105110_type-sertcregcampdr,SL_1105110,SL;sub-007,2.278,2.278,25.0,0.05,2.0,1.0,210.0,210,10.5,3.90306,3.89139,11543,1
brainsaw|2025/03/28 11:34:07,sjones,2025/03/28 11:34:07,2025,brainsaw,3,ROI_1;ROI_3;ROI_4,ROI_1;ROI_3;ROI_4,ROI,4.033,4.033,20.0,0.04,2.0,1.0,352.0,350,14.0,14.68444,14.64889,66559,1
brainsaw|2025/03/30 11:33:54,mrsic_flogel,2025/03/30 11:33:54,2025,brainsaw,2,fpVGAT-chR2-EYFP02_SerialSection;fpVGAT-chR2-EYFP03_SerialSection,fpVGAT-chR2-EYFP02;fpVGAT-chR2-EYFP03,fpVGAT-chR2-EYFP02;fpVGAT-chR2-EYFP03,4.033,4.033,10.0,0.04,4.0,4.0,362.0,327,13.08,16.12806,16.08333,35064,1
brainsaw|2025/03/31 11:04:21,mrsic_flogel,2025/03/31 11:04:21,2025,brainsaw,1,fpVGAT11_SerialSection,SM_fpVGAT11,SM;fpVGAT11,4.033,4.033,10.0,0.04,4.0,4.0,292.0,292,11.68,11.02694,10.99694,16751,1
brainsaw|2025/04/01 10:02:39,mrsic_flogel,2025/04/01 10:02:39,2025,brainsaw,2,vgatChR1;vgatChR2,vgatChR1;vgatChR2,vgatChR1;vgatChR2,2.278,2.278,20.0,0.04,2.0,1.0,250.0,250,10.0,8.35917,8.33667,29921,1
brainsaw|2025/04/02 14:38:11,branco;margrie,2025/04/02 14:38:11,2025,brainsaw,3,SW_3125;SW_3127;YI_3111,SW_3125;SW_3127;YI_3111,SW;YI,4.033,4.033,25.0,0.05,2.0,1.0,220.0,220,11.0,16.31917,16.23778,91960,1
brainsaw|2025/04/03 16:22:22,mrsic_flogel,2025/04/03 16:22:22,2025,brainsaw,1,aquisition_logs,AMA_396_LC_syn_250403,AMA;aquisition,2.278,2.278,5.0,0.04,8.0,4.0,367.0,310,12.4,17.24361,17.21889,17059,1
brainsaw|2025/04/07 14:15:29,mrsic_flogel,2025/04/07 14:15:29,2025,brainsaw,1,aNr5a104_SerialSection,SM_aNr5a104,SM;aNr5a104,2.278,2.278,5.0,0.04,8.0,4.0,281.0,281,11.24,16.02361,15.9725,13886,1
brainsaw|2025/04/08 10:45:44,margrie;mrsic_flogel,2025/04/08 10:45:44,2025,brainsaw,3,SW_3039;aRbp423_SerialSection;aRbp424_SerialSection,SW_3039;aRbp423;aRbp424,SW;aRbp423;aRbp424,2.278,2.278,6.7,0.04,6.0,1.0,362.0,292,11.68,20.79694,20.73917,47007,1
brainsaw|2025/04/09 15:13:09,mrsic_flogel,2025/04/09 15:13:09,2025,brainsaw,4,AL1140482;AR1140634;PL1140862;PR1140865,AL1140482;AR1140634;PL1140862;PR1140865,AL1140482;AR1140634;PL1140862;PR1140865,2.278,2.278,20.0,0.04,2.0,1.0,200.0,200,8.0,14.06389,14.01167,51952,1
brainsaw|2025/04/10 11:47:11,mrsic_flogel,2025/04/10 11:47:11,2025,brainsaw,4,AL1132445;AR1132442;PL1132440;PR1132441,AL1132445;AR1132442;PL1132440;PR1132441,AL1132445;AR1132442;PL1132440;PR1132441,2.278,2.278,20.0,0.04,2.0,1.0,200.0,200,8.0,12.58889,12.5325,44842,1
brainsaw|2025/04/13 15:12:44,mrsic_flogel,2025/04/13 15:12:44,2025,brainsaw,1,aquisition_logs,AMA_676_sk3hom_cfos_130425,AMA;aquisition,2.278,2.278,5.0,0.04,8.0,4.0,353.0,353,14.12,42.25139,42.19778,25026,1
brainsaw|2025/04/15 11:34:31,branco,2025/04/15 11:34:31,2025,brainsaw,4,1104905;1105158;1105373;1105374,sample_1104905;sample_1105158;sample_1105373;sample_1105374,1104905;1105158;1105373;1105374;sample,2.278,2.278,10.0,0.04,4.0,1.0,290.0,253,10.12,22.61556,22.5575,61404,1
brainsaw|2025/04/16 11:13:51,mrsic_flogel,2025/04/16 11:13:51,2025,brainsaw,3,aAdora2a01_SerialSection;aAdora2a02_SerialSection;aVGAT-chR2-EYFP04_SerialSection,aAdora101;aAdora102;aVGAT-chR2-EYFP04,aAdora101;aAdora102;aAdora2a01;aAdora2a02;aVGAT-chR2-EYFP04,2.278,2.278,6.7,0.04,6.0,3.0,362.0,319,12.76,24.28833,24.21833,45874,1
brainsaw|2025/04/17 15:07:40,mrsic_flogel,2025/04/17 15:07:40,2025,brainsaw,3,L;LR;R,L;LR;R,L;LR;R,2.278,2.278,10.0,0.04,4.0,1.0,393.0,284,11.36,11.98278,11.95611,36161,1
brainsaw|2025/04/23 13:45:35,mrsic_flogel,2025/04/23 13:45:35,2025,brainsaw,2,fpVGAT12_SerialSection;fpVGAT13_SerialSection,fpVGAT12;fpVGAT13,fpVGAT12;fpVGAT13,4.033,4.033,10.0,0.04,4.0,4.0,347.0,296,11.84,13.75333,13.71167,33649,1
brainsaw|2025/04/24 12:01:42,margrie;mrsic_flogel,2025/04/24 12:01:42,2025,brainsaw,3,SW_2709;vgatChR4;vgatChR5,SW_2709;vgatChR4;vgatChR5,SW;vgatChR4;vgatChR5,4.033,4.033,12.5,0.05,4.0,1.0,311.0,279,13.95,11.55333,11.51806,49458,1
brainsaw|2025/04/25 11:12:06,mrsic_flogel,2025/04/25 11:12:06,2025,brainsaw,1,HD_041_250425,HD_041_250425,HD,1.268,1.268,5.0,0.04,8.0,4.0,279.0,279,11.16,17.18611,17.1275,13441,1
brainsaw|2025/04/26 11:26:04,mrsic_flogel,2025/04/26 11:26:04,2025,brainsaw,2,HD_020;HD_021,HD_020;HD_021,HD,4.033,4.033,20.0,0.04,2.0,10.0,358.0,358,14.32,12.6025,12.57528,36449,1
brainsaw|2025/04/28 16:37:19,mrsic_flogel,2025/04/28 16:37:19,2025,brainsaw,1,aquisition_logs,AMA_LC_syn174_1_280425,AMA;aquisition,2.278,2.278,5.0,0.04,8.0,4.0,364.0,328,13.12,16.74,16.71028,16449,1
brainsaw|2025/04/30 13:06:33,branco,2025/04/30 13:06:33,2025,brainsaw,3,1-1;24-2;57-6,sample_1-1;sample_24-2;sample_57-6,1-1;24-2;57-6;sample,2.278,2.278,20.0,0.04,2.0,2.0,432.0,337,13.48,15.39306,15.35472,44886,1
brainsaw|2025/05/02 16:33:08,mrsic_flogel,2025/05/02 16:33:08,2025,brainsaw,1,aquisition_logs,AMA_LC_syn_175_250425,AMA;aquisition,2.278,2.278,5.0,0.04,8.0,4.0,348.0,348,13.92,16.12389,16.10028,16671,1
brainsaw|2025/05/03 13:21:44,branco,2025/05/03 13:21:44,2025,brainsaw,3,72-10;72-3;72-9,sample_72-10;sample_72-3;sample_72-9,72-10;72-3;72-9;sample,2.278,2.278,20.0,0.04,2.0,1.0,327.0,327,13.08,12.19167,12.16444,44803,1
brainsaw|2025/05/06 15:10:53,branco,2025/05/06 15:10:53,2025,brainsaw,1,YI_1105689,YI_1105689,YI,4.033,4.033,10.0,0.04,4.0,4.0,280.0,280,11.2,8.81861,8.80139,17565,1
brainsaw|2025/05/08 17:57:40,mrsic_flogel,2025/05/08 17:57:40,2025,brainsaw,1,aquisition_logs,AMA_SK3_CT_1_080524,AMA;aquisition,2.278,2.278,5.0,0.04,8.0,4.0,330.0,330,13.2,17.08861,17.06222,18731,1
brainsaw|2025/05/09 17:22:07,mrsic_flogel,2025/05/09 17:22:07,2025,brainsaw,1,aquisition_logs,AMA_SK3_PE_090525,AMA;aquisition,2.278,2.278,5.0,0.04,8.0,4.0,353.0,353,14.12,17.2475,17.22611,17437,1
brainsaw|2025/05/12 14:54:13,margrie,2025/05/12 14:54:13,2025,brainsaw,4,SL_1105293;SL_1105294;SL_1105509;SL_1105510,SL_1105293;SL_1105294;SL_1105509;SL_1105510,SL,4.033,4.033,25.0,0.05,2.0,1.0,220.0,220,11.0,10.315,10.28222,59928,1
brainsaw|2025/05/13 16:19:21,mrsic_flogel,2025/05/13 16:19:21,2025,brainsaw,1,aquisition_logs,AMA_SK3_CT2_130525,AMA;aquisition,4.033,4.033,5.0,0.04,8.0,4.0,331.0,331,13.24,14.42583,14.40528,21964,1
brainsaw|2025/05/14 18:14:34,mrsic_flogel,2025/05/14 18:14:34,2025,brainsaw,4,220;450;606;764,AMA_764_220_450_606_140525;sample_450;sample_764,220;450;606;764;AMA;sample,4.033,4.033,20.0,0.04,2.0,1.0,339.0,337,13.48,15.85,30.88694,71583,1
brainsaw|2025/05/16 11:01:12,mrsic_flogel,2025/05/16 11:01:12,2025,brainsaw,6,PenkChR1;PenkChR2;PenkChR4;PenkChR5;PenkChR6;vgatChR6,PenkChR1;PenkChR2;PenkChR4;PenkChR5;PenkChR6;vgatChR6,PenkChR1;PenkChR2;PenkChR4;PenkChR5;PenkChR6;vgatChR6,2.278,2.278,10.0,0.04,4.0,1.0,250.0,250,10.0,18.96528,18.905,84098,1
brainsaw|2025/05/20 09:43:26,margrie,2025/05/20 09:43:26,2025,brainsaw,1,sub-010_id-1105507_type-sertcregcampdr,SL_1105507,SL;sub-010,2.278,2.278,25.0,0.05,2.0,1.0,210.0,210,10.5,4.27444,4.26056,11852,1
brainsaw|2025/05/20 15:46:29,margrie,2025/05/20 15:46:29,2025,brainsaw,1,SL_1105508,SL_1105508,SL,2.278,2.278,25.0,0.05,2.0,1.0,230.0,230,11.5,4.62083,4.60611,12145,1
brainsaw|2025/05/21 11:40:25,margrie,2025/05/21 11:40:25,2025,brainsaw,5,SW_2760;SW_3243;SW_3244;SW_3245;SW_3246,SW_2760;SW_3243;SW_3244;SW_3245;SW_3246,SW,4.033,4.033,16.7,0.05,3.0,1.0,306.0,275,13.75,18.4325,18.37833,85740,1
brainsaw|2025/05/22 12:20:50,margrie,2025/05/22 12:20:50,2025,brainsaw,4,ZF_8033m;ZF_8222f;ZF_8279f;ZF_8761m,ZF_8033m;ZF_8222f;ZF_8279f;ZF_8761m,ZF,2.278,2.278,5.0,0.05,10.0,2.0,263.0,222,11.1,23.82889,23.78417,52016,1
brainsaw|2025/05/26 13:00:12,margrie,2025/05/26 13:00:12,2025,brainsaw,2,ZF_8380m;ZF_8722f,ZF_8380m;ZF_8722f,ZF,2.278,2.278,5.0,0.05,10.0,1.0,245.0,221,11.05,9.56083,9.54389,24562,1
brainsaw|2025/05/28 10:31:59,margrie,2025/05/28 10:31:59,2025,brainsaw,4,ZF_8291f;ZF_8542f;ZF_8719m;ZF_8801m,ZF_8291f;ZF_8542f;ZF_8719m;ZF_8801m,ZF,2.278,2.278,5.0,0.05,10.0,1.0,257.0,220,11.0,18.91083,18.87028,52286,1
brainsaw|2025/05/29 12:15:50,branco,2025/05/29 12:15:50,2025,brainsaw,4,1105690;1105734;1105735;1105774,sample_1104690;sample_1105734;sample_1105735;sample_1105774,1105690;1105734;1105735;1105774;sample,2.278,2.278,20.0,0.04,2.0,2.0,311.0,307,12.28,16.94083,16.90222,62597,1
brainsaw|2025/05/30 15:07:06,mrsic_flogel,2025/05/30 15:07:06,2025,brainsaw,5,APP1;APP2;ASTRO1;WT5;WT7,APP1;APP2;ASTRO1;WT5;WT7,APP1;APP2;ASTRO1;WT5;WT7,4.033,4.033,10.0,0.04,4.0,4.0,284.0,284,11.36,36.25694,36.13611,73205,1
brainsaw|2025/06/01 10:37:36,mrsic_flogel,2025/06/01 10:37:36,2025,brainsaw,1,NOSChR6,NV_NOSChR6_01062025,NOSChR6;NV,2.278,2.278,10.0,0.04,4.0,1.0,250.0,250,10.0,6.22944,6.21083,14794,1
brainsaw|2025/06/02 11:26:41,margrie,2025/06/02 11:26:41,2025,brainsaw,2,ZF_8685f;ZF_8691m,ZF_8685f;ZF_8691m,ZF,2.278,2.278,5.0,0.05,10.0,1.0,261.0,206,10.3,8.80361,8.77833,24941,1
brainsaw|2025/06/03 12:54:05,mrsic_flogel,2025/06/03 12:54:05,2025,brainsaw,1,aquisition_logs,AMA_LC_syn_030625,AMA;aquisition,2.278,2.278,5.0,0.04,8.0,4.0,339.0,339,13.56,17.66778,17.64139,20463,1
brainsaw|2025/06/04 16:46:43,mrsic_flogel,2025/06/04 16:46:43,2025,brainsaw,1,aquisition_logs,AMA_LC_syn_040625_420,AMA;aquisition,2.278,2.278,5.0,0.04,8.0,4.0,338.0,338,13.52,18.78917,22.91417,22671,1
brainsaw|2025/06/05 17:24:59,sjones,2025/06/05 17:24:59,2025,brainsaw,1,ROI_2,ROI_2,ROI,4.033,4.033,20.0,0.04,2.0,2.0,327.0,327,13.08,14.08639,14.05611,55182,1
brainsaw|2025/06/09 12:18:22,margrie,2025/06/09 12:18:22,2025,brainsaw,1,SW_NG_61,SW_NG_61,SW,2.278,2.278,5.0,0.04,8.0,2.0,315.0,306,12.24,13.34722,13.32694,24138,1
brainsaw|2025/06/11 14:56:14,branco,2025/06/11 14:56:14,2025,brainsaw,4,1105199;1105202;1105223;1105231,sample_1105199;sample_1105202;sample_1105223;sample_1105231,1105199;1105202;1105223;1105231;sample,2.278,2.278,10.0,0.04,4.0,1.0,290.0,290,11.6,15.98056,15.94139,57136,1
brainsaw|2025/06/13 17:10:24,akrami,2025/06/13 17:10:24,2025,brainsaw,1,2pe,VP_ATL01,2pe;VP,4.033,4.033,6.3,0.05,8.0,1.0,282.0,211,10.55,11.92222,11.95083,47522,1
brainsaw|2025/06/17 12:29:28,mrsic_flogel,2025/06/17 12:29:28,2025,brainsaw,2,69;SK-49,SK-49;SK-5269,69;SK-49;SK-5269,4.033,4.033,20.0,0.04,2.0,4.0,301.0,301,12.04,11.98333,11.95333,35939,1
brainsaw|2025/06/25 13:58:01,branco,2025/06/25 13:58:01,2025,brainsaw,1,YI_1105354,YI_1105354,YI,2.278,2.278,5.0,0.04,8.0,3.0,290.0,290,11.6,13.27389,13.24222,15793,1
brainsaw|2025/06/26 11:41:28,margrie,2025/06/26 11:41:28,2025,brainsaw,2,SW_3089;SW_3090,sample_3089;sample_3090,SW;sample,4.033,4.033,20.0,0.04,2.0,1.0,280.0,280,11.2,11.1925,11.16472,37032,1
brainsaw|2025/06/28 13:02:37,margrie,2025/06/28 13:02:37,2025,brainsaw,3,SL_1123128;SL_1123129;SL_1123130,SL_1123128;SL_1123129;SL_1123130,SL,2.278,2.278,10.0,0.05,5.0,1.0,210.0,210,10.5,11.91833,11.87444,38687,1
brainsaw|2025/06/30 11:41:47,branco,2025/06/30 11:41:47,2025,brainsaw,3,1105391;1105692;1105693,sample_1105391;sample_1105692;sample_1105693,1105391;1105692;1105693;sample,2.278,2.278,20.0,0.04,2.0,2.0,333.0,333,13.32,14.32306,14.29917,50561,1
brainsaw|2025/07/02 16:16:03,mrsic_flogel,2025/07/02 16:16:03,2025,brainsaw,4,447;449;917;919_030725,sample_447;sample_449;sample_917;sample_919,447;449;917;919;sample,4.033,4.033,20.0,0.04,2.0,1.0,354.0,354,14.16,16.76972,16.74111,76474,1
brainsaw|2025/07/03 16:55:11,mrsic_flogel,2025/07/03 16:55:11,2025,brainsaw,1,aquisition_logs,AMA_cfos_C_5_1_030725,AMA;aquisition,2.278,2.278,5.0,0.04,8.0,4.0,325.0,325,13.0,16.92972,16.89583,20739,1
brainsaw|2025/07/07 14:57:16,mrsic_flogel,2025/07/07 14:57:16,2025,brainsaw,1,AMA_973_070725,AMA_973_070725,AMA,4.033,4.033,20.0,0.04,2.0,1.0,319.0,319,12.76,8.34806,8.33361,18635,1
brainsaw|2025/07/08 14:25:13,margrie,2025/07/08 14:25:13,2025,brainsaw,2,1123303;1123304,sample_1123303;sample_1123304,1123303;1123304;sample,4.033,4.033,20.0,0.04,2.0,1.0,280.0,280,11.2,9.4425,9.42333,34150,1
brainsaw|2025/07/09 11:43:38,mrsic_flogel,2025/07/09 11:43:38,2025,brainsaw,3,SR519;SR602;SUM1141948-1L,SR519;SR602;SUM1141948-1L,SR519;SR602;SUM1141948-1L,4.033,4.033,20.0,0.04,2.0,4.0,329.0,329,13.16,18.52278,18.48306,55018,1
brainsaw|2025/07/10 12:21:14,mrsic_flogel,2025/07/10 12:21:14,2025,brainsaw,5,HD-034;HD-035;HD-042;SUM_945-1B;SUM_946-2L,HD-034;HD-035;HD-042;SUM_945-1B;SUM_946-2L,HD-034;HD-035;HD-042;SUM,4.033,4.033,20.0,0.04,2.0,4.0,341.0,341,13.64,34.60278,34.54917,91714,1
brainsaw|2025/07/14 13:10:36,mrsic_flogel,2025/07/14 13:10:36,2025,brainsaw,2,bVGAT-chR2-EYFP05_SerialSection;fpVGAT-chR2-EYFP04_SerialSection,fpVGAT-chR2-EYFP04;fpVGAT-chR2-EYFP05,bVGAT-chR2-EYFP05;fpVGAT-chR2-EYFP04;fpVGAT-chR2-EYFP05,4.033,4.033,20.0,0.04,2.0,4.0,303.0,303,12.12,11.39083,11.36,34513,1
brainsaw|2025/07/15 11:23:13,sjones,2025/07/15 11:23:13,2025,brainsaw,4,A111+AS13;GCaMP6;GCaMP8;Piotr_starter,A111AS13;GCaMP6;GCaMP8;Piotr_starter,A111+AS13;A111AS13;GCaMP6;GCaMP8;Piotr,4.033,4.033,20.0,0.04,2.0,1.0,353.0,336,13.44,14.62028,14.58389,75439,1
brainsaw|2025/07/17 13:12:48,branco,2025/07/17 13:12:48,2025,brainsaw,4,1105773;1105776;1105777;1105778,sample_1105773;sample_1105776;sample_1105777;sample_1105778,1105773;1105776;1105777;1105778;sample,2.278,2.278,20.0,0.04,2.0,2.0,342.0,342,13.68,16.53389,16.50389,66376,1
brainsaw|2025/07/18 11:14:54,margrie,2025/07/18 11:14:54,2025,brainsaw,2,ZF_8312m_sag;ZF_8883m_sag,sample_8312m;sample_8883m,ZF;sample,2.278,2.278,5.0,0.04,8.0,1.0,241.0,241,9.64,10.40389,10.38056,31533,1
brainsaw|2025/07/22 12:05:20,mrsic_flogel,2025/07/22 12:05:20,2025,brainsaw,3,brainsaw;brainsaw;brainsaw,se10;se11;se9,brainsaw;se10;se11;se9,2.278,2.278,13.3,0.04,3.0,1.0,263.0,263,10.52,12.93583,12.89667,39384,1
brainsaw|2025/07/23 16:45:42,mrsic_flogel,2025/07/23 16:45:42,2025,brainsaw,4,LC3_red;LC4_red;brainsaw;brainsaw,LC3;LC4;se120;se122,LC3;LC4;brainsaw;se120;se122,2.278,2.278,10.0,0.04,4.0,1.0,349.0,215,8.6,18.37389,18.34472,84964,1
brainsaw|2025/07/28 12:29:28,branco,2025/07/28 12:29:28,2025,brainsaw,1,AF_1105694,AF_1105694,AF,2.278,2.278,20.0,0.04,2.0,2.0,323.0,323,12.92,10.83972,10.81361,16270,1
brainsaw|2025/07/29 13:20:55,mrsic_flogel,2025/07/29 13:20:55,2025,brainsaw,5,ops_id10;ops_id11;ops_id12;ops_id9;pSTR_dii,ops_id10;ops_id11;ops_id12;ops_id9;pSTR_dii,ops;pSTR,4.033,4.033,20.0,0.04,2.0,1.0,297.0,250,10.0,24.105,24.02917,91140,1
brainsaw|2025/07/30 14:26:00,margrie,2025/07/30 14:26:00,2025,brainsaw,1,ZF_8277f_trans,ZF_8277f_trans,ZF,2.278,2.278,5.0,0.04,8.0,1.0,192.0,190,7.6,6.43694,6.54222,16642,1
brainsaw|2025/07/31 14:11:39,margrie,2025/07/31 14:11:39,2025,brainsaw,2,ZF_8747f_sag;ZF_8784f_sag,ZF_8747f_sag;ZF_8784f_sag,ZF,2.278,2.278,5.0,0.04,8.0,2.0,240.0,240,9.6,11.81389,11.78917,26016,1
brainsaw|2025/08/05 14:10:49,margrie,2025/08/05 14:10:49,2025,brainsaw,1,YI_1122341,YI_1122341,YI,4.033,4.033,25.0,0.05,2.0,1.0,210.0,210,10.5,4.77694,4.76056,11552,1
brainsaw|2025/08/06 13:34:45,branco,2025/08/06 13:34:45,2025,brainsaw,4,1105930;1105932;1105933;1105934,sample_1105930;sample_1105932;sample_1105933;sample_1105934,1105930;1105932;1105933;1105934;sample,2.278,2.278,20.0,0.04,2.0,2.0,328.0,328,13.12,15.9925,15.96194,66307,1
brainsaw|2025/08/08 18:35:45,mrsic_flogel,2025/08/08 18:35:45,2025,brainsaw,1,aquisition_logs,AMA_cfos_ASD_480_8825,AMA;aquisition,2.278,2.278,5.0,0.04,8.0,4.0,331.0,332,13.28,21.015,21.17,17909,1
brainsaw|2025/08/10 12:13:15,branco,2025/08/10 12:13:15,2025,brainsaw,4,P15-1;P15-2;P15-3;P15-4,P15-1;P15-2;P15-3;P15-4,P15-1;P15-2;P15-3;P15-4,2.278,2.278,20.0,0.04,2.0,4.0,308.0,308,12.32,17.29944,17.25694,60831,1
brainsaw|2025/08/11 14:29:37,mrsic_flogel,2025/08/11 14:29:37,2025,brainsaw,1,aquisition_logs,AMA_ASD_cfos_486_110825,AMA;aquisition,2.278,2.278,5.0,0.04,8.0,4.0,326.0,325,13.0,15.13472,18.55278,19533,1
brainsaw|2025/08/12 11:38:49,mrsic_flogel,2025/08/12 11:38:49,2025,brainsaw,2,1142303 (AK_30);ML_Surgery_Practice,AK30;ML_Surgery_Practice,1142303 (AK;AK30;ML,4.033,4.033,20.0,0.04,2.0,2.0,313.0,313,12.52,21.97056,21.91417,81520,1
brainsaw|2025/08/13 12:24:59,branco,2025/08/13 12:24:59,2025,brainsaw,2,1105935;1105936,sample_1105935;sample_1105936,1105935;1105936;sample,2.278,2.278,20.0,0.04,2.0,2.0,327.0,327,13.08,11.00944,10.98917,32606,1
brainsaw|2025/08/14 15:12:17,mrsic_flogel,2025/08/14 15:12:17,2025,brainsaw,1,aquisition_logs,AMA_LC_syn_ASD_700_140825,AMA;aquisition,2.278,2.278,5.0,0.04,8.0,4.0,326.0,326,13.04,15.10028,15.07861,17545,1
brainsaw|2025/08/15 12:59:38,mrsic_flogel,2025/08/15 12:59:38,2025,brainsaw,1,aquisition_logs,AMA_LC_syn_ASD_701_150825,AMA;aquisition,2.278,2.278,5.0,0.04,8.0,4.0,338.0,338,13.52,15.52083,15.49306,17502,1
brainsaw|2025/08/16 23:50:37,branco,2025/08/16 23:50:37,2025,brainsaw,1,AF_CFP_5M_1,AF_CFP_5M_1,AF,2.278,2.278,20.0,0.04,2.0,2.0,294.0,294,11.76,8.94667,8.92389,14907,1
brainsaw|2025/08/19 12:00:03,margrie,2025/08/19 12:00:03,2025,brainsaw,1,SL_1141781,SL_1141781,SL,2.278,2.278,6.3,0.05,8.0,1.0,210.0,210,10.5,5.8075,5.78667,11395,1
brainsaw|2025/08/21 15:31:59,margrie,2025/08/21 15:31:59,2025,brainsaw,1,SL_1141784,SL_1141784,SL,2.278,2.278,6.3,0.05,8.0,1.0,210.0,210,10.5,5.015,4.99944,11881,1
brainsaw|2025/08/27 11:39:07,sjones,2025/08/27 11:39:07,2025,brainsaw,2,DLS_injection;DLS_injection,ROI_1;ROI_2,DLS;ROI,2.278,2.278,5.0,0.04,8.0,2.0,304.0,304,12.16,16.46083,16.41861,35254,1
brainsaw|2025/08/28 11:27:13,okeefe,2025/08/28 11:27:13,2025,brainsaw,4,ROI_1125131;ROI_1125132;ROI_1125140;ROI_1125556,ROI_1125131;ROI_1125132;ROI_1125140;ROI_1125556,ROI,4.033,4.033,20.0,0.04,2.0,1.0,321.0,321,12.84,15.75833,15.72583,74222,1
brainsaw|2025/08/29 11:05:33,akrami,2025/08/29 11:05:33,2025,brainsaw,1,2pe,VP_ATL02,2pe;VP,2.278,2.278,5.0,0.05,10.0,1.0,281.0,212,10.6,14.44944,14.42167,44121,1
brainsaw|2025/09/02 15:23:22,akrami,2025/09/02 15:23:22,2025,brainsaw,1,2pe,VP_ATL04,2pe;VP,2.278,2.278,5.0,0.05,10.0,1.0,283.0,203,10.15,12.50361,12.48167,39880,1
brainsaw|2025/09/03 11:25:58,akrami,2025/09/03 11:25:58,2025,brainsaw,1,2pe,VP_ATL05,2pe;VP,2.278,2.278,5.0,0.05,10.0,1.0,286.0,205,10.25,11.65556,11.63389,37433,1
brainsaw|2025/09/04 15:29:46,branco,2025/09/04 15:29:46,2025,brainsaw,2,1106042;1106043,sample_1106042;sample_1106043,1106042;1106043;sample,2.278,2.278,20.0,0.04,2.0,1.0,328.0,328,13.12,10.63917,10.61861,34168,1
brainsaw|2025/09/08 14:49:43,mrsic_flogel,2025/09/08 14:49:43,2025,brainsaw,1,AMA_1143059,AMA_1143059,AMA,2.278,2.278,5.0,0.04,8.0,4.0,348.0,348,13.92,14.79861,14.77972,18428,1
brainsaw|2025/09/09 12:00:07,mrsic_flogel,2025/09/09 12:00:07,2025,brainsaw,1,AMA_1143060,AMA_1143060,AMA,2.278,2.278,5.0,0.04,8.0,4.0,356.0,356,14.24,14.82472,14.8075,17973,1
brainsaw|2025/09/11 18:24:50,margrie,2025/09/11 18:24:50,2025,brainsaw,1,SW_3167,SW_3167,SW,4.033,4.033,8.0,0.04,5.0,1.0,277.0,277,11.08,5.81889,5.80528,15754,1
brainsaw|2025/09/12 13:46:03,margrie,2025/09/12 13:46:03,2025,brainsaw,2,SW_3257;SW_3278,SW_3257;SW_3278,SW,4.033,4.033,8.0,0.04,5.0,1.0,311.0,311,12.44,10.31194,10.28861,44924,1
brainsaw|2025/09/16 12:56:19,akrami,2025/09/16 12:56:19,2025,brainsaw,1,2pe,LP12,2pe;LP12,4.033,4.033,10.0,0.05,5.0,1.0,360.0,353,17.65,12.70389,12.67611,42456,1
brainsaw|2025/09/18 17:18:45,mrsic_flogel,2025/09/18 17:18:45,2025,brainsaw,2,GB010;Gelatin-Block-10um,GB010-10umsection;Gelatin-Block-10um,GB010;GB010-10umsection;Gelatin-Block-10um,4.033,4.033,5.0,0.01,2.0,4.0,168.0,24,0.24,1.07556,1.23917,6384,1
brainsaw|2025/09/21 14:52:24,margrie,2025/09/21 14:52:24,2025,brainsaw,1,SW_CB38green,SW_CB38green,SW,2.278,2.278,5.0,0.04,8.0,1.0,315.0,273,10.92,8.26972,8.25194,22729,1
brainsaw|2025/09/22 10:55:22,mrsic_flogel,2025/09/22 10:55:22,2025,brainsaw,1,VL_1140658,VL_1140658,VL,4.033,4.033,20.0,0.04,2.0,1.0,322.0,322,12.88,8.89861,8.88028,18461,1
brainsaw|2025/09/24 14:37:14,branco,2025/09/24 14:37:14,2025,brainsaw,2,1105907;1105908,sample_1105907;sample_1105908,1105907;1105908;sample,2.278,2.278,5.0,0.04,8.0,2.0,320.0,320,12.8,12.92556,12.9075,26416,1
brainsaw|2025/09/25 15:29:27,branco,2025/09/25 15:29:27,2025,brainsaw,2,1105906;1106229,sample_1105906;sample_1106229,1105906;1106229;sample,2.278,2.278,5.0,0.04,8.0,2.0,340.0,340,13.6,12.58639,12.57389,24779,1
brainsaw|2025/09/26 16:00:14,margrie,2025/09/26 16:00:14,2025,brainsaw,3,0000703;0000705;YI_0000703_705,ROI_1;ROI_2;YI_0000703_705,0000703;0000705;ROI;YI,4.033,4.033,20.0,0.04,2.0,1.0,280.0,280,11.2,8.36306,8.34694,33935,1
brainsaw|2025/10/01 16:16:27,branco,2025/10/01 16:16:27,2025,brainsaw,1,1106230,YI_1106230,1106230;YI,2.278,2.278,5.0,0.04,8.0,2.0,344.0,344,13.76,10.10417,10.09,12879,1
brainsaw|2025/10/02 14:51:43,branco,2025/10/02 14:51:43,2025,brainsaw,1,1106231,YI_1106231,1106231;YI,2.278,2.278,5.0,0.04,8.0,2.0,350.0,350,14.0,10.11194,10.10028,12929,1
brainsaw|2025/10/06 12:33:52,branco,2025/10/06 12:33:52,2025,brainsaw,2,1106044;1106075,sample_1106044;sample_1106075,1106044;1106075;sample,2.278,2.278,10.0,0.04,4.0,1.0,300.0,300,12.0,9.89944,9.8775,31340,1
brainsaw|2025/10/07 10:35:12,akrami,2025/10/07 10:35:12,2025,brainsaw,2,DO95;DO96,DO95;DO96,DO95;DO96,4.033,4.033,20.0,0.04,2.0,4.0,332.0,332,13.28,18.01833,17.98333,78384,1
brainsaw|2025/10/08 14:31:31,branco,2025/10/08 14:31:31,2025,brainsaw,2,1106220;1106221,sample_1106220;sample_1106221,1106220;1106221;sample,2.278,2.278,5.0,0.04,8.0,2.0,350.0,350,14.0,14.31917,14.30194,28058,1
brainsaw|2025/10/09 14:58:50,branco,2025/10/09 14:58:50,2025,brainsaw,2,1106222;1106223,sample_1106222;sample_1106223,1106222;1106223;sample,2.278,2.278,5.0,0.04,8.0,2.0,365.0,365,14.6,14.50056,14.4825,28610,1
brainsaw|2025/10/10 14:48:35,branco,2025/10/10 14:48:35,2025,brainsaw,2,1106227;1106228,sample_1106227;sample_1106228,1106227;1106228;sample,2.278,2.278,5.0,0.04,8.0,2.0,348.0,348,13.92,15.38667,15.36167,30988,1
brainsaw|2025/10/13 14:27:13,mrsic_flogel,2025/10/13 14:27:13,2025,brainsaw,1,DA_OPS16,DA_OPS16,DA,4.033,4.033,20.0,0.04,2.0,2.0,288.0,288,11.52,8.86639,8.84111,15685,1
brainsaw|2025/10/15 11:44:32,branco,2025/10/15 11:44:32,2025,brainsaw,2,MH_1106168;MH_1106170,MH_1106168;MH_1106170,MH,4.033,4.033,20.0,0.04,2.0,4.0,301.0,301,12.04,13.02472,12.99278,33108,1
brainsaw|2025/10/17 11:49:10,sjones,2025/10/17 11:49:10,2025,brainsaw,1,AG_RV_TS_DLS_01,AG_RV_TS_DLS,AG,2.278,2.278,5.0,0.04,8.0,1.0,302.0,302,12.08,10.60639,10.58056,20598,1
brainsaw|2025/10/24 12:23:29,mrsic_flogel,2025/10/24 12:23:29,2025,brainsaw,1,fmVGAT66_SerialSection,SM_fmVGAT66,SM;fmVGAT66,4.033,4.033,10.0,0.04,4.0,4.0,279.0,279,11.16,9.22917,9.20139,16494,1
brainsaw|2025/10/31 13:06:31,sjones,2025/10/31 13:06:31,2025,brainsaw,1,AG_RV_TS_DLS_04,AG_RV_TS_DLS_04,AG,2.278,2.278,40.0,0.04,1.0,1.0,269.0,269,10.76,11.08833,11.05444,13128,1
brainsaw|2025/11/05 12:12:25,sjones,2025/11/05 12:12:25,2025,brainsaw,1,AG_TdTom_Anxa1,AG_TdTom_Anxa1,AG,4.033,4.033,20.0,0.04,2.0,1.0,344.0,336,13.44,9.89806,9.87722,20329,1
brainsaw|2025/11/06 15:05:15,margrie,2025/11/06 15:05:15,2025,brainsaw,4,1123432;1123433;1123475;1123476,sample_1123432;sample_1123433;sample_1123475;sample_1123476,1123432;1123433;1123475;1123476;sample,4.033,4.033,20.0,0.04,2.0,1.0,250.0,160,6.4,8.35028,8.30917,45430,1
brainsaw|2025/11/10 11:20:28,mrsic_flogel,2025/11/10 11:20:28,2025,brainsaw,4,1143098 (AK_31);1145356 (AK_37);1145358 (AK_39);AK_1145359,AK1145359;AK31;AK37;AK39,1143098 (AK;1145356 (AK;1145358 (AK;AK;AK1145359;AK31;AK37;AK39,2.278,2.278,20.0,0.04,2.0,3.0,358.0,358,14.32,22.18722,22.14833,67754,1
brainsaw|2025/11/14 14:49:57,akrami,2025/11/14 14:49:57,2025,brainsaw,1,2pe,ATL06,2pe;ATL06,4.033,4.033,6.3,0.05,8.0,1.0,289.0,223,11.15,11.71639,11.69222,49512,1
brainsaw|2025/11/17 11:46:08,margrie,2025/11/17 11:46:08,2025,brainsaw,2,SL_1105987;SL_1106033,SL_1105987;SL_1106033,SL,4.033,4.033,25.0,0.05,2.0,1.0,210.0,210,10.5,5.68222,5.66361,28747,1
brainsaw|2025/11/18 13:51:18,margrie,2025/11/18 13:51:18,2025,brainsaw,1,SL_1105986,SL_1105986,SL,4.033,4.033,25.0,0.05,2.0,1.0,210.0,210,10.5,4.42028,4.40833,15134,1
brainsaw|2025/11/19 11:02:54,akrami,2025/11/19 11:02:54,2025,brainsaw,1,2pe,ATL08,2pe;ATL08,4.033,4.033,6.3,0.05,8.0,1.0,283.0,194,9.7,10.50694,10.48667,45705,1
brainsaw|2025/11/20 10:49:06,akrami,2025/11/20 10:49:06,2025,brainsaw,1,2pe,ATL09,2pe;ATL09,4.033,4.033,6.3,0.05,8.0,1.0,278.0,184,9.2,9.98667,9.96361,42913,1
brainsaw|2025/11/25 11:34:22,sjones,2025/11/25 11:34:22,2025,brainsaw,1,AG17_GCamp,AG17_GCamp,AG17,4.033,4.033,20.0,0.04,2.0,2.0,279.0,279,11.16,8.37611,8.35278,16212,1
brainsaw|2025/11/26 12:47:33,sjones,2025/11/26 12:47:33,2025,brainsaw,2,ROI_1;ROI_2,ROI_1;ROI_2,ROI,2.278,2.278,5.0,0.04,8.0,1.0,310.0,310,12.4,17.4875,17.44694,36379,1
brainsaw|2025/12/02 17:45:36,branco,2025/12/02 17:45:36,2025,brainsaw,2,1106263;1106264,sample_1106263;sample_1106264,1106263;1106264;sample,2.278,2.278,20.0,0.04,2.0,1.0,322.0,322,12.88,12.28167,12.25278,33868,1
brainsaw|2025/12/03 11:56:28,sjones,2025/12/03 11:56:28,2025,brainsaw,1,AG_TdTom_Anxa1_02,AG_TdTom_Anxa1_02,AG,4.033,4.033,20.0,0.04,2.0,1.0,288.0,288,11.52,9.28389,9.26139,18325,1
brainsaw|2025/12/04 10:08:10,akrami,2025/12/04 10:08:10,2025,brainsaw,1,AR_EC19,AR_EC19,AR,4.033,4.033,20.0,0.04,2.0,1.0,477.0,477,19.08,17.89917,17.87722,57934,1
brainsaw|2025/12/08 11:13:57,akrami,2025/12/08 11:13:57,2025,brainsaw,1,RS_07,RS_07,RS,4.033,4.033,10.0,0.05,5.0,1.0,274.0,179,8.95,5.52972,5.50306,11766,1
brainsaw|2025/12/09 13:41:01,branco,2025/12/09 13:41:01,2025,brainsaw,3,1106224;1106225;1106226,sample_1106224;sample_1106225;sample_1106226,1106224;1106225;1106226;sample,4.033,4.033,10.0,0.04,4.0,4.0,360.0,360,14.4,18.815,18.78917,51369,1
brainsaw|2025/12/10 11:54:57,akrami,2025/12/10 11:54:57,2025,brainsaw,4,RS_02;RS_04;RS_05;RS_06,RS_02;RS_04;RS_05;RS_06,RS,4.033,4.033,10.0,0.05,5.0,1.0,337.0,282,14.1,14.2925,14.25278,59264,1
brainsaw|2025/12/11 12:54:43,branco,2025/12/11 12:54:43,2025,brainsaw,3,1106251;1106252;1106253,sample_1106251;sample_1106252;sample_1106253,1106251;1106252;1106253;sample,4.033,4.033,10.0,0.04,4.0,4.0,354.0,354,14.16,19.28583,19.25556,51639,1
brainsaw|2025/12/12 09:22:01,mrsic_flogel,2025/12/12 09:22:01,2025,brainsaw,2,PenkChR10;PenkChR11,NV_PenkChR10_11_12122025,NV;PenkChR10;PenkChR11,2.278,2.278,5.0,0.04,8.0,2.0,280.0,311,12.44,15.40722,17.19056,32318,1
brainsaw|2025/12/13 09:25:55,mrsic_flogel,2025/12/13 09:25:55,2025,brainsaw,2,PenkChR12;PenkChR13,PenkChR12;PenkChR13,PenkChR12;PenkChR13,2.278,2.278,5.0,0.04,8.0,2.0,280.0,280,11.2,15.12083,15.07778,31431,1
brainsaw|2025/12/15 14:55:34,branco;margrie,2025/12/15 14:55:34,2025,brainsaw,4,1143589;134;135;136,YI_134_135_136_1143589,1143589;134;135;136;YI,2.278,2.278,5.0,0.04,8.0,2.0,325.0,325,13.0,29.20778,29.25944,67558,1
brainsaw|2025/12/17 15:22:56,branco;margrie,2025/12/17 15:22:56,2025,brainsaw,4,1106258;1123820;anat;histology,sample_1106258;sample_1123629;sample_1123820;sample_1123822,1106258;1123820;anat;histology;sample,4.033,4.033,10.0,0.04,4.0,4.0,352.0,352,14.08,21.48194,21.45056,71507,1
brainsaw|2025/12/18 14:18:45,margrie,2025/12/18 14:18:45,2025,brainsaw,2,SL_1106185;SL_1106186,SL_1106185;SL_1106186,SL,4.033,4.033,25.0,0.05,2.0,1.0,250.0,250,12.5,7.73194,7.71167,31090,1
brainsaw|2026/01/09 13:58:02,branco,2026/01/09 13:58:02,2026,brainsaw,3,MH_1106265;MH_1106266;MH_1106268,MH_1106265;MH_1106266;MH_1106268,MH,2.278,2.278,5.0,0.04,8.0,2.0,309.0,306,12.24,20.72806,20.67417,48654,1
brainsaw|2026/01/12 12:52:15,mrsic_flogel,2026/01/12 12:52:15,2026,brainsaw,4,brainsaw;brainsaw;brainsaw;brainsaw,dbhvip_208;dbhvip_L;vip97;vip98,brainsaw;dbhvip;vip97;vip98,2.278,2.278,10.0,0.04,4.0,1.0,344.0,344,13.76,18.79861,18.76861,80138,1
brainsaw|2026/01/14 11:41:53,okeefe,2026/01/14 11:41:53,2026,brainsaw,3,CM_M3_M5;M3;M5,CM_M3_M5;M3;M5,CM;M3;M5,4.033,4.033,25.0,0.05,2.0,1.0,267.0,267,13.35,16.005,15.96306,71255,1
brainsaw|2026/01/15 09:52:01,mrsic_flogel,2026/01/15 09:52:01,2026,brainsaw,4,brainsaw;brainsaw;brainsaw;brainsaw,dbhvip209;dbhvipLR209;som_LL;som_R,brainsaw;dbhvip209;dbhvipLR209;som,2.278,2.278,13.3,0.04,3.0,1.0,280.0,280,11.2,14.25889,14.21972,61691,1
brainsaw|2026/01/19 15:27:45,branco,2026/01/19 15:27:45,2026,brainsaw,2,1106333;1106337,sample_1106333;sample_1106337,1106333;1106337;sample,4.033,4.033,20.0,0.04,2.0,2.0,292.0,292,11.68,12.12639,12.09389,33474,1
brainsaw|2026/01/20 12:15:31,branco,2026/01/20 12:15:31,2026,brainsaw,1,1106518,AF_1106518,1106518;AF,4.033,4.033,10.0,0.04,4.0,4.0,323.0,323,12.92,12.08972,12.06833,13533,1
brainsaw|2026/01/21 16:41:56,mrsic_flogel,2026/01/21 16:41:56,2026,brainsaw,6,VL_252;VL_670;VL_756;VL_852;VL_871;VL_905,VL_252;VL_670;VL_756;VL_852;VL_871;VL_905,VL,4.033,4.033,20.0,0.04,2.0,1.0,292.0,292,11.68,19.82194,19.76194,98156,1
brainsaw|2026/01/26 11:55:17,mrsic_flogel,2026/01/26 11:55:17,2026,brainsaw,6,SK_1145889;SR_02;SR_05;SR_06;SR_08;SR_13,SK_1145889;SR_02;SR_05;SR_06;SR_08;SR_13,SK;SR,2.278,2.278,40.0,0.04,1.0,2.0,302.0,302,12.08,19.34611,19.29722,88926,1
brainsaw|2026/02/02 11:18:42,mrsic_flogel,2026/02/02 11:18:42,2026,brainsaw,4,brainsaw;brainsaw;brainsaw;brainsaw,dbhflp12;dbhflp9;sample_348dreadds;sample_350dreadds,brainsaw;dbhflp12;dbhflp9;sample,2.278,2.278,10.0,0.04,4.0,1.0,330.0,330,13.2,17.7775,17.74556,71282,1
brainsaw|2026/02/03 11:03:15,mrsic_flogel,2026/02/03 11:03:15,2026,brainsaw,3,brainsaw;brainsaw;brainsaw,lc10;lc11;lc6,brainsaw;lc10;lc11;lc6,2.278,2.278,10.0,0.04,4.0,1.0,334.0,334,13.36,15.17167,15.14667,51109,1
brainsaw|2026/02/04 16:09:28,mrsic_flogel,2026/02/04 16:09:28,2026,brainsaw,6,VL_251;VL_391;VL_394;VL_854;VL_977;VL_979,VL_251;VL_391;VL_394;VL_854;VL_977;VL_979,VL,4.033,4.033,20.0,0.04,2.0,1.0,338.0,221,8.84,15.83583,15.78472,86141,1
brainsaw|2026/02/09 14:32:16,margrie,2026/02/09 14:32:16,2026,brainsaw,1,1106447,JW_1106447,1106447;JW,4.033,4.033,20.0,0.04,2.0,1.0,148.0,230,9.2,4.92083,6.73056,16755,1
brainsaw|2026/02/11 10:21:13,okeefe,2026/02/11 10:21:13,2026,brainsaw,1,CM_1125527,CM_1125527,CM,2.278,2.278,50.0,0.1,2.0,4.0,127.0,127,12.7,3.9075,3.88306,6995,1
brainsaw|2026/02/11 15:01:48,okeefe,2026/02/11 15:01:48,2026,brainsaw,1,CM_1125528,CM_1125528,CM,2.278,2.278,25.0,0.05,2.0,1.0,219.0,219,10.95,6.33083,24.24583,12494,1
brainsaw|2026/02/12 16:47:33,okeefe,2026/02/12 16:47:33,2026,brainsaw,3,CM_1125700_1125701_2;ROI_1;ROI_2,CM_1125700_1125701_2;ROI_1;ROI_2,CM;ROI,2.278,2.278,25.0,0.05,2.0,1.0,249.0,250,12.5,8.93444,9.05972,25629,1
brainsaw|2026/02/13 11:30:09,akrami,2026/02/13 11:30:09,2026,brainsaw,1,AR08,AR08,AR08,4.033,4.033,6.3,0.05,8.0,1.0,289.0,204,10.2,12.81778,12.78806,53035,1
brainsaw|2026/02/17 10:55:12,okeefe,2026/02/17 10:55:12,2026,brainsaw,1,CM_BIPVE4_1,CM_BIPVE4_1,CM,2.278,2.278,50.0,0.1,2.0,4.0,163.0,163,16.3,7.61194,7.57167,22624,1
brainsaw|2026/02/18 12:59:02,okeefe,2026/02/18 12:59:02,2026,brainsaw,1,CM_BIPVE3_1125966,CM_BIPVE3_1125966,CM,2.278,2.278,50.0,0.1,2.0,4.0,173.0,173,17.3,7.09583,7.06056,19710,1
brainsaw|2026/02/19 17:56:32,margrie,2026/02/19 17:56:32,2026,brainsaw,3,1102430;1102600;1102602,sample_1102430;sample_1102600;sample_1102602,1102430;1102600;1102602;sample,2.278,2.278,5.0,0.04,8.0,1.0,230.0,230,9.2,11.395,11.35028,37549,1
brainsaw|2026/02/20 12:46:32,mrsic_flogel,2026/02/20 12:46:32,2026,brainsaw,2,brain1;brain2,brain1;brain2,brain1;brain2,4.033,4.033,20.0,0.04,2.0,1.0,253.0,253,10.12,8.67972,8.64972,29059,1
brainsaw|2026/02/23 14:08:57,mrsic_flogel,2026/02/23 14:08:57,2026,brainsaw,2,SWC_NM_102_104;SWC_NM_104,SWC_NM_102_104;SWC_NM_104,SWC,2.278,2.278,20.0,0.04,2.0,4.0,431.0,379,15.16,10.50694,10.49194,17243,1
brainsaw|2026/02/24 14:30:35,mrsic_flogel,2026/02/24 14:30:35,2026,brainsaw,4,SWC_NM_105;SWC_NM_105_ZFM-08776_08818;ZFM-08776;ZFM-08818,SWC_NM_105;SWC_NM_105_ZFM-08776_08818;ZFM-08776;ZFM-08818,SWC;ZFM-08776;ZFM-08818,2.278,2.278,20.0,0.04,2.0,4.0,439.0,396,15.84,17.89667,17.87583,50061,1
brainsaw|2026/02/25 16:15:09,branco,2026/02/25 16:15:09,2026,brainsaw,3,1106388;1106416;1106418,sample_1106388;sample_1106416;sample_1106418,1106388;1106416;1106418;sample,2.278,2.278,20.0,0.04,2.0,2.0,318.0,318,12.72,13.80694,13.77528,48722,1
brainsaw|2026/02/26 09:08:51,mrsic_flogel,2026/02/26 09:08:51,2026,brainsaw,2,anat;anat,sample_008;sample_009,anat;sample,2.278,2.278,5.0,0.04,8.0,2.0,301.0,301,12.04,12.86944,12.84,31182,1
brainsaw|2026/02/27 14:48:30,branco,2026/02/27 14:48:30,2026,brainsaw,2,1106387;1106470,sample_1106387;sample_1106470,1106387;1106470;sample,4.033,4.033,20.0,0.04,2.0,2.0,330.0,330,13.2,11.56944,11.54667,36138,1
brainsaw|2026/02/28 16:18:11,mrsic_flogel,2026/02/28 16:18:11,2026,brainsaw,4,BB_231LL;BB_788L;BB_789LR;BB_790RR,BB_231LL;BB_788L;BB_789LR;BB_790RR,BB,2.278,2.278,20.0,0.04,2.0,2.0,308.0,308,12.32,15.3675,15.33,61739,1
brainsaw|2026/03/01 18:40:18,mrsic_flogel,2026/03/01 18:40:18,2026,brainsaw,4,sub_001;sub_002;sub_003;sub_004,sub_001;sub_002;sub_003;sub_004,sub,4.033,4.033,20.0,0.04,2.0,2.0,285.0,257,10.28,15.63528,15.58806,74843,1
brainsaw|2026/03/04 17:24:31,branco,2026/03/04 17:24:31,2026,brainsaw,1,YI_1105355,YI_1105355,YI,4.033,4.033,10.0,0.04,4.0,1.0,300.0,300,12.0,6.9125,6.90028,16766,1
brainsaw|2026/03/05 11:23:44,mrsic_flogel,2026/03/05 11:23:44,2026,brainsaw,3,BB_794;BB_796RR;BB_797,BB_794;BB_796RR;BB_797,BB,2.278,2.278,5.0,0.04,8.0,1.0,310.0,277,11.08,21.91306,21.87194,43866,1
brainsaw|2026/03/10 15:01:13,margrie,2026/03/10 15:01:13,2026,brainsaw,4,SW_3256a;SW_3257a;SW_3876a;SW_3934a,SW_3256;SW_3257;SW_3876;SW_3934,SW,2.278,2.278,5.0,0.04,8.0,1.0,271.0,271,10.84,16.02056,15.97028,55262,1
brainsaw|2026/03/11 11:05:08,margrie,2026/03/11 11:05:08,2026,brainsaw,4,SW_4089;SW_4090;SW_4091;SW_4094,SW_4089;SW_4090;SW_4091;SW_4094,SW,2.278,2.278,5.0,0.04,8.0,1.0,261.0,261,10.44,15.27306,15.22611,54592,1
brainsaw|2026/03/12 13:26:38,margrie,2026/03/12 13:26:38,2026,brainsaw,4,SW_3645;SW_3669;SW_3670;SW_3707,SW_3645;SW_3669;SW_3670;SW_3707,SW,4.033,4.033,10.0,0.04,4.0,1.0,290.0,290,11.6,14.40889,14.36694,66571,1
brainsaw|2026/03/13 15:43:34,mrsic_flogel,2026/03/13 15:43:34,2026,brainsaw,5,ZFM-08827;ZFM-08827_08828_09044_09341;ZFM-08828;ZFM-09044;ZFM-09341,ZFM-08827;ZFM-08827_08828_09044_09341;ZFM-08828;ZFM-09044;ZFM-09341,ZFM-08827;ZFM-08828;ZFM-09044;ZFM-09341,2.278,2.278,20.0,0.04,2.0,4.0,420.0,385,15.4,20.24833,20.22028,66272,1
brainsaw|2026/03/16 15:00:09,mrsic_flogel,2026/03/16 15:00:09,2026,brainsaw,5,ZFM-09343;ZFM-09343_09346_09350_09410;ZFM-09346;ZFM-09350;ZFM-09410,ZFM-09343;ZFM-09343_09346_09350_09410;ZFM-09346;ZFM-09350;ZFM-09410,ZFM-09343;ZFM-09346;ZFM-09350;ZFM-09410,2.278,2.278,20.0,0.04,2.0,4.0,433.0,399,15.96,23.135,23.10861,67419,1
brainsaw|2026/03/17 15:42:43,mrsic_flogel,2026/03/17 15:42:43,2026,brainsaw,5,SP066;SP066_067_072_076;SP067;SP072;SP076,SP066;SP066_067_072_076;SP072,SP066;SP067;SP072;SP076,4.033,4.033,10.0,0.04,4.0,4.0,298.0,393,15.72,24.68139,33.85389,77017,1
brainsaw|2026/03/19 11:10:40,okeefe,2026/03/19 11:10:40,2026,brainsaw,2,1125967;1125968,sample_1125967;sample_1125968,1125967;1125968;sample,2.278,2.278,25.0,0.05,2.0,1.0,288.0,210,10.5,13.04528,13.00389,56294,1
brainsaw|2026/03/21 15:23:35,mrsic_flogel,2026/03/21 15:23:35,2026,brainsaw,4,BG_DiISNrGPe_802;BG_DiISNrGPe_804;sub_005;sub_006,BB_prism_006;BB_prisms_005_006_BG_DiISNrGPe_804_802;BG_DiISNrGPe_804,BB;BG;sub,4.033,4.033,20.0,0.04,2.0,4.0,318.0,317,12.68,15.64472,27.6175,68901,1
brainsaw|2026/03/24 14:55:22,sjones,2026/03/24 14:55:22,2026,brainsaw,1,HL_GPeRB_R_A283,HL_GPeRB_R_f_3329,HL,2.278,2.278,20.0,0.04,2.0,1.0,211.0,309,12.36,8.76806,10.74611,17029,1
brainsaw|2026/03/28 17:12:37,branco,2026/03/28 17:12:37,2026,brainsaw,2,5M_2430;5M_2431,sample_5M_2430;sample_5M_2431,5M;sample,2.278,2.278,5.0,0.04,8.0,2.0,326.0,326,13.04,16.33194,16.30139,31058,1
brainsaw|2026/03/30 15:14:45,mrsic_flogel,2026/03/30 15:14:45,2026,brainsaw,5,KM_064;KM_064_065_SWC_NM_108_109;KM_065;SWC_NM_108;SWC_NM_109,KM_064;KM_064_065_SWC_NM_108_109;KM_065;SWC_NM_108;SWC_NM_109,KM;SWC,2.278,2.278,20.0,0.04,2.0,4.0,433.0,363,14.52,21.78722,21.75333,64397,1
brainsaw|2026/03/31 15:59:56,mrsic_flogel,2026/03/31 15:59:56,2026,brainsaw,1,SP073,SP073,SP073,4.033,4.033,10.0,0.04,4.0,4.0,416.0,373,14.92,8.8275,8.81889,19532,1
brainsaw|2026/04/01 14:41:31,sjones,2026/04/01 14:41:31,2026,brainsaw,1,AG_Anxa1_GFP_01042026,AG_Anxa1_GFP_01042026,AG,2.278,2.278,5.0,0.04,8.0,2.0,284.0,284,11.36,10.47583,10.44972,15582,1
brainsaw|2026/04/03 12:05:37,mrsic_flogel,2026/04/03 12:05:37,2026,brainsaw,4,AC009;AC010;AC011;SK004,AC009;AC010;AC011;SK004,AC009;AC010;AC011;SK004,2.278,2.278,5.0,0.04,8.0,1.0,301.0,301,12.04,18.08333,18.04917,65933,1
brainsaw|2026/04/06 14:43:10,mrsic_flogel,2026/04/06 14:43:10,2026,brainsaw,4,BLC1;BLC2;brainsaw;brainsaw,BLC1;BLC2;sample_442L;sample_444L,BLC1;BLC2;brainsaw;sample,2.278,2.278,8.0,0.04,5.0,1.0,300.0,296,11.84,14.9425,14.92167,72559,1
brainsaw|2026/04/08 11:55:24,sjones,2026/04/08 11:55:24,2026,brainsaw,2,ROI_1;ROI_2,ROI_1;ROI_2,ROI,2.278,2.278,5.0,0.04,8.0,2.0,311.0,300,12.0,14.73528,14.68722,30587,1
brainsaw|2026/04/09 13:15:48,margrie,2026/04/09 13:15:48,2026,brainsaw,3,1106445;1123755;1123756,sample_1106445;sample_1123755;sample_1123756,1106445;1123755;1123756;sample,4.033,4.033,10.0,0.04,4.0,2.0,300.0,300,12.0,16.14667,16.11111,59566,1
brainsaw|2026/04/10 12:03:18,mrsic_flogel,2026/04/10 12:03:18,2026,brainsaw,5,bRbp488_SerialSection;bRbp489_SerialSection;bRbp490_SerialSection;bRbp491_SerialSection;fmVGAT-chR2-EYFP102_SerialSection,PB_bRbp488-91_fmVcE102;bRbp489;bRbp490;bRbp491;fmVGAT-chR2-EYFP102,PB;bRbp488;bRbp489;bRbp490;bRbp491;fmVGAT-chR2-EYFP102,4.033,4.033,10.0,0.04,4.0,1.0,297.0,298,11.92,24.22,24.43222,91904,0
brainsaw|2026/04/14 12:25:51,mrsic_flogel,2026/04/14 12:25:51,2026,brainsaw,1,DA_aPenk1_04142026,DA_aPenk1_04142026,DA,2.278,2.278,20.0,0.04,2.0,1.0,298.0,298,11.92,9.07167,10.71417,15569,1
brainsaw|2026/04/15 11:29:11,margrie,2026/04/15 11:29:11,2026,brainsaw,2,ZF_8786m_trans;ZF_8843m_trans,SW_8786m;SW_8843m,SW;ZF,2.278,2.278,5.0,0.04,8.0,1.0,264.0,188,7.52,8.01722,7.99778,28898,1
brainsaw|2026/04/16 15:39:28,mrsic_flogel,2026/04/16 15:39:28,2026,brainsaw,3,CQ009;CQ009_013;CQ013,CQ009;CQ009_013;CQ013,CQ009;CQ013,2.278,2.278,20.0,0.04,2.0,4.0,418.0,373,14.92,12.77667,12.75778,32149,1
brainsaw|2026/04/17 14:31:40,margrie,2026/04/17 14:31:40,2026,brainsaw,2,CP1m;CP7m,CP1m;CP7m,CP1m;CP7m,2.278,2.278,5.0,0.04,8.0,1.0,271.0,271,10.84,12.35222,12.32583,32406,1
brainsaw|2026/04/20 13:37:53,margrie,2026/04/20 13:37:53,2026,brainsaw,1,CP10m,CP10m,CP10m,2.278,2.278,5.0,0.04,8.0,1.0,321.0,238,9.52,8.65389,8.63667,22285,1
brainsaw|2026/04/21 13:31:34,mrsic_flogel,2026/04/21 13:31:34,2026,brainsaw,4,aPenk2;aRbp30;aRbp31;aRbp32,aPenk2;aRbp30;aRbp31;aRbp32,aPenk2;aRbp30;aRbp31;aRbp32,4.033,4.033,20.0,0.04,2.0,4.0,284.0,284,11.36,16.76083,16.71361,66838,1
brainsaw|2026/04/23 14:17:21,mrsic_flogel,2026/04/23 14:17:21,2026,brainsaw,4,SWC_NM_107;ZFM-09507;ZFM-09507_09511_SWC_NM_107;ZFM-09511,SWC_NM_107;ZFM-09507;ZFM-09507_09511_SWC_NM_107;ZFM-09511,SWC;ZFM-09507;ZFM-09511,2.278,2.278,20.0,0.04,2.0,4.0,428.0,376,15.04,17.32806,17.30222,48217,1
brainsaw|2026/04/24 12:21:37,mrsic_flogel,2026/04/24 12:21:37,2026,brainsaw,3,BY_DI3;brainsaw;brainsaw,BY_DI3;sample_445LR;sample_445R,BY;brainsaw;sample,2.278,2.278,10.0,0.04,4.0,1.0,315.0,315,12.6,14.13722,14.10389,52112,1
brainsaw|2026/04/27 12:40:56,mrsic_flogel,2026/04/27 12:40:56,2026,brainsaw,4,CQ011;CQ011_ZFM-09394_09402;ZFM-09394;ZFM-09402,CQ011;CQ011_ZFM-09394_09402;ZFM-09394;ZFM-09402,CQ011;ZFM-09394;ZFM-09402,2.278,2.278,20.0,0.04,2.0,4.0,429.0,390,15.6,18.11361,18.08889,50506,1
brainsaw|2026/04/28 12:42:31,margrie,2026/04/28 12:42:31,2026,brainsaw,1,CP9m,CP9m,CP9m,2.278,2.278,5.0,0.04,8.0,1.0,282.0,282,11.28,8.21028,8.18722,16770,1
brainsaw|2026/04/29 13:29:13,margrie,2026/04/29 13:29:13,2026,brainsaw,2,ZF_8910f_trans;ZF_8913f_trans,ZF_8910f;ZF_8913f,ZF,2.278,2.278,5.0,0.04,8.0,1.0,196.0,171,6.84,11.7175,11.68194,30848,1
brainsaw|2026/04/30 14:24:49,margrie,2026/04/30 14:24:49,2026,brainsaw,1,CP4m,CP4m,CP4m,2.278,2.278,5.0,0.04,8.0,1.0,289.0,289,11.56,7.645,7.63194,16987,1
brainsaw|2026/05/05 12:13:11,mrsic_flogel,2026/05/05 12:13:11,2026,brainsaw,1,aTlx31,aTlx31,aTlx31,2.278,2.278,20.0,0.04,2.0,1.0,284.0,284,11.36,11.58611,11.555,35748,1
brainsaw|2026/05/07 16:41:28,margrie,2026/05/07 16:41:28,2026,brainsaw,1,SW_4039,SW_4039,SW,4.033,4.033,8.0,0.04,5.0,1.0,290.0,290,11.6,7.26278,7.24639,17937,1
brainsaw|2026/05/08 18:40:39,margrie,2026/05/08 18:40:39,2026,brainsaw,1,RH_4250_2,RH_4250_2,RH,4.033,4.033,10.0,0.04,4.0,1.0,220.0,220,8.8,4.56111,4.5475,13485,1
brainsaw|2026/05/11 12:02:19,margrie,2026/05/11 12:02:19,2026,brainsaw,1,SW_4042,SW_4042,SW,4.033,4.033,8.0,0.04,5.0,1.0,311.0,249,9.96,5.74944,5.73389,16557,1
brainsaw|2026/05/12 12:58:26,akrami,2026/05/12 12:58:26,2026,brainsaw,1,2pe,LSA_07,2pe;LSA,2.278,2.278,5.0,0.05,10.0,1.0,301.0,230,11.5,20.37083,20.33,63346,1
brainsaw|2026/05/18 12:49:47,sjones,2026/05/18 12:49:47,2026,brainsaw,2,T4;T6,T4;T6,T4;T6,2.278,2.278,20.0,0.04,2.0,3.0,345.0,345,13.8,14.47167,14.44806,35757,1
brainsaw|2026/05/19 10:47:04,okeefe,2026/05/19 10:47:04,2026,brainsaw,3,female1;female2;male,female1;female2;male,female1;female2;male,2.278,2.278,20.0,0.04,2.0,2.0,283.0,283,11.32,12.79583,12.76,45598,1
brainsaw|2026/05/21 14:01:11,branco,2026/05/21 14:01:11,2026,brainsaw,3,1102336;1102620;1106668,sample_1102336;sample_1102620;sample_1106668,1102336;1102620;1106668;sample,4.033,4.033,10.0,0.04,4.0,2.0,300.0,300,12.0,13.66417,13.63056,51528,1
brainsaw|2026/05/26 11:25:58,akrami,2026/05/26 11:25:58,2026,brainsaw,4,RS03;RS10;RS11;RS13,RS03;RS10;RS11;RS13,RS03;RS10;RS11;RS13,4.033,4.033,20.0,0.04,2.0,2.0,308.0,308,12.32,16.51167,16.47056,72679,1
brainsaw|2026/05/27 13:25:13,akrami,2026/05/27 13:25:13,2026,brainsaw,1,2pe,AR05,2pe;AR05,4.033,4.033,10.0,0.05,5.0,20.0,297.0,209,10.45,13.52056,13.49611,63133,1
brainsaw|2026/05/29 14:27:45,margrie,2026/05/29 14:27:45,2026,brainsaw,1,SB3f,SB3f,SB3f,2.278,2.278,5.0,0.04,8.0,1.0,247.0,247,9.88,5.91278,5.89778,7715,1
brainsaw|2026/06/03 10:19:33,okeefe,2026/06/03 10:19:33,2026,brainsaw,4,1126568_DII;1126569_DII;1126607_DIOeYFP;1126622_DIOeYFP,sample_1126568_DII;sample_1126569_DII;sample_1126607_DIOeYFP;sample_1126622_DIOeYFP,1126568;1126569;1126607;1126622;sample,2.278,2.278,25.0,0.05,2.0,2.0,233.0,233,11.65,12.03972,11.99472,51520,1
brainsaw|2026/06/04 11:12:20,margrie,2026/06/04 11:12:20,2026,brainsaw,1,SW_4412,SW_4412,SW,4.033,4.033,20.0,0.04,2.0,4.0,325.0,159,6.36,4.25917,4.23806,11582,1
brainsaw|2026/06/04 17:07:44,margrie,2026/06/04 17:07:44,2026,brainsaw,3,CAA-1124370;CAA-1124371;CAA-1124372,CAA-1124370;CAA-1124371;CAA-1124372,CAA-1124370;CAA-1124371;CAA-1124372,4.033,4.033,20.0,0.04,2.0,2.0,343.0,343,13.72,15.65167,15.62944,58518,1
brainsaw|2026/06/09 12:05:09,margrie,2026/06/09 12:05:09,2026,brainsaw,1,1124203,YI_1124203,1124203;YI,4.033,4.033,10.0,0.04,4.0,4.0,300.0,300,12.0,8.86444,8.84667,17516,1
brainsaw|2026/06/10 16:55:00,akrami,2026/06/10 16:55:00,2026,brainsaw,1,AR19,AR19,AR19,4.033,4.033,10.0,0.05,5.0,1.0,274.0,183,9.15,10.02139,9.99722,50579,1
brainsaw|2026/06/12 11:31:07,margrie,2026/06/12 11:31:07,2026,brainsaw,4,SW_0181;SW_0182;SW_0509;SW_0819,SW_0182;SW_0509_0819_0181_0812,SW,4.033,4.033,10.0,0.04,4.0,1.0,289.0,289,11.56,14.56694,14.52611,64570,0
brainsaw|2026/06/16 11:59:03,margrie,2026/06/16 11:59:03,2026,brainsaw,1,SB2f,SB2f,SB2f,4.033,4.033,5.0,0.04,8.0,2.0,261.0,261,10.44,5.82778,5.81306,9075,1
brainsaw|2026/06/18 14:57:48,margrie,2026/06/18 14:57:48,2026,brainsaw,3,1124137;1124138;1124151,sample_1124137;sample_1124138;sample_1124151,1124137;1124138;1124151;sample,2.278,2.278,5.0,0.04,8.0,2.0,300.0,300,12.0,20.03528,19.98861,50294,1
brainsaw|2026/06/19 14:28:29,branco,2026/06/19 14:28:29,2026,brainsaw,1,YI_1106593,YI_1106593,YI,4.033,4.033,10.0,0.04,4.0,2.0,300.0,300,12.0,7.45806,7.44278,17477,1
brainsaw|2026/06/22 15:38:59,branco,2026/06/22 15:38:59,2026,brainsaw,2,1106979;1106980,sample_1106979;sample_1106980,1106979;1106980;sample,2.278,2.278,5.0,0.04,8.0,4.0,321.0,321,12.84,17.96028,17.92083,25510,1
brainsaw|2026/06/23 12:14:20,branco,2026/06/23 12:14:20,2026,brainsaw,4,1106974;1106976;1106977;1106978,AF_1106974_976_977_978;sample_1106976,1106974;1106976;1106977;1106978;AF;sample,2.278,2.278,5.0,0.04,8.0,2.0,336.0,264,10.56,20.93278,21.81194,52643,0
brainsaw|2026/06/24 10:35:03,okeefe,2026/06/24 10:35:03,2026,brainsaw,1,CM_A2_BIPVE4,CM_A2_BIPVE4,CM,2.278,2.278,25.0,0.05,2.0,4.0,323.0,323,16.15,13.7825,13.74889,39154,1
brainsaw|2026/06/25 10:13:47,okeefe,2026/06/25 10:13:47,2026,brainsaw,1,CM_A1_BIPVE4,CM_A1_BIPVE4,CM,2.278,2.278,20.0,0.04,2.0,4.0,386.0,386,15.44,16.34417,16.31167,42336,1
brainsaw|2026/06/30 17:44:18,mrsic_flogel,2026/06/30 17:44:18,2026,brainsaw,3,atdTomVGAT09_SerialSection;atdTomVGAT10_SerialSection;atdTomVGAT11_SerialSection,atdTomVGAT09;atdTomVGAT10;atdTomVGAT11,atdTomVGAT09;atdTomVGAT10;atdTomVGAT11,4.033,4.033,20.0,0.04,2.0,4.0,274.0,274,10.96,15.77167,15.725,58432,1
brainsaw|2026/07/01 10:38:21,okeefe,2026/07/01 10:38:21,2026,brainsaw,1,CM_C1_BIPVe3,CM_C1_BIPVe3,CM,2.278,2.278,20.0,0.04,2.0,4.0,386.0,386,15.44,16.34472,16.31639,43122,1
brainsaw|2026/07/02 10:18:54,okeefe,2026/07/02 10:18:54,2026,brainsaw,2,604_VIPRCre_eYFPvirus;630_VIPRCretdTOM_eYFPvirus,sample_604_VIPRCre_eYFPvirus;sample_630_VIPRCretdTOM_eYFPvirus,604;630;sample,4.033,4.033,20.0,0.04,2.0,2.0,283.0,283,11.32,9.69389,9.66806,32444,1
brainsaw|2026/07/03 11:54:21,mrsic_flogel,2026/07/03 11:54:21,2026,brainsaw,3,HD_061;HD_062;HD_068,HD_061;HD_062;HD_068,HD,4.033,4.033,20.0,0.04,2.0,2.0,325.0,325,13.0,15.71639,15.68361,68358,1
brainsaw|2026/07/07 11:22:00,sjones,2026/07/07 11:22:00,2026,brainsaw,2,AG33;AG35,AG33;AG35,AG33;AG35,4.033,4.033,20.0,0.04,2.0,1.0,278.0,278,11.12,8.81722,8.79167,34321,1
brainsaw|2026/07/09 14:12:17,mrsic_flogel,2026/07/09 14:12:17,2026,brainsaw,4,CQ028;CQ028_ZFM-09365_09769;ZFM-09365;ZFM-09769,CQ028;CQ028_ZFM-09365_09769;ZFM-09365;ZFM-09769,CQ028;ZFM-09365;ZFM-09769,2.278,2.278,20.0,0.04,2.0,4.0,433.0,362,14.48,17.03806,17.00972,47961,1
brainsaw|2026/07/14 11:53:48,okeefe,2026/07/14 11:53:48,2026,brainsaw,1,CM_REC1b,CM_REC1b,CM,4.033,4.033,25.0,0.05,2.0,1.0,223.0,220,11.0,6.23389,6.21111,28070,1
brainsaw|2026/07/15 09:49:47,okeefe,2026/07/15 09:49:47,2026,brainsaw,1,CM_B1,brainsaw_260715_093100,CM;brainsaw,2.278,2.278,20.0,0.04,2.0,2.0,411.0,411,16.44,14.04694,14.02417,46235,1
brainsaw|2026/07/16 17:23:36,okeefe,2026/07/16 17:23:36,2026,brainsaw,1,LK_RHA1-00375,LK_RHA1-00375,LK,2.278,2.278,20.0,0.04,2.0,1.0,295.0,247,9.88,7.5575,7.53611,18637,1
brainsaw|2026/07/20 15:20:05,branco,2026/07/20 15:20:05,2026,brainsaw,3,1102616;1102618;1102647,sample_1102616;sample_1102618;sample_1102647,1102616;1102618;1102647;sample,4.033,4.033,20.0,0.04,2.0,2.0,300.0,300,12.0,11.57611,11.55222,52278,1
brainsaw|2026/07/21 12:26:15,branco,2026/07/21 12:26:15,2026,brainsaw,3,1106898;1124419;1124420,sample_1106898;sample_1124419;sample_1124420,1106898;1124419;1124420;sample,4.033,4.033,20.0,0.04,2.0,2.0,300.0,300,12.0,11.65889,11.63056,51796,1
neurovision|2019/07/18 17:34:40,mrsic_flogel,2019/07/18 17:34:40,2019,neurovision,1,PC_041,PC_041,PC,5.56,5.56,60.0,0.12,2.0,1.0,89.0,88,10.56,2.50806,2.54,4664,1
neurovision|2019/07/19 16:56:55,mrsic_flogel,2019/07/19 16:56:55,2019,neurovision,1,AL_016,AL_016,AL,5.56,5.56,20.0,0.08,4.0,1.0,150.0,150,12.0,5.55111,5.51444,7950,1
neurovision|2019/07/25 11:44:50,margrie,2019/07/25 11:44:50,2019,neurovision,1,CA_468_4,CA_468_4,CA,5.56,5.56,20.0,0.1,5.0,1.0,99.0,99,9.9,4.09917,4.0575,5445,1
neurovision|2019/08/01 15:48:03,mrsic_flogel,2019/08/01 15:48:03,2019,neurovision,1,ZM_1887,ZM_1887,ZM,5.56,5.56,20.0,0.04,2.0,1.0,240.0,240,9.6,6.07667,6.05111,11280,1
neurovision|2019/09/05 16:32:10,mrsic_flogel,2019/09/05 16:32:10,2019,neurovision,1,CSHL_017,CSHL_017,CSHL,5.56,5.56,20.0,0.04,2.0,1.0,274.0,274,10.96,7.49639,7.47361,14522,1
neurovision|2019/09/09 15:14:52,mrsic_flogel,2019/09/09 15:14:52,2019,neurovision,1,PCA016_PCA014,PCA016_PCA014,PCA016,5.56,5.56,20.0,0.06,3.0,1.0,120.0,100,6.0,5.1975,5.14722,11100,1
neurovision|2019/09/16 13:07:58,mrsic_flogel,2019/09/16 13:07:58,2019,neurovision,1,KS005,KS005,KS005,5.56,5.56,20.0,0.04,2.0,1.0,230.0,215,8.6,5.45583,5.43833,10105,1
neurovision|2019/09/25 11:24:26,mrsic_flogel,2019/09/25 11:24:26,2019,neurovision,1,lic_1,lic_1,lic,5.56,5.56,20.0,0.04,2.0,1.0,181.0,298,11.92,9.53833,10.36778,14006,1
neurovision|2019/09/26 11:14:36,mrsic_flogel,2019/09/26 11:14:36,2019,neurovision,1,SWC_026,NM_Cert_01,NM;SWC,5.56,5.56,20.0,0.04,2.0,1.0,260.0,260,10.4,8.915,8.88583,14300,1
neurovision|2019/10/04 10:46:55,mrsic_flogel,2019/10/04 10:46:55,2019,neurovision,2,AK_001;AK_002,AK_001;AK_002,AK,5.56,5.56,20.0,0.04,2.0,1.0,300.0,154,6.16,6.67194,6.63389,15862,1
neurovision|2019/10/07 10:34:41,mrsic_flogel,2019/10/07 10:34:41,2019,neurovision,1,C2vGvLG1,C2vGvLG1,C2vGvLG1,3.041,3.041,12.5,0.05,4.0,1.0,140.0,101,5.05,4.83028,4.78472,5353,1
neurovision|2019/10/07 15:55:25,mrsic_flogel,2019/10/07 15:55:25,2019,neurovision,5,AF_4C2s;C2PVvLG1;C2PVvLG2;C2SMvLG1;C2vGvLG2,AF_4C2s;ROI_1;ROI_2;ROI_3;ROI_4,AF;C2PVvLG1;C2PVvLG2;C2SMvLG1;C2vGvLG2;ROI,3.041,3.041,12.5,0.05,4.0,1.0,120.0,120,6.0,17.62944,17.47861,24360,1
neurovision|2019/10/08 15:26:51,mrsic_flogel,2019/10/08 15:26:51,2019,neurovision,4,AF_C2_2FPPVs;C2SMvLG2;FPPVmSC1;FPPVmSC2,AF_C2_2FPPVs;ROI_1;ROI_2;ROI_3,AF;C2SMvLG2;FPPVmSC1;FPPVmSC2;ROI,3.041,3.041,12.5,0.05,4.0,1.0,120.0,120,6.0,17.13333,16.99222,23280,1
neurovision|2019/10/24 11:51:07,mrsic_flogel,2019/10/24 11:51:07,2019,neurovision,5,AF_4C2PVs_vLG_mSC;C2PVmSC1;C2PVmSC2;C2PVvLG3;C2PVvLG4,AF_4C2PVs_vLG_mSC;ROI_1;ROI_2;ROI_3;ROI_4,AF;C2PVmSC1;C2PVmSC2;C2PVvLG3;C2PVvLG4;ROI,3.041,3.041,12.5,0.05,4.0,1.0,100.0,100,5.0,14.735,14.58944,20300,1
neurovision|2019/11/05 16:47:57,isogai,2019/11/05 16:47:57,2019,neurovision,1,DR028,DR028,DR028,4.444,4.444,20.0,0.04,2.0,1.0,265.0,265,10.6,8.44,8.40944,12455,1
neurovision|2019/11/06 14:25:34,sjones,2019/11/06 14:25:34,2019,neurovision,3,OI06;OI06_OI07;OI07,OI06;OI06_OI07;OI07,OI06;OI07,4.444,4.444,20.0,0.04,2.0,1.0,300.0,300,12.0,18.05528,17.99806,35400,1
neurovision|2019/11/08 11:32:13,isogai,2019/11/08 11:32:13,2019,neurovision,2,DR026;DR027,DR026;DR027,DR026;DR027,4.444,4.444,20.0,0.04,2.0,1.0,250.0,250,10.0,14.57944,14.52361,24500,1
neurovision|2019/11/11 17:04:25,mrsic_flogel,2019/11/11 17:04:25,2019,neurovision,3,CSHL050;SWC_001;cer-5,CSHL050;NM1031;cer-5,CSHL050;NM1031;SWC;cer-5,4.444,4.444,20.0,0.04,2.0,1.0,300.0,300,12.0,27.97389,27.88917,57300,1
neurovision|2019/11/19 12:46:04,mrsic_flogel,2019/11/19 12:46:04,2019,neurovision,5,AF_4GtvGvLGs;GtvGvLG1;GtvGvLG2;GtvGvLG3;GtvGvLG4,AF_4GtvGvLGs;ROI_1;ROI_2;ROI_3;ROI_4,AF;GtvGvLG1;GtvGvLG2;GtvGvLG3;GtvGvLG4;ROI,2.162,2.162,12.5,0.05,4.0,1.0,110.0,110,5.5,27.45417,27.20806,20460,1
neurovision|2019/11/20 17:53:48,mrsic_flogel,2019/11/20 17:53:48,2019,neurovision,2,CSHL_007;CSHL_015,CSHL_007;CSHL_015,CSHL,4.444,4.444,20.0,0.04,2.0,1.0,300.0,300,12.0,30.47583,30.3775,66900,1
neurovision|2019/11/22 10:41:02,mrsic_flogel,2019/11/22 10:41:02,2019,neurovision,4,SWC_031;ZM_1735;ZM_1736;ZM_1888,SWC_031;ZM_1735;ZM_1736;ZM_1888,SWC;ZM,4.444,4.444,20.0,0.04,2.0,1.0,310.0,310,12.4,35.3325,35.22083,79050,1
neurovision|2019/11/25 13:30:14,mrsic_flogel,2019/11/25 13:30:14,2019,neurovision,4,NYU-15;ZM_2104;ZM_2406;ZM_2407,NYU-15;ZM_2104;ZM_2406;ZM_2407,NYU-15;ZM,4.444,4.444,20.0,0.04,2.0,1.0,264.0,264,10.56,31.84889,31.73278,71544,1
neurovision|2019/12/02 12:08:52,mrsic_flogel,2019/12/02 12:08:52,2019,neurovision,4,KS002;KS003;SWC_005;SWC_009,KS002;KS003;SWC_005;SWC_009,KS002;KS003;SWC,4.444,4.444,20.0,0.04,2.0,1.0,300.0,300,12.0,28.55361,28.46722,62100,1
neurovision|2019/12/03 17:49:06,mrsic_flogel,2019/12/03 17:49:06,2019,neurovision,5,AF_4GtvLGvGs_2;GtvGvLG6;GtvGvLG7;GtvGvLG8;GtvGvLG9,AF_4GtvLGvGs_2;ROI_1;ROI_2;ROI_3;ROI_4,AF;GtvGvLG6;GtvGvLG7;GtvGvLG8;GtvGvLG9;ROI,2.162,2.162,12.5,0.05,4.0,1.0,130.0,100,5.0,23.34611,23.11556,17500,1
neurovision|2019/12/04 17:48:52,mrsic_flogel,2019/12/04 17:48:52,2019,neurovision,3,AF_C2vGvLGLE;C2vGvLGLE1;C2vGvLGLE2,AF_C2vGvLGLE;ROI_1;ROI_2,AF;C2vGvLGLE1;C2vGvLGLE2;ROI,2.162,2.162,12.5,0.05,4.0,1.0,120.0,120,6.0,16.66667,16.52778,11760,1
neurovision|2019/12/05 18:48:58,mrsic_flogel,2019/12/05 18:48:58,2019,neurovision,7,AF_6Brains;C2PVvLG5;C2PVvLG6;C2PVvLG7;C2vGvLG5;FPPVmSC3;FPvGmSC3,AF_6Brains;ROI_1;ROI_2;ROI_3;ROI_4;ROI_5;ROI_6,AF;C2PVvLG5;C2PVvLG6;C2PVvLG7;C2vGvLG5;FPPVmSC3;FPvGmSC3;ROI,2.162,2.162,12.5,0.05,4.0,1.0,150.0,150,7.5,50.81028,50.47556,38250,1
neurovision|2019/12/10 12:34:27,mrsic_flogel,2019/12/10 12:34:27,2019,neurovision,4,CSP001;CSP003;CSP004;NYU-06,CSP001;CSP003;CSP004;NYU-06,CSP001;CSP003;CSP004;NYU-06,4.444,4.444,20.0,0.04,2.0,1.0,300.0,300,12.0,28.81333,28.72306,62700,1
neurovision|2019/12/12 15:35:21,mrsic_flogel,2019/12/12 15:35:21,2019,neurovision,4,CSHL_014;CSHL_020;NYU-17;NYU-18,CSHL_014;CSHL_020;NYU-17;NYU-18,CSHL;NYU-17;NYU-18,4.444,4.444,20.0,0.04,2.0,1.0,300.0,300,12.0,30.26583,30.17444,66900,1
neurovision|2019/12/17 16:17:55,mrsic_flogel,2019/12/17 16:17:55,2019,neurovision,4,KS014;KS016;KS022;KS023,KS014;KS016;KS022;KS023,KS014;KS016;KS022;KS023,4.444,4.444,20.0,0.04,2.0,1.0,300.0,300,12.0,28.52778,28.4425,62100,1
neurovision|2020/01/07 14:07:04,mrsic_flogel,2020/01/07 14:07:04,2020,neurovision,5,AF_GtvGvLG_10_13;GtvGvLG10;GtvGvLG11;GtvGvLG12;GtvGvLG13,AF_GtvGvLG_10_13;ROI_1;ROI_2;ROI_3;ROI_4,AF;GtvGvLG10;GtvGvLG11;GtvGvLG12;GtvGvLG13;ROI,2.162,2.162,12.5,0.05,4.0,1.0,120.0,112,5.6,26.21444,25.98222,19600,1
neurovision|2020/01/08 17:15:49,mrsic_flogel,2020/01/08 17:15:49,2020,neurovision,3,AF_GtvGvLG_14_15;GtvGvLG14;GtvGvLG15,AF_GtvGvLG_14_15;ROI_1;ROI_2,AF;GtvGvLG14;GtvGvLG15;ROI,2.162,2.162,12.5,0.05,4.0,1.0,120.0,117,5.85,17.64556,17.49389,12519,1
neurovision|2020/01/09 12:17:36,mrsic_flogel,2020/01/09 12:17:36,2020,neurovision,3,CSHL028;SWC_014;ibl_witten_13,CSHL028;IBL_WITTEN_13;SWC_014,CSHL028;IBL;SWC;ibl,4.444,4.444,20.0,0.04,2.0,1.0,350.0,350,14.0,37.41583,37.3025,82950,1
neurovision|2020/01/13 16:08:50,mrsic_flogel,2020/01/13 16:08:50,2020,neurovision,5,AF_FPvG_FPPV;FPPVmSC4;FPvGmSC4;FPvGmSC5;FPvGmSC7,AF_FPvG_FPPV;FPPVmSC4;FPvGmSC4;FPvGmSC5;FPvGmSC7,AF;FPPVmSC4;FPvGmSC4;FPvGmSC5;FPvGmSC7,2.162,2.162,12.5,0.05,4.0,1.0,120.0,120,6.0,28.7975,28.55833,21480,1
neurovision|2020/01/15 16:59:18,murray,2020/01/15 16:59:18,2020,neurovision,4,CER;LUM;SACR;ST_CA488_2,CER;LUM;SACR;ST_CA4882,CER;LUM;SACR;ST,4.444,4.444,25.0,0.05,2.0,1.0,260.0,260,13.0,9.45028,9.41278,15340,1
neurovision|2020/01/19 20:30:34,mrsic_flogel,2020/01/19 20:30:34,2020,neurovision,4,C2PVvLG10;C2PVvLG8;C2PVvLG8_10;C2PVvLG9,AF_C2PVvLG8_10;ROI_1;ROI_2;ROI_3,AF;C2PVvLG10;C2PVvLG8;C2PVvLG9;ROI,2.162,2.162,12.5,0.05,4.0,1.0,138.0,138,6.9,27.03611,26.84667,19596,1
neurovision|2020/01/21 15:06:26,murray,2020/01/21 15:06:26,2020,neurovision,3,Bottom;ST_CA488_3;Top,Bottom;ST_C488_3;Top,Bottom;ST;Top,2.162,2.162,25.0,0.05,2.0,1.0,309.0,309,15.45,16.91778,16.86111,15141,1
neurovision|2020/01/22 12:32:36,mrsic_flogel,2020/01/22 12:32:36,2020,neurovision,4,CSHL049;CSH_ZAD_001;SWC_008;ibl_witten_14,CSHL049;CSH_ZAD_001;SWC_008;ibl_witten_14,CSH;CSHL049;SWC;ibl,4.444,4.444,20.0,0.04,2.0,1.0,300.0,300,12.0,31.66222,31.55889,71100,1
neurovision|2020/01/24 11:16:49,isogai,2020/01/24 11:16:49,2020,neurovision,4,DR_031;DR_032;DR_033;DR_034,DR_031;DR_032;DR_033;DR_034,DR,4.444,4.444,20.0,0.04,2.0,1.0,270.0,270,10.8,22.18972,22.11556,45090,1
neurovision|2020/02/06 15:45:25,mrsic_flogel,2020/02/06 15:45:25,2020,neurovision,5,C2vGPRN1;C2vGPRN2;C2vGPRNmSC;C2vGmSC4;C2vGmSC6,NV_C2vGPRNmSC;ROI_1;ROI_2;ROI_3;ROI_4,C2vGPRN1;C2vGPRN2;C2vGPRNmSC;C2vGmSC4;C2vGmSC6;NV;ROI,2.162,2.162,12.5,0.05,4.0,1.0,120.0,120,6.0,30.81556,30.56083,22920,1
neurovision|2020/02/10 11:37:08,mrsic_flogel,2020/02/10 11:37:08,2020,neurovision,4,DY_006;SWC_012;SWC_015;SWC_037,DY_006;SWC_012;SWC_015;SWC_037,DY;SWC,4.444,4.444,20.0,0.04,2.0,1.0,300.0,300,12.0,31.79278,31.68806,71100,1
neurovision|2020/02/11 20:12:10,mrsic_flogel,2020/02/11 20:12:10,2020,neurovision,4,CSHL047;CSHL053;ZM_2240;ZM_2241,CSHL047;CSHL053;ZM_2240;ZM_2241,CSHL047;CSHL053;ZM,4.444,4.444,20.0,0.04,2.0,1.0,325.0,325,13.0,34.45472,34.35194,77025,1
neurovision|2020/02/13 11:39:32,sjones,2020/02/13 11:39:32,2020,neurovision,3,Cyan;Orange;Pink,Cyan;Orange;Pink,Cyan;Orange;Pink,4.444,4.444,25.0,0.05,2.0,1.0,230.0,230,11.5,18.18278,18.11222,38410,1
neurovision|2020/02/17 12:11:19,mrsic_flogel,2020/02/17 12:11:19,2020,neurovision,4,CSH_ZAD_013;SH012;ZM_1897;ZM_2245,CSH_ZAD_001;SH012;ZM_1897;ZM_2245,CSH;SH012;ZM,4.444,4.444,25.0,0.05,2.0,1.0,260.0,260,13.0,24.39861,24.31417,53820,1
neurovision|2020/02/19 10:22:24,mrsic_flogel,2020/02/19 10:22:24,2020,neurovision,4,CSHL051;CSHL054;DY_010;dop_4,CSHL051;CSHL054;DY_010;dop_4,CSHL051;CSHL054;DY;dop,4.444,4.444,25.0,0.05,2.0,1.0,260.0,247,12.35,23.27278,23.18333,51129,1
neurovision|2020/02/20 10:58:27,margrie,2020/02/20 10:58:27,2020,neurovision,4,1029104;1034952;1034954;1034956,sample_1029104;sample_1034952;sample_1034954;sample_1034956,1029104;1034952;1034954;1034956;sample,4.444,4.444,25.0,0.05,2.0,1.0,211.0,211,10.55,20.99028,20.88972,46420,1
neurovision|2020/02/24 11:34:15,mrsic_flogel,2020/02/24 11:34:15,2020,neurovision,4,KS020;NYU-12;SWC_021;SWC_023,KS020;NYU-12;SWC_021;SWC_023,KS020;NYU-12;SWC,4.444,4.444,25.0,0.05,2.0,1.0,280.0,280,14.0,26.39583,26.31028,57960,1
neurovision|2020/02/26 09:17:38,histology,2020/02/26 09:17:38,2020,neurovision,4,CER;LUM;SAC;THOR,CER;LUM;SAC;THOR,CER;LUM;SAC;THOR,4.444,4.444,20.0,0.04,2.0,1.0,420.0,420,16.8,12.10222,12.08306,16380,1
neurovision|2020/03/02 15:31:04,mrsic_flogel,2020/03/02 15:31:04,2020,neurovision,4,DY_011;NYU-11;NYU-14;SH004,DY_011;NYU-11;NYU-14;SH004,DY;NYU-11;NYU-14;SH004,4.444,4.444,25.0,0.05,2.0,1.0,300.0,253,12.65,23.94667,23.85333,52371,1
neurovision|2020/03/06 12:03:55,sjones,2020/03/06 12:03:55,2020,neurovision,1,FG_SNL_photo14,FG_SNL_photo14,FG,4.444,4.444,20.0,0.04,2.0,1.0,260.0,260,10.4,8.19611,8.17194,12220,1
neurovision|2020/03/09 14:39:47,margrie,2020/03/09 14:39:47,2020,neurovision,2,01;03,sample_01;sample_03,01;03;sample,4.444,4.444,25.0,0.05,2.0,1.0,280.0,280,14.0,14.98972,14.94472,31080,1
neurovision|2020/03/10 17:30:25,mrsic_flogel,2020/03/10 17:30:25,2020,neurovision,4,CSHL045;CSHL052;CSHL055;SH011,CSHL045;CSHL052;CSHL055;SH011,CSHL045;CSHL052;CSHL055;SH011,4.444,4.444,25.0,0.05,2.0,1.0,330.0,253,12.65,23.82056,23.73,52371,1
neurovision|2020/05/24 13:01:37,mrsic_flogel,2020/05/24 13:01:37,2020,neurovision,2,IO_112;IO_113,IO_112;IO_113,IO,4.444,4.444,40.0,0.08,2.0,1.0,140.0,140,11.2,7.97528,7.92,14420,1
neurovision|2020/06/01 14:33:11,mrsic_flogel,2020/06/01 14:33:11,2020,neurovision,3,AF_NV_OPN1_2;OPN1;OPN2,AF_NV_OPN1_2;ROI_1;ROI_2,AF;OPN1;OPN2;ROI,2.162,2.162,12.5,0.05,4.0,1.0,140.0,140,7.0,21.47833,21.32833,14980,1
neurovision|2020/06/03 12:10:20,sjones,2020/06/03 12:10:20,2020,neurovision,1,FG_SNLphoto15,FG_SNLphoto15,FG,4.444,4.444,20.0,0.04,2.0,1.0,250.0,250,10.0,8.66722,8.63361,13250,1
neurovision|2020/06/05 08:49:37,sjones,2020/06/05 08:49:37,2020,neurovision,1,FG_SNLphoto17,FG_SNLphoto17,FG,4.444,4.444,25.0,0.05,2.0,1.0,250.0,250,12.5,9.4875,9.45306,15500,1
neurovision|2020/06/09 09:25:01,sjones,2020/06/09 09:25:01,2020,neurovision,1,FG_SNLphoto19,FG_SNLphoto19,FG,4.444,4.444,25.0,0.05,2.0,1.0,240.0,240,12.0,9.64306,9.60722,16560,1
neurovision|2020/06/10 15:06:49,sjones,2020/06/10 15:06:49,2020,neurovision,1,FG_SNLphoto20,FG_SNLphoto20,FG,4.444,4.444,25.0,0.05,2.0,1.0,240.0,240,12.0,8.80222,8.77778,12720,1
neurovision|2020/06/18 17:38:19,akrami,2020/06/18 17:38:19,2020,neurovision,1,VP_R_GCaMP_01,VP_R_GCaMP_01,VP,4.444,4.444,100.0,0.1,1.0,1.0,177.0,177,17.7,11.53861,11.48222,16196,1
neurovision|2020/06/22 15:19:40,akrami,2020/06/22 15:19:40,2020,neurovision,1,VP_GCaMP6_02__1008460,VP_GCaMP6_02__1008460,VP,4.444,4.444,75.0,0.075,1.0,1.0,255.0,255,19.125,10.10667,10.07528,21441,1
neurovision|2020/07/07 12:20:24,mrsic_flogel,2020/07/07 12:20:24,2020,neurovision,5,CSHL046;CSHL059;CSHL060;SWC_018;SWC_018__CSHL046__CSHL059__CSHL060,SWC018_CSHL046_CSHL059_CSHL060;SWC_018_CSHL046_CSHL059_CSHL060,CSHL046;CSHL059;CSHL060;SWC;SWC018,4.444,4.444,25.0,0.05,2.0,1.0,260.0,260,13.0,24.30944,24.22028,54080,1
neurovision|2020/07/08 20:02:30,mrsic_flogel,2020/07/08 20:02:30,2020,neurovision,3,GtvGvLG16;GtvGvLG16_19;GtvGvLG19,GtvGvLG16;GtvGvLG16_19;GtvGvLG19,GtvGvLG16;GtvGvLG19,2.162,2.162,12.5,0.05,4.0,1.0,155.0,115,5.75,14.56194,14.43556,10120,1
neurovision|2020/07/14 09:56:50,mrsic_flogel,2020/07/14 09:56:50,2020,neurovision,5,CSHL018_CSHL019_DOP8_DOP9;CSHL_018;CSHL_019;dop_8;dop_9,CSHL018_CSHL019_DOP8_DOP9;CSHL018_CSHL019_DOP8_dop_9;CSHL018_CSHL019_dop_8_DOP9;CSHL018_CSHL_019_DOP8_DOP9;CSHL_018_CSHL019_DOP8_DOP9,CSHL;CSHL018;dop,4.444,4.444,25.0,0.05,2.0,1.0,260.0,260,13.0,24.47806,24.38389,54080,1
neurovision|2020/07/15 12:36:03,mrsic_flogel,2020/07/15 12:36:03,2020,neurovision,5,CSH_ZAD_017;CSH_ZAD_021;CSH_ZAD_024;DOP11_CSH_ZAD_017_CSH_ZAD_021_CSH_ZAD_024;dop_11,DOP11_CSH_ZAD_017_CSH_ZAD_021_CSH_ZAD_024;dop_11_CSH_ZAD_017_CSH_ZAD_021_CSH_ZAD_024,CSH;DOP11;dop,4.444,4.444,25.0,0.05,2.0,1.0,260.0,260,13.0,24.42611,24.33917,54080,1
neurovision|2020/07/20 22:23:23,mrsic_flogel,2020/07/20 22:23:23,2020,neurovision,1,FPvGmSC14,AF_FPvGmSC14,AF;FPvGmSC14,2.162,2.162,12.5,0.05,4.0,1.0,130.0,130,6.5,8.1625,8.10889,5200,1
neurovision|2020/07/22 12:37:25,mrsic_flogel,2020/07/22 12:37:25,2020,neurovision,4,CSHL058;CSHL062;CSHL062_CSHL058_SWC_042;SWC_042,CSHL062_CSHL058_SWC_042,CSHL058;CSHL062;SWC,4.444,4.444,25.0,0.05,2.0,1.0,260.0,260,13.0,25.99917,25.90194,58240,1
neurovision|2020/07/28 10:14:26,mrsic_flogel,2020/07/28 10:14:26,2020,neurovision,5,DY_008;DY_009;DY_013;DY_013_DY_014_DY_008_DY_009;DY_014,DY_013_DY_014_DY_008_DY_009,DY,4.444,4.444,25.0,0.05,2.0,1.0,260.0,260,13.0,24.365,24.27389,54080,1
neurovision|2020/08/05 13:47:49,mrsic_flogel,2020/08/05 13:47:49,2020,neurovision,4,CSHL027_CSHL061_SWC_038;CSHL029;CSHL061;SWC_038,CSHL027_CSHL061_SWC_038,CSHL027;CSHL029;CSHL061;SWC,4.444,4.444,25.0,0.05,2.0,1.0,260.0,260,13.0,24.35083,24.26083,54080,1
neurovision|2020/08/18 12:27:15,mrsic_flogel,2020/08/18 12:27:15,2020,neurovision,5,SH002;SH006;SH008;SH008_SH013_SH002_SH006;SH013,SH008_SH013_SH002_SH006,SH002;SH006;SH008;SH013,4.444,4.444,25.0,0.05,2.0,1.0,260.0,249,12.45,23.38778,23.29583,51792,1
neurovision|2020/08/19 15:30:33,mrsic_flogel,2020/08/19 15:30:33,2020,neurovision,5,CSH_ZAD_011;CSH_ZAD_011_CSH_ZAD_022_NYU-08_SH014;CSH_ZAD_022;NYU-08;SH014,CSH_ZAD_011_CSH_ZAD_022_NYU-08_SH014,CSH;NYU-08;SH014,4.444,4.444,25.0,0.05,2.0,1.0,260.0,260,13.0,24.35,24.25889,54080,1
neurovision|2020/09/01 13:13:09,mrsic_flogel,2020/09/01 13:13:09,2020,neurovision,5,CSH_ZAD_025;CSH_ZAD_025_KS028_IBL_Witten_17_IBL_Witten_19;KS028;ibl_witten_17;ibl_witten_19,CSH_ZAD_025_KS028_IBL_Witten_17_IBL_Witten_19;CSH_ZAD_025_KS028_IBL_Witten_17_ibl_witten_19;CSH_ZAD_025_KS028_ibl_witten_17_IBL_Witten_19,CSH;KS028;ibl,4.444,4.444,25.0,0.05,2.0,1.0,280.0,280,14.0,26.2575,26.16917,58240,1
neurovision|2020/09/08 12:22:28,mrsic_flogel,2020/09/08 12:22:28,2020,neurovision,5,MB058;MB058_MB059_MB060_MB061;MB059;MB060;MB061,MB058_MB059_MB060_MB061,MB058;MB059;MB060;MB061,4.444,4.444,25.0,0.05,2.0,1.0,280.0,280,14.0,26.35472,26.26694,58240,1
neurovision|2020/09/11 11:15:51,sjones,2020/09/11 11:15:51,2020,neurovision,1,EJT27,EJT27,EJT27,4.444,4.444,20.0,0.04,2.0,1.0,250.0,250,10.0,8.61333,8.58694,9138,1
neurovision|2020/09/14 16:43:15,mrsic_flogel,2020/09/14 16:43:15,2020,neurovision,5,AF_AK_HMvGvLG11_14;HMvGvLG11;HMvGvLG12;HMvGvLG13;HMvGvLG14,AF_AK_HMvGvLG11_14;ROI_1;ROI_2;ROI_3;ROI_4,AF;HMvGvLG11;HMvGvLG12;HMvGvLG13;HMvGvLG14;ROI,2.162,2.162,25.0,0.05,2.0,1.0,120.0,120,6.0,14.11417,13.99,17603,1
neurovision|2020/09/18 11:31:50,mrsic_flogel,2020/09/18 11:31:50,2020,neurovision,3,AF_AK_HMvGvLG19_20;HMvGvLG19;HMvGvLG20,AF_AK_HMvGvLG19_20;ROI_1;ROI_2,AF;HMvGvLG19;HMvGvLG20;ROI,4.444,4.444,10.0,0.04,4.0,1.0,300.0,300,12.0,18.20861,18.16028,22865,1
neurovision|2020/09/21 10:45:10,margrie,2020/09/21 10:45:10,2020,neurovision,2,CAA-1112414;CAA-1112415,CAA-1112414;CAA-1112415,CAA-1112414;CAA-1112415,4.444,4.444,20.0,0.04,2.0,1.0,275.0,275,11.0,12.69111,12.65028,21064,1
neurovision|2020/09/22 13:46:09,mrsic_flogel,2020/09/22 13:46:09,2020,neurovision,5,CSHL024;CSHL027;CSHL027_SWC_045_CSHL024_CSHL063;CSHL063;SWC_045,CSHL027_SWC_045_CSHL024_CSHL063,CSHL024;CSHL027;CSHL063;SWC,4.444,4.444,25.0,0.05,2.0,1.0,280.0,280,14.0,26.335,26.24889,58240,1
neurovision|2020/09/23 18:14:22,mrsic_flogel,2020/09/23 18:14:22,2020,neurovision,4,KS036;KS037;ZM_3001;ZM_3001_KS036_KS037,KS036;KS037;ZM_3001;ZM_3001_KS036_KS037,KS036;KS037;ZM,2.162,2.162,25.0,0.05,2.0,1.0,280.0,258,12.9,40.05472,39.90556,53664,1
neurovision|2020/09/25 15:34:38,mrsic_flogel,2020/09/25 15:34:38,2020,neurovision,3,AF_AK_HMvGvLG05_06;HMvGvLG5;HMvGvLG6,AF_AK_HMvGvLG05_06;ROI_1;ROI_2,AF;HMvGvLG5;HMvGvLG6;ROI,4.444,4.444,10.0,0.04,4.0,1.0,305.0,305,12.2,17.89111,17.84333,21581,1
neurovision|2020/09/29 12:23:55,mrsic_flogel,2020/09/29 12:23:55,2020,neurovision,5,SWC_039;SWC_039_SWC_043_IBL_WITTEN_18_IBL_WITTEN_20;SWC_043;ibl_witten_18;ibl_witten_20,SWC_039;SWC_039_SWC_043_IBL_WITTEN_18_IBL_WITTEN_20;SWC_043;ibl_witten_18;ibl_witten_20,SWC;ibl,4.444,4.444,25.0,0.05,2.0,1.0,280.0,280,14.0,26.10083,26.01167,58240,1
neurovision|2020/10/01 21:11:48,mrsic_flogel,2020/10/01 21:11:48,2020,neurovision,1,AF_ICvGmSC2,AF_ICvGmSC2,AF,2.162,2.162,12.5,0.05,4.0,1.0,150.0,150,7.5,9.93861,9.88222,6458,1
neurovision|2020/10/02 17:03:57,branco;sjones,2020/10/02 17:03:57,2020,neurovision,4,EJT43;EJT44;EJT45;EJT46,EJT43_44_45_46,EJT43;EJT44;EJT45;EJT46,2.162,2.162,20.0,0.04,2.0,1.0,300.0,300,12.0,42.67444,42.78611,56100,1
neurovision|2020/10/05 11:05:19,mrsic_flogel,2020/10/05 11:05:19,2020,neurovision,3,AF_AK_HMvGvLG07_08;HMvGvLG7;HMvGvLG8,AF_AK_HMvGvLG07_08;ROI_1;ROI_2,AF;HMvGvLG7;HMvGvLG8;ROI,4.444,4.444,20.0,0.04,2.0,1.0,264.0,264,10.56,10.69861,10.66556,19159,1
neurovision|2020/10/06 11:52:18,sjones,2020/10/06 11:52:18,2020,neurovision,1,EJT_24,EJT_24,EJT,4.444,4.444,20.0,0.04,2.0,1.0,300.0,300,12.0,9.11167,9.09111,9869,1
neurovision|2020/10/08 19:21:53,sjones,2020/10/08 19:21:53,2020,neurovision,1,D2_ArchMouseTest,EJTD2ARCH,D2;EJTD2ARCH,4.444,4.444,25.0,0.05,2.0,1.0,240.0,240,12.0,6.84611,6.82194,9226,1
neurovision|2020/10/09 12:16:17,margrie,2020/10/09 12:16:17,2020,neurovision,2,CAA_1112529;CAA_1112530,CAA_1112529;CAA_1112530,CAA,4.444,4.444,20.0,0.04,2.0,1.0,275.0,275,11.0,11.13667,11.10611,19450,1
neurovision|2020/10/11 14:26:08,mrsic_flogel,2020/10/11 14:26:08,2020,neurovision,4,AF_AK_HMvGvLG21_23;HMvGvLG21;HMvGvLG22;HMvGvLG23,HMvGvLG21_23;ROI_1;ROI_2;ROI_3,AF;HMvGvLG21;HMvGvLG22;HMvGvLG23;ROI,2.162,2.162,12.5,0.05,4.0,1.0,150.0,121,6.05,22.41889,22.25639,16307,1
neurovision|2020/10/12 14:46:18,sjones,2020/10/12 14:46:18,2020,neurovision,3,E60;E61;E62,EJT60;EJT61;EJT62,E60;E61;E62;EJT60;EJT61;EJT62,4.444,4.444,20.0,0.04,2.0,1.0,200.0,200,8.0,11.755,11.70611,23497,1
neurovision|2020/10/13 13:00:09,mrsic_flogel,2020/10/13 13:00:09,2020,neurovision,5,CSH_ZAD_019;CSH_ZAD_019_CSH-scan-022_CSH_ZAD_026_CSH_ZAD_029;CSH_ZAD_026;CSH_ZAD_029;CSK-scan-022,CSH_ZAD_019;CSH_ZAD_019_CSH-scan-022_CSH_ZAD_026_CSH_ZAD_029;CSH_ZAD_026;CSH_ZAD_029;CSK-scan-022,CSH;CSK-scan-022,4.444,4.444,25.0,0.05,2.0,1.0,280.0,280,14.0,26.04806,25.9625,58240,1
neurovision|2020/10/14 16:00:25,mrsic_flogel,2020/10/14 16:00:25,2020,neurovision,5,CSHL065;CSHL065_CSHL066_CSHL070_CSHL073;CSHL066;CSHL070;CSHL073,CSHL065;CSHL065_CSHL066_CSHL070_CSHL073;CSHL066;CSHL070;CSHL073,CSHL065;CSHL066;CSHL070;CSHL073,4.444,4.444,25.0,0.05,2.0,1.0,280.0,280,14.0,26.05611,25.96972,58240,1
neurovision|2020/10/20 11:43:13,mrsic_flogel,2020/10/20 11:43:13,2020,neurovision,5,CSHL067;CSHL067_CSHL068_CSHL071_DK_016;CSHL068;CSHL071;DY_016,CSHL067;CSHL067_CSHL068_CSHL071_DK_016;CSHL068;CSHL071;DY_016,CSHL067;CSHL068;CSHL071;DY,4.444,4.444,25.0,0.05,2.0,1.0,280.0,280,14.0,17.72111,17.69278,34730,1
neurovision|2020/10/21 12:07:18,mrsic_flogel,2020/10/21 12:07:18,2020,neurovision,4,DY_020;DY_020_AL037_SWC_054_SWC_029;SWC_029;SWC_054,DY_020;DY_020_AL037_SWC_054_SWC_029;SWC_029;SWC_054,DY;SWC,4.444,4.444,25.0,0.05,2.0,1.0,300.0,300,15.0,30.02417,29.92889,67200,1
neurovision|2020/10/23 14:25:26,sjones,2020/10/23 14:25:26,2020,neurovision,1,lgcy0033__20201023_142527__serial_section,EJT38,EJT38;lgcy0033,2.162,2.162,20.0,0.04,2.0,1.0,169.0,169,6.76,5.52972,5.48972,5202,1
neurovision|2020/10/29 09:50:43,sjones,2020/10/29 09:50:43,2020,neurovision,3,KAA076;KAA093;KAA094,KAA076;KAA093;KAA094,KAA076;KAA093;KAA094,4.444,4.444,25.0,0.05,2.0,1.0,220.0,220,11.0,13.19778,13.14861,25930,1
neurovision|2020/11/03 10:48:46,mrsic_flogel,2020/11/03 10:48:46,2020,neurovision,5,CSHL025;CSHL025_CSHL072_CSHL069_CSHL075;CSHL069;CSHL072;CSHL075,CSHL025;CSHL025_CSHL072_CSHL069_CSHL075;CSHL069;CSHL072;CSHL075,CSHL025;CSHL069;CSHL072;CSHL075,4.444,4.444,25.0,0.05,2.0,1.0,300.0,300,15.0,18.62694,18.59889,36077,1
neurovision|2020/11/04 10:49:23,mrsic_flogel,2020/11/04 10:49:23,2020,neurovision,5,SWC_030;SWC_052;ZM_1898;ZM_1898_ZM_3003_SWC_052_SWC_030;ZM_3003,SWC_030;SWC_052;ZM_1898;ZM_1898_ZM_3003_SWC_052_SWC_030;ZM_3003,SWC;ZM,4.444,4.444,25.0,0.05,2.0,1.0,320.0,278,13.9,17.90611,17.85972,35184,1
neurovision|2020/11/05 19:02:33,mrsic_flogel,2020/11/05 19:02:33,2020,neurovision,2,JAA1108794_Pilot1;JAA1108795_Pilot2,Pilot1;Pilot2,JAA1108794;JAA1108795;Pilot1;Pilot2,4.444,4.444,12.5,0.05,4.0,1.0,150.0,150,7.5,10.17972,10.11667,12679,1
neurovision|2020/11/06 17:37:23,mrsic_flogel,2020/11/06 17:37:23,2020,neurovision,4,AL046_DY_018_NYU-21_NYU-25;DY_018;NYU-21;NYU-25,AL046_DY_018_NYU-21_NYU-25;DY_018;NYU-21;NYU-25,AL046;DY;NYU-21;NYU-25,4.444,4.444,25.0,0.05,2.0,1.0,320.0,292,14.6,16.21833,16.18528,30132,1
neurovision|2020/11/09 10:44:35,mrsic_flogel,2020/11/09 10:44:35,2020,neurovision,5,NYU-26;NYU-27;NYU-29;NYU-29_NYU-27_NYU-26_SH015;SH015,NYU-26;NYU-27;NYU-29;NYU-29_NYU-27_NYU-26_SH015;SH015,NYU-26;NYU-27;NYU-29;SH015,4.444,4.444,25.0,0.05,2.0,1.0,320.0,276,13.8,15.62694,15.58917,29189,1
neurovision|2020/11/10 10:22:46,sjones,2020/11/10 10:22:46,2020,neurovision,1,SP_C57_Pf_Uni_tdTomato_101120,SP_C57_Pf_Uni_tdTomato,SP,4.444,4.444,20.0,0.04,2.0,1.0,300.0,274,10.96,8.31667,8.29056,10372,1
neurovision|2020/11/10 19:42:20,mrsic_flogel,2020/11/10 19:42:20,2020,neurovision,3,AF_testblackag;Bottom;Top,AF_testblackag;ROI_1,AF;Bottom;ROI;Top,4.444,4.444,12.5,0.05,4.0,1.0,138.0,91,4.55,12.63028,13.63167,8952,0
neurovision|2020/11/11 10:54:03,sjones,2020/11/11 10:54:03,2020,neurovision,1,SP_CAVCre_in_ToS_tdT_CAR_in_Pf_111120,SP_CAVCre_in_ToS_tdT_CAR_in_Pf_111120,SP,4.444,4.444,20.0,0.04,2.0,1.0,320.0,262,10.48,8.10583,8.07806,9870,1
neurovision|2020/11/11 19:43:54,mrsic_flogel,2020/11/11 19:43:54,2020,neurovision,4,AF_FP23_24_26;FPvGmSC23;FPvGmSC24;FPvGmSC26,AF_FP23_24_26;ROI_1;ROI_2;ROI_3,AF;FPvGmSC23;FPvGmSC24;FPvGmSC26;ROI,2.162,2.162,12.5,0.05,4.0,1.0,150.0,106,5.3,18.63806,18.40833,13330,1
neurovision|2020/11/12 15:34:50,mrsic_flogel,2020/11/12 15:34:50,2020,neurovision,1,KS039,KS039,KS039,2.162,2.162,25.0,0.05,2.0,1.0,314.0,217,10.85,8.65556,8.60667,8931,1
neurovision|2020/11/13 13:51:56,sjones,2020/11/13 13:51:56,2020,neurovision,3,EJT38;EJT39;EJT40,EJT38;EJT39;EJT40,EJT38;EJT39;EJT40,4.444,4.444,25.0,0.05,2.0,1.0,200.0,200,10.0,11.77889,11.72333,20550,1
neurovision|2020/11/16 11:33:16,sjones,2020/11/16 11:33:16,2020,neurovision,3,EJT41;EJT42;EJT50,EJT41;EJT42;EJT50,EJT41;EJT42;EJT50,4.444,4.444,25.0,0.05,2.0,1.0,200.0,200,10.0,11.96083,11.91917,21815,1
neurovision|2020/11/17 11:06:52,mrsic_flogel,2020/11/17 11:06:52,2020,neurovision,5,CSP011;CSP016;SH017;SWC_053;SWC_053_CSP016_CSP011_SH017,CSP011;CSP016;SH017;SWC_053;SWC_053_CSP015_CSP011_SH017,CSP011;CSP016;SH017;SWC,4.444,4.444,25.0,0.05,2.0,1.0,320.0,316,15.8,16.99944,16.97611,30967,1
neurovision|2021/01/20 16:59:56,sjones,2021/01/20 16:59:56,2021,neurovision,1,FG_SNL_photo25,FG_SNL_photo25,FG,2.597,2.597,20.0,0.04,2.0,1.0,314.0,314,12.56,13.84444,13.82222,15072,1
neurovision|2021/01/24 12:45:21,mrsic_flogel,2021/01/24 12:45:21,2021,neurovision,3,1118134;1118135;1118136,sample_1118134;sample_1118135;sample_1118136,1118134;1118135;1118136;sample,4.197,4.197,25.0,0.05,2.0,1.0,250.0,213,10.65,25.46556,25.35167,54315,1
neurovision|2021/01/28 15:41:22,mrsic_flogel,2021/01/28 15:41:22,2021,neurovision,2,AK_1117918;ML_1118169_optopilot1,AK_1117918;ML_1118169_optopilot1,AK;ML,2.597,2.597,25.0,0.05,2.0,1.0,250.0,250,12.5,22.97278,22.88833,29250,1
neurovision|2021/01/30 11:55:37,mrsic_flogel,2021/01/30 11:55:37,2021,neurovision,2,1118137;1118138,SM_1118137-8_300121;sample_1118137,1118137;1118138;SM;sample,2.597,2.597,25.0,0.05,2.0,1.0,88.0,186,9.3,17.06861,24.83056,23808,1
neurovision|2021/02/01 17:03:23,akrami,2021/02/01 17:03:23,2021,neurovision,1,VP_DO02,VP_DO02,VP,4.197,4.197,25.0,0.075,3.0,1.0,230.0,230,17.25,18.16417,18.09944,24840,1
neurovision|2021/02/02 13:37:23,mrsic_flogel,2021/02/02 13:37:23,2021,neurovision,3,CSH_ZAD_028;CSH_ZAD_028_KS042_AL039_AL041;KS042,CSH_ZAD_028;CSH_ZAD_028_KS042_AL039_AL041;KS042,CSH;KS042,4.197,4.197,25.0,0.05,2.0,1.0,320.0,256,12.8,27.43389,27.33583,57344,1
neurovision|2021/02/04 11:10:54,mrsic_flogel,2021/02/04 11:10:54,2021,neurovision,3,AF_HMvGmSC13-14_040221;HMvGmSC13;HMvGmSC14,AF_HMvGmSC13-14_040221;ROI_1;ROI_2,AF;HMvGmSC13;HMvGmSC14;ROI,2.597,2.597,12.5,0.05,4.0,1.0,289.0,194,9.7,20.96528,20.90194,16412,1
neurovision|2021/02/05 14:01:07,mrsic_flogel,2021/02/05 14:01:07,2021,neurovision,13,NYU-28;NYU-28-1;NYU-28-2;NYU-30;NYU-30-1;NYU-30-2;SWC_058;SWC_058-1;SWC_058-2;SWC_058_SWC_060_NYU-30_NYU-28-3;SWC_060;SWC_060-1;SWC_060-2,NYU-28-1;NYU-28-2;NYU-30-1;NYU-30-2;SWC_058-1;SWC_058-2;SWC_058_SWC_060_NYU-30_NYU-28;SWC_060-1;SWC_060-2,NYU-28;NYU-28-1;NYU-28-2;NYU-30;NYU-30-1;NYU-30-2;SWC,4.197,4.197,25.0,0.05,2.0,1.0,320.0,267,13.35,39.78194,41.69917,64890,0
neurovision|2021/02/09 11:54:04,mrsic_flogel,2021/02/09 11:54:04,2021,neurovision,1,RC_KH_CHAT_SHIELD_01,RC_KH_CHAT_SHIELD_01,RC,2.597,2.597,10.0,0.1,10.0,1.0,120.0,120,12.0,20.70611,20.55972,6111,1
neurovision|2021/02/10 11:53:10,sjones,2021/02/10 11:53:10,2021,neurovision,1,FG_SNL_photo28,FG_SNL_photo28,FG,4.197,4.197,20.0,0.04,2.0,1.0,314.0,314,12.56,9.71083,9.68889,11581,1
neurovision|2021/02/11 12:05:03,mrsic_flogel,2021/02/11 12:05:03,2021,neurovision,1,IO_091,IO_091,IO,2.597,2.597,20.0,0.04,2.0,1.0,300.0,300,12.0,10.98694,10.96194,10836,1
neurovision|2021/02/12 14:36:44,mrsic_flogel,2021/02/12 14:36:44,2021,neurovision,7,NYU-23;NYU-23_SWC_061_ZFM_01577_ZFM_01592;SH007;SH016;SWC_061;ZFM-01577;ZFM-01592,NYU-23;NYU-23_SWC_061_ZFM_01577_ZFM_01592;SH007;SH016;SWC_061;ZFM-01577;ZFM-01592,NYU-23;SH007;SH016;SWC;ZFM-01577;ZFM-01592,9.741,9.741,25.0,0.05,2.0,1.0,320.0,309,15.45,20.48222,20.44222,55800,1
neurovision|2021/02/13 16:17:55,mrsic_flogel,2021/02/13 16:17:55,2021,neurovision,7,CSP013;CSP023;ibl_witten_23;ibl_witten_23_25_26_27_CSP013_023;ibl_witten_25;ibl_witten_26;ibl_witten_27,CSP013;CSP023;ibl_witten_23;ibl_witten_23_25_26_27_CSP013_023;ibl_witten_25;ibl_witten_26;ibl_witten_27,CSP013;CSP023;ibl,9.741,9.741,25.0,0.05,2.0,1.0,310.0,298,14.9,20.21417,20.16833,56267,1
neurovision|2021/02/15 12:53:41,mrsic_flogel,2021/02/15 12:53:41,2021,neurovision,5,FT008;FT009;KS040;KS040_041_FT008_009;KS041,FT008;FT009;KS040;KS040_041_FT008_009;KS041,FT008;FT009;KS040;KS041,9.741,9.741,25.0,0.05,2.0,1.0,320.0,320,16.0,25.09917,25.02917,86400,1
neurovision|2021/02/17 12:07:09,sjones,2021/02/17 12:07:09,2021,neurovision,1,FG_SNL_photo30,FG_SNL_photo30,FG,4.197,4.197,20.0,0.04,2.0,1.0,311.0,297,11.88,9.62444,11.31111,10593,1
neurovision|2021/02/18 11:17:10,sjones,2021/02/18 11:17:10,2021,neurovision,1,FG_SNL_photo31,FG_SNL_photo31,FG,4.197,4.197,20.0,0.04,2.0,1.0,314.0,314,12.56,9.88972,9.86861,11073,1
neurovision|2021/02/19 11:02:01,sjones,2021/02/19 11:02:01,2021,neurovision,1,HMV_caspase_a2axai14_test,HMV_caspase_a2axai14_test,HMV,4.197,4.197,25.0,0.05,2.0,1.0,170.0,155,7.75,4.21278,4.18944,5838,1
neurovision|2021/02/20 15:03:33,mrsic_flogel,2021/02/20 15:03:33,2021,neurovision,4,1117248;1117881;1118064;1118067,sample_1117248;sample_1117881;sample_1118064;sample_1118067,1117248;1117881;1118064;1118067;sample,2.597,2.597,12.5,0.05,4.0,1.0,220.0,175,8.75,34.05028,33.89389,27489,1
neurovision|2021/02/23 10:40:12,sjones,2021/02/23 10:40:12,2021,neurovision,1,FG_SNL_photo32,FG_SNL_photo32,FG,4.197,4.197,20.0,0.04,2.0,1.0,314.0,314,12.56,9.78806,9.76694,11299,1
neurovision|2021/02/24 11:04:08,sjones,2021/02/24 11:04:08,2021,neurovision,1,FG_SNL_photo33,FG_SNL_photo33,FG,4.197,4.197,20.0,0.04,2.0,1.0,293.0,293,11.72,8.89556,8.875,10520,1
neurovision|2021/02/25 10:42:06,sjones,2021/02/25 10:42:06,2021,neurovision,1,FG_SNL_photo34,FG_SNL_photo34,FG,4.197,4.197,20.0,0.04,2.0,1.0,271.0,271,10.84,9.03667,9.01528,10796,1
neurovision|2021/02/26 11:41:21,mrsic_flogel,2021/02/26 11:41:21,2021,neurovision,7,KS043;KS043_NYU-32_KS044_NYU-37_KS045_ZFM-01507;KS044;KS045;NYU-32;NYU-37;ZFM-01507,KS043;KS043_NYU-32_KS044_NYU-37_KS045_ZFM-01507;KS044;KS045;NYU-32;NYU-37;ZFM-01507,KS043;KS044;KS045;NYU-32;NYU-37;ZFM-01507,4.197,4.197,25.0,0.05,2.0,1.0,273.0,257,12.85,29.48194,29.43944,57888,1
neurovision|2021/02/27 18:13:27,sjones,2021/02/27 18:13:27,2021,neurovision,1,EJT71,EJT71,EJT71,2.597,2.597,25.0,0.05,2.0,1.0,130.0,130,6.5,4.82917,4.795,4904,1
neurovision|2021/02/28 13:00:51,sjones,2021/02/28 13:00:51,2021,neurovision,1,EJT72,EJT72,EJT72,2.597,2.597,25.0,0.05,2.0,1.0,160.0,144,7.2,4.77,4.73694,4713,1
neurovision|2021/02/28 18:14:09,sjones,2021/02/28 18:14:09,2021,neurovision,1,EJT73,EJT73,EJT73,2.597,2.597,25.0,0.05,2.0,1.0,150.0,150,7.5,4.5075,4.47556,4135,1
neurovision|2021/03/01 10:46:50,sjones,2021/03/01 10:46:50,2021,neurovision,1,FG_SNL_photo35,FG_SNL_photo35,FG,4.197,4.197,20.0,0.04,2.0,1.0,257.0,257,10.28,8.39,8.37139,10261,1
neurovision|2021/03/04 17:19:31,mrsic_flogel,2021/03/04 17:19:31,2021,neurovision,6,1117948;1117949;1118061;1118065;1118066;1118068,sample_1117948;sample_1117949;sample_1118061;sample_1118065;sample_1118066;sample_1118068,1117948;1117949;1118061;1118065;1118066;1118068;sample,3.98,3.98,12.5,0.05,4.0,1.0,250.0,250,12.5,17.12444,17.06556,72655,1
neurovision|2021/03/05 18:53:10,mrsic_flogel,2021/03/05 18:53:10,2021,neurovision,4,1117534;1117880;1118285;1118286,sample_1117534;sample_1117880;sample_1118285;sample_1118286,1117534;1117880;1118285;1118286;sample,3.98,3.98,12.5,0.05,4.0,1.0,250.0,250,12.5,10.98694,10.94833,45774,1
neurovision|2021/03/06 15:34:43,mrsic_flogel,2021/03/06 15:34:43,2021,neurovision,2,CR_tdT_Test1;NOS_tdT_Test1,CR_tdT_Test1;NOS_tdT_Test1,CR;NOS,2.274,2.274,12.5,0.05,4.0,1.0,250.0,209,10.45,7.54111,7.50861,23297,1
neurovision|2021/03/08 13:22:55,mrsic_flogel,2021/03/08 13:22:55,2021,neurovision,1,acq-1-metadata,NYU-31_KS046_ZFM-01576_01936_01934_CSP018_015_FMR010,NYU-31;acq-1-metadata,7.765,7.765,25.0,0.05,2.0,1.0,320.0,261,13.05,14.72944,29.52861,104606,1
neurovision|2021/03/10 11:57:39,murray,2021/03/10 11:57:39,2021,neurovision,2,EM_CTB_01_210310;EM_CTB_02_210310,sample_210310_112145,EM;sample,2.274,2.274,5.0,0.04,8.0,1.0,235.0,234,9.36,13.47556,14.0925,31436,1
neurovision|2021/03/11 20:02:25,mrsic_flogel,2021/03/11 20:02:25,2021,neurovision,1,1118062,sample_1118062,1118062;sample,2.274,2.274,7.1,0.05,7.0,1.0,230.0,230,11.5,9.74139,9.70889,24954,1
neurovision|2021/03/12 10:31:23,branco,2021/03/12 10:31:23,2021,neurovision,1,YT_iRFP670,sample_210312_100820,YT;sample,3.98,3.98,20.0,0.04,2.0,1.0,300.0,300,12.0,5.86583,5.85444,15854,1
neurovision|2021/03/13 13:47:04,mrsic_flogel,2021/03/13 13:47:04,2021,neurovision,2,NOStdtOld2;NOStdtOld3,NOStdtOld2;NOStdtOld3,NOStdtOld2;NOStdtOld3,2.274,2.274,12.5,0.05,4.0,1.0,215.0,215,10.75,9.31694,9.27694,30877,1
neurovision|2021/03/16 12:28:03,sjones,2021/03/16 12:28:03,2021,neurovision,5,LFP01;LFP03;LFP04;LFP05;LFP06,HMV_LFP_batch;LFP01;LFP03;LFP05;LFP06,HMV;LFP01;LFP03;LFP04;LFP05;LFP06,3.98,3.98,25.0,0.05,2.0,1.0,93.0,149,7.45,6.76389,25.17722,39181,1
neurovision|2021/03/18 10:31:09,sjones,2021/03/18 10:31:09,2021,neurovision,6,LFPo07;LFPo08;LFPo09;LFPo10;LFPo11;LFPo12,LFPo07;LFPo08;LFPo09;LFPo10;LFPo11;LFPo12,LFPo07;LFPo08;LFPo09;LFPo10;LFPo11;LFPo12,3.98,3.98,25.0,0.05,2.0,1.0,240.0,240,12.0,11.51,11.47167,65195,1
neurovision|2021/03/19 14:06:18,sjones,2021/03/19 14:06:18,2021,neurovision,2,s036_anatomygpisstrabies_m1118381_L__20210319_000000__serial_section;s037_anatomygpisstrabies_m1118191_LL__20210319_000000__serial_section,LBR_20210319_rabies_gpi_L;LBR_20210319_rabies_gpi_LL,LBR;s036;s037,2.274,2.274,5.0,0.04,8.0,1.0,300.0,300,12.0,14.12472,14.09278,30661,1
neurovision|2021/03/20 15:04:51,mrsic_flogel,2021/03/20 15:04:51,2021,neurovision,2,AK_1117910;ML_1118270_optobeh2,ML_1118270_AK_1117910;ML_1118270_optobeh2,AK;ML,2.274,2.274,20.0,0.04,2.0,2.0,341.0,336,13.44,14.00056,55.96194,30794,1
neurovision|2021/03/23 15:49:20,mrsic_flogel,2021/03/23 15:49:20,2021,neurovision,5,CI016;CI016_018_023_SH019;CI018;CI023;SH019,CI016;CI016_018_023_SH019;CI018;CI023;SH019,CI016;CI018;CI023;SH019,7.765,7.765,25.0,0.05,2.0,1.0,314.0,299,14.95,8.41778,8.40444,39877,1
neurovision|2021/03/24 12:28:16,mrsic_flogel,2021/03/24 12:28:16,2021,neurovision,5,AR203;FT010;FT010_YW002_AR203_KS047;KS047;YW002,AR203;FT010;FT010_YW002_AR203_KS047;KS047;YW002,AR203;FT010;KS047;YW002,7.765,7.765,25.0,0.05,2.0,1.0,318.0,310,15.5,9.72222,9.70333,53761,1
neurovision|2021/03/25 15:47:54,mrsic_flogel,2021/03/25 15:47:54,2021,neurovision,1,SM_1110406_250321,SM_1110406_250321,SM,2.274,2.274,12.5,0.05,4.0,1.0,220.0,220,11.0,11.44139,11.39306,50160,1
neurovision|2021/03/26 10:47:30,sjones,2021/03/26 10:47:30,2021,neurovision,1,Mar235_210326,mar235,Mar235;mar235,2.274,2.274,5.0,0.04,8.0,4.0,300.0,289,11.56,18.80639,18.76667,14617,1
neurovision|2021/03/29 12:12:12,branco,2021/03/29 12:12:12,2021,neurovision,3,1098866;1098867;YI_1098866__1098867,YI_1098866__1098867;sample_1098866;sample_1098867,1098866;1098867;YI;sample,2.274,2.274,5.0,0.04,8.0,1.0,300.0,201,8.04,10.87361,10.83361,23129,1
neurovision|2021/03/30 12:24:25,histology,2021/03/30 12:24:25,2021,neurovision,1,DL004,DL004,DL004,7.765,7.765,25.0,0.05,2.0,1.0,299.0,320,16.0,4.8975,5.70167,13974,1
neurovision|2021/03/30 18:35:27,mrsic_flogel,2021/03/30 18:35:27,2021,neurovision,5,CI020;CI037;FMR015;NYU-38;NYU-38_CI020_FMR015_CI037,CI020;CI037;FMR015;NYU-38;NYU-38_CI020_FMR015_CI037,CI020;CI037;FMR015;NYU-38,7.765,7.765,25.0,0.05,2.0,1.0,320.0,289,14.45,8.46722,8.45222,41118,1
neurovision|2021/03/31 13:13:31,histology,2021/03/31 13:13:31,2021,neurovision,1,B_1119809-ss2p-imaging,SW1119809,B;SW1119809,7.765,7.765,25.0,0.05,2.0,1.0,320.0,320,16.0,5.80167,5.79778,22942,1
neurovision|2021/04/01 12:02:38,branco,2021/04/01 12:02:38,2021,neurovision,1,YI_1099224,YI_1099224,YI,2.274,2.274,5.0,0.04,8.0,1.0,250.0,250,10.0,9.45444,9.42639,20000,1
neurovision|2021/04/02 11:24:42,mrsic_flogel,2021/04/02 11:24:42,2021,neurovision,4,NV_vgatexpop1;NV_vgatexpop2;NV_vgatexpop3;NV_vgatexpop4,NV_vgatexpop1;NV_vgatexpop2;NV_vgatexpop3;NV_vgatexpop4,NV,3.98,3.98,20.0,0.04,2.0,4.0,275.0,275,11.0,13.67306,13.62778,56200,1
neurovision|2021/04/03 13:48:47,mrsic_flogel,2021/04/03 13:48:47,2021,neurovision,2,1119605;1119607,sample_1119605;sample_1119607,1119605;1119607;sample,2.274,2.274,7.1,0.05,7.0,1.0,220.0,220,11.0,9.77,9.73194,22231,1
neurovision|2021/04/05 16:06:50,mrsic_flogel,2021/04/05 16:06:50,2021,neurovision,1,KH_iDISCO_CHAT_SERIALSECTION,sample_210405_154712,KH;sample,1.552,1.552,25.0,0.05,2.0,3.0,207.0,204,10.2,5.82889,5.87778,9169,1
neurovision|2021/04/06 18:53:43,mrsic_flogel,2021/04/06 18:53:43,2021,neurovision,3,MH_001;MH_004;MH_006,MH_001;MH_004;MH_006,MH,4.544,4.544,12.5,0.05,4.0,1.0,230.0,230,11.5,10.17444,10.13028,32927,1
neurovision|2021/04/07 13:04:11,mrsic_flogel,2021/04/07 13:04:11,2021,neurovision,5,AL038;CI014;FMR012;FMR012_CI014_AL048_KS038;KS038,AL038;CI014;FMR012;FMR012_CI014_AL048_KS038;KS038,AL038;CI014;FMR012;KS038,7.759,7.759,25.0,0.05,2.0,1.0,284.0,278,13.9,9.32556,9.29528,44146,1
neurovision|2021/04/08 14:55:51,histology;mrsic_flogel,2021/04/08 14:55:51,2021,neurovision,5,DL005;MB033;MB034;MB034_033_DL005_MB035;MB035,DL005;MB033;MB034;MB034_033_DL005_MB035;MB035,DL005;MB033;MB034;MB035,7.759,7.759,25.0,0.05,2.0,1.0,302.0,302,15.1,16.15667,16.11111,114156,1
neurovision|2021/04/09 13:45:46,mrsic_flogel,2021/04/09 13:45:46,2021,neurovision,3,1113468;1113610;1113611,sample_1113468;sample_1113610;sample_1113611,1113468;1113610;1113611;sample,2.272,2.272,7.1,0.05,7.0,1.0,220.0,220,11.0,13.58167,13.525,33637,1
neurovision|2021/04/10 13:57:33,mrsic_flogel,2021/04/10 13:57:33,2021,neurovision,1,ML_1118268_optobeh3,ML_1118268_optobeh3,ML,1.552,1.552,20.0,0.04,2.0,4.0,332.0,332,13.28,12.64278,12.61944,17445,1
neurovision|2021/04/11 13:31:23,mrsic_flogel,2021/04/11 13:31:23,2021,neurovision,3,1110278;1110279;1110283,sample_1110278;sample_1110279;sample_1110283,1110278;1110279;1110283;sample,1.552,1.552,7.1,0.05,7.0,1.0,220.0,220,11.0,15.21583,15.15139,33982,1
neurovision|2021/04/12 14:06:44,mrsic_flogel,2021/04/12 14:06:44,2021,neurovision,3,120421_L;120421_R;SWC009,SWC009;sample_120421_L;sample_120421_R,120421;SWC009;sample,3.976,3.976,20.0,0.04,2.0,1.0,225.0,225,9.0,7.60056,7.57389,38368,1
neurovision|2021/04/13 13:26:29,mrsic_flogel,2021/04/13 13:26:29,2021,neurovision,4,1119418;1119421;1119422;1119423,sample_1119418;sample_1119421;sample_1119422;sample_1119423,1119418;1119421;1119422;1119423;sample,2.272,2.272,7.1,0.05,7.0,1.0,230.0,230,11.5,16.57056,16.51417,44536,1
neurovision|2021/04/19 12:31:02,mrsic_flogel,2021/04/19 12:31:02,2021,neurovision,1,SM_1119750,SM_1119750,SM,3.976,3.976,20.0,0.04,2.0,2.0,250.0,250,10.0,5.85111,5.83333,12959,1
neurovision|2021/04/21 10:58:28,mrsic_flogel,2021/04/21 10:58:28,2021,neurovision,1,SM_1120308,SM_1120308,SM,2.272,2.272,5.0,0.04,8.0,1.0,246.0,246,9.84,7.64806,7.63,13398,1
neurovision|2021/04/22 14:57:12,histology,2021/04/22 14:57:12,2021,neurovision,1,2164R,R2164,2164R;R2164,7.759,7.759,25.0,0.05,2.0,1.0,305.0,305,15.25,11.8725,11.84139,81168,1
neurovision|2021/04/23 14:13:23,histology;mrsic_flogel,2021/04/23 14:13:23,2021,neurovision,4,DL006;DL006_008_007;DL007;DL008,DL006;DL006_008_007;DL007;DL008,DL006;DL007;DL008,7.759,7.759,25.0,0.05,2.0,1.0,270.0,270,13.5,7.93778,7.91944,35119,1
neurovision|2021/04/26 11:06:31,mrsic_flogel,2021/04/26 11:06:31,2021,neurovision,2,MA_1118439;MA_1120292,MA_1118439;MA_1120292,MA,3.976,3.976,20.0,0.04,2.0,1.0,270.0,270,10.8,7.94417,7.92222,31718,1
neurovision|2021/04/26 20:49:43,mrsic_flogel,2021/04/26 20:49:43,2021,neurovision,1,SM_1120110_260421,SM_1120110_260421,SM,3.976,3.976,12.5,0.05,4.0,1.0,220.0,212,10.6,5.12583,5.11306,14967,1
neurovision|2021/04/28 12:49:54,histology,2021/04/28 12:49:54,2021,neurovision,1,2164C,R21642,2164C;R21642,7.759,7.759,25.0,0.05,2.0,1.0,334.0,309,15.45,7.0075,6.99722,21960,1
neurovision|2021/04/28 22:10:51,mrsic_flogel,2021/04/28 22:10:51,2021,neurovision,4,AF_FPvGmSC27_29;FPvGmSC27;FPvGmSC28;FPvGmSC29,AF_FPvGmSC27_29;FPvGmSC27;FPvGmSC28;FPvGmSC29,AF;FPvGmSC27;FPvGmSC28;FPvGmSC29,2.272,2.272,12.5,0.05,4.0,1.0,140.0,140,7.0,7.01806,6.97722,24753,1
neurovision|2021/04/29 12:55:19,mrsic_flogel,2021/04/29 12:55:19,2021,neurovision,7,CI027;CI029;ZFM-01802;ZFM-01802_01864_01935_01937_CI027_029;ZFM-01864;ZFM-01935;ZFM-01937,CI027;CI029;ZFM-01802;ZFM-01802_01864_01935_01937_CI027_029;ZFM-01864;ZFM-01935;ZFM-01937,CI027;CI029;ZFM-01802;ZFM-01864;ZFM-01935;ZFM-01937,7.759,7.759,25.0,0.05,2.0,1.0,337.0,325,16.25,14.02222,13.99778,65192,1
neurovision|2021/04/30 11:26:02,mrsic_flogel,2021/04/30 11:26:02,2021,neurovision,2,1120056;1120057,sample_1120056;sample_1120057,1120056;1120057;sample,2.272,2.272,5.0,0.04,8.0,1.0,275.0,275,11.0,14.355,14.32306,30704,1
neurovision|2021/05/01 13:33:04,sjones,2021/05/01 13:33:04,2021,neurovision,2,LBR_20210501_calb_vglut_physin_210501_132844_bottom_pstn;LBR_20210501_calb_vglut_physin_210501_132844_top_stn,LBR_20210501_calb_vglut_physin;LBR_20210501_calb_vglut_physin_210501_132844_top_stn,LBR,1.552,1.552,5.0,0.04,8.0,4.0,300.0,300,12.0,21.60278,21.54778,25190,1
neurovision|2021/05/05 12:37:34,histology,2021/05/05 12:37:34,2021,neurovision,1,DL009,DL009,DL009,7.759,7.759,25.0,0.05,2.0,1.0,340.0,340,17.0,5.77111,5.76472,11566,1
neurovision|2021/05/06 12:36:09,mrsic_flogel,2021/05/06 12:36:09,2021,neurovision,7,CI035;CI035_FMR011_014_020_dop_13_14;FMR011;FMR014;FMR020;dop_13;dop_14,CI035;CI035_FMR011_014_020_dop_13_14;FMR011;FMR014;FMR020;dop_13;dop_14,CI035;FMR011;FMR014;FMR020;dop,7.759,7.759,25.0,0.05,2.0,1.0,334.0,334,16.7,19.23972,19.20028,118742,1
neurovision|2021/05/10 11:15:29,margrie,2021/05/10 11:15:29,2021,neurovision,2,SK_CX_2137_brainsaw;SK_CX_2139_brainsaw,CX_2137__CX_2139,CX;SK,2.272,2.272,5.0,0.04,8.0,1.0,386.0,339,13.56,14.2175,14.44194,27967,1
neurovision|2021/05/11 12:37:26,margrie,2021/05/11 12:37:26,2021,neurovision,2,SK_CX_2136_brainsaw;SK_CX_2138_brainsaw,SK_CX2136;SK_CX2138,SK,2.272,2.272,5.0,0.04,8.0,1.0,359.0,350,14.0,14.26611,14.22972,27266,1
neurovision|2021/05/12 14:39:08,mrsic_flogel,2021/05/12 14:39:08,2021,neurovision,7,NYU-40;NYU-41;SWC_NM_005;SWC_NM_006;dop_18;dop_18_24_NYU-40_41_SWC_NM_005_006;dop_24,NYU-40;NYU-41;SWC_NM_005;SWC_NM_006;dop_18;dop_18_24_NYU-40_41_SWC_NM_005_006;dop_24,NYU-40;NYU-41;SWC;dop,7.759,7.759,25.0,0.05,2.0,1.0,318.0,258,12.9,17.82306,17.76056,122550,1
neurovision|2021/05/13 17:05:25,histology;mrsic_flogel,2021/05/13 17:05:25,2021,neurovision,3,DL010;DL010_011;DL011,DL010;DL010_011;DL011,DL010;DL011,7.759,7.759,25.0,0.05,2.0,1.0,357.0,348,17.4,7.85806,7.84583,25660,1
neurovision|2021/05/14 09:36:59,sjones,2021/05/14 09:36:59,2021,neurovision,1,HMV_SP_FM_4shank_tStr_test1,HMV_SP_FM_4shank_tStr_test1,HMV,3.976,3.976,50.0,0.05,1.0,1.0,200.0,200,10.0,3.2775,3.26694,10243,1
neurovision|2021/05/17 13:15:35,mrsic_flogel,2021/05/17 13:15:35,2021,neurovision,2,AK_1103204;ML_1119408,AK_1103204;ML_1119408,AK;ML,2.272,2.272,20.0,0.04,2.0,1.0,344.0,344,13.76,15.205,15.17361,30091,1
neurovision|2021/05/20 11:35:27,histology,2021/05/20 11:35:27,2021,neurovision,1,DL012,DL012,DL012,7.759,7.759,25.0,0.05,2.0,1.0,340.0,340,17.0,7.17417,7.15944,27540,1
neurovision|2021/05/26 14:25:49,mrsic_flogel,2021/05/26 14:25:49,2021,neurovision,5,CI032;CI033;FMR009;FMR009_024_CI032_033;FMR024,CI032;CI033;FMR009;FMR009_024_CI032_033;FMR024,CI032;CI033;FMR009;FMR024,7.759,7.759,25.0,0.05,2.0,1.0,320.0,320,16.0,13.47222,13.435,86400,1
neurovision|2021/06/02 15:47:24,histology;mrsic_flogel,2021/06/02 15:47:24,2021,neurovision,7,DL014;Fip13_14_15_16_Dop16_DL014;dop_16;fip_13;fip_14;fip_15;fip_16,DL014;Fip13_14_15_16_Dop16_DL014;dop_16;fip_13;fip_14;fip_15,DL014;Fip13;dop;fip,7.759,7.759,25.0,0.05,2.0,1.0,302.0,302,15.1,21.33917,21.27278,151000,1
neurovision|2021/06/04 11:26:35,sjones,2021/06/04 11:26:35,2021,neurovision,1,FG_SNL_photo42,SNL_photo42,FG;SNL,3.976,3.976,20.0,0.04,2.0,4.0,297.0,257,10.28,7.24083,7.22139,13863,1
neurovision|2021/06/06 21:53:24,mrsic_flogel,2021/06/06 21:53:24,2021,neurovision,4,SM_CR93;SM_CR94;SM_CR95;SM_CR96,SM_CR93;SM_CR94;SM_CR95;SM_CR96,SM,2.272,2.272,10.0,0.04,4.0,1.0,309.0,197,7.88,11.73694,11.69472,48001,1
neurovision|2021/06/07 11:43:59,sjones,2021/06/07 11:43:59,2021,neurovision,1,FG_SNL_photo41,SNL_photo41,FG;SNL,3.976,3.976,20.0,0.04,2.0,4.0,332.0,332,13.28,8.295,8.27889,15366,1
neurovision|2021/06/08 11:21:40,mrsic_flogel,2021/06/08 11:21:40,2021,neurovision,1,SF_151R,SF_151R,SF,3.976,3.976,20.0,0.04,2.0,1.0,303.0,303,12.12,6.94722,6.92861,15335,1
neurovision|2021/06/11 11:06:17,mrsic_flogel,2021/06/11 11:06:17,2021,neurovision,4,SOMFP10;SOMFP7;SOMFP8;SOMFP9,SOMFP10;SOMFP7;SOMFP8;SOMFP9,SOMFP10;SOMFP7;SOMFP8;SOMFP9,3.976,3.976,20.0,0.04,2.0,1.0,243.0,243,9.72,9.52639,9.49444,50856,1
neurovision|2021/06/14 11:09:29,mrsic_flogel,2021/06/14 11:09:29,2021,neurovision,2,SF_150L;SF_VIPi6,SF_150L;SF_VIPi6,SF,3.976,3.976,20.0,0.04,2.0,1.0,331.0,283,11.32,7.20889,7.18972,25495,1
neurovision|2021/06/15 11:25:48,mrsic_flogel,2021/06/15 11:25:48,2021,neurovision,2,SF_VIPi03;SF_VIPi05,SF_VIPi3;SF_VIPi5,SF,3.976,3.976,20.0,0.04,2.0,2.0,328.0,283,11.32,10.52278,10.49222,28666,1
neurovision|2021/06/16 11:15:27,mrsic_flogel,2021/06/16 11:15:27,2021,neurovision,4,SF_VIPi07;SF_VIPi10;SF_VIPi11;SF_VIPi12,SF_VIPi07;SF_VIPi10;SF_VIPi11;SF_VIPi12,SF,3.976,3.976,20.0,0.04,2.0,2.0,300.0,276,11.04,11.9,11.86417,48789,1
neurovision|2021/06/17 07:38:56,sjones,2021/06/17 07:38:56,2021,neurovision,1,LBR_20210617_intersect_on_stn,LBR_20210617_intersect_on,LBR,2.272,2.272,5.0,0.04,8.0,1.0,255.0,128,5.12,6.17,6.13528,14408,1
neurovision|2021/06/19 18:07:31,mrsic_flogel,2021/06/19 18:07:31,2021,neurovision,2,p5_CR1;p5_CR2,p5_CR1;p5_CR2,p5,2.231,2.231,6.7,0.04,6.0,2.0,218.0,218,8.72,15.42167,15.36222,34621,1
neurovision|2021/06/20 16:27:37,mrsic_flogel,2021/06/20 16:27:37,2021,neurovision,1,SM_1120204_Npx_VGATChr2_POR_DIL_vLGN,SM_1120204_Npx_VGATChr2_POR_DIL_vLGN_210620,SM,3.908,3.908,10.0,0.04,4.0,1.0,257.0,257,10.28,6.65528,6.6375,20135,1
neurovision|2021/06/21 11:19:49,margrie,2021/06/21 11:19:49,2021,neurovision,1,SW_IAA_1118562,SW_IAA_1118562,SW,3.908,3.908,20.0,0.04,2.0,2.0,284.0,272,10.88,6.34583,6.32167,17802,1
neurovision|2021/06/21 19:25:55,mrsic_flogel,2021/06/21 19:25:55,2021,neurovision,4,SM_FPExp2_33;SM_FPExp2_34;SM_FPExp2_36;SM_FPExp2_38,SM_FPExp2_33;SM_FPExp2_34;SM_FPExp2_36;SM_FPExp2_38,SM,3.908,3.908,12.5,0.05,4.0,1.0,227.0,227,11.35,13.19278,13.14528,74034,1
neurovision|2021/06/22 14:33:24,mrsic_flogel,2021/06/22 14:33:24,2021,neurovision,7,KS051;KS052;KS052_055_057_ZFM-02368_02369_02370;KS055;ZFM-02368;ZFM-02369;ZFM-02370,KS052;KS052_055_057_ZFM-02368_02369_02370;KS055;KS057;ZFM-02368;ZFM-02369;ZFM-02370,KS051;KS052;KS055;KS057;ZFM-02368;ZFM-02369;ZFM-02370,3.908,3.908,25.0,0.05,2.0,1.0,312.0,304,15.2,16.49556,16.45667,108741,1
neurovision|2021/06/23 11:34:05,margrie,2021/06/23 11:34:05,2021,neurovision,1,SW_4783,SW_CAA1114783,SW,2.231,2.231,5.0,0.04,8.0,1.0,291.0,291,11.64,9.69833,9.6725,19270,1
neurovision|2021/06/23 22:10:44,mrsic_flogel,2021/06/23 22:10:44,2021,neurovision,3,SM_1120648;SM_1120650;SM_1120651,SM_1120648;SM_1120650;SM_1120651,SM,2.231,2.231,20.0,0.04,2.0,1.0,321.0,321,12.84,12.85861,12.82889,71682,1
neurovision|2021/06/24 12:51:37,mrsic_flogel,2021/06/24 12:51:37,2021,neurovision,7,NYU-39;NYU-39_42_43_44_ZFM-02182_02372;NYU-42;NYU-43;NYU-44;ZFM-02182;ZFM-02372,NYU-39;NYU-39_42_43_44_ZFM-02182_02372;NYU-42;NYU-43;NYU-44;ZFM-02182;ZFM-02372,NYU-39;NYU-42;NYU-43;NYU-44;ZFM-02182;ZFM-02372,7.643,7.643,25.0,0.05,2.0,1.0,328.0,305,15.25,16.15778,16.13389,101307,1
neurovision|2021/06/25 11:05:57,histology;mrsic_flogel,2021/06/25 11:05:57,2021,neurovision,7,DL015;DL015_016_018_019_020_021;DL016;DL018;DL019;DL020;DL021,DL015;DL015_016_018_019_020_021;DL016;DL018;DL019;DL020;DL021,DL015;DL016;DL018;DL019;DL020;DL021,7.643,7.643,25.0,0.05,2.0,1.0,352.0,352,17.6,18.3625,18.34111,109428,1
neurovision|2021/06/26 15:12:04,sjones,2021/06/26 15:12:04,2021,neurovision,1,LBR_20210626_intersect_off_stn,LBR_20210626_intersect_off,LBR,2.231,2.231,5.0,0.04,8.0,2.0,323.0,302,12.08,24.96306,24.92861,43091,1
neurovision|2021/07/22 11:27:45,margrie,2021/07/22 11:27:45,2021,neurovision,2,TC_1112353;TC_1112355,TC_1112353_1112355,TC,4.337,4.337,20.0,0.04,2.0,2.0,350.0,314,12.56,8.51333,12.11778,32943,1
neurovision|2021/07/23 17:37:32,mrsic_flogel,2021/07/23 17:37:32,2021,neurovision,2,IO_1120475;IO_1120477,IO_1120471;IO_1120475,IO,4.337,4.337,20.0,0.04,2.0,4.0,349.0,342,13.68,10.6425,10.61639,35973,1
neurovision|2021/07/24 14:25:00,mrsic_flogel,2021/07/24 14:25:00,2021,neurovision,5,AMK_C2vGvLG21-24_240721;C2vGvLG21;C2vGvLG22;C2vGvLG23;C2vGvLG24,AMK_C2vGvLG21-24_240721;C2vGvLG21;C2vGvLG22;C2vGvLG23;C2vGvLG24,AMK;C2vGvLG21;C2vGvLG22;C2vGvLG23;C2vGvLG24,2.476,2.476,12.5,0.05,4.0,4.0,140.0,140,7.0,14.4875,14.41528,37563,1
neurovision|2021/07/26 11:52:40,sjones,2021/07/26 11:52:40,2021,neurovision,1,FG_SNL_photo44,FG_SNL_photo44,FG,4.337,4.337,20.0,0.04,2.0,1.0,320.0,320,12.8,7.03833,7.02167,19391,1
neurovision|2021/07/27 11:32:41,margrie,2021/07/27 11:32:41,2021,neurovision,2,SH_1113953;SH_1113954,SH_1113953;SH_1113954,SH,2.476,2.476,5.6,0.045,8.0,4.0,306.0,258,11.61,21.84583,21.76167,29020,1
neurovision|2021/07/28 10:17:17,margrie,2021/07/28 10:17:17,2021,neurovision,1,SH_1113933,SH_1113933,SH,2.476,2.476,5.0,0.04,8.0,4.0,292.0,292,11.68,14.64333,14.60583,16051,1
neurovision|2021/07/29 11:25:36,sjones,2021/07/29 11:25:36,2021,neurovision,1,FG_SNL_photo37,FG_SNL_photo37,FG,4.337,4.337,20.0,0.04,2.0,3.0,300.0,300,12.0,7.26111,7.2475,17903,1
neurovision|2021/08/02 13:17:39,mrsic_flogel,2021/08/02 13:17:39,2021,neurovision,4,IO_1108612;IO_1117021;IO_1121131;IO_1121132,IO_1108612;IO_1117021;IO_1121131;IO_1121132,IO,4.337,4.337,25.0,0.05,2.0,1.0,276.0,265,13.25,10.34028,10.30639,54069,1
neurovision|2021/08/03 12:00:44,mrsic_flogel,2021/08/03 12:00:44,2021,neurovision,5,IO_1117020;IO_1117020;IO_1120295;IO_1120473;IO_1120474,IO_1117020;IO_1120295;IO_1120473;IO_1120473_1120474_1120295_1117020;IO_1120474,IO,4.337,4.337,25.0,0.05,2.0,4.0,292.0,292,14.6,14.71278,14.6725,58346,1
neurovision|2021/08/04 11:56:54,mrsic_flogel,2021/08/04 11:56:54,2021,neurovision,6,SF_158L;SF_159R;SF_35R;SF_766L;SF_767R;SF_768LR,SF_158L;SF_158L_159R_767R_768LR_35R_766L;SF_159R;SF_35R;SF_766L,SF,4.337,4.337,20.0,0.04,2.0,2.0,171.0,314,12.56,17.37806,17.53861,96333,1
neurovision|2021/08/05 10:14:50,sjones,2021/08/05 10:14:50,2021,neurovision,5,HMV_EY14_02;HMV_EY14_03;HMV_EY14_05;HMV_EY14_06;HMV_EY14_07,HMV_EY14_02;HMV_EY14_03;HMV_EY14_05;HMV_EY14_06;HMV_EY14_07,HMV,2.476,2.476,5.0,0.04,8.0,1.0,250.0,250,10.0,22.93389,22.85722,89948,1
neurovision|2021/08/06 15:06:48,histology;mrsic_flogel,2021/08/06 15:06:48,2021,neurovision,7,DL022;DL022_023_024_025_026_027;DL023;DL024;DL025;DL026;DL027,DL022;DL022_023_024_025_026_027;DL023;DL024;DL025;DL026;DL027,DL022;DL023;DL024;DL025;DL026;DL027,8.489,8.489,25.0,0.05,2.0,1.0,334.0,334,16.7,16.22333,16.20139,94401,1
neurovision|2021/08/09 11:30:13,mrsic_flogel,2021/08/09 11:30:13,2021,neurovision,4,SF_800L;SF_802LR;SF_855L;SF_857LR,SF_800L;SF_802LR;SF_855L;SF_857LR,SF,4.337,4.337,20.0,0.04,2.0,2.0,364.0,273,10.92,11.92278,11.88528,64440,1
neurovision|2021/08/10 11:19:50,mrsic_flogel,2021/08/10 11:19:50,2021,neurovision,4,SF_034L;SF_769LL;SF_776L;SF_783LL,SF_034L;SF_769LL;SF_776L;SF_783LL,SF,4.337,4.337,20.0,0.04,2.0,2.0,346.0,346,13.84,13.79056,13.75556,67863,1
neurovision|2021/08/11 13:09:12,mrsic_flogel,2021/08/11 13:09:12,2021,neurovision,4,SF_232L;SF_233R;SF_234LR;SF_349LR,SF_232L;SF_233R;SF_234LR;SF_349LR,SF,4.337,4.337,20.0,0.04,2.0,1.0,378.0,378,15.12,14.07806,14.04861,72794,1
neurovision|2021/08/12 16:52:38,mrsic_flogel,2021/08/12 16:52:38,2021,neurovision,7,CI038;CI038_039_040_CSP025_ZFM-01867_02180;CI039;CI040;CSP025;ZFM-01867;ZFM-02180,CI038;CI038_039_040_CSP025_ZFM-01867_02180;CI039;CI040;CSP025;ZFM-01867;ZFM-02180,CI038;CI039;CI040;CSP025;ZFM-01867;ZFM-02180,4.337,4.337,25.0,0.05,2.0,1.0,319.0,303,15.15,14.09972,14.07083,73758,1
neurovision|2021/08/13 17:56:58,mrsic_flogel,2021/08/13 17:56:58,2021,neurovision,7,KS050;KS050_054_056_SWC_NM_001_002_009;KS054;KS056;SWC_NM_001;SWC_NM_002;SWC_NM_009,KS050;KS050_054_056_SWC_NM_001_002_009;KS054;KS056;SWC_NM_001;SWC_NM_002;SWC_NM_009,KS050;KS054;KS056;SWC,4.337,4.337,25.0,0.05,2.0,1.0,322.0,322,16.1,24.63333,24.56361,191268,1
neurovision|2021/08/16 15:40:54,sjones,2021/08/16 15:40:54,2021,neurovision,2,FM_SNL_photo50;FM_SNL_photo52,sample_50;sample_52,FM;sample,4.337,4.337,20.0,0.04,2.0,10.0,300.0,300,12.0,15.19528,15.15111,33061,1
neurovision|2021/08/17 11:52:37,sjones,2021/08/17 11:52:37,2021,neurovision,4,D1opto01;D1opto02;D2opto01;D2opto02,D1opto01;D1opto02;D2opto01;D2opto02,D1opto01;D1opto02;D2opto01;D2opto02,4.337,4.337,20.0,0.04,2.0,1.0,300.0,300,12.0,11.37611,11.3475,67004,1
neurovision|2021/08/18 15:40:59,histology;mrsic_flogel,2021/08/18 15:40:59,2021,neurovision,7,DL017;FMR019;dop_21;dop_21_36_ibl_witten_29_32_FMR019_DL017;dop_36;ibl_witten_29;ibl_witten_32,DL017;FMR019;dop_21;dop_21_36_ibl_witten_29_32_FMR019_DL017;dop_36;ibl_witten_29;ibl_witten_32,DL017;FMR019;dop;ibl,8.489,8.489,25.0,0.05,2.0,1.0,313.0,313,15.65,14.13528,14.10417,83828,1
neurovision|2021/08/19 17:43:14,mrsic_flogel,2021/08/19 17:43:14,2021,neurovision,5,UCLA005;UCLA011;UCLA012;UCLA_005_011_012_dop_22;dop_22,UCLA005;UCLA011;UCLA012;dop_22;sample_210819_172411,UCLA;UCLA005;UCLA011;UCLA012;dop;sample,8.489,8.489,25.0,0.05,2.0,1.0,314.0,305,15.25,10.5925,10.57083,57035,1
neurovision|2021/08/22 10:22:36,mrsic_flogel,2021/08/22 10:22:36,2021,neurovision,6,NV_PVGFP1;NV_PVGFP2;NV_SOMGFP1;NV_SOMGFP2;NV_vglutGFP1;SF_779L,NV_PVGFP1;NV_PVGFP2;NV_SOMGFP1;NV_SOMGFP2;NV_vglutGFP1;SF_779L,NV;SF,4.337,4.337,20.0,0.04,2.0,1.0,275.0,275,11.0,18.27333,18.22222,105132,1
neurovision|2021/08/23 12:33:01,sjones,2021/08/23 12:33:01,2021,neurovision,2,FM_SNL_photo45;FM_SNL_photoNH,NH;sample_45,FM;NH;sample,4.337,4.337,20.0,0.04,2.0,1.0,300.0,269,10.76,21.2475,21.22694,31450,1
neurovision|2021/08/24 10:47:15,mrsic_flogel,2021/08/24 10:47:15,2021,neurovision,2,NV_PVAi14;NV_SOMAi14,NV_PVAi14;NV_SOMAi14,NV,2.476,2.476,8.0,0.04,5.0,1.0,275.0,275,11.0,10.64,10.61528,41363,1
neurovision|2021/08/25 17:00:10,mrsic_flogel,2021/08/25 17:00:10,2021,neurovision,7,CSP026;NYU-45;NYU-45_46_47_48_49_CSP026;NYU-46;NYU-47;NYU-48;NYU-49,CSP026;NYU-45;NYU-45_46_47_48_49_CSP026;NYU-46;NYU-47;NYU-48;NYU-49,CSP026;NYU-45;NYU-46;NYU-47;NYU-48;NYU-49,8.489,8.489,25.0,0.05,2.0,1.0,322.0,305,15.25,18.49861,18.45972,133446,1
neurovision|2021/08/30 11:02:57,mrsic_flogel,2021/08/30 11:02:57,2021,neurovision,2,SF_085L_JL2;SF_535LR_JS1,SF_535LR_085L,SF,4.337,4.337,20.0,0.04,2.0,2.0,101.0,357,14.28,9.37028,10.42444,39901,1
neurovision|2021/08/31 11:47:53,murray,2021/08/31 11:47:53,2021,neurovision,4,ROI_C;ROI_LS;ROI_T;ROI_TL,ROI_C;ROI_LS;ZM_FAA1034504,ROI;ZM,4.337,4.337,20.0,0.04,2.0,4.0,214.0,300,12.0,12.93194,12.96667,39000,1
neurovision|2021/09/02 13:44:43,mrsic_flogel,2021/09/02 13:44:43,2021,neurovision,7,KS059;KS059_061_064_066_067_068;KS061;KS064;KS066;KS067;KS068,KS059;KS059_061_064_066_067_068;KS061;KS064;KS066;KS067;KS068,KS059;KS061;KS064;KS066;KS067;KS068,4.337,4.337,25.0,0.05,2.0,1.0,338.0,290,14.5,23.25306,23.17889,178640,1
neurovision|2021/09/08 10:51:28,margrie,2021/09/08 10:51:28,2021,neurovision,4,CAA-1114977;CAA-1114978;CAA-1114979;CAA-1114980,CAA-1114977;CAA-1114978;CAA-1114979;CAA-1114980,CAA-1114977;CAA-1114978;CAA-1114979;CAA-1114980,4.337,4.337,25.0,0.05,2.0,1.0,280.0,260,13.0,10.33917,10.30389,51374,1
neurovision|2021/09/12 15:47:12,mrsic_flogel,2021/09/12 15:47:12,2021,neurovision,2,SM_1121261;SM_1121265,SM_1121261;SM_1121265,SM,4.337,4.337,20.0,0.04,2.0,1.0,245.0,245,9.8,7.08694,7.06528,32622,1
neurovision|2021/09/13 10:30:04,murray,2021/09/13 10:30:04,2021,neurovision,6,ROI_C1;ROI_C2;ROI_L1;ROI_L2;ROI_T1;ROI_T2,ROI_C1;ROI_C2;ROI_L1;ROI_L2;ROI_T1;ROI_T2,ROI,4.337,4.337,20.0,0.04,2.0,2.0,213.0,204,8.16,10.4825,10.43389,55488,1
neurovision|2021/09/14 11:11:16,mrsic_flogel,2021/09/14 11:11:16,2021,neurovision,7,CSP027;CSP027_028_029_ZFM-02181_02183_02373;CSP028;CSP029;ZFM-02181;ZFM-02183;ZFM-02373,CSP027;CSP027_028_029_ZFM-02181_02183_02373;CSP028;CSP029;ZFM-02181;ZFM-02183;ZFM-02373,CSP027;CSP028;CSP029;ZFM-02181;ZFM-02183;ZFM-02373,4.337,4.337,25.0,0.05,2.0,1.0,318.0,302,15.1,13.77417,13.74972,76011,1
neurovision|2021/09/15 11:40:18,mrsic_flogel,2021/09/15 11:40:18,2021,neurovision,6,SF_077LL;SF_321L;SF_322R;SF_323LR;SF_534R;SF_536LL,SF_077LL;SF_321L;SF_322R;SF_323LR;SF_534R;SF_536LL,SF,4.337,4.337,20.0,0.04,2.0,2.0,375.0,365,14.6,20.85444,20.80806,115176,1
neurovision|2021/09/16 18:30:24,mrsic_flogel,2021/09/16 18:30:24,2021,neurovision,4,IO_1120296;IO_1120369;IO_1120371;IO_1121127,IO_1120296;IO_1120369;IO_1120371;IO_1121127,IO,4.337,4.337,25.0,0.05,2.0,1.0,299.0,293,14.65,11.41611,11.37861,59155,1
neurovision|2021/09/17 13:02:39,mrsic_flogel,2021/09/17 13:02:39,2021,neurovision,3,IO_1120361;IO_1120384;IO_1120385,IO_1120361_1120385_1120384;IO_1120384,IO,4.337,4.337,25.0,0.05,2.0,4.0,55.0,219,10.95,10.75083,52.02278,40953,1
neurovision|2021/09/20 11:35:18,margrie,2021/09/20 11:35:18,2021,neurovision,1,MVF_CAA-1115211,MVF_CAA-1115211,MVF,4.337,4.337,25.0,0.05,2.0,1.0,236.0,224,11.2,4.37083,4.38972,11682,1
neurovision|2021/09/21 18:27:51,mrsic_flogel,2021/09/21 18:27:51,2021,neurovision,3,ZFM-02184;ZFM-02600;ZFM-02600_02184,ZFM-02184;ZFM-02600;ZFM-02600_02184,ZFM-02184;ZFM-02600,4.337,4.337,25.0,0.05,2.0,1.0,336.0,336,16.8,8.75722,8.74167,27923,1
neurovision|2021/09/22 15:20:20,akrami,2021/09/22 15:20:20,2021,neurovision,1,2pe,VP_CAP02,2pe;VP,2.476,2.476,5.7,0.04,7.0,2.0,494.0,484,19.36,21.71556,21.695,50504,1
neurovision|2021/09/23 17:48:22,mrsic_flogel,2021/09/23 17:48:22,2021,neurovision,4,SF_086R;SF_231LR;SF_364R;SF_367RR,SF_086R;SF_231LR;SF_364R;SF_367RR,SF,4.337,4.337,20.0,0.04,2.0,1.0,347.0,316,12.64,13.3125,13.27583,71625,1
neurovision|2021/09/24 13:54:10,sjones,2021/09/24 13:54:10,2021,neurovision,1,E169,E169,E169,2.476,2.476,20.0,0.04,2.0,1.0,238.0,238,9.52,4.42306,4.40861,10457,1
neurovision|2021/09/25 10:54:57,sjones,2021/09/25 10:54:57,2021,neurovision,1,E168,E168,E168,2.476,2.476,20.0,0.04,2.0,1.0,224.0,224,8.96,4.59361,4.57722,12186,1
neurovision|2021/09/27 11:35:25,mrsic_flogel,2021/09/27 11:35:25,2021,neurovision,4,SF_033L;SF_034R;SF_439R;SF_440L,SF_033L;SF_034R;SF_439R;SF_440L,SF,4.337,4.337,20.0,0.04,2.0,1.0,351.0,319,12.76,12.29139,12.25694,68008,1
neurovision|2021/09/28 11:31:21,murray,2021/09/28 11:31:21,2021,neurovision,5,ROI_FAA1034506_C2;ROI_FAA1034506_L1;ROI_FAA1034506_L2;ROI_FAA1034506_T1;ROI_FAA1034506_T2,ROI_FAA1034506_C2;ROI_FAA1034506_L1;ROI_FAA1034506_L2;ROI_FAA1034506_T1;ROI_FAA1034506_T2,ROI,4.337,4.337,20.0,0.04,2.0,20.0,296.0,133,5.32,20.47667,20.32361,31122,1
neurovision|2021/09/29 10:40:56,margrie,2021/09/29 10:40:56,2021,neurovision,1,TC_1115411,TC_1115411,TC,2.476,2.476,5.7,0.04,7.0,2.0,150.0,132,5.28,5.10667,5.07528,9065,1
neurovision|2021/09/29 18:48:15,murray,2021/09/29 18:48:15,2021,neurovision,1,ZM_FAA1034506b,ZM_FAA1034506b,ZM,4.337,4.337,20.0,0.04,2.0,2.0,80.0,80,3.2,2.09028,2.06556,2424,1
neurovision|2021/09/30 11:05:51,mrsic_flogel,2021/09/30 11:05:51,2021,neurovision,2,MH_007;MH_015,MoHa_007;MoHa_015,MH;MoHa,4.337,4.337,25.0,0.05,2.0,1.0,299.0,281,14.05,15.14306,15.095,85970,1
neurovision|2021/11/02 13:35:49,sjones,2021/11/02 13:35:49,2021,neurovision,2,E188;E189,E188;E189,E188;E189,4.337,4.337,20.0,0.04,2.0,1.0,155.0,123,4.92,3.61556,3.58833,16493,1
neurovision|2021/11/03 11:36:01,mrsic_flogel,2021/11/03 11:36:01,2021,neurovision,6,SF_036LL;SF_037R;SF_341LR;SF_742L;SF_743R;SF_744LR,SF_036LL;SF_037R;SF_341LR;SF_742L;SF_743R;SF_744LR,SF,4.337,4.337,20.0,0.04,2.0,1.0,370.0,338,13.52,19.9525,19.89278,108996,1
neurovision|2021/11/04 11:46:29,sjones,2021/11/04 11:46:29,2021,neurovision,2,E190;E191,E190;E191,E190;E191,4.337,4.337,25.0,0.05,2.0,1.0,208.0,184,9.2,4.7325,4.705,16419,1
neurovision|2021/11/05 10:59:17,mrsic_flogel,2021/11/05 10:59:17,2021,neurovision,6,SF_169L;SF_170R;SF_192RR;SF_208L;SF_210LR;SF_211LL,SF_169L;SF_170R;SF_192RR;SF_208L;SF_210LR;SF_211LL,SF,4.337,4.337,20.0,0.04,2.0,1.0,338.0,317,12.68,16.51306,16.4625,98245,1
neurovision|2021/11/06 18:11:03,sjones,2021/11/06 18:11:03,2021,neurovision,1,E192,E192,E192,4.337,4.337,25.0,0.05,2.0,1.0,166.0,166,8.3,3.78583,3.76528,8847,1
neurovision|2021/11/10 13:26:18,mrsic_flogel,2021/11/10 13:26:18,2021,neurovision,2,AK_1122932;MH_M5,Brain_1;Brain_2,AK;Brain;MH,2.476,2.476,20.0,0.04,2.0,4.0,354.0,320,12.8,16.34611,16.31222,36547,1
neurovision|2021/11/16 11:48:06,sjones,2021/11/16 11:48:06,2021,neurovision,2,D1opto-04;D1opto-07,D1opto-04;D1opto-07,D1opto-04;D1opto-07,4.337,4.337,25.0,0.05,2.0,1.0,210.0,129,6.45,3.69083,3.66611,18013,1
neurovision|2021/11/19 11:25:56,sjones,2021/11/19 11:25:56,2021,neurovision,2,D1opto-09;D2opto-06,D1opto-09;D2opto-06,D1opto-09;D2opto-06,4.337,4.337,25.0,0.05,2.0,1.0,250.0,147,7.35,3.63556,3.61639,20206,1
neurovision|2021/11/22 17:54:32,mrsic_flogel,2021/11/22 17:54:32,2021,neurovision,3,PL010;PL010_011;PL011,PL010;PL010_011;PL011,PL010;PL011,4.337,4.337,25.0,0.05,2.0,1.0,351.0,301,15.05,6.71472,6.70194,33342,1
neurovision|2021/11/23 12:29:04,mrsic_flogel,2021/11/23 12:29:04,2021,neurovision,5,NOSCR1;NOSCR3=GFP;NOSCR4=GFP;NOSCR5;vglutCR4,NOSCR1;NOSCR3;NOSCR4;NOSCR5;NV_NOSCR1_2_3_4_5_vglutCR4,NOSCR1;NOSCR3;NOSCR3=GFP;NOSCR4;NOSCR4=GFP;NOSCR5;NV;vglutCR4,4.337,4.337,20.0,0.04,2.0,1.0,275.0,275,11.0,21.32694,21.27361,107883,1
neurovision|2021/11/24 14:44:10,sjones,2021/11/24 14:44:10,2021,neurovision,1,GM18,GM18,GM18,4.337,4.337,25.0,0.05,2.0,1.0,228.0,213,10.65,4.905,4.88194,14933,1
neurovision|2021/11/26 14:10:05,sjones,2021/11/26 14:10:05,2021,neurovision,1,GM24_CreCaspase,GM24_CreCaspase,GM24,2.476,2.476,20.0,0.04,2.0,1.0,287.0,266,10.64,6.30833,6.29361,17794,1
neurovision|2021/12/04 10:38:59,mrsic_flogel,2021/12/04 10:38:59,2021,neurovision,5,NV_PVGTA1;NV_PVGTA2;NV_PVGTA3;NV_PVGTA4;NV_PVGTA5,NV_PVGTA1;NV_PVGTA2;NV_PVGTA3;NV_PVGTA4;NV_PVGTA5,NV,4.337,4.337,20.0,0.04,2.0,1.0,380.0,362,14.48,19.17417,19.13556,84684,1
neurovision|2021/12/06 10:36:35,murray,2021/12/06 10:36:35,2021,neurovision,6,ROI_C1;ROI_C2;ROI_L1;ROI_L2;ROI_T1;ROI_T2,ROI_C1;ROI_C2;ROI_L1;ROI_L2;ROI_T1;ROI_T2,ROI,2.476,2.476,8.0,0.04,5.0,4.0,130.0,163,6.52,22.66139,26.07833,46944,1
neurovision|2021/12/07 14:03:02,murray,2021/12/07 14:03:02,2021,neurovision,6,ROI_C1;ROI_C2;ROI_L1;ROI_L2;ROI_T1;ROI_T2,ROI_C1;ROI_C2;ROI_L1;ROI_L2;ROI_T1;ROI_T2,ROI,2.476,2.476,8.0,0.04,5.0,4.0,202.0,172,6.88,9.27278,9.22889,12925,1
neurovision|2021/12/08 09:48:02,akrami,2021/12/08 09:48:02,2021,neurovision,1,2pe,VP_CAP11,2pe;VP,2.476,2.476,7.1,0.05,7.0,1.0,366.0,362,18.1,14.02778,13.99639,38331,1
neurovision|2021/12/09 15:17:57,sjones,2021/12/09 15:17:57,2021,neurovision,5,EJT142;EJT145;EJT146;EJT147;EJT148,EJT142;EJT145;EJT146;EJT147;EJT148,EJT142;EJT145;EJT146;EJT147;EJT148,2.476,2.476,25.0,0.05,2.0,1.0,266.0,252,12.6,13.8775,13.82306,57322,1
neurovision|2021/12/11 18:03:58,mrsic_flogel,2021/12/11 18:03:58,2021,neurovision,3,AK_1122933;ML_1121005;ML_1121006,AK_1122933;ML_1121005;ML_1121006,AK;ML,2.476,2.476,20.0,0.04,2.0,2.0,327.0,327,13.08,20.02306,19.98417,63950,1
neurovision|2021/12/13 08:32:23,murray,2021/12/13 08:32:23,2021,neurovision,6,ROI_C1;ROI_C2;ROI_L1;ROI_L2;ROI_T1;ROI_T2,ROI_C1;ROI_C2;ROI_L1;ROI_L2;ROI_T1;ROI_T2,ROI,2.476,2.476,8.0,0.04,5.0,4.0,1.0,147,5.88,5.35139,6.08806,6219,1
neurovision|2021/12/14 09:51:41,sjones,2021/12/14 09:51:41,2021,neurovision,4,FM_SNL_photo57;FM_SNL_photo58;FM_SNL_photo62;FM_SNL_photo65,SNL_photo57;SNL_photo58;SNL_photo62;SNL_photo65,FM;SNL,4.337,4.337,40.0,0.04,1.0,10.0,300.0,300,12.0,14.74944,14.70972,70321,1
neurovision|2021/12/15 14:15:19,sjones,2021/12/15 14:15:19,2021,neurovision,2,FM_SNL_photo55;FM_SNL_photo66,FM_SNL_photo55;FM_SNL_photo66,FM,2.476,2.476,40.0,0.04,1.0,15.0,300.0,300,12.0,11.48306,11.44778,35324,1
neurovision|2021/12/16 16:51:59,mrsic_flogel,2021/12/16 16:51:59,2021,neurovision,7,CI049;NYU-54;PL012;PL012_CI049_NYU-54_SH020_023_024;SH020;SH023;SH024,CI049;NYU-54;PL012;PL012_CI049_NYU-54_SH020_023_024;SH020;SH023;SH024,CI049;NYU-54;PL012;SH020;SH023;SH024,4.337,4.337,25.0,0.05,2.0,1.0,334.0,292,14.6,17.09889,17.05222,77161,1
neurovision|2021/12/17 13:27:14,mrsic_flogel,2021/12/17 13:27:14,2021,neurovision,5,SOMGTA1;SOMGTA2;SOMGTA3;SOMGTA4;SOMGTA5,SOMGTA1;SOMGTA2;SOMGTA3;SOMGTA4;SOMGTA5,SOMGTA1;SOMGTA2;SOMGTA3;SOMGTA4;SOMGTA5,4.337,4.337,20.0,0.04,2.0,1.0,310.0,295,11.8,17.65306,17.67194,82824,1
neurovision|2021/12/19 10:49:37,mrsic_flogel,2021/12/19 10:49:37,2021,neurovision,5,PVGFP1;PVGFP2;PVGFP3;SOMGFP3;SOMGFP4,PVGFP1;PVGFP2;PVGFP3;SOMGFP3;SOMGFP4,PVGFP1;PVGFP2;PVGFP3;SOMGFP3;SOMGFP4,4.337,4.337,20.0,0.04,2.0,1.0,300.0,300,12.0,18.525,18.4775,85604,1
neurovision|2021/12/20 09:42:32,mrsic_flogel,2021/12/20 09:42:32,2021,neurovision,3,NOSGTA1;NOSGTA2;NOSGTA3,NOSGTA1;NOSGTA2;NOSGTA3,NOSGTA1;NOSGTA2;NOSGTA3,4.337,4.337,20.0,0.04,2.0,1.0,300.0,199,7.96,9.38028,9.33972,43003,1
neurovision|2021/12/21 10:00:21,mrsic_flogel,2021/12/21 10:00:21,2021,neurovision,2,NOSGFP3;NOSGFP4,NOSGFP3;NOSGFP4,NOSGFP3;NOSGFP4,4.337,4.337,20.0,0.04,2.0,1.0,307.0,307,12.28,8.58167,8.5625,33297,1
neurovision|2021/12/30 19:23:55,sjones,2021/12/30 19:23:55,2021,neurovision,1,JK1_CannulaTest,JK1_CannulaTest,JK1,4.337,4.337,20.0,0.04,2.0,1.0,287.0,259,10.36,6.63056,6.60611,14877,1
neurovision|2022/01/04 17:53:24,mrsic_flogel,2022/01/04 17:53:24,2022,neurovision,6,CSK-im-003;CSK-im-003_009_010_011_FMR028;CSK-im-009;CSK-im-010;CSK-im-011;FMR028,CSK-im-003;CSK-im-003_009_010_011_FMR028;CSK-im-009;CSK-im-010;CSK-im-011;FMR028,CSK-im-003;CSK-im-009;CSK-im-010;CSK-im-011;FMR028,4.337,4.337,25.0,0.05,2.0,1.0,364.0,329,16.45,18.295,18.26806,81425,1
neurovision|2022/01/05 18:06:57,mrsic_flogel,2022/01/05 18:06:57,2022,neurovision,7,CI050;CI050_052_053_NYU-56_ZFM-02601_02602;CI052;CI053;NYU-57;ZFM-02601;ZFM-02602,CI050;CI050_052_053_NYU-56_ZFM-02601_02602;CI052;CI053;NYU-57;ZFM-02601;ZFM-02602,CI050;CI052;CI053;NYU-57;ZFM-02601;ZFM-02602,4.337,4.337,25.0,0.05,2.0,1.0,345.0,294,14.7,16.95778,16.93111,77276,1
neurovision|2022/01/06 11:26:20,mrsic_flogel,2022/01/06 11:26:20,2022,neurovision,3,SWC_NM_003;SWC_NM_003_011;SWC_NM_011,SWC_NM_003;SWC_NM_003_011;SWC_NM_011,SWC,4.337,4.337,25.0,0.05,2.0,1.0,363.0,286,14.3,7.24333,7.22306,27810,1
neurovision|2022/01/06 19:27:46,mrsic_flogel,2022/01/06 19:27:46,2022,neurovision,6,FMR029;FMR029_SH022_UCLA006_017_020;SH022;UCLA006;UCLA017;UCLA020,FMR029;FMR029_SH022_UCLA006_017_020;SH022;UCLA006;UCLA017;UCLA020,FMR029;SH022;UCLA006;UCLA017;UCLA020,4.337,4.337,25.0,0.05,2.0,1.0,357.0,325,16.25,16.58889,16.56361,67847,1
neurovision|2022/01/07 14:30:04,sjones,2022/01/07 14:30:04,2022,neurovision,1,EJT213_CanulaTest,EJT213_CanulaTest,EJT213,4.337,4.337,20.0,0.04,2.0,1.0,276.0,275,11.0,6.565,6.69167,15899,1
neurovision|2022/01/11 18:16:28,mrsic_flogel,2022/01/11 18:16:28,2022,neurovision,1,ZFM-02128,ZFM-02128,ZFM-02128,2.476,2.476,25.0,0.05,2.0,1.0,348.0,267,13.35,5.05667,5.04167,13589,1
neurovision|2022/01/12 17:47:13,mrsic_flogel,2022/01/12 17:47:13,2022,neurovision,7,CI054;CI054_056_dop_30_38_NYU-56_58;CI056;NYU-56;NYU-58;dop_30;dop_38,CI054;CI054_056_dop_30_38_NYU-56_58;CI056;NYU-56;NYU-58;dop_30;dop_38,CI054;CI056;NYU-56;NYU-58;dop,4.337,4.337,25.0,0.05,2.0,1.0,361.0,326,16.3,17.96417,17.93417,79636,1
neurovision|2022/01/13 18:21:34,histology;mrsic_flogel,2022/01/13 18:21:34,2022,neurovision,7,CI057;CI057_058_DL028_PL014_017_022;CI058;DL028;PL014;PL017;PL022,CI057;CI057_058_DL028_PL014_017_022;CI058;DL028;PL014;PL017;PL022,CI057;CI058;DL028;PL014;PL017;PL022,4.337,4.337,25.0,0.05,2.0,1.0,357.0,320,16.0,19.00333,18.96722,86379,1
neurovision|2022/01/18 18:51:00,mrsic_flogel,2022/01/18 18:51:00,2022,neurovision,7,AR100;AR100_101_102_103_104_105;AR101;AR102;AR103;AR104;AR105,AR100;AR100_101_102_103_104_105;AR101;AR102;AR103;AR104;AR105,AR100;AR101;AR102;AR103;AR104;AR105,4.337,4.337,25.0,0.05,2.0,1.0,352.0,325,16.25,19.77472,19.74028,89790,1
neurovision|2022/01/20 14:47:59,sjones,2022/01/20 14:47:59,2022,neurovision,5,D1opto-03;D1opto-06;D1opto-08;D1opto-14;D2opto-05,D1opto-03;D1opto-06;D1opto-08;D1opto-14;D2opto-05,D1opto-03;D1opto-06;D1opto-08;D1opto-14;D2opto-05,4.337,4.337,25.0,0.05,2.0,1.0,250.0,192,9.6,19.52806,19.47806,93184,1
neurovision|2022/01/21 11:07:01,sjones,2022/01/21 11:07:01,2022,neurovision,5,D1opto-05;D2opto-03;D2opto-04;D2opto-07;D2opto-12,D1opto-05;D2opto-03;D2opto-04;D2opto-07;D2opto-12,D1opto-05;D2opto-03;D2opto-04;D2opto-07;D2opto-12,4.337,4.337,25.0,0.05,2.0,1.0,250.0,250,12.5,15.62222,15.57722,97637,1
neurovision|2022/01/22 14:15:46,mrsic_flogel,2022/01/22 14:15:46,2022,neurovision,2,AK_1120065;ML_1119141,AK_1120065;ML_1119141,AK;ML,2.476,2.476,20.0,0.04,2.0,1.0,356.0,356,14.24,14.48528,14.45472,36263,1
neurovision|2022/01/24 12:01:51,margrie,2022/01/24 12:01:51,2022,neurovision,4,1116245;1116246;1116247;1116248,sample_1116245;sample_1116246;sample_1116247;sample_1116248,1116245;1116246;1116247;1116248;sample,4.337,4.337,25.0,0.05,2.0,1.0,298.0,270,13.5,11.6875,11.65,52439,1
neurovision|2022/01/25 18:22:01,histology;mrsic_flogel,2022/01/25 18:22:01,2022,neurovision,7,DL029;DL029_MT005_KS074_075_PL009_024;KS074;KS075;MT005;PL009;PL024,DL029;DL029_MT005_KS074_075_PL009_024;KS075;MT005;PL009;PL024,DL029;KS074;KS075;MT005;PL009;PL024,4.337,4.337,25.0,0.05,2.0,1.0,359.0,330,16.5,18.72528,18.69528,84624,1
neurovision|2022/01/26 18:38:30,mrsic_flogel,2022/01/26 18:38:30,2022,neurovision,1,UCLA009,UCLA009,UCLA009,2.476,2.476,25.0,0.05,2.0,1.0,336.0,311,15.55,6.14111,6.12917,13729,1
neurovision|2022/01/27 13:36:11,sjones,2022/01/27 13:36:11,2022,neurovision,4,FM_SNL_photo75;FM_SNL_photo76;FM_SNL_photo77;FM_SNL_photo78,SNL_photo75;SNL_photo76;SNL_photo77;SNL_photo78,FM;SNL,4.337,4.337,50.0,0.05,1.0,5.0,220.0,220,11.0,9.40833,9.37167,51200,1
neurovision|2022/01/29 17:29:54,sjones,2022/01/29 17:29:54,2022,neurovision,1,E217_CannulaTest,E217_CannulaTest,E217,2.476,2.476,20.0,0.04,2.0,1.0,262.0,262,10.48,6.94583,6.92167,14000,1
neurovision|2022/02/01 18:28:13,histology;mrsic_flogel,2022/02/01 18:28:13,2022,neurovision,3,DL030;DL030_DL031;DL031,DL030;DL030_DL031;DL031,DL030;DL031,4.337,4.337,25.0,0.05,2.0,1.0,352.0,338,16.9,7.99056,7.98278,28898,1
neurovision|2022/02/02 18:44:11,mrsic_flogel,2022/02/02 18:44:11,2022,neurovision,1,UCLA008,UCLA008,UCLA008,2.476,2.476,25.0,0.05,2.0,1.0,348.0,312,15.6,6.32472,6.31306,13134,1
neurovision|2022/02/10 14:24:27,mrsic_flogel,2022/02/10 14:24:27,2022,neurovision,4,vglutGTA1;vglutGTA2;vglutGTA3;vglutGTA4,vglutGTA1;vglutGTA2;vglutGTA3;vglutGTA4,vglutGTA1;vglutGTA2;vglutGTA3;vglutGTA4,4.337,4.337,40.0,0.04,2.0,1.0,291.0,291,11.64,14.18694,14.15139,72182,1
neurovision|2022/02/11 09:49:32,mrsic_flogel,2022/02/11 09:49:32,2022,neurovision,6,NOSCR6;NOSCR7;NOSCR8;NOSCR9;NOSFP1;NOSFP3,NOSCR6;NOSCR7;NOSCR8;NOSCR9;NOSFP1;NOSFP3,NOSCR6;NOSCR7;NOSCR8;NOSCR9;NOSFP1;NOSFP3,4.337,4.337,20.0,0.04,2.0,1.0,300.0,300,12.0,19.01889,18.96944,94851,1
neurovision|2022/02/12 14:55:41,sjones,2022/02/12 14:55:41,2022,neurovision,3,s027_tabnpxon_m1114797_R__20220212_145542__serial_section;s028_tabnpxon_m1114798_LR__20220212_145542__serial_section;s031_tabnpxon_m1097517_L__20220212_145542__serial_section,s027;s028;s031,s027;s028;s031,2.476,2.476,25.0,0.05,2.0,1.0,327.0,270,13.5,12.44278,12.4175,38756,1
neurovision|2022/02/14 14:38:45,sjones,2022/02/14 14:38:45,2022,neurovision,3,FM_SNL_photo69;FM_SNL_photo73;FM_SNL_photo74,FM_SNLphoto69;FM_SNLphoto73;FM_SNLphoto74,FM,4.337,4.337,50.0,0.05,1.0,7.0,260.0,242,12.1,8.65889,8.62389,33037,1
neurovision|2022/02/15 18:31:11,mrsic_flogel,2022/02/15 18:31:11,2022,neurovision,1,857108_09_10_28_29_30,neurovision_857108_09_10_28_29_30,857108;neurovision,8.489,8.489,25.0,0.05,2.0,1.0,363.0,275,13.75,16.70611,16.675,86089,1
neurovision|2022/02/16 18:16:15,mrsic_flogel,2022/02/16 18:16:15,2022,neurovision,1,UCLA010,UCLA010,UCLA010,2.476,2.476,25.0,0.05,2.0,1.0,328.0,307,15.35,6.63444,6.61833,13214,1
neurovision|2022/02/17 14:05:02,akrami,2022/02/17 14:05:02,2022,neurovision,1,2pe,VP_CAP18,2pe;VP,2.476,2.476,7.1,0.05,7.0,1.0,387.0,383,19.15,14.68611,14.66167,38879,1
neurovision|2022/02/21 09:42:21,mrsic_flogel,2022/02/21 09:42:21,2022,neurovision,6,Lexi_122;Lexi_HV13-227L;SOMGTA6;SOMGTA7;SOMGTA8;SOMGTA9,Lexi_122;Lexi_HV13-227L;SOMGTA6;SOMGTA7;SOMGTA8;SOMGTA9,Lexi;SOMGTA6;SOMGTA7;SOMGTA8;SOMGTA9,2.476,2.476,12.5,0.05,4.0,4.0,293.0,282,14.1,22.11556,21.99944,81690,1
neurovision|2022/02/22 18:29:46,mrsic_flogel,2022/02/22 18:29:46,2022,neurovision,5,CI059;CI059_CSP032_NR_14_SH027;CSP032;NR_0014;SH027,CI059;CI059_CSP032_NR_14_SH027;CSP032;NR_14;SH027,CI059;CSP032;NR;SH027,2.476,2.476,25.0,0.05,2.0,1.0,359.0,293,14.65,12.05444,12.03333,50444,1
neurovision|2022/02/23 18:18:34,mrsic_flogel,2022/02/23 18:18:34,2022,neurovision,1,ZFM-03063,ZFM-03063,ZFM-03063,2.476,2.476,25.0,0.1,4.0,1.0,167.0,156,15.6,3.275,3.26,7914,1
neurovision|2022/02/24 12:14:43,mrsic_flogel,2022/02/24 12:14:43,2022,neurovision,2,PVSCFP1;vLGSCFP1,PVSCFP1;vLGSCFP1,PVSCFP1;vLGSCFP1,2.476,2.476,12.5,0.05,4.0,1.0,289.0,269,13.45,8.14167,8.11722,26487,1
neurovision|2022/02/27 12:15:01,sjones,2022/02/27 12:15:01,2022,neurovision,1,s025_tabnpxon_m1114795_No__20220227_000000__serial_section,LBR__20220227__s025,LBR;s025,2.476,2.476,25.0,0.05,2.0,2.0,243.0,243,12.15,5.32528,5.30583,12895,1
neurovision|2022/02/28 11:01:43,mrsic_flogel,2022/02/28 11:01:43,2022,neurovision,6,SF_089R;SF_092RR;SF_123;SF_124;SF_229R;SF_231LL,SF_089R;SF_092RR;SF_123;SF_124;SF_229R;SF_231LL,SF,4.337,4.337,20.0,0.04,2.0,1.0,388.0,337,13.48,20.39083,20.33528,99041,1
neurovision|2022/03/01 10:25:09,mrsic_flogel,2022/03/01 10:25:09,2022,neurovision,1,FPACCvLG3,FPACCvLG3,FPACCvLG3,4.337,4.337,12.5,0.05,4.0,1.0,250.0,225,11.25,5.80111,5.77806,22216,1
neurovision|2022/03/01 18:22:45,histology;mrsic_flogel,2022/03/01 18:22:45,2022,neurovision,7,DL032;DL032_033_034_ZFM-03325_03330_03332;DL033;DL034;ZFM-03325;ZFM-03330;ZFM-03332,DL032;DL032_033_034_ZFM-03325_03330_03332;DL033;DL034;ZFM-03325;ZFM-03330;ZFM-03332,DL032;DL033;DL034;ZFM-03325;ZFM-03330;ZFM-03332,4.337,4.337,25.0,0.05,2.0,1.0,352.0,335,16.75,21.27083,21.23944,88016,1
neurovision|2022/03/02 18:58:13,mrsic_flogel,2022/03/02 18:58:13,2022,neurovision,4,KS084;UCLA034;UCLA034_037_KS084;UCLA037,KS084;UCLA034;UCLA034_037_KS084;UCLA037,KS084;UCLA034;UCLA037,4.337,4.337,25.0,0.05,2.0,1.0,341.0,303,15.15,11.96667,11.94278,42719,1
neurovision|2022/03/04 11:06:37,mrsic_flogel,2022/03/04 11:06:37,2022,neurovision,2,PVCR1;PVCR2,PVCR1;PVCR2,PVCR1;PVCR2,2.476,2.476,12.5,0.05,4.0,1.0,38.0,280,14.0,9.07222,9.18306,29541,1
neurovision|2022/03/15 19:34:23,histology;mrsic_flogel,2022/03/15 19:34:23,2022,neurovision,7,CSP031;CSP031_033_SH025_DL035_UCLA033_035;CSP033;DL035;SH025;UCLA033;UCLA035,CSP031;CSP031_033_SH025_DL035_UCLA033_035;CSP033;DL035;SH025;UCLA033;UCLA035,CSP031;CSP033;DL035;SH025;UCLA033;UCLA035,2.476,2.476,25.0,0.05,2.0,1.0,344.0,320,16.0,18.79111,18.76278,77490,1
neurovision|2022/03/16 18:38:05,mrsic_flogel,2022/03/16 18:38:05,2022,neurovision,3,SWC_NM_010;SWC_NM_010_012;SWC_NM_012,SWC_NM_010;SWC_NM_010_012;SWC_NM_012,SWC,4.337,4.337,25.0,0.05,2.0,1.0,349.0,294,14.7,7.57389,7.55611,29569,1
neurovision|2022/03/17 15:18:14,sjones,2022/03/17 15:18:14,2022,neurovision,4,D1opto-10;D1opto-11;D1opto-12;D1opto-13,D1opto-10;D1opto-11;D1opto-12;D1opto-13,D1opto-10;D1opto-11;D1opto-12;D1opto-13,4.337,4.337,25.0,0.05,2.0,1.0,250.0,250,12.5,11.02722,10.98667,51765,1
neurovision|2022/03/18 10:42:08,sjones,2022/03/18 10:42:08,2022,neurovision,4,D2opto-08;D2opto-09;D2opto-10;D2opto-11,D2opto-08;D2opto-09;D2opto-10;D2opto-11,D2opto-08;D2opto-09;D2opto-10;D2opto-11,4.337,4.337,25.0,0.05,2.0,1.0,303.0,283,14.15,11.58306,11.54917,59639,1
neurovision|2022/03/21 18:28:58,mrsic_flogel,2022/03/21 18:28:58,2022,neurovision,1,UCLA019,UCLA019,UCLA019,2.476,2.476,25.0,0.1,4.0,1.0,151.0,120,12.0,2.76694,2.75111,6383,1
neurovision|2022/03/22 11:03:09,mrsic_flogel,2022/03/22 11:03:09,2022,neurovision,1,ZFM-03062,ZFM-03062,ZFM-03062,2.476,2.476,25.0,0.1,4.0,1.0,164.0,150,15.0,3.18917,3.17583,7123,1
neurovision|2022/03/22 16:01:28,mrsic_flogel,2022/03/22 16:01:28,2022,neurovision,1,UCLA023,UCLA023,UCLA023,2.476,2.476,25.0,0.1,4.0,1.0,165.0,157,15.7,3.38778,3.37444,6950,1
neurovision|2022/03/23 13:16:23,mrsic_flogel,2022/03/23 13:16:23,2022,neurovision,5,CI060;CI060_061_065_UCLA036;CI061;CI065;UCLA036,CI060;CI060_061_065_UCLA036;CI061;CI065;UCLA036,CI060;CI061;CI065;UCLA036,4.337,4.337,25.0,0.05,2.0,1.0,365.0,321,16.05,13.595,13.57722,49932,1
neurovision|2022/03/28 11:01:37,mrsic_flogel,2022/03/28 11:01:37,2022,neurovision,2,SOMGTA10;SOMGTA11,SOMGTA10;SOMGTA11,SOMGTA10;SOMGTA11,2.476,2.476,12.5,0.05,4.0,1.0,299.0,228,11.4,7.1975,7.17556,26389,1
neurovision|2022/03/28 19:00:37,mrsic_flogel,2022/03/28 19:00:37,2022,neurovision,5,HbNr;LP;PRNpretectum;V1mSC;vLGN,HbNr;LP;PRNpretectum;V1mSC;vLGN,HbNr;LP;PRNpretectum;V1mSC;vLGN,2.476,2.476,12.5,0.05,4.0,1.0,303.0,229,11.45,16.26333,16.37278,65677,1
neurovision|2022/03/31 10:40:16,mrsic_flogel,2022/03/31 10:40:16,2022,neurovision,4,PVFP3;PVFP4;vLGSCFP2;vLGSCFP3,PVFP3;PVFP4;vLGSCFP2;vLGSCFP3,PVFP3;PVFP4;vLGSCFP2;vLGSCFP3,2.476,2.476,12.5,0.05,4.0,1.0,292.0,258,12.9,12.55139,12.50611,51378,1
neurovision|2022/04/05 18:32:05,mrsic_flogel,2022/04/05 18:32:05,2022,neurovision,7,FMR032;KS086;KS086_089_FMR032_NR_0017_SP016_018;KS089;NR_0017;SP016;SP018,FMR032;KS086;KS086_089_FMR032_NR_0017_SP016_018;KS089;NR_0017;SP016;SP018,FMR032;KS086;KS089;NR;SP016;SP018,4.337,4.337,25.0,0.05,2.0,1.0,362.0,259,12.95,17.37028,17.34139,80235,1
neurovision|2022/04/06 14:28:25,sjones,2022/04/06 14:28:25,2022,neurovision,1,CH019_06042022,CH019_06042022,CH019,4.337,4.337,25.0,0.05,2.0,5.0,249.0,231,11.55,6.47528,6.45306,12372,1
neurovision|2022/04/22 18:18:52,mrsic_flogel,2022/04/22 18:18:52,2022,neurovision,4,KS078;KS078_079_080;KS079;KS080,KS078;KS078_079_080;KS079;KS080,KS078;KS079;KS080,4.337,4.337,25.0,0.05,2.0,1.0,358.0,327,16.35,12.1575,12.13083,44135,1
neurovision|2022/04/27 09:21:14,mrsic_flogel,2022/04/27 09:21:14,2022,neurovision,4,SOMM4D1;SOMM4D2;SOMM4D3;SOMM4D4,SOMM4D1;SOMM4D2;SOMM4D3;SOMM4D4,SOMM4D1;SOMM4D2;SOMM4D3;SOMM4D4,2.476,2.476,12.5,0.05,4.0,1.0,279.0,263,13.15,13.55806,13.50889,54616,1
neurovision|2022/05/01 11:38:12,mrsic_flogel,2022/05/01 11:38:12,2022,neurovision,4,SM_1125193;SM_1125479;SM_1125480;SM_1125481,SM_1125193;SM_1125479;SM_1125480;SM_1125481,SM,8.489,8.489,10.0,0.04,4.0,1.0,279.0,279,11.16,13.14083,13.10056,70951,1
neurovision|2022/05/03 18:10:20,mrsic_flogel,2022/05/03 18:10:20,2022,neurovision,4,CI062;CI062_SH026_UCLA015;SH026;UCLA015,CI062;CI062_SH026_UCLA015;SH026;UCLA015,CI062;SH026;UCLA015,4.337,4.337,25.0,0.05,2.0,1.0,345.0,268,13.4,10.00583,9.985,36737,1
neurovision|2022/05/05 13:48:45,mrsic_flogel,2022/05/05 13:48:45,2022,neurovision,6,SF_VIP3;SF_VIP4;SF_VIP5;SF_VIP6;SF_VIP7;SF_VIP8,SF_VIP3;SF_VIP4;SF_VIP5;SF_VIP6;SF_VIP7;SF_VIP8,SF,4.337,4.337,20.0,0.04,2.0,1.0,361.0,324,12.96,18.86472,18.80944,97645,1
neurovision|2022/05/06 11:48:42,mrsic_flogel,2022/05/06 11:48:42,2022,neurovision,6,SF_LPi12;SF_VIP10;SF_VIP11;SF_VIP12;SF_VIP13;SF_VIP9,SF_LPi12;SF_VIP10;SF_VIP11;SF_VIP12;SF_VIP13;SF_VIP9,SF,4.337,4.337,20.0,0.04,2.0,1.0,360.0,331,13.24,19.01972,18.96333,92373,1
neurovision|2022/05/18 09:34:30,mrsic_flogel,2022/05/18 09:34:30,2022,neurovision,3,SOMGTA12;SOMGTA13;SOMGTA14,SOMGTA12;SOMGTA13;SOMGTA14,SOMGTA12;SOMGTA13;SOMGTA14,2.476,2.476,12.5,0.05,4.0,1.0,283.0,266,13.3,12.18083,12.14222,42422,1
neurovision|2022/05/20 11:32:32,mrsic_flogel,2022/05/20 11:32:32,2022,neurovision,3,SF_982;SF_983;SF_LPiVIP1,SF_982;SF_983;SF_LPiVIP1,SF,4.337,4.337,20.0,0.04,2.0,1.0,368.0,346,13.84,12.57194,12.54028,51893,1
neurovision|2022/05/23 17:00:09,sjones,2022/05/23 17:00:09,2022,neurovision,6,DAopto-01;DAopto-02;DAopto-03;DAopto-04;DAopto-05;DAopto-06,DAopto-01;DAopto-02;DAopto-03;DAopto-04;DAopto-05;DAopto-06,DAopto-01;DAopto-02;DAopto-03;DAopto-04;DAopto-05;DAopto-06,4.337,4.337,25.0,0.05,2.0,1.0,280.0,211,10.55,15.75139,15.69306,100629,1
neurovision|2022/05/24 09:16:11,mrsic_flogel,2022/05/24 09:16:11,2022,neurovision,2,Orexin1;Orexin6,Orexin1;Orexin6,Orexin1;Orexin6,2.476,2.476,12.5,0.05,4.0,1.0,295.0,288,14.4,8.76111,8.73556,30490,1
neurovision|2022/05/25 11:19:48,sjones,2022/05/25 11:19:48,2022,neurovision,2,ChR2diluted;ChR2undiluted,ChR2diluted;ChR2undiluted,ChR2diluted;ChR2undiluted,4.337,4.337,25.0,0.05,2.0,1.0,273.0,246,12.3,8.37083,8.3425,27889,1
neurovision|2022/05/26 10:10:28,sjones,2022/05/26 10:10:28,2022,neurovision,4,DAopto-08;DAopto-09;DAopto-10;DAopto_07,DAopto-08;DAopto-09;DAopto-10;DAopto_07,DAopto;DAopto-08;DAopto-09;DAopto-10,4.337,4.337,25.0,0.05,2.0,1.0,250.0,247,12.35,10.09389,10.05722,50746,1
neurovision|2022/05/31 17:46:42,mrsic_flogel,2022/05/31 17:46:42,2022,neurovision,7,CI064;NR_0019;NR_0019_0020_SWC_065_066_CI064_PL016;NR_0020;PL016;SWC_065;SWC_066,CI064;NR_0019;NR_0019_0020_SWC_065_066_CI064_PL016;NR_0020;PL016;SWC_065;SWC_066,CI064;NR;PL016;SWC,4.337,4.337,25.0,0.05,2.0,1.0,356.0,299,14.95,19.7875,19.7525,87117,1
neurovision|2022/06/01 17:54:03,mrsic_flogel,2022/06/01 17:54:03,2022,neurovision,8,CI066;CI066_068_069_070_FMR030_031_CI072;CI068;CI069;CI070;CI072;FMR030;FMR031,CI066;CI066_068_069_070_FMR030_031_CI072;CI068;CI069;CI070;CI072;FMR030;FMR031,CI066;CI068;CI069;CI070;CI072;FMR030;FMR031,4.337,4.337,25.0,0.05,2.0,1.0,364.0,292,14.6,19.37972,19.34667,82773,1
neurovision|2022/06/05 11:25:48,mrsic_flogel,2022/06/05 11:25:48,2022,neurovision,6,SF_127;SF_128;SF_129;SF_442;SF_443;SF_444,SF_127;SF_128;SF_129;SF_442;SF_443;SF_444,SF,4.337,4.337,20.0,0.04,2.0,1.0,342.0,317,12.68,19.93444,19.87194,99713,1
neurovision|2022/06/07 12:10:14,histology,2022/06/07 12:10:14,2022,neurovision,1,R2303,R2303,R2303,8.489,8.489,25.0,0.05,2.0,1.0,288.0,288,14.4,14.65194,14.62917,55383,1
neurovision|2022/06/08 11:36:28,mrsic_flogel,2022/06/08 11:36:28,2022,neurovision,6,SF_136;SF_396;SF_453;SF_645;SF_752;SF_754,SF_136;SF_396;SF_453;SF_645;SF_752;SF_754,SF,4.337,4.337,20.0,0.04,2.0,1.0,359.0,338,13.52,22.46667,22.40056,105477,1
neurovision|2022/06/14 12:48:57,mrsic_flogel,2022/06/14 12:48:57,2022,neurovision,9,ZFM-03320;ZFM-03320_21_23_24_29_31_841_4122;ZFM-03321;ZFM-03323;ZFM-03324;ZFM-03329;ZFM-03331;ZFM-03841;ZFM-04122,ZFM-03320;ZFM-03320_21_23_24_29_31_841_4122;ZFM-03321;ZFM-03323;ZFM-03324;ZFM-03329;ZFM-03331;ZFM-03841;ZFM-04122,ZFM-03320;ZFM-03321;ZFM-03323;ZFM-03324;ZFM-03329;ZFM-03331;ZFM-03841;ZFM-04122,4.337,4.337,25.0,0.05,2.0,1.0,348.0,312,15.6,25.08917,25.04417,112513,1
neurovision|2022/06/19 13:30:50,mrsic_flogel,2022/06/19 13:30:50,2022,neurovision,1,SM_1124012,SM_1124012,SM,2.476,2.476,6.7,0.04,6.0,1.0,267.0,267,10.68,7.30194,7.27861,17334,1
neurovision|2022/06/22 19:07:51,akrami,2022/06/22 19:07:51,2022,neurovision,1,2pe,VP_CAP22,2pe;VP,2.476,2.476,7.1,0.05,7.0,1.0,394.0,387,19.35,14.86972,14.84417,39715,1
neurovision|2022/06/23 16:38:22,akrami,2022/06/23 16:38:22,2022,neurovision,1,EC02,EC02,EC02,2.476,2.476,7.1,0.05,7.0,1.0,177.0,136,6.8,6.08083,6.03722,20433,1
neurovision|2022/06/26 10:06:13,mrsic_flogel,2022/06/26 10:06:13,2022,neurovision,4,MGN1;MGN2;VPL1;VPL2,MGN1;MGN2;VPL1;VPL2,MGN1;MGN2;VPL1;VPL2,2.476,2.476,12.5,0.05,4.0,1.0,269.0,245,12.25,12.02972,11.98556,51191,1
neurovision|2022/06/28 18:18:18,mrsic_flogel,2022/06/28 18:18:18,2022,neurovision,3,KS094;KS094_096;KS096,KS094;KS094_096;KS096,KS094;KS096,4.337,4.337,25.0,0.05,2.0,1.0,360.0,311,15.55,7.60528,7.59056,29100,1
neurovision|2022/06/30 15:19:38,mrsic_flogel,2022/06/30 15:19:38,2022,neurovision,1,SM_Lucie_1126130,SM_Lucie_1126130,SM,4.337,4.337,5.0,0.04,8.0,1.0,354.0,354,14.16,9.41667,9.40111,19153,1
neurovision|2022/07/03 11:12:39,mrsic_flogel,2022/07/03 11:12:39,2022,neurovision,2,SM_1126525;SM_1126526,SM_1126525;SM_1126526,SM,2.476,2.476,6.7,0.04,6.0,1.0,383.0,383,15.32,16.89278,16.87167,57416,1
neurovision|2022/07/04 12:02:50,mrsic_flogel,2022/07/04 12:02:50,2022,neurovision,1,SM_Lucie_1125710,SM_Lucie_1125710,SM,4.337,4.337,10.0,0.04,4.0,1.0,362.0,362,14.48,8.20611,8.1925,18393,1
neurovision|2022/07/05 18:34:30,mrsic_flogel,2022/07/05 18:34:30,2022,neurovision,3,PL019;PL019_021;PL021,PL019;PL019_021;PL021,PL019;PL021,4.337,4.337,25.0,0.05,2.0,1.0,357.0,305,15.25,7.4175,7.40417,30529,1
neurovision|2022/07/06 13:23:36,histology;mrsic_flogel,2022/07/06 13:23:36,2022,neurovision,3,SW_702_704;acq-data;acq-data,SW_702_704;sample_1125702;sample_1125704,SW;acq-data;sample,8.489,8.489,10.0,0.04,4.0,1.0,373.0,372,14.88,9.17278,9.15806,30844,1
neurovision|2022/07/07 11:37:21,histology;mrsic_flogel,2022/07/07 11:37:21,2022,neurovision,3,SW_703_829;acq-data;acq-data,SW_703_829;sample_1125703;sample_1125829,SW;acq-data;sample,8.489,8.489,10.0,0.04,4.0,1.0,443.0,370,14.8,9.15889,9.14917,31955,1
neurovision|2022/07/08 10:22:39,mrsic_flogel,2022/07/08 10:22:39,2022,neurovision,6,PVFP10;PVFP5;PVFP6;PVFP7;PVFP8;PVFP9,PVFP10;PVFP5;PVFP6;PVFP7;PVFP8;PVFP9,PVFP10;PVFP5;PVFP6;PVFP7;PVFP8;PVFP9,2.476,2.476,12.5,0.05,4.0,1.0,278.0,271,13.55,19.13139,19.06667,86896,1
neurovision|2022/07/11 18:09:06,mrsic_flogel,2022/07/11 18:09:06,2022,neurovision,3,dop_47;dop_47_48;dop_48,dop_47;dop_47_48;dop_48,dop,2.476,2.476,25.0,0.05,2.0,1.0,321.0,314,15.7,9.26222,9.24639,29294,1
neurovision|2022/07/12 12:53:27,mrsic_flogel,2022/07/12 12:53:27,2022,neurovision,1,dop_49,dop_49,dop,4.337,4.337,25.0,0.05,2.0,1.0,322.0,293,14.65,6.16444,6.15028,13454,1
neurovision|2022/07/12 19:34:17,mrsic_flogel,2022/07/12 19:34:17,2022,neurovision,1,SWC_067,SWC_067,SWC,4.337,4.337,25.0,0.05,2.0,1.0,310.0,298,14.9,6.13333,6.12222,15030,1
neurovision|2022/07/13 10:25:00,histology,2022/07/13 10:25:00,2022,neurovision,1,acq-data,SW_1125562,SW;acq-data,8.489,8.489,10.0,0.04,4.0,1.0,422.0,372,14.88,7.67944,7.67111,16680,1
neurovision|2022/07/14 15:01:28,mrsic_flogel,2022/07/14 15:01:28,2022,neurovision,1,ML_1122809,ML_1122809,ML,2.476,2.476,20.0,0.04,2.0,2.0,346.0,346,13.84,9.12639,9.10611,17074,1
neurovision|2022/07/15 19:11:02,mrsic_flogel,2022/07/15 19:11:02,2022,neurovision,3,UCLA030;UCLA030_044;UCLA044,UCLA030;UCLA030_044;UCLA044,UCLA030;UCLA044,4.337,4.337,25.0,0.05,2.0,1.0,331.0,311,15.55,7.98417,7.97361,27341,1
neurovision|2022/07/18 10:07:05,mrsic_flogel,2022/07/18 10:07:05,2022,neurovision,5,NV_NOSFP4;NV_NOSFP5;NV_NOSFP6;NV_NOSFP7;NV_PVFP11,NV_NOSFP4;NV_NOSFP5;NV_NOSFP6;NV_NOSFP7;NV_PVFP11,NV,2.476,2.476,12.5,0.05,4.0,1.0,295.0,276,13.8,16.69472,16.64111,72350,1
neurovision|2022/07/20 13:40:22,mrsic_flogel,2022/07/20 13:40:22,2022,neurovision,4,KS081;KS081_NR_0021;KS091;NR_0021,KS081;KS081_NR_0021;KS091;NR_0021,KS081;KS091;NR,4.337,4.337,25.0,0.05,2.0,1.0,339.0,329,16.45,8.67806,8.66389,31007,1
neurovision|2022/07/22 18:17:50,histology;mrsic_flogel,2022/07/22 18:17:50,2022,neurovision,3,1125828_1125830;acq-data;acq-data,neurovision_1125828_1125830;sample_1125828;sample_1125830,1125828;acq-data;neurovision;sample,8.489,8.489,10.0,0.04,4.0,1.0,420.0,410,16.4,11.02444,11.0125,31290,1
neurovision|2022/07/26 11:47:52,mrsic_flogel,2022/07/26 11:47:52,2022,neurovision,4,SWC_NM_016;SWC_NM_016_018_019;SWC_NM_018;SWC_NM_019,SWC_NM_016;SWC_NM_016_018_019;SWC_NM_018;SWC_NM_019,SWC,2.476,2.476,25.0,0.05,2.0,1.0,345.0,314,15.7,15.28333,15.24694,55912,1
neurovision|2022/07/29 16:11:18,mrsic_flogel,2022/07/29 16:11:18,2022,neurovision,4,SP023;SP023_024_025;SP024;SP025,SP023;SP023_024_025;SP024;SP025,SP023;SP024;SP025,8.489,8.489,10.0,0.04,4.0,1.0,361.0,361,14.44,15.56139,15.54972,44897,1
neurovision|2022/08/04 12:20:16,sjones,2022/08/04 12:20:16,2022,neurovision,1,SP58,SP58_M2ToS_Lesion_Expt,SP58,2.476,2.476,20.0,0.04,2.0,1.0,338.0,338,13.52,8.80083,8.78528,19410,1
neurovision|2022/08/05 09:55:35,mrsic_flogel,2022/08/05 09:55:35,2022,neurovision,4,PVFPH1;PVFPH2;PVFPH3;vLGChRLP0,PVFPH1;PVFPH2;PVFPH3;vLGChRLP0,PVFPH1;PVFPH2;PVFPH3;vLGChRLP0,2.476,2.476,10.0,0.04,4.0,1.0,302.0,302,12.08,15.01972,14.98361,68808,1
neurovision|2022/08/08 12:06:24,sjones,2022/08/08 12:06:24,2022,neurovision,1,SP61,SP61_M2ToS_Lesion_Expt,SP61,2.476,2.476,20.0,0.04,2.0,1.0,351.0,159,6.36,4.41694,4.39722,10715,1
neurovision|2022/08/23 11:13:18,isogai,2022/08/23 11:13:18,2022,neurovision,1,XC_1085609,XC_1085609,XC,2.476,2.476,5.0,0.04,8.0,2.0,369.0,350,14.0,13.92806,13.89333,18217,1
neurovision|2022/08/24 14:37:07,akrami,2022/08/24 14:37:07,2022,neurovision,1,2pe,VP_CAP26,2pe;VP,2.476,2.476,6.3,0.05,8.0,1.0,304.0,379,18.95,17.82667,34.60611,39991,1
neurovision|2022/08/26 16:26:07,histology;mrsic_flogel,2022/08/26 16:26:07,2022,neurovision,3,1125563;SP026;SP026_1125563,SP026;SP026_1125563;sample_1125563,1125563;SP026;sample,8.489,8.489,10.0,0.04,4.0,1.0,367.0,367,14.68,11.52194,11.51056,31185,1
neurovision|2022/08/31 16:03:45,mrsic_flogel,2022/08/31 16:03:45,2022,neurovision,5,KS090;KS090_092_102_PL015;KS092;KS102;PL015,KS090;KS090_092_102_PL015;KS092;KS102;PL015,KS090;KS092;KS102;PL015,2.476,2.476,25.0,0.05,2.0,1.0,360.0,318,15.9,20.58472,20.56,59869,1
neurovision|2022/09/07 11:53:33,mrsic_flogel,2022/09/07 11:53:33,2022,neurovision,1,ZFM-03064,ZFM-03064,ZFM-03064,2.666,2.666,25.0,0.1,4.0,2.0,131.0,154,15.4,4.0375,4.79306,5755,1
neurovision|2022/09/08 11:48:44,akrami,2022/09/08 11:48:44,2022,neurovision,1,2pe,VP_CAP27,2pe;VP,2.504,2.504,6.3,0.05,8.0,1.0,382.0,382,19.1,19.60917,19.58222,42362,1
neurovision|2022/09/13 12:22:36,mrsic_flogel,2022/09/13 12:22:36,2022,neurovision,1,ZFM-03065,ZFM-03065,ZFM-03065,2.504,2.504,25.0,0.1,4.0,1.0,174.0,148,14.8,3.64556,3.63333,6880,1
neurovision|2022/09/13 18:43:24,mrsic_flogel,2022/09/13 18:43:24,2022,neurovision,3,SWC_NM_023;SWC_NM_023_027;SWC_NM_027,SWC_NM_023;SWC_NM_023_027;SWC_NM_027,SWC,2.504,2.504,25.0,0.05,2.0,1.0,344.0,305,15.25,9.15889,9.14028,35628,1
neurovision|2022/09/14 09:58:14,mrsic_flogel,2022/09/14 09:58:14,2022,neurovision,1,ZFM-03061,ZFM-03061,ZFM-03061,2.504,2.504,25.0,0.1,4.0,1.0,175.0,150,15.0,3.32889,3.31639,6518,1
neurovision|2022/09/14 14:28:44,mrsic_flogel,2022/09/14 14:28:44,2022,neurovision,1,ZFM-03059,ZFM-03059,ZFM-03059,2.504,2.504,25.0,0.1,4.0,2.0,173.0,150,15.0,3.2925,3.28056,6343,1
neurovision|2022/09/14 19:20:07,mrsic_flogel,2022/09/14 19:20:07,2022,neurovision,1,NR_0027,NR_0027,NR,2.504,2.504,25.0,0.05,2.0,2.0,346.0,244,12.2,5.06361,5.05222,13440,1
neurovision|2022/09/15 15:50:00,isogai,2022/09/15 15:50:00,2022,neurovision,1,XC_1085897,XC_1085897,XC,2.504,2.504,5.0,0.04,8.0,2.0,339.0,339,13.56,11.52333,11.49556,19195,1
neurovision|2022/09/20 18:17:09,mrsic_flogel,2022/09/20 18:17:09,2022,neurovision,7,MM001;MM001_UCLA031_048_049_052_054;UCLA031;UCLA048;UCLA049;UCLA052;UCLA054,MM001;MM001_UCLA031_048_049_052_054;UCLA031;UCLA048;UCLA049;UCLA052;UCLA054,MM001;UCLA031;UCLA048;UCLA049;UCLA052;UCLA054,4.386,4.386,25.0,0.05,2.0,1.0,350.0,319,15.95,18.16306,18.13306,83665,1
neurovision|2022/09/21 14:24:32,mrsic_flogel,2022/09/21 14:24:32,2022,neurovision,1,UCLA038,UCLA038,UCLA038,2.504,2.504,25.0,0.1,4.0,2.0,167.0,146,14.6,3.43083,3.41583,6825,1
neurovision|2022/09/21 18:13:50,mrsic_flogel,2022/09/21 18:13:50,2022,neurovision,1,UCLA042,UCLA042,UCLA042,2.504,2.504,25.0,0.1,4.0,1.0,158.0,148,14.8,3.34556,3.32972,6600,1
neurovision|2022/09/27 18:22:33,mrsic_flogel,2022/09/27 18:22:33,2022,neurovision,3,CI076;CI076_079;CI079,CI076;CI076_079;CI079,CI076;CI079,4.386,4.386,25.0,0.05,2.0,1.0,347.0,302,15.1,7.82917,7.81611,28976,1
neurovision|2022/09/28 09:18:20,mrsic_flogel,2022/09/28 09:18:20,2022,neurovision,1,UCLA058,UCLA058,UCLA058,2.504,2.504,25.0,0.1,4.0,1.0,171.0,162,16.2,3.4775,3.46778,6937,1
neurovision|2022/09/28 13:08:18,mrsic_flogel,2022/09/28 13:08:18,2022,neurovision,1,UCLA060,UCLA060,UCLA060,2.504,2.504,25.0,0.1,4.0,2.0,167.0,148,14.8,3.20972,3.1975,6725,1
neurovision|2022/09/28 17:10:47,mrsic_flogel,2022/09/28 17:10:47,2022,neurovision,1,UCLA061,UCLA061,UCLA061,2.504,2.504,25.0,0.1,4.0,2.0,160.0,150,15.0,3.35722,3.34222,7310,1
neurovision|2022/09/29 15:03:16,isogai,2022/09/29 15:03:16,2022,neurovision,2,1085949RNDNF;1085950LNDNF,sample_1085949RNDNF;sample_1085950LNDNF,1085949RNDNF;1085950LNDNF;sample,2.504,2.504,5.0,0.04,8.0,1.0,380.0,368,14.72,14.54944,14.51278,40734,1
neurovision|2022/10/04 18:25:31,mrsic_flogel,2022/10/04 18:25:31,2022,neurovision,5,CI085;CI085_HB_004_ZFM-04307_04308;HB_004;ZFM-04307;ZFM-04308,CI085;CI085_HB_004_ZFM-04307_04308;HB_004;ZFM-04307;ZFM-04308,CI085;HB;ZFM-04307;ZFM-04308,4.386,4.386,25.0,0.05,2.0,1.0,358.0,335,16.75,13.56111,13.54167,57336,1
neurovision|2022/10/05 14:01:08,mrsic_flogel,2022/10/05 14:01:08,2022,neurovision,5,ZFM-04080;ZFM-04080_04083_04300_04820;ZFM-04083;ZFM-04300;ZFM-04820,ZFM-04080;ZFM-04080_04083_04300_04820;ZFM-04083;ZFM-04300;ZFM-04820,ZFM-04080;ZFM-04083;ZFM-04300;ZFM-04820,2.504,2.504,25.0,0.05,2.0,2.0,355.0,337,16.85,15.01528,14.99639,58415,1
neurovision|2022/10/07 14:55:42,mrsic_flogel,2022/10/07 14:55:42,2022,neurovision,2,aMOs_AAv1cre;pMOs_AAV1cre,aMOs_AAv1cre;pMOs_AAV1cre,aMOs;pMOs,2.504,2.504,5.0,0.04,8.0,3.0,335.0,335,13.4,26.76139,26.71333,37263,1
neurovision|2022/10/11 18:11:13,mrsic_flogel,2022/10/11 18:11:13,2022,neurovision,3,SWC_NM_022;SWC_NM_022_028;SWC_NM_028,SWC_NM_022;SWC_NM_022_028;SWC_NM_028,SWC,2.504,2.504,25.0,0.05,2.0,2.0,352.0,324,16.2,14.86611,14.82944,74808,1
neurovision|2022/10/12 12:01:27,mrsic_flogel,2022/10/12 12:01:27,2022,neurovision,1,UCLA062,UCLA062,UCLA062,2.504,2.504,25.0,0.1,4.0,1.0,167.0,151,15.1,3.33472,3.32222,7067,1
neurovision|2022/10/12 17:20:51,mrsic_flogel,2022/10/12 17:20:51,2022,neurovision,1,MT011,MT011,MT011,2.504,2.504,25.0,0.1,4.0,2.0,171.0,148,14.8,3.35611,3.34194,6380,1
neurovision|2022/10/20 11:41:23,isogai,2022/10/20 11:41:23,2022,neurovision,3,SB031RT;SB038RL;SB039LT,SB031RT;SB038RL;SB039LT,SB031RT;SB038RL;SB039LT,4.386,4.386,25.0,0.05,2.0,1.0,337.0,314,15.7,11.04806,11.02361,49338,1
neurovision|2022/10/31 13:19:46,isogai,2022/10/31 13:19:46,2022,neurovision,1,SB_TRAP017,SB_TRAP017,SB,2.504,2.504,5.0,0.04,8.0,2.0,316.0,316,12.64,11.83139,11.79778,18878,1
neurovision|2022/11/01 12:42:13,isogai,2022/11/01 12:42:13,2022,neurovision,2,SB_XC_Ag955;SB_XC_LL957,SB_XC_Ag955;SB_XC_LL957,SB,2.504,2.504,5.0,0.04,8.0,1.0,381.0,355,14.2,14.08083,14.04917,36566,1
neurovision|2022/11/03 11:31:39,mrsic_flogel,2022/11/03 11:31:39,2022,neurovision,1,NR_0023,NR_0023,NR,4.386,4.386,25.0,0.05,2.0,2.0,351.0,307,15.35,6.37444,6.36167,14750,1
neurovision|2022/11/03 18:25:45,mrsic_flogel,2022/11/03 18:25:45,2022,neurovision,7,CI078;CI078_080_084_dop_51_52_53;CI080;CI084;dop_51;dop_52;dop_53,CI078;CI078_080_084_dop_51_52_53;CI080;CI084;dop_51;dop_52;dop_53,CI078;CI080;CI084;dop,2.504,2.504,25.0,0.05,2.0,2.0,352.0,319,15.95,21.90306,21.86833,86544,1
neurovision|2022/11/04 18:52:01,mrsic_flogel,2022/11/04 18:52:01,2022,neurovision,8,KS093;KS093_095_099_100_101_103_104;KS095;KS099;KS100;KS101;KS103;KS104,KS093;KS093_095_099_100_101_103_104;KS095;KS099;KS100;KS101;KS103;KS104,KS093;KS095;KS099;KS100;KS101;KS103;KS104,2.504,2.504,25.0,0.05,2.0,2.0,355.0,355,17.75,21.70694,21.67556,72592,1
neurovision|2022/11/14 11:16:11,branco,2022/11/14 11:16:11,2022,neurovision,1,CA_mPFC_049,CA_049_1098756,CA,4.386,4.386,25.0,0.05,2.0,1.0,244.0,244,12.2,5.63222,5.61528,12698,1
neurovision|2022/11/16 16:58:37,mrsic_flogel,2022/11/16 16:58:37,2022,neurovision,1,AMK_rFPvLGACC2_151122,AMK_rFPvLGACC2_151122,AMK,4.386,4.386,10.0,0.04,4.0,1.0,204.0,204,8.16,4.51944,4.49861,13513,1
neurovision|2022/11/30 13:22:28,mrsic_flogel,2022/11/30 13:22:28,2022,neurovision,1,AMK_rFPvLGACC1_301122,AMK_rFPvLGACC1_301122,AMK,4.386,4.386,40.0,0.04,1.0,1.0,292.0,292,11.68,5.66,5.64444,17245,1
neurovision|2022/12/05 20:48:08,isogai,2022/12/05 20:48:08,2022,neurovision,2,1086271somL;1086273somR,sample_1086271somL;sample_1086273somR,1086271somL;1086273somR;sample,2.504,2.504,5.0,0.04,8.0,1.0,401.0,307,12.28,16.275,16.23222,41422,1
neurovision|2022/12/06 18:24:57,mrsic_flogel,2022/12/06 18:24:57,2022,neurovision,3,ZFM-04301;ZFM-04301_04811;ZFM-04811,ZFM-04301;ZFM-04301_04811;ZFM-04811,ZFM-04301;ZFM-04811,2.504,2.504,25.0,0.05,2.0,2.0,354.0,326,16.3,10.85139,10.83667,29289,1
neurovision|2022/12/07 17:32:09,mrsic_flogel,2022/12/07 17:32:09,2022,neurovision,4,CI077;ZFM-04812;ZFM-04912_05169_CI077;ZFM-05169,CI077;ZFM-04912;ZFM-04912_05169_CI077;ZFM-05169,CI077;ZFM-04812;ZFM-04912;ZFM-05169,2.504,2.504,25.0,0.05,2.0,2.0,351.0,313,15.65,13.15139,13.13306,42326,1
neurovision|2022/12/12 15:41:31,mrsic_flogel,2022/12/12 15:41:31,2022,neurovision,6,AMK_rFPvLGACC4_C2vLGcort2-6-7-8_121222;C2vLGcort2;C2vLGcort6;C2vLGcort7;C2vLGcort8;FPvLGACC2,AMK_rFPvLGACC4_C2vLGcort2-6-7-8_121222;C2vLGcort2;C2vLGcort6;C2vLGcort7;C2vLGcort8;FPvLGACC2,AMK;C2vLGcort2;C2vLGcort6;C2vLGcort7;C2vLGcort8;FPvLGACC2,2.504,2.504,20.0,0.04,2.0,1.0,312.0,312,12.48,15.75639,15.71028,77122,1
neurovision|2022/12/13 15:39:34,isogai,2022/12/13 15:39:34,2022,neurovision,1,XC_1086175NDNF,XC_1086175NDNF,XC,2.504,2.504,5.0,0.04,8.0,1.0,320.0,320,12.8,8.77167,8.74722,16768,1
neurovision|2022/12/14 12:24:18,margrie,2022/12/14 12:24:18,2022,neurovision,1,TC_1118318_CCX,TC_1118318_CCX,TC,2.504,2.504,5.0,0.04,8.0,10.0,1.0,323,12.92,11.31389,11.29222,17711,1
neurovision|2022/12/20 12:55:44,mrsic_flogel,2022/12/20 12:55:44,2022,neurovision,1,KS106,KS106,KS106,2.504,2.504,25.0,0.05,2.0,2.0,346.0,321,16.05,6.64528,6.63556,14628,1
neurovision|2022/12/22 12:04:16,mrsic_flogel,2022/12/22 12:04:16,2022,neurovision,1,KS113,KS113,KS113,2.504,2.504,25.0,0.05,2.0,1.0,348.0,321,16.05,6.04028,6.03361,15149,1
neurovision|2022/12/22 18:45:33,mrsic_flogel,2022/12/22 18:45:33,2022,neurovision,5,PL031;PL031_032_033_034;PL032;PL033;PL034,PL031;PL031_032_033_034;PL032;PL033;PL034,PL031;PL032;PL033;PL034,4.386,4.386,25.0,0.05,2.0,1.0,356.0,343,17.15,16.53833,16.51472,68517,1
neurovision|2023/01/03 15:44:27,sjones,2023/01/03 15:44:27,2023,neurovision,1,EJT189_cannula,EJT189_cannula,EJT189,2.504,2.504,10.0,0.04,4.0,1.0,296.0,251,10.04,6.73083,6.71111,13794,1
neurovision|2023/01/09 15:47:55,branco,2023/01/09 15:47:55,2023,neurovision,1,CA_DMS&NAc_060_20230109,CA_060_20230109,CA,4.386,4.386,20.0,0.04,2.0,1.0,160.0,155,6.2,3.46972,3.44861,8894,1
neurovision|2023/01/10 13:17:40,sjones,2023/01/10 13:17:40,2023,neurovision,1,EJT240,EJT240_SC_ILT_hM4Di,EJT240,2.504,2.504,20.0,0.04,2.0,1.0,343.0,343,13.72,7.57583,7.56417,20106,1
neurovision|2023/01/11 14:02:01,sjones,2023/01/11 14:02:01,2023,neurovision,1,EJT241,EJT241_SC_ILT_hM4Di,EJT241,2.504,2.504,20.0,0.04,2.0,1.0,343.0,343,13.72,7.49667,7.485,19341,1
neurovision|2023/01/12 15:06:41,sjones,2023/01/12 15:06:41,2023,neurovision,1,EJT242,EJT242_SC_ILT_hM4Di,EJT242,2.504,2.504,20.0,0.04,2.0,1.0,318.0,318,12.72,7.19417,7.17944,20277,1
neurovision|2023/01/13 13:06:40,sjones,2023/01/13 13:06:40,2023,neurovision,1,EJT243,EJT243_SC_ILT_hM4Di,EJT243,2.504,2.504,20.0,0.04,2.0,1.0,331.0,204,8.16,4.63444,4.62,13249,1
neurovision|2023/01/14 14:46:56,mrsic_flogel,2023/01/14 14:46:56,2023,neurovision,2,347371L;347371LR,sample_347371L;sample_347371LR,347371L;347371LR;sample,2.504,2.504,20.0,0.04,2.0,1.0,289.0,289,11.56,12.77833,12.74639,30509,1
neurovision|2023/01/17 09:29:17,branco,2023/01/17 09:29:17,2023,neurovision,1,CA_DMS&NAc_059_20230117,CA_059_20230117,CA,4.386,4.386,20.0,0.04,2.0,1.0,233.0,177,7.08,4.26972,4.2475,10114,1
neurovision|2023/01/17 15:49:18,branco,2023/01/17 15:49:18,2023,neurovision,1,CA_DMS&NAc_058_20230117,CA_058_20230117,CA,4.386,4.386,20.0,0.04,2.0,1.0,288.0,194,7.76,4.23194,4.21,7988,1
neurovision|2023/01/19 12:40:32,mrsic_flogel,2023/01/19 12:40:32,2023,neurovision,1,KS105,KS105,KS105,2.504,2.504,25.0,0.05,2.0,2.0,358.0,302,15.1,6.24083,6.23222,14242,1
neurovision|2023/01/20 11:02:10,mrsic_flogel,2023/01/20 11:02:10,2023,neurovision,2,ACCFPvLG2;ACCFPvLG3,ACCFPvLG2;ACCFPvLG3,ACCFPvLG2;ACCFPvLG3,2.504,2.504,10.0,0.04,4.0,1.0,250.0,250,10.0,8.66417,8.63972,32948,1
neurovision|2023/01/24 18:18:16,mrsic_flogel,2023/01/24 18:18:16,2023,neurovision,4,HB_007;MM006;MM006_007_HB_007;MM007,HB_007;MM006;MM007;MM007_MM007_HB_007,HB;MM006;MM007,4.386,4.386,25.0,0.05,2.0,1.0,359.0,321,16.05,11.89,11.87222,43345,1
neurovision|2023/01/25 14:59:12,mrsic_flogel,2023/01/25 14:59:12,2023,neurovision,3,SWC_NM_025;SWC_NM_025_032;SWC_NM_032,SWC_NM_025;SWC_NM_025_032;SWC_NM_032,SWC,2.504,2.504,25.0,0.05,2.0,2.0,364.0,307,15.35,8.5075,8.49528,28994,1
neurovision|2023/01/27 16:04:45,branco,2023/01/27 16:04:45,2023,neurovision,1,NAc_opticfiber_test_27012023,CA_NAc_test_27012023,CA;NAc,4.386,4.386,20.0,0.04,2.0,1.0,356.0,356,14.24,7.89167,7.87917,19149,1
neurovision|2023/01/30 10:57:55,akrami,2023/01/30 10:57:55,2023,neurovision,1,2pe,VP_CAP31,2pe;VP,2.504,2.504,7.1,0.05,7.0,1.0,451.0,440,22.0,16.66139,16.63583,40307,1
neurovision|2023/02/01 13:15:19,akrami,2023/02/01 13:15:19,2023,neurovision,1,2pe,VP_CAP32,2pe;VP,2.504,2.504,6.3,0.05,8.0,1.0,436.0,425,21.25,16.61028,16.58528,39679,1
neurovision|2023/02/02 18:41:05,mrsic_flogel,2023/02/02 18:41:05,2023,neurovision,6,ZFM-04823;ZFM-04823_05170_05181_05486_05496;ZFM-05170;ZFM-05181;ZFM-05486;ZFM-05496,ZFM-04823;ZFM-04823_05170_05181_05486_05496;ZFM-05170;ZFM-05181;ZFM-05486;ZFM-05496,ZFM-04823;ZFM-05170;ZFM-05181;ZFM-05486;ZFM-05496,2.504,2.504,25.0,0.05,2.0,2.0,356.0,276,13.8,17.20833,17.17667,68872,1
neurovision|2023/02/03 15:15:59,akrami,2023/02/03 15:15:59,2023,neurovision,1,2pe,VP_CAP34,2pe;VP,2.504,2.504,6.3,0.05,8.0,1.0,399.0,388,19.4,16.31889,16.29028,44170,1
neurovision|2023/02/06 11:38:32,branco,2023/02/06 11:38:32,2023,neurovision,1,YW_BAA_1102825,YW_BAA_1102825,YW,4.386,4.386,20.0,0.04,2.0,4.0,327.0,321,12.84,8.245,8.22556,17034,1
neurovision|2023/02/07 11:26:44,branco,2023/02/07 11:26:44,2023,neurovision,1,YW_BAA_1102828,YW_BAA_1102828,YW,4.386,4.386,20.0,0.04,2.0,4.0,320.0,320,12.8,10.42583,10.40472,18985,1
neurovision|2023/02/08 11:51:34,mrsic_flogel,2023/02/08 11:51:34,2023,neurovision,3,FPACCvLG_N1;FPACCvLG_N4;rFPvLGACC5,FPACCvLG_N1;FPACCvLG_N4;rFPvLGACC5,FPACCvLG;rFPvLGACC5,4.386,4.386,20.0,0.04,2.0,1.0,379.0,356,14.24,12.51889,12.48778,54322,1
neurovision|2023/02/09 11:41:36,mrsic_flogel,2023/02/09 11:41:36,2023,neurovision,1,ZFM-03447,ZFM-03447,ZFM-03447,2.504,2.504,25.0,0.1,4.0,2.0,177.0,155,15.5,3.57278,3.55806,7393,1
neurovision|2023/02/09 18:25:55,mrsic_flogel,2023/02/09 18:25:55,2023,neurovision,1,ZFM-04026,ZFM-04025,ZFM-04025;ZFM-04026,2.504,2.504,25.0,0.1,4.0,2.0,179.0,162,16.2,3.81417,3.80222,7699,1
neurovision|2023/02/13 11:17:48,branco,2023/02/13 11:17:48,2023,neurovision,2,YW_1102829;YW_1102938,YW_1102829;YW_1102938,YW,8.587,8.587,20.0,0.04,2.0,4.0,320.0,320,12.8,14.91167,14.87917,36996,1
neurovision|2023/02/16 16:51:39,mrsic_flogel,2023/02/16 16:51:39,2023,neurovision,3,SP030;SP030_032;SP032,SP030;SP030_032;SP032,SP030;SP032,8.587,8.587,10.0,0.04,4.0,2.0,457.0,389,15.56,12.535,12.51972,31515,1
neurovision|2023/02/21 10:59:56,mrsic_flogel,2023/02/21 10:59:56,2023,neurovision,1,PB_Cadaver_03,PB_Cadaver_3,PB,4.386,4.386,80.0,0.08,1.0,1.0,153.0,153,12.24,3.78639,3.76528,9012,1
neurovision|2023/02/21 18:09:09,mrsic_flogel,2023/02/21 18:09:09,2023,neurovision,4,SWC_NM_024;SWC_NM_024_026_030;SWC_NM_026;SWC_NM_030,SWC_NM_024;SWC_NM_024_026_030;SWC_NM_026;SWC_NM_030,SWC,2.504,2.504,25.0,0.05,2.0,2.0,368.0,330,16.5,13.12583,13.10611,46254,1
neurovision|2023/02/23 18:29:25,mrsic_flogel,2023/02/23 18:29:25,2023,neurovision,4,KS107;KS107_108_114;KS108;KS114,KS107;KS107_108_114;KS108;KS114,KS107;KS108;KS114,2.504,2.504,25.0,0.05,2.0,2.0,367.0,311,15.55,13.14389,13.12056,41902,1
neurovision|2023/02/24 11:13:24,mrsic_flogel,2023/02/24 11:13:24,2023,neurovision,3,rFPvLGRSC2;rFPvLGRSC4;rFPvLGRSC5,rFPvLGRSC2;rFPvLGRSC4;rFPvLGRSC5,rFPvLGRSC2;rFPvLGRSC4;rFPvLGRSC5,2.504,2.504,20.0,0.04,2.0,1.0,349.0,334,13.36,12.50306,12.46611,50112,1
neurovision|2023/02/25 14:44:57,mrsic_flogel,2023/02/25 14:44:57,2023,neurovision,4,502LL;502R;503LR;_HX7EJ~H,sample_502LL;sample_502R;sample_503LR;sample_503R,;502LL;502R;503LR;sample,2.504,2.504,5.0,0.04,8.0,4.0,400.0,374,14.96,51.08778,50.97028,86856,1
neurovision|2023/03/01 15:25:09,mrsic_flogel,2023/03/01 15:25:09,2023,neurovision,5,HB_002;HB_002_NR_0024_NYU-65_PL030;NR_0024;NYU-65;PL030,HB_002;HB_002_NR_0024_NYU-65_PL030;NR_0024;NYU-65;PL030,HB;NR;NYU-65;PL030,4.386,4.386,25.0,0.05,2.0,2.0,365.0,330,16.5,15.99417,15.97361,57021,1
neurovision|2023/03/02 14:12:48,mrsic_flogel,2023/03/02 14:12:48,2023,neurovision,1,SWC_NM_031,SWC_NM_031,SWC,2.504,2.504,25.0,0.05,2.0,1.0,353.0,316,15.8,6.48694,6.47944,14421,1
neurovision|2023/03/06 11:23:12,mrsic_flogel,2023/03/06 11:23:12,2023,neurovision,5,NV_vLGLPFP1;NV_vLGLPFP2;PB_Cadaver_04;PB_Cadaver_05;PB_Cadaver_06,NV_vLGLPFP1;NV_vLGLPFP2;PB_Cadaver_04;PB_Cadaver_05;PB_Cadaver_06,NV;PB,2.504,2.504,10.0,0.04,4.0,1.0,250.0,250,10.0,18.05278,17.99083,80998,1
neurovision|2023/03/09 18:48:44,mrsic_flogel,2023/03/09 18:48:44,2023,neurovision,3,SJW1129861;SJW1129982;SJW861_982,SJW1129861;SJW1129982;SJW861_982,SJW1129861;SJW1129982;SJW861,2.504,2.504,10.0,0.04,4.0,2.0,443.0,393,15.72,15.55917,15.54222,34913,1
neurovision|2023/03/10 11:14:26,mrsic_flogel,2023/03/10 11:14:26,2023,neurovision,6,rFPvLGACC6;rFPvLGACC7;rFPvLGACC8;vLGFPACC5;vLGFPACC6;vLGFPACC7,rFPvLGACC6;rFPvLGACC7;rFPvLGACC8;vLGFPACC5;vLGFPACC6;vLGFPACC7,rFPvLGACC6;rFPvLGACC7;rFPvLGACC8;vLGFPACC5;vLGFPACC6;vLGFPACC7,2.504,2.504,10.0,0.04,4.0,1.0,250.0,250,10.0,21.46083,21.39333,96672,1
neurovision|2023/03/15 13:19:20,mrsic_flogel,2023/03/15 13:19:20,2023,neurovision,7,ZFM-05182;ZFM-05182_05725_05492_05727_05495_05913;ZFM-05492;ZFM-05495;ZFM-05725;ZFM-05727;ZFM-05913,ZFM-05182;ZFM-05182_05725_05492_05727_05495_05913;ZFM-05492;ZFM-05495;ZFM-05725;ZFM-05727;ZFM-05913,ZFM-05182;ZFM-05492;ZFM-05495;ZFM-05725;ZFM-05727;ZFM-05913,4.386,4.386,25.0,0.05,2.0,1.0,359.0,341,17.05,19.42861,19.40139,89237,1
neurovision|2023/03/17 17:16:29,mrsic_flogel,2023/03/17 17:16:29,2023,neurovision,4,C2rbpACCa1;C2rbpACCa2;C2rbpACCa3;C2rbpACCa4,C2rbpACCa1;C2rbpACCa2;C2rbpACCa3;C2rbpACCa4,C2rbpACCa1;C2rbpACCa2;C2rbpACCa3;C2rbpACCa4,2.504,2.504,12.5,0.05,4.0,1.0,289.0,264,13.2,13.36,13.31028,55513,1
neurovision|2023/03/20 11:51:01,mrsic_flogel,2023/03/20 11:51:01,2023,neurovision,1,MA_1119271_cFos_tdTom,MA_1119271_cFos_tdTom,MA,2.504,2.504,5.0,0.04,8.0,4.0,283.0,263,10.52,15.50639,15.4575,15972,1
neurovision|2023/03/22 14:30:22,isogai,2023/03/22 14:30:22,2023,neurovision,2,SB033;SB046,SB033;SB046,SB033;SB046,4.386,4.386,20.0,0.04,2.0,1.0,300.0,300,12.0,9.91778,10.14722,34267,1
neurovision|2023/03/23 11:23:18,mrsic_flogel,2023/03/23 11:23:18,2023,neurovision,4,1122640;1122641;1122642;1122833,sample_1122640;sample_1122641;sample_1122642;sample_1122833,1122640;1122641;1122642;1122833;sample,4.386,4.386,20.0,0.04,2.0,4.0,346.0,318,12.72,17.31583,17.25583,62345,1
neurovision|2023/03/24 15:32:00,isogai,2023/03/24 15:32:00,2023,neurovision,2,TRAP013;TRAP026,TRAP013;TRAP026,TRAP013;TRAP026,2.504,2.504,20.0,0.04,2.0,1.0,272.0,272,10.88,8.36167,8.33472,31041,1
neurovision|2023/03/26 15:26:29,sjones,2023/03/26 15:26:29,2023,neurovision,1,EJT250_hlesion_npprobe,EJT250_hlesion_npprobe,EJT250,2.504,2.504,20.0,0.04,2.0,1.0,320.0,320,12.8,7.70778,7.69167,13067,1
neurovision|2023/03/27 14:55:56,branco,2023/03/27 14:55:56,2023,neurovision,5,CA_DMS_061_20230329;CA_DMS_062_20230329;CA_DMS_063_20230329;CA_DMS_064_20230329;CA_DMS_065_20230329,sample_061;sample_062;sample_063;sample_064;sample_065,CA;sample,4.386,4.386,20.0,0.04,2.0,2.0,394.0,295,11.8,18.76917,18.7225,86335,1
neurovision|2023/03/28 11:50:36,mrsic_flogel,2023/03/28 11:50:36,2023,neurovision,1,SM_1130493,SM_1130493,SM,1.248,1.248,10.0,0.04,4.0,4.0,312.0,312,12.48,13.29667,13.25472,18252,1
neurovision|2023/03/29 11:11:10,mrsic_flogel,2023/03/29 11:11:10,2023,neurovision,2,NV_vLGLPFP3;NV_vLGLPFP4,NV_vLGLPFP3;NV_vLGLPFP4,NV,4.386,4.386,20.0,0.04,2.0,4.0,382.0,339,13.56,13.44972,13.41944,34952,1
neurovision|2023/03/30 16:44:58,mrsic_flogel,2023/03/30 16:44:58,2023,neurovision,1,ZFM-04533,ZFM-04533,ZFM-04533,1.248,1.248,25.0,0.075,3.0,4.0,234.0,208,15.6,9.34444,9.32917,12074,1
neurovision|2023/03/31 17:40:08,isogai,2023/03/31 17:40:08,2023,neurovision,1,XC_1086NDNF_F,XC_1086NDNF_F,XC,1.248,1.248,10.0,0.05,5.0,2.0,343.0,303,15.15,14.09444,14.06139,19791,1
neurovision|2023/04/02 13:00:22,mrsic_flogel,2023/04/02 13:00:22,2023,neurovision,4,SM_1130095;SM_1130491;SM_1130492;SM_1130628,SM_1130095;SM_1130491;SM_1130492;SM_1130628,SM,2.504,2.504,10.0,0.04,4.0,3.0,350.0,338,13.52,31.82222,31.73222,68219,1
neurovision|2023/04/04 18:45:43,mrsic_flogel,2023/04/04 18:45:43,2023,neurovision,5,KS109;KS109_110_111_112;KS110;KS111;KS112,KS109;KS109_110_111_112;KS110;KS111;KS112,KS109;KS110;KS111;KS112,2.504,2.504,25.0,0.05,2.0,2.0,366.0,333,16.65,17.87917,17.86028,59380,1
neurovision|2023/04/06 17:38:31,isogai,2023/04/06 17:38:31,2023,neurovision,3,TRAP1086450_male;TRAP1086452_pup;TRAP_controlSB,TRAP1086450_male;TRAP1086452_pup;TRAP_controlSB,TRAP;TRAP1086450;TRAP1086452,1.248,1.248,50.0,0.05,1.0,1.0,152.0,152,7.6,7.135,7.095,41397,1
neurovision|2023/04/19 13:12:43,mrsic_flogel,2023/04/19 13:12:43,2023,neurovision,1,SOC1540-SC-THOR,SCO1-02540-SC,SCO1-02540-SC;SOC1540-SC-THOR,1.248,1.248,1.3,0.04,32.0,4.0,90.0,90,3.6,5.335,5.29472,861,1
neurovision|2023/04/21 09:58:01,mrsic_flogel,2023/04/21 09:58:01,2023,neurovision,2,vLGGtA1;vLGGtA2,vLGGtA1;vLGGtA2,vLGGtA1;vLGGtA2,2.504,2.504,10.0,0.04,4.0,1.0,250.0,250,10.0,9.07806,9.05222,34675,1
neurovision|2023/04/28 10:48:48,mrsic_flogel,2023/04/28 10:48:48,2023,neurovision,4,rFPvLGACC10;rFPvLGACC11;rFPvLGACC12;rFPvLGACC9,rFPvLGACC10;rFPvLGACC11;rFPvLGACC12;rFPvLGACC9,rFPvLGACC10;rFPvLGACC11;rFPvLGACC12;rFPvLGACC9,2.504,2.504,10.0,0.04,4.0,1.0,281.0,277,11.08,16.3825,16.32833,65706,1
neurovision|2023/05/02 12:37:04,mrsic_flogel,2023/05/02 12:37:04,2023,neurovision,4,1128773;1128774;1128776;1129030,sample_1128773;sample_1128774;sample_1128776;sample_1129030,1128773;1128774;1128776;1129030;sample,2.504,2.504,5.0,0.04,8.0,4.0,400.0,373,14.92,56.62389,56.51861,79942,1
neurovision|2023/05/07 14:00:46,mrsic_flogel,2023/05/07 14:00:46,2023,neurovision,4,1128768;1128769;1128770;1128771,sample_1128768;sample_1128769;sample_1128770;sample_1128771,1128768;1128769;1128770;1128771;sample,2.504,2.504,5.0,0.04,8.0,4.0,359.0,342,13.68,47.37056,48.14917,67481,1
neurovision|2023/05/11 12:36:25,mrsic_flogel,2023/05/11 12:36:25,2023,neurovision,3,rFPvLGRSC6;rFPvLGRSC8;rFPvLGRSC9,rFPvLGRSC6;rFPvLGRSC8;rFPvLGRSC9,rFPvLGRSC6;rFPvLGRSC8;rFPvLGRSC9,2.504,2.504,12.5,0.05,4.0,1.0,290.0,266,13.3,11.19306,11.155,43718,1
neurovision|2023/05/17 18:03:23,mrsic_flogel,2023/05/17 18:03:23,2023,neurovision,1,SP037,SP037,SP037,8.587,8.587,10.0,0.04,4.0,4.0,443.0,382,15.28,8.98944,8.98361,15687,1
neurovision|2023/05/23 19:29:54,mrsic_flogel,2023/05/23 19:29:54,2023,neurovision,7,HB_003;HB_003_005_NR_0025_0028_KM_002_PL035;HB_005;KM_002;NR_0025;NR_0028;PL035,HB_003;HB_003_005_NR_0025_0028_KM_002_PL035;HB_005,HB;KM;NR;PL035,4.386,4.386,25.0,0.05,2.0,2.0,354.0,315,15.75,21.15833,21.12472,87785,1
neurovision|2023/05/30 12:27:30,mrsic_flogel,2023/05/30 12:27:30,2023,neurovision,1,SOC1540,SOC1540,SOC1540,1.248,1.248,50.0,0.05,1.0,4.0,352.0,297,14.85,6.54861,6.53722,15118,1
neurovision|2023/05/31 10:29:14,sjones,2023/05/31 10:29:14,2023,neurovision,1,s091_anatomygpegpirabieson_m1118308_L__20230531_102914__serial_section,LBR__20230531__rbon_L,LBR;s091,2.504,2.504,5.0,0.04,8.0,1.0,298.0,298,11.92,8.79556,8.77167,16188,1
neurovision|2023/06/01 09:37:20,sjones,2023/06/01 09:37:20,2023,neurovision,2,s092_anatomygpegpirabieson_m1118309_R__20230601_093721__serial_section;s093_anatomygpegpirabieson_m1118311_LL__20230601_093721__serial_section,s092_rbon_R;s093_rbon_LL,s092;s093,2.504,2.504,5.0,0.04,8.0,1.0,318.0,318,12.72,18.89222,18.85528,59522,1
neurovision|2023/06/02 09:42:58,sjones,2023/06/02 09:42:58,2023,neurovision,1,s096_anatomygpegpirabiesoff_m1119078_R__20230602_094259__serial_section,LBR__20230602__rbf_Rtop_LRbtm,LBR;s096,2.504,2.504,5.0,0.04,8.0,1.0,328.0,328,13.12,13.84778,13.81528,34936,1
neurovision|2023/06/03 11:07:16,sjones,2023/06/03 11:07:16,2023,neurovision,3,LBR__20230603__rbf_82Rtop_82LRbtm;s094_anatomygpegpirabiesoff_m1118923_R__2023603_110717__serial_section;s095_anatomygpegpirabiesoff_m1119080_L__20230603_110717__serial_section,LBR__20230603__rbf_82Rtop_82LRbtm;rboff82LRbtm;rboff82Rtop,LBR;rboff82LRbtm;rboff82Rtop;s094;s095,2.504,2.504,5.0,0.04,8.0,1.0,344.0,344,13.76,14.61611,14.58278,36074,1
neurovision|2023/06/04 14:37:48,branco,2023/06/04 14:37:48,2023,neurovision,1,YW_1103214,YW_1103214,YW,2.504,2.504,5.0,0.04,8.0,4.0,315.0,315,12.6,16.82778,16.78028,19131,1
neurovision|2023/06/05 15:30:45,mrsic_flogel,2023/06/05 15:30:45,2023,neurovision,4,SWC_NM_029;SWC_NM_029_035_036;SWC_NM_035;SWC_NM_036,SWC_NM_029;SWC_NM_029_035_036;SWC_NM_035;SWC_NM_036,SWC,2.504,2.504,25.0,0.05,2.0,1.0,364.0,317,15.85,13.55833,13.54028,46478,1
neurovision|2023/06/06 15:10:10,mrsic_flogel,2023/06/06 15:10:10,2023,neurovision,1,KS115,KS115,KS115,4.386,4.386,25.0,0.05,2.0,1.0,356.0,304,15.2,5.93944,5.92917,14430,1
neurovision|2023/06/07 18:05:16,mrsic_flogel,2023/06/07 18:05:16,2023,neurovision,3,SQL-15020;SQL-15020_ZFM-05989;ZFM-05989,SQL-15020;SQL-15020_ZFM-05989;ZFM-05989,SQL-15020;ZFM-05989,4.386,4.386,25.0,0.05,2.0,2.0,361.0,311,15.55,8.41972,8.40444,28830,1
neurovision|2023/06/08 11:45:51,branco,2023/06/08 11:45:51,2023,neurovision,4,CA_DMS_071_20230608;CA_DMS_072_20230608;CA_DMS_086_20230608;CA_DMS_087_20230608,sample_071;sample_072;sample_086;sample_087,CA;sample,4.386,4.386,20.0,0.04,2.0,1.0,417.0,357,14.28,15.00278,14.96722,72502,1
neurovision|2023/06/11 16:00:49,isogai,2023/06/11 16:00:49,2023,neurovision,1,xc_1086932som,xc_1086932som,xc,1.248,1.248,10.0,0.05,5.0,1.0,343.0,298,14.9,9.07194,9.29611,19938,1
neurovision|2023/06/12 12:00:32,isogai,2023/06/12 12:00:32,2023,neurovision,1,xc_NDNF_F1086931,xc_NDNF_F,xc,1.248,1.248,10.0,0.05,5.0,1.0,333.0,289,14.45,8.98611,8.96417,20184,1
neurovision|2023/06/13 11:14:06,akrami,2023/06/13 11:14:06,2023,neurovision,1,2pe,VP_CAP40,2pe;VP,2.504,2.504,6.3,0.05,8.0,1.0,420.0,403,20.15,17.31278,17.28111,46971,1
neurovision|2023/06/14 11:20:44,mrsic_flogel,2023/06/14 11:20:44,2023,neurovision,2,SOMRetro1;vLGLPGtA1_OLD,SOMRetro1;vLGLPGtA1,SOMRetro1;vLGLPGtA1,4.386,4.386,10.0,0.04,4.0,1.0,250.0,250,10.0,7.05444,7.02917,30062,1
neurovision|2023/06/15 13:31:34,mrsic_flogel,2023/06/15 13:31:34,2023,neurovision,4,SM_1131420;SM_1131421;SM_1131425;SM_1132254,SM_1131420;SM_1131421;SM_1131425;SM_1132254,SM,4.386,4.386,10.0,0.04,4.0,4.0,372.0,250,10.0,23.67333,23.58778,66500,1
neurovision|2023/06/16 14:48:22,mrsic_flogel,2023/06/16 14:48:22,2023,neurovision,4,SM_1132255;SM_1132256;SM_1132259;SM_1132260,SM_1132255;SM_1132256;SM_1132259;SM_1132260,SM,4.386,4.386,10.0,0.04,4.0,2.0,354.0,311,12.44,18.16778,18.11056,65547,1
neurovision|2023/06/17 13:07:10,isogai,2023/06/17 13:07:10,2023,neurovision,1,xc_1087074som,xc_1087074som,xc,2.504,2.504,10.0,0.05,5.0,1.0,332.0,310,15.5,7.82472,7.81,15570,1
neurovision|2023/06/18 14:26:49,isogai,2023/06/18 14:26:49,2023,neurovision,1,xc_1087075som,xc_1087075som,xc,2.504,2.504,10.0,0.05,5.0,1.0,344.0,312,15.6,8.51028,8.49194,17002,1
neurovision|2023/06/19 11:26:25,akrami,2023/06/19 11:26:25,2023,neurovision,1,EM_058,EM_058,EM,4.386,4.386,25.0,0.05,2.0,2.0,420.0,393,19.65,14.94889,14.92083,41423,1
neurovision|2023/06/20 18:01:51,mrsic_flogel,2023/06/20 18:01:51,2023,neurovision,3,ZFM-4331;ZFM-4331_5365;ZFM-5365,ZFM-4331;ZFM-4331_5365;ZFM-5365,ZFM-4331;ZFM-5365,2.504,2.504,25.0,0.05,2.0,2.0,360.0,306,15.3,8.82917,8.81333,29703,1
neurovision|2023/06/21 13:48:18,mrsic_flogel,2023/06/21 13:48:18,2023,neurovision,1,ZFM-03450,ZFM-03450,ZFM-03450,2.504,2.504,25.0,0.05,2.0,4.0,351.0,321,16.05,7.40194,7.39222,14960,1
neurovision|2023/06/27 16:02:35,mrsic_flogel,2023/06/27 16:02:35,2023,neurovision,3,JS2;JS2_ZFM-5330;ZFM-5330,JS2;JS2_ZFM-5330;ZFM-5330,JS2;ZFM-5330,2.504,2.504,25.0,0.05,2.0,2.0,343.0,310,15.5,11.53194,11.50778,36392,1
neurovision|2023/06/28 12:26:49,mrsic_flogel,2023/06/28 12:26:49,2023,neurovision,1,ZFM-04713,ZFM-04713,ZFM-04713,2.504,2.504,25.0,0.05,2.0,2.0,350.0,318,15.9,6.75361,6.74472,14628,1
neurovision|2023/06/29 09:35:08,mrsic_flogel,2023/06/29 09:35:08,2023,neurovision,1,ZFM-04714,ZFM-04714,ZFM-04714,2.504,2.504,25.0,0.05,2.0,2.0,352.0,313,15.65,6.41444,6.40778,13959,1
neurovision|2023/06/29 16:50:27,mrsic_flogel,2023/06/29 16:50:27,2023,neurovision,1,ZFM-04534,ZFM-04534,ZFM-04534,2.504,2.504,25.0,0.05,2.0,2.0,351.0,290,14.5,6.57694,6.56111,14578,1
neurovision|2023/06/30 09:54:52,mrsic_flogel,2023/06/30 09:54:52,2023,neurovision,1,UCLA066,UCLA066,UCLA066,2.504,2.504,25.0,0.05,2.0,2.0,351.0,306,15.3,6.51556,6.50417,13542,1
neurovision|2023/06/30 17:45:52,mrsic_flogel,2023/06/30 17:45:52,2023,neurovision,3,SWC_NM_039;SWC_NM_039_040;SWC_NM_040,SWC_NM_039;SWC_NM_039_040;SWC_NM_040,SWC,2.504,2.504,25.0,0.05,2.0,1.0,341.0,305,15.25,9.24444,9.22028,33211,1
neurovision|2023/07/04 14:34:44,mrsic_flogel,2023/07/04 14:34:44,2023,neurovision,4,S305N-564;S305N-565;S503N-564_565_hTauK1-455;hTauK1-455,S305N-564;S305N-565;S503N-564_565_hTauK1-455;hTauK1-455,S305N-564;S305N-565;S503N-564;hTauK1-455,2.504,2.504,5.0,0.04,8.0,2.0,431.0,394,15.76,30.66389,30.62417,63819,1
neurovision|2023/07/06 14:56:22,mrsic_flogel,2023/07/06 14:56:22,2023,neurovision,1,ZFM-03448,ZFM-03448,ZFM-03448,2.504,2.504,25.0,0.05,2.0,2.0,350.0,332,16.6,7.11556,7.10556,15594,1
neurovision|2023/07/07 11:44:39,mrsic_flogel,2023/07/07 11:44:39,2023,neurovision,5,vLGPenkChR3;vLGPenkChR4;vLGPenkChR5;vLGPenkCont1;vLGPenkCont2,vLGPenkChR3;vLGPenkChR4;vLGPenkChR5;vLGPenkCont1;vLGPenkCont2,vLGPenkChR3;vLGPenkChR4;vLGPenkChR5;vLGPenkCont1;vLGPenkCont2,4.386,4.386,10.0,0.04,4.0,1.0,250.0,250,10.0,14.47972,14.42556,73473,1
neurovision|2023/07/08 14:16:17,akrami,2023/07/08 14:16:17,2023,neurovision,1,2pe,VP_CAP44,2pe;VP,2.504,2.504,6.3,0.05,8.0,1.0,414.0,397,19.85,16.445,16.41778,46338,1
neurovision|2023/07/10 11:20:57,mrsic_flogel,2023/07/10 11:20:57,2023,neurovision,1,SM_1132129,SM_1132129,SM,4.386,4.386,10.0,0.04,4.0,2.0,160.0,118,4.72,3.62111,3.59556,8504,1
neurovision|2023/07/11 09:05:37,mrsic_flogel,2023/07/11 09:05:37,2023,neurovision,1,SM_1132203,SM_1132203,SM,4.386,4.386,10.0,0.04,4.0,2.0,289.0,273,10.92,7.44917,7.42694,16184,1
neurovision|2023/07/11 17:31:36,mrsic_flogel,2023/07/11 17:31:36,2023,neurovision,1,SM_1132394,SM_1132394,SM,4.386,4.386,10.0,0.04,4.0,2.0,279.0,279,11.16,7.54,7.51417,15168,1
neurovision|2023/07/12 17:36:19,mrsic_flogel,2023/07/12 17:36:19,2023,neurovision,1,UCLA068,UCLA068,UCLA068,2.504,2.504,25.0,0.05,2.0,2.0,350.0,301,15.05,6.36861,6.35694,14500,1
neurovision|2023/07/13 10:27:18,mrsic_flogel,2023/07/13 10:27:18,2023,neurovision,1,UCLA069,UCLA069,UCLA069,2.504,2.504,25.0,0.05,2.0,2.0,343.0,278,13.9,6.13889,6.125,13503,1
neurovision|2023/07/13 18:40:26,mrsic_flogel,2023/07/13 18:40:26,2023,neurovision,5,MM008;ZFM-06047;ZFM-06047_06048_06187_MM008;ZFM-06048;ZFM-06187,MM008;ZFM-06047;ZFM-06047_06048_06187_MM008;ZFM-06048;ZFM-06187,MM008;ZFM-06047;ZFM-06048;ZFM-06187,2.504,2.504,25.0,0.05,2.0,1.0,350.0,318,15.9,13.91222,13.88806,57387,1
neurovision|2023/07/14 11:10:42,mrsic_flogel,2023/07/14 11:10:42,2023,neurovision,1,SWC_NM_042,SWC_NM_042,SWC,2.504,2.504,25.0,0.05,2.0,2.0,349.0,324,16.2,7.01944,7.00861,16652,1
neurovision|2023/07/20 14:32:49,mrsic_flogel,2023/07/20 14:32:49,2023,neurovision,1,KM_003,KM_003,KM,4.386,4.386,25.0,0.05,2.0,2.0,329.0,295,14.75,5.42833,5.41806,14124,1
neurovision|2023/07/26 18:19:39,mrsic_flogel,2023/07/26 18:19:39,2023,neurovision,5,1127370;PL037;PL037_038_050_1127370;PL038;PL050,PL037;PL037_038_050_1127370;PL038;PL050;sample_1127370,1127370;PL037;PL038;PL050;sample,4.386,4.386,25.0,0.05,2.0,2.0,351.0,326,16.3,15.68306,15.66472,63646,1
neurovision|2023/07/30 17:40:20,isogai,2023/07/30 17:40:20,2023,neurovision,1,xc_1087110synapGFP,xc_108701xsynapGFP,xc,1.248,1.248,50.0,0.05,1.0,4.0,334.0,295,14.75,8.05889,8.03861,19642,1
neurovision|2023/07/31 20:43:59,isogai,2023/07/31 20:43:59,2023,neurovision,1,xc_1087112synapGFP,xc_1087112synapGFP,xc,1.248,1.248,50.0,0.05,1.0,4.0,322.0,279,13.95,7.38778,7.36667,16876,1
neurovision|2023/08/02 18:52:54,mrsic_flogel,2023/08/02 18:52:54,2023,neurovision,5,1131793;1131793_1952_2034_2078;1131952;1132034;1132078,neurovision_1131793_1952_2034_2078;sample_1131793;sample_1131952;sample_1132034;sample_1132078,1131793;1131952;1132034;1132078;neurovision;sample,4.386,4.386,25.0,0.05,2.0,1.0,353.0,319,15.95,12.81806,12.80056,54419,1
neurovision|2023/08/03 18:41:13,mrsic_flogel,2023/08/03 18:41:13,2023,neurovision,5,1131928;1131928_2047_2068_2070;1132047;1132068;1132070,neurovision_1131928_2047_2068_2070;sample_1131928;sample_1132047;sample_1132068;sample_1132070,1131928;1132047;1132068;1132070;neurovision;sample,4.386,4.386,25.0,0.05,2.0,1.0,352.0,313,15.65,11.94972,12.10472,52862,1
neurovision|2023/08/04 18:14:56,mrsic_flogel,2023/08/04 18:14:56,2023,neurovision,5,1131929;1131929_2038_1974_2071;1131974;1132038;1132071,neurovision_1131929_2038_1974_2071;sample_1131929;sample_1131974;sample_1132038;sample_1132071,1131929;1131974;1132038;1132071;neurovision;sample,4.386,4.386,25.0,0.05,2.0,1.0,358.0,316,15.8,13.13417,13.23306,52103,1
neurovision|2023/08/10 11:56:13,mrsic_flogel,2023/08/10 11:56:13,2023,neurovision,5,S305N_492;S305N_492_570_hTauK1_419_459;S305N_570;hTauK1_419;hTauK1_459,S305N_492;S305N_492_570_hTauK1_419_459;S305N_570;hTauK1_419;hTauK1_459,S305N;hTauK1,2.504,2.504,5.0,0.04,8.0,2.0,443.0,414,16.56,40.16944,40.08806,89228,1
neurovision|2023/08/16 17:24:32,mrsic_flogel,2023/08/16 17:24:32,2023,neurovision,3,KS116;KS116_118;KS118,KS116;KS116_118;KS118,KS116;KS118,2.504,2.504,25.0,0.05,2.0,2.0,351.0,320,16.0,9.67833,9.66111,34365,1
neurovision|2023/08/17 14:49:44,mrsic_flogel,2023/08/17 14:49:44,2023,neurovision,5,SWC_NM_037;SWC_NM_037_038_041_049;SWC_NM_038;SWC_NM_041;SWC_NM_049,SWC_NM_037;SWC_NM_037_038_041_049;SWC_NM_038;SWC_NM_041;SWC_NM_049,SWC,2.504,2.504,25.0,0.05,2.0,2.0,356.0,313,15.65,15.66417,15.62694,66854,1
neurovision|2023/08/21 10:14:27,mrsic_flogel,2023/08/21 10:14:27,2023,neurovision,4,vLGHVAChR10;vLGHVAChR7;vLGHVAChR8;vLGHVAChR9,vLGHVAChR10;vLGHVAChR7;vLGHVAChR8;vLGHVAChR9,vLGHVAChR10;vLGHVAChR7;vLGHVAChR8;vLGHVAChR9,2.504,2.504,10.0,0.04,4.0,1.0,250.0,250,10.0,13.48417,13.44639,64073,1
neurovision|2023/08/23 17:34:32,mrsic_flogel,2023/08/23 17:34:32,2023,neurovision,3,KS117;KS117_121;KS121,KS117;KS117_121;KS121,KS117;KS121,2.504,2.504,25.0,0.05,2.0,2.0,347.0,311,15.55,9.44472,9.42861,29239,1
neurovision|2023/08/24 12:04:09,mrsic_flogel,2023/08/24 12:04:09,2023,neurovision,1,ZFM-04392,ZFM-04392,ZFM-04392,2.504,2.504,25.0,0.05,2.0,2.0,333.0,304,15.2,6.04,6.03083,15169,1
neurovision|2023/08/24 18:35:11,mrsic_flogel,2023/08/24 18:35:11,2023,neurovision,1,ZFM-04022,ZFM-04022,ZFM-04022,2.504,2.504,25.0,0.05,2.0,1.0,352.0,328,16.4,6.08139,6.07111,15300,1
neurovision|2023/08/25 14:25:11,mrsic_flogel,2023/08/25 14:25:11,2023,neurovision,6,KM_005;NR_0031;NR_0031_KM_005_ZFM-06296_06301_06373;ZFM-06296;ZFM-06301;ZFM-06373,KM_005;NR_0031;NR_0031_KM_005_ZFM-06296_06301_06373;ZFM-06296;ZFM-06301;ZFM-06373,KM;NR;ZFM-06296;ZFM-06301;ZFM-06373,4.386,4.386,25.0,0.05,2.0,1.0,347.0,331,16.55,17.61194,17.57667,69806,1
neurovision|2023/08/26 17:11:03,mrsic_flogel,2023/08/26 17:11:03,2023,neurovision,4,Ls16;Ns11;RLs18;Rs15,Ls16;Ns11;RLs18;Rs15,Ls16;Ns11;RLs18;Rs15,2.504,2.504,5.0,0.04,8.0,4.0,409.0,370,14.8,56.19306,56.08583,80491,1
neurovision|2023/08/30 15:09:24,isogai,2023/08/30 15:09:24,2023,neurovision,1,SB_synGFP_2_1086194_230830,SB_synGFP_2_1086194_230830,SB,1.248,1.248,50.0,0.05,1.0,4.0,260.0,260,13.0,12.55361,12.51,16421,1
neurovision|2023/08/31 15:48:25,isogai,2023/08/31 15:48:25,2023,neurovision,1,SB_synGFP_2_1086198_230831,SB_synGFP_2_1086198_230831,SB,1.248,1.248,50.0,0.05,1.0,4.0,252.0,252,12.6,13.45,13.40194,17789,1
neurovision|2023/09/01 18:29:08,isogai,2023/09/01 18:29:08,2023,neurovision,1,SB_synGFP_2_108227_230901,SB_synGFP_2_108227_230901,SB,1.248,1.248,50.0,0.05,1.0,4.0,217.0,217,10.85,11.03333,10.98833,13797,1
neurovision|2023/09/04 17:44:41,isogai,2023/09/04 17:44:41,2023,neurovision,3,TRAP029;TRAP030;TRAP031,TRAP029;TRAP030;TRAP031,TRAP029;TRAP030;TRAP031,2.504,2.504,20.0,0.04,2.0,1.0,355.0,312,12.48,19.85917,19.79833,46632,1
neurovision|2023/09/05 15:39:55,isogai,2023/09/05 15:39:55,2023,neurovision,1,SB_TRAP033_230905,SB_TRAP033_230905,SB,1.248,1.248,50.0,0.05,1.0,4.0,266.0,266,13.3,8.29667,8.27611,19809,1
neurovision|2023/09/06 17:54:15,mrsic_flogel,2023/09/06 17:54:15,2023,neurovision,1,ZFM-04019,ZFM-04019,ZFM-04019,2.504,2.504,25.0,0.05,2.0,2.0,345.0,309,15.45,6.69833,6.68889,15476,1
neurovision|2023/09/07 14:20:26,mrsic_flogel,2023/09/07 14:20:26,2023,neurovision,1,ZFM-05236,ZFM-05236,ZFM-05236,2.504,2.504,25.0,0.05,2.0,2.0,345.0,284,14.2,6.01639,6.00556,15392,1
neurovision|2023/09/08 15:13:39,mrsic_flogel,2023/09/08 15:13:39,2023,neurovision,1,MFD_05,MFD_05,MFD,4.386,4.386,25.0,0.05,2.0,2.0,351.0,286,14.3,5.53,5.52,13848,1
neurovision|2023/09/11 13:24:36,isogai,2023/09/11 13:24:36,2023,neurovision,1,SB_TRAP034_230911,SB_TRAP034_230911,SB,1.248,1.248,50.0,0.05,1.0,4.0,244.0,244,12.2,7.70389,7.6775,18472,1
neurovision|2023/09/12 11:47:34,isogai,2023/09/12 11:47:34,2023,neurovision,1,SB_TRAP035_230912,SB_TRAP035_230912,SB,1.248,1.248,50.0,0.05,1.0,4.0,280.0,280,14.0,7.47333,7.45278,19769,1
neurovision|2023/09/13 16:34:11,mrsic_flogel,2023/09/13 16:34:11,2023,neurovision,3,MFD_06;MFD_06_07;MFD_07,MFD_06;MFD_06_07;MFD_07,MFD,4.386,4.386,25.0,0.05,2.0,2.0,357.0,266,13.3,6.91417,6.89611,27980,1
neurovision|2023/09/14 15:37:18,mrsic_flogel,2023/09/14 15:37:18,2023,neurovision,5,PL041;PL041_43_45_46;PL043;PL045;PL046,PL041;PL041_43_45_46;PL043;PL045;PL046,PL041;PL043;PL045;PL046,4.386,4.386,25.0,0.05,2.0,2.0,357.0,316,15.8,14.65361,14.63083,60840,1
neurovision|2023/09/15 15:43:26,mrsic_flogel,2023/09/15 15:43:26,2023,neurovision,5,KS119;KS119_22_25_26;KS122;KS125;KS126,KS119;KS119_22_25_26;KS122;KS125;KS126,KS119;KS122;KS125;KS126,2.504,2.504,25.0,0.05,2.0,1.0,354.0,314,15.7,14.12,14.1,57986,1
neurovision|2023/09/19 13:28:43,isogai,2023/09/19 13:28:43,2023,neurovision,1,SB_TRAP036_230919,SB_TRAP036_230919,SB,1.248,1.248,50.0,0.05,1.0,4.0,278.0,278,13.9,8.61889,8.59778,19482,1
neurovision|2023/09/21 14:11:48,akrami,2023/09/21 14:11:48,2023,neurovision,1,EM_57,EM_57,EM,2.504,2.504,10.0,0.05,5.0,1.0,434.0,434,21.7,16.81944,16.79472,51082,1
neurovision|2023/09/22 09:58:35,mrsic_flogel,2023/09/22 09:58:35,2023,neurovision,4,HVAvLGGTA1;HVAvLGGTA2;HVAvLGGTA3;HVAvLGGTA4,HVAvLGGTA1;HVAvLGGTA2;HVAvLGGTA3;HVAvLGGTA4,HVAvLGGTA1;HVAvLGGTA2;HVAvLGGTA3;HVAvLGGTA4,2.504,2.504,10.0,0.04,4.0,1.0,250.0,250,10.0,13.63806,13.59278,64270,1
neurovision|2023/09/23 14:52:47,mrsic_flogel,2023/09/23 14:52:47,2023,neurovision,4,BG_008;BG_009;BG_010;BG_011,BG_008;BG_009;BG_010;BG_011,BG,2.504,2.504,5.0,0.04,8.0,2.0,389.0,376,15.04,35.22667,35.16861,74722,1
neurovision|2023/09/26 09:17:53,mrsic_flogel,2023/09/26 09:17:53,2023,neurovision,3,HVAvLGaxM4D1;HVAvLGaxM4D3;HVAvLGaxM4D4,HVAvLGaxM4D1;HVAvLGaxM4D3;HVAvLGaxM4D4,HVAvLGaxM4D1;HVAvLGaxM4D3;HVAvLGaxM4D4,1.248,1.248,10.0,0.04,4.0,1.0,250.0,250,10.0,13.34583,13.29222,53163,1
neurovision|2023/09/27 17:01:45,mrsic_flogel,2023/09/27 17:01:45,2023,neurovision,3,1133166;1133166_167;1133167,neurovision_1133166_167;sample_1133166;sample_1133167,1133166;1133167;neurovision;sample,8.587,8.587,10.0,0.04,4.0,4.0,448.0,415,16.6,14.85083,14.83778,34630,1
neurovision|2023/10/04 10:09:08,mrsic_flogel,2023/10/04 10:09:08,2023,neurovision,2,vLGhSynT2A1;vLGhSynT2A2,vLGhSynT2A1;vLGhSynT2A2,vLGhSynT2A1;vLGhSynT2A2,1.248,1.248,10.0,0.04,4.0,1.0,300.0,300,12.0,11.02667,10.99472,40709,1
neurovision|2023/10/05 09:39:33,mrsic_flogel,2023/10/05 09:39:33,2023,neurovision,5,HVAvLGaxM4D2;HVAvLGaxM4D5;V1vLGHalo3;V1vLGHalo4;V1vLGHalo5,HVAvLGaxM4D2;HVAvLGaxM4D5;V1vLGHalo3;V1vLGHalo4;V1vLGHalo5,HVAvLGaxM4D2;HVAvLGaxM4D5;V1vLGHalo3;V1vLGHalo4;V1vLGHalo5,2.504,2.504,10.0,0.04,4.0,1.0,250.0,250,10.0,18.77111,18.71306,91634,1
neurovision|2023/10/09 10:05:55,mrsic_flogel,2023/10/09 10:05:55,2023,neurovision,3,FPvLGBNST1;FPvLGBNST2;FPvLGBNST3,FPvLGBNST1;FPvLGBNST2;FPvLGBNST3,FPvLGBNST1;FPvLGBNST2;FPvLGBNST3,2.504,2.504,12.5,0.05,4.0,1.0,220.0,220,11.0,10.19417,10.15667,41318,1
neurovision|2023/10/11 18:11:18,mrsic_flogel,2023/10/11 18:11:18,2023,neurovision,4,KM_009;KM_009_MFD_08_NR0029;MFD_08;NR0029,KM_009;KM_009_MFD_08_NR0029;MFD_08;NR0029,KM;MFD;NR0029,4.386,4.386,25.0,0.05,2.0,2.0,362.0,319,15.95,12.66889,12.65361,46843,1
neurovision|2023/10/12 12:29:57,mrsic_flogel,2023/10/12 12:29:57,2023,neurovision,1,SWC_NM_043,SWC_NM_043,SWC,2.504,2.504,25.0,0.05,2.0,2.0,355.0,314,15.7,6.41278,6.39944,15176,1
neurovision|2023/10/13 15:47:53,mrsic_flogel,2023/10/13 15:47:53,2023,neurovision,1,SWC_NM_044,SWC_NM_044,SWC,2.504,2.504,25.0,0.05,2.0,2.0,357.0,263,13.15,5.87972,5.86833,14548,1
neurovision|2023/10/18 18:16:36,mrsic_flogel,2023/10/18 18:16:36,2023,neurovision,1,SP035,SP035,SP035,8.587,8.587,10.0,0.04,4.0,4.0,421.0,368,14.72,8.92361,8.91389,16305,1
neurovision|2023/10/19 14:01:40,mrsic_flogel,2023/10/19 14:01:40,2023,neurovision,1,SP043,SP043,SP043,8.587,8.587,10.0,0.04,4.0,4.0,447.0,387,15.48,9.77167,9.7625,17710,1
neurovision|2023/10/20 14:02:00,mrsic_flogel,2023/10/20 14:02:00,2023,neurovision,3,KS023_034;KS123;KS124,KS023_034;KS123;KS124,KS023;KS123;KS124,2.504,2.504,25.0,0.05,2.0,2.0,362.0,315,15.75,8.655,8.63861,29645,1
neurovision|2023/10/23 11:52:46,okeefe,2023/10/23 11:52:46,2023,neurovision,1,VA_idisco,VA_idisco,VA,4.386,4.386,25.0,0.05,2.0,2.0,225.0,186,9.3,7.84722,7.80778,7479,1
neurovision|2023/10/25 19:19:55,mrsic_flogel,2023/10/25 19:19:55,2023,neurovision,7,ZFM-06517;ZFM-06585;ZFM-06633;ZFM-06633_06891_06791_06585_06517_06792;ZFM-06791;ZFM-06792;ZFM-06891,ZFM-06517;ZFM-06585;ZFM-06633;ZFM-06633_06891_06791_06585_06517_06792;ZFM-06791;ZFM-06792;ZFM-06891,ZFM-06517;ZFM-06585;ZFM-06633;ZFM-06791;ZFM-06792;ZFM-06891,2.504,2.504,25.0,0.05,2.0,2.0,349.0,330,16.5,21.0225,20.99667,93660,1
neurovision|2023/10/27 17:58:18,mrsic_flogel,2023/10/27 17:58:18,2023,neurovision,7,1103691;1103692;1133356;1133357;1133834;1133835;3356_3357_3651_3652_3834_3835,neurovision_3356_3357_3651_3652_3834_3835;sample_1103691;sample_1103692;sample_1133356;sample_1133357;sample_1133834;sample_1133835,1103691;1103692;1133356;1133357;1133834;1133835;3356;neurovision;sample,8.587,8.587,25.0,0.05,2.0,4.0,356.0,333,16.65,20.56278,20.53306,80643,1
neurovision|2023/11/01 11:29:57,sjones,2023/11/01 11:29:57,2023,neurovision,4,SP120;SP121;SP122;SP124,SP120;SP121;SP122;SP124,SP120;SP121;SP122;SP124,4.386,4.386,25.0,0.05,2.0,1.0,320.0,293,14.65,12.49639,12.46222,59460,1
neurovision|2023/11/07 14:36:48,sjones,2023/11/07 14:36:48,2023,neurovision,4,SP126;SP133;SP134;SP136,SP126;SP133;SP134;SP136,SP126;SP133;SP134;SP136,4.386,4.386,25.0,0.05,2.0,1.0,310.0,292,14.6,12.42306,12.39083,58833,1
neurovision|2023/11/08 17:23:26,mrsic_flogel,2023/11/08 17:23:26,2023,neurovision,5,AB22;AB22_HB_010_MFD_09_MM009;HB_010;MFD_09;MM009,AB22;AB22_HB_010_MFD_09_MM009;HB_010;MFD_09;MM009,AB22;HB;MFD;MM009,4.386,4.386,25.0,0.05,2.0,2.0,356.0,316,15.8,13.53611,13.5125,61286,1
neurovision|2023/11/09 18:13:51,mrsic_flogel,2023/11/09 18:13:51,2023,neurovision,7,ZFM-06514;ZFM-06584;ZFM-06625;ZFM-06626;ZFM-06626_06968_06793_06584_06514_06625;ZFM-06793;ZFM-06968,ZFM-06514;ZFM-06584;ZFM-06625;ZFM-06626;ZFM-06626_06968_06793_06584_06514_06625;ZFM-06793;ZFM-06968,ZFM-06514;ZFM-06584;ZFM-06625;ZFM-06626;ZFM-06793;ZFM-06968,2.504,2.504,25.0,0.05,2.0,2.0,351.0,334,16.7,20.98806,20.96306,94451,1
neurovision|2023/11/14 19:40:53,mrsic_flogel,2023/11/14 19:40:53,2023,neurovision,1,penkBSTrGFP1,SD_1120807,SD;penkBSTrGFP1,2.504,2.504,10.0,0.04,4.0,4.0,232.0,232,9.28,10.89556,10.85944,21246,1
neurovision|2023/11/16 17:13:40,mrsic_flogel,2023/11/16 17:13:40,2023,neurovision,1,KM_001,KM_001,KM,4.386,4.386,25.0,0.05,2.0,4.0,333.0,327,16.35,7.43639,7.42444,15929,1
neurovision|2023/11/17 16:24:33,mrsic_flogel,2023/11/17 16:24:33,2023,neurovision,6,ZFM-06515;ZFM-06518;ZFM-06518_06819_06982_06962_06515;ZFM-06819;ZFM-06892;ZFM-06962,ZFM-06515;ZFM-06518;ZFM-06518_06819_06982_06962_06515;ZFM-06819;ZFM-06892;ZFM-06962,ZFM-06515;ZFM-06518;ZFM-06819;ZFM-06892;ZFM-06962,2.504,2.504,25.0,0.05,2.0,4.0,355.0,330,16.5,24.55389,24.525,75184,1
neurovision|2023/11/22 17:04:36,mrsic_flogel,2023/11/22 17:04:36,2023,neurovision,1,SWC_NM_051,SWC_NM_051,SWC,2.504,2.504,25.0,0.05,2.0,4.0,344.0,305,15.25,9.50833,9.49611,14991,1
neurovision|2023/11/23 17:05:56,mrsic_flogel,2023/11/23 17:05:56,2023,neurovision,4,dop_56;dop_56_57_59;dop_57;dop_59,dop_56;dop_56_57_59;dop_57;dop_59,dop,2.504,2.504,25.0,0.05,2.0,4.0,342.0,303,15.15,15.15639,15.12167,45617,1
neurovision|2023/11/27 15:22:58,akrami,2023/11/27 15:22:58,2023,neurovision,1,2pe,VP_CAP53,2pe;VP,2.504,2.504,7.1,0.05,7.0,1.0,381.0,381,19.05,15.20417,15.1775,40497,1
neurovision|2023/11/28 10:12:27,akrami,2023/11/28 10:12:27,2023,neurovision,1,2pe,VP_CAP54,2pe;VP,2.504,2.504,6.3,0.05,8.0,1.0,382.0,368,18.4,14.92306,14.89333,38505,1
neurovision|2023/12/04 11:35:21,mrsic_flogel,2023/12/04 11:35:21,2023,neurovision,3,bVGAT-chR2-EYFP08_SerialSection;bVGAT-chR2-EYFP09_SerialSection;bVGAT-chR2-EYFP10_SerialSection,bVGAT-chR2-EYFP08;bVGAT-chR2-EYFP09;bVGAT-chR2-EYFP10,bVGAT-chR2-EYFP08;bVGAT-chR2-EYFP09;bVGAT-chR2-EYFP10,4.386,4.386,10.0,0.04,4.0,1.0,354.0,313,12.52,12.6675,12.63,51956,1
neurovision|2023/12/05 12:17:16,mrsic_flogel,2023/12/05 12:17:16,2023,neurovision,1,aVIP01_SerialSection,SM_aVIP01,SM;aVIP01,2.504,2.504,5.0,0.04,8.0,6.0,284.0,284,11.36,19.83694,19.76889,17170,1
neurovision|2023/12/06 11:06:15,mrsic_flogel,2023/12/06 11:06:15,2023,neurovision,3,SOMChROFF4;SOMChROFF5;SOMChROFF6,SOMChROFF4;SOMChROFF5;SOMChROFF6,SOMChROFF4;SOMChROFF5;SOMChROFF6,2.504,2.504,10.0,0.04,4.0,1.0,250.0,250,10.0,11.97944,11.94306,50795,1
neurovision|2023/12/07 10:48:30,margrie,2023/12/07 10:48:30,2023,neurovision,1,SL_dr_tgt_1,SL_dr_tgt_1,SL,2.504,2.504,25.0,0.05,2.0,1.0,100.0,48,2.4,1.035,1.01389,3388,1
neurovision|2023/12/07 13:02:02,mrsic_flogel,2023/12/07 13:02:02,2023,neurovision,3,C2rbvLGRS4;C2rbvLGRS5;C2rbvLGRS6,C2rbvLGRS4;C2rbvLGRS5;C2rbvLGRS6,C2rbvLGRS4;C2rbvLGRS5;C2rbvLGRS6,1.248,1.248,20.0,0.04,2.0,1.0,350.0,345,13.8,14.42722,14.39361,62726,1
neurovision|2023/12/08 15:08:13,mrsic_flogel,2023/12/08 15:08:13,2023,neurovision,2,fpRbp401_SerialSection;fpRbp403_SerialSection,fpRbp401;fpRbp403,fpRbp401;fpRbp403,4.386,4.386,10.0,0.04,4.0,4.0,359.0,314,12.56,15.93972,15.89167,33755,1
neurovision|2023/12/11 09:57:05,mrsic_flogel,2023/12/11 09:57:05,2023,neurovision,6,TRNGtA2;TRNGtA3;vLGhM4D1;vLGhM4D3;vLGhM4D4;vLGhM4D5,TRNGtA2;TRNGtA3;vLGhM4D1;vLGhM4D3;vLGhM4D4;vLGhM4D5,TRNGtA2;TRNGtA3;vLGhM4D1;vLGhM4D3;vLGhM4D4;vLGhM4D5,2.504,2.504,10.0,0.04,4.0,1.0,200.0,200,8.0,17.61333,17.54694,94671,1
neurovision|2023/12/12 09:53:24,mrsic_flogel,2023/12/12 09:53:24,2023,neurovision,5,vLGGtA13;vLGhM4cont1;vLGhM4cont2;vLGhM4cont3;vLGhM4cont4,vLGGtA13;vLGhM4cont1;vLGhM4cont2;vLGhM4cont3;vLGhM4cont4,vLGGtA13;vLGhM4cont1;vLGhM4cont2;vLGhM4cont3;vLGhM4cont4,2.504,2.504,10.0,0.04,4.0,1.0,200.0,200,8.0,17.86278,17.79944,95716,1
neurovision|2023/12/13 09:52:23,mrsic_flogel,2023/12/13 09:52:23,2023,neurovision,2,bPV01_SerialSection;bRbp419_SerialSection,bPV01;bRbp419,bPV01;bRbp419,4.386,4.386,20.0,0.04,2.0,1.0,342.0,129,5.16,4.34722,4.31944,18245,1
neurovision|2023/12/13 17:11:40,mrsic_flogel,2023/12/13 17:11:40,2023,neurovision,1,fpRbp404_SerialSection,SM_fpRbp404,SM;fpRbp404,4.386,4.386,10.0,0.04,4.0,2.0,289.0,289,11.56,8.26417,8.23778,16935,1
neurovision|2023/12/14 09:30:56,mrsic_flogel,2023/12/14 09:30:56,2023,neurovision,6,C2rbAC1;C2rbAC2;PVhSyn1;SOMChROFF10;SOMChROFF7;SOMChROFF9,C2rbAC1;C2rbAC2;PVhSyn1;SOMChROFF10;SOMChROFF7;SOMChROFF9,C2rbAC1;C2rbAC2;PVhSyn1;SOMChROFF10;SOMChROFF7;SOMChROFF9,2.504,2.504,10.0,0.04,4.0,1.0,250.0,250,10.0,22.90111,22.83583,92274,1
neurovision|2023/12/15 15:52:05,mrsic_flogel,2023/12/15 15:52:05,2023,neurovision,1,ML_1118393_optobeh1_151223,ML_1118393_optobeh1_151223,ML,4.386,4.386,20.0,0.04,2.0,2.0,281.0,281,11.24,7.58722,7.56611,16305,1
neurovision|2023/12/16 09:28:52,mrsic_flogel,2023/12/16 09:28:52,2023,neurovision,2,LHbvLGT2A1;LHbvLGT2A2,LHbvLGT2A1;LHbvLGT2A2,LHbvLGT2A1;LHbvLGT2A2,1.248,1.248,5.0,0.04,8.0,4.0,180.0,134,5.36,23.73722,23.60028,26239,1
neurovision|2023/12/17 10:03:07,mrsic_flogel,2023/12/17 10:03:07,2023,neurovision,6,C2wtBSTvLG1;C2wtBSTvLG2;C2wtBSTvLG3;FPvGmSCA;FPvGmSCB;FPvGmSCC,C2wtBSTvLG1;C2wtBSTvLG2;C2wtBSTvLG3;FPvGmSCA;FPvGmSCB;FPvGmSCC,C2wtBSTvLG1;C2wtBSTvLG2;C2wtBSTvLG3;FPvGmSCA;FPvGmSCB;FPvGmSCC,2.504,2.504,10.0,0.04,4.0,1.0,214.0,214,8.56,16.86778,16.795,84582,1
neurovision|2023/12/18 09:04:26,mrsic_flogel,2023/12/18 09:04:26,2023,neurovision,1,NV_SCvLGT2A3_18122023,NV_SCvLGT2A3_18122023,NV,1.248,1.248,5.0,0.04,8.0,4.0,200.0,227,9.08,18.55444,18.51944,18350,1
neurovision|2023/12/19 13:28:41,mrsic_flogel,2023/12/19 13:28:41,2023,neurovision,7,S305N-585;S305N-585-586-619_htauK1-506-512-516-3;S305N-586;S305N-619;hTauK1-506;hTauK1-512;hTauK1-516,S305N-585;S305N-585-586-619_htauK1-506-512-516-3;S305N-586;S305N-619;hTauK1-506;hTauK1-512;hTauK1-516,S305N-585;S305N-585-586-619;S305N-586;S305N-619;hTauK1-506;hTauK1-512;hTauK1-516,2.504,2.504,5.0,0.04,8.0,1.0,424.0,422,16.88,56.31028,56.23944,132079,1
neurovision|2023/12/22 09:58:08,margrie,2023/12/22 09:58:08,2023,neurovision,1,SL_1134612,SL_1134612,SL,2.504,2.504,25.0,0.05,2.0,1.0,210.0,210,10.5,3.91861,3.90028,11425,1
neurovision|2023/12/22 14:33:25,margrie,2023/12/22 14:33:25,2023,neurovision,1,1121018,neurovision_1121018,1121018;neurovision,2.504,2.504,50.0,0.05,1.0,1.0,150.0,148,7.4,2.99528,2.98056,11588,1
neurovision|2023/12/23 14:41:19,sjones,2023/12/23 14:41:19,2023,neurovision,4,SP109;SP112;SP129;SP130,SP109;SP112;SP129;SP130,SP109;SP112;SP129;SP130,4.386,4.386,20.0,0.04,2.0,2.0,396.0,358,14.32,16.60278,16.56806,75460,1
neurovision|2023/12/31 19:38:24,mrsic_flogel,2023/12/31 19:38:24,2023,neurovision,2,site_2;site_6,site_2;site_6,site,2.504,2.504,5.0,0.04,8.0,4.0,328.0,328,13.12,27.40694,27.34472,36469,1
neurovision|2024/01/05 14:17:32,sjones,2024/01/05 14:17:32,2024,neurovision,2,SP127;SP128,SP127;SP128,SP127;SP128,4.386,4.386,20.0,0.04,2.0,1.0,398.0,359,14.36,9.95306,9.9325,37517,1
neurovision|2024/01/09 18:54:01,mrsic_flogel,2024/01/09 18:54:01,2024,neurovision,1,NV_TRNGtA4_09012024,NV_TRNGtA4_09012024,NV,4.386,4.386,10.0,0.04,4.0,1.0,200.0,200,8.0,4.19278,4.17722,13373,1
neurovision|2024/01/10 10:01:04,mrsic_flogel,2024/01/10 10:01:04,2024,neurovision,4,PenkChR4;PenkChR5;PenkChR6;PenkChR7,PenkChR4;PenkChR5;PenkChR6;PenkChR7,PenkChR4;PenkChR5;PenkChR6;PenkChR7,2.504,2.504,10.0,0.04,4.0,1.0,220.0,220,8.8,12.65417,12.60722,58860,1
neurovision|2024/01/12 15:23:32,mrsic_flogel,2024/01/12 15:23:32,2024,neurovision,2,site_3;site_4,site_3;site_4,site,2.504,2.504,5.0,0.04,8.0,4.0,375.0,350,14.0,29.83361,29.76056,40696,1
neurovision|2024/01/15 18:43:53,mrsic_flogel,2024/01/15 18:43:53,2024,neurovision,2,atdTomSom02_SerialSection;atdTomSom03_SerialSection,atdTomSom02;atdTomSom03,atdTomSom02;atdTomSom03,4.386,4.386,20.0,0.04,2.0,4.0,354.0,333,13.32,12.85194,12.81639,35452,1
neurovision|2024/01/16 15:41:06,okeefe,2024/01/16 15:41:06,2024,neurovision,1,LS_1103954,LS_1103954,LS,2.504,2.504,8.3,0.05,6.0,1.0,250.0,250,12.5,6.23056,6.21333,14406,1
neurovision|2024/01/22 13:27:35,sjones,2024/01/22 13:27:35,2024,neurovision,2,SP110;SP111,SP110;SP111,SP110;SP111,4.386,4.386,20.0,0.04,2.0,1.0,405.0,360,14.4,10.06861,10.05222,37260,1
neurovision|2024/01/23 13:05:33,okeefe,2024/01/23 13:05:33,2024,neurovision,1,JO_049,JO_049,JO,4.386,4.386,25.0,0.05,2.0,1.0,118.0,118,5.9,4.02778,3.99556,15170,1
neurovision|2024/01/25 15:17:05,mrsic_flogel,2024/01/25 15:17:05,2024,neurovision,1,NR_0032,NR_0032,NR,4.386,4.386,20.0,0.04,2.0,2.0,453.0,388,15.52,6.96,6.95194,17390,1
neurovision|2024/01/26 10:48:44,mrsic_flogel,2024/01/26 10:48:44,2024,neurovision,6,vLGhM4D1_low;vLGhM4D2_low;vLGhM4D3_low;vLGhM4cont5;vLGhM4cont6;vLGhM4cont7,vLGhM4D1_low;vLGhM4D2_low;vLGhM4D3_low;vLGhM4cont5;vLGhM4cont6;vLGhM4cont7,vLGhM4D1;vLGhM4D2;vLGhM4D3;vLGhM4cont5;vLGhM4cont6;vLGhM4cont7,2.504,2.504,10.0,0.04,4.0,1.0,220.0,220,8.8,16.77556,16.71417,87368,1
neurovision|2024/01/27 12:50:02,margrie,2024/01/27 12:50:02,2024,neurovision,1,SL_1100580,SL_1100580,SL,1.248,1.248,8.3,0.05,6.0,1.0,210.0,210,10.5,6.00611,5.98583,16267,1
neurovision|2024/01/28 12:18:56,margrie,2024/01/28 12:18:56,2024,neurovision,1,SL_1100588,SL_1100588,SL,1.248,1.248,8.3,0.05,6.0,1.0,210.0,210,10.5,6.12556,6.1,15854,1
neurovision|2024/01/31 18:16:08,mrsic_flogel,2024/01/31 18:16:08,2024,neurovision,1,SWC_NM_053,SWC_NM_053,SWC,2.504,2.504,20.0,0.04,2.0,2.0,440.0,348,13.92,7.23472,7.22639,15325,1
neurovision|2024/02/01 12:56:28,mrsic_flogel,2024/02/01 12:56:28,2024,neurovision,3,SWC_NM_050;SWC_NM_050_054;SWC_NM_054,SWC_NM_050;SWC_NM_050_054;SWC_NM_054,SWC,2.504,2.504,20.0,0.04,2.0,2.0,447.0,380,15.2,12.72889,12.69972,40681,1
neurovision|2024/02/02 15:02:22,mrsic_flogel,2024/02/02 15:02:22,2024,neurovision,1,KM_004,KM_004,KM,4.386,4.386,20.0,0.04,2.0,2.0,443.0,365,14.6,8.39806,8.38444,20869,1
neurovision|2024/02/04 09:53:53,mrsic_flogel,2024/02/04 09:53:53,2024,neurovision,1,NV_PenkhSyn3_04022024,NV_PenkhSyn3_04022024,NV,2.504,2.504,5.0,0.04,8.0,4.0,200.0,200,8.0,11.9075,11.85861,14813,1
neurovision|2024/02/06 09:58:52,mrsic_flogel,2024/02/06 09:58:52,2024,neurovision,1,NV_PVhSyn3_06022024,NV_PVhSyn3_06022024,NV,2.504,2.504,5.0,0.04,8.0,4.0,220.0,220,8.8,13.28083,14.24528,15150,1
neurovision|2024/02/07 13:57:12,margrie,2024/02/07 13:57:12,2024,neurovision,2,1100586;1100587,sample_1100586;sample_1100587,1100586;1100587;sample,2.504,2.504,25.0,0.05,2.0,1.0,210.0,210,10.5,10.18556,10.14806,29437,1
neurovision|2024/02/08 16:11:26,mrsic_flogel,2024/02/08 16:11:26,2024,neurovision,1,HM_BG_001_IAA-1129130,HM_BG_001_IAA-1129130,HM,2.504,2.504,20.0,0.04,2.0,1.0,344.0,344,13.76,8.64611,8.63028,18609,1
neurovision|2024/02/12 12:09:26,mrsic_flogel,2024/02/12 12:09:26,2024,neurovision,1,HM_1134607_opto_ER,HM_1134607_opto_ER,HM,2.504,2.504,20.0,0.04,2.0,1.0,287.0,287,11.48,9.93056,9.90722,18071,1
neurovision|2024/02/13 13:53:58,margrie,2024/02/13 13:53:58,2024,neurovision,2,1100709;1100710,sample_1100709;sample_1100710,1100709;1100710;sample,2.504,2.504,25.0,0.05,2.0,1.0,210.0,210,10.5,12.97444,12.93,31619,1
neurovision|2024/02/14 11:43:24,mrsic_flogel,2024/02/14 11:43:24,2024,neurovision,2,vLGhM4D4_low;vLGhM4cont8,vLGhM4D4_low;vLGhM4cont8,vLGhM4D4;vLGhM4cont8,2.504,2.504,10.0,0.04,4.0,1.0,200.0,200,8.0,9.18556,9.14583,26764,1
neurovision|2024/02/15 12:03:31,margrie,2024/02/15 12:03:31,2024,neurovision,1,SL_dr_30deg_4.3deg_4mm_02dv03ml,SL_dr_30deg_4,SL,2.504,2.504,50.0,0.05,1.0,1.0,210.0,210,10.5,5.02528,5.01083,13382,1
neurovision|2024/02/15 18:09:53,mrsic_flogel,2024/02/15 18:09:53,2024,neurovision,5,MM010;MM010_011_012_013;MM011;MM012;MM013,MM010;MM010_011_012_013;MM011;MM012;MM013,MM010;MM011;MM012;MM013,4.386,4.386,20.0,0.04,2.0,1.0,455.0,385,15.4,14.86972,14.84361,73529,1
neurovision|2024/02/18 18:04:04,mrsic_flogel,2024/02/18 18:04:04,2024,neurovision,4,DiI_1;DiI_2;DiI_3;DiI_4,DiI_1;DiI_2;DiI_3;DiI_4,DiI,4.386,4.386,20.0,0.04,2.0,1.0,409.0,368,14.72,14.61222,14.57556,75837,1
neurovision|2024/02/21 11:25:45,okeefe,2024/02/21 11:25:45,2024,neurovision,1,LS_casp_test_1103958,LS_casp_test_1103958,LS,2.504,2.504,20.0,0.04,2.0,1.0,339.0,339,13.56,7.75667,7.74306,18034,1
neurovision|2024/02/22 13:12:20,margrie,2024/02/22 13:12:20,2024,neurovision,1,SL_dr_beads_midline_scvess_25deg,SL_dr_beads_midline_scvess_25deg,SL,2.504,2.504,25.0,0.05,2.0,1.0,100.0,100,5.0,2.37889,2.35639,7353,1
neurovision|2024/02/22 17:44:15,mrsic_flogel,2024/02/22 17:44:15,2024,neurovision,1,KM_008,KM_008,KM,4.386,4.386,20.0,0.04,2.0,2.0,457.0,384,15.36,7.43528,7.42972,18465,1
neurovision|2024/02/23 14:39:26,mrsic_flogel,2024/02/23 14:39:26,2024,neurovision,1,HM_MOs_Anos_1127027R,HM_MOs_Anos_1127027R,HM,1.248,1.248,10.0,0.04,4.0,4.0,382.0,382,15.28,16.47222,16.44944,22555,1
neurovision|2024/02/29 12:36:59,mrsic_flogel,2024/02/29 12:36:59,2024,neurovision,1,SWC_NM_052,SWC_NM_052,SWC,2.504,2.504,20.0,0.04,2.0,4.0,458.0,384,15.36,9.60972,9.59611,21155,1
neurovision|2024/03/01 15:11:04,sjones,2024/03/01 15:11:04,2024,neurovision,1,SP183,SP183,SP183,2.504,2.504,5.0,0.04,8.0,4.0,371.0,371,14.84,20.85167,20.83472,25055,1
neurovision|2024/03/02 14:39:25,sjones,2024/03/02 14:39:25,2024,neurovision,1,SP184,SP184,SP184,2.504,2.504,5.0,0.04,8.0,1.0,361.0,361,14.44,18.94306,18.92972,21352,1
neurovision|2024/03/06 15:33:43,sjones,2024/03/06 15:33:43,2024,neurovision,4,SP149;SP150;SP151;SP152,SP149;SP150;SP151;SP152,SP149;SP150;SP151;SP152,4.386,4.386,20.0,0.04,2.0,2.0,412.0,366,14.64,16.28611,16.26056,77056,1
neurovision|2024/03/07 13:10:54,mrsic_flogel,2024/03/07 13:10:54,2024,neurovision,3,HB_011;HB_011_SWC_NM_056;SWC_NM_056,HB_011;HB_011_SWC_NM_056;SWC_NM_056,HB;SWC,2.504,2.504,20.0,0.04,2.0,2.0,456.0,397,15.88,14.74917,14.73583,37507,1
neurovision|2024/03/08 13:41:48,mrsic_flogel,2024/03/08 13:41:48,2024,neurovision,3,1188961;1188963;JS_1188961_63,JS_1188961_63;sample_1188961;sample_1188963,1188961;1188963;JS;sample,4.386,4.386,20.0,0.04,2.0,4.0,456.0,381,15.24,13.05944,13.04639,36133,1
neurovision|2024/03/09 12:34:51,margrie,2024/03/09 12:34:51,2024,neurovision,1,kim_mouse_10um,SL_1121660,SL;kim,2.504,2.504,25.0,0.05,2.0,1.0,100.0,100,5.0,2.42056,2.39889,7548,1
neurovision|2024/03/13 09:33:20,mrsic_flogel,2024/03/13 09:33:20,2024,neurovision,1,NV_NOShSyn5_13032024,NV_NOShSyn5_13032024,NV,2.504,2.504,5.0,0.04,8.0,4.0,200.0,200,8.0,11.69194,11.64056,14721,1
neurovision|2024/03/14 09:17:53,mrsic_flogel,2024/03/14 09:17:53,2024,neurovision,2,SCvLGT2A4;SCvLGT2A5,SCvLGT2A4;SCvLGT2A5,SCvLGT2A4;SCvLGT2A5,2.504,2.504,5.0,0.04,8.0,4.0,180.0,180,7.2,18.42694,18.3525,26976,1
neurovision|2024/03/15 09:57:16,mrsic_flogel,2024/03/15 09:57:16,2024,neurovision,1,NV_LPvLGT2A5_15032024,NV_LPvLGT2A5_15032024,NV,2.504,2.504,5.0,0.04,8.0,4.0,200.0,200,8.0,11.70417,11.65167,14868,1
neurovision|2024/03/17 13:41:13,margrie,2024/03/17 13:41:13,2024,neurovision,1,sub-055_id-1100827,SL_1100827,SL;sub-055,1.248,1.248,25.0,0.05,2.0,1.0,210.0,173,8.65,4.18611,4.16667,13838,1
neurovision|2024/03/17 18:26:42,margrie,2024/03/17 18:26:42,2024,neurovision,2,sub-056_id-1100826;sub-057_id-1100828,sample_1100826;sample_1100828,sample;sub-056;sub-057,1.248,1.248,25.0,0.05,2.0,1.0,210.0,210,10.5,9.72028,9.68667,33436,1
neurovision|2024/03/18 13:03:57,isogai,2024/03/18 13:03:57,2024,neurovision,4,822;827;836;837,SB_TRAP_827_837_822_836_240318;sample_822;sample_827,822;827;836;837;SB;sample,1.248,1.248,25.0,0.05,2.0,4.0,130.0,296,14.8,26.70694,30.89056,80734,1
neurovision|2024/03/20 18:13:08,isogai,2024/03/20 18:13:08,2024,neurovision,2,823;825,sample_823;sample_825,823;825;sample,2.504,2.504,6.3,0.05,8.0,4.0,209.0,173,8.65,17.86278,17.74333,20691,1
neurovision|2024/03/23 14:12:29,mrsic_flogel,2024/03/23 14:12:29,2024,neurovision,4,1121455;1135424;1135426;1135427,BB_BG_1121455_1135427_1135424_1135426;sample_1121455,1121455;1135424;1135426;1135427;BB;sample,2.504,2.504,5.0,0.04,8.0,1.0,288.0,374,14.96,44.26194,44.30667,94698,0
neurovision|2024/03/25 12:58:14,isogai,2024/03/25 12:58:14,2024,neurovision,1,SB_TRAP_821_240325,SB_TRAP_821_240325,SB,2.504,2.504,6.3,0.05,8.0,4.0,256.0,254,12.7,13.55,14.09361,15071,1
neurovision|2024/03/26 09:23:54,mrsic_flogel,2024/03/26 09:23:54,2024,neurovision,1,NV_vgathSyn8_26032024,NV_vgathSyn8_26032024,NV,2.504,2.504,5.0,0.04,8.0,4.0,220.0,220,8.8,14.07,14.01778,16120,1
neurovision|2024/03/27 14:46:33,isogai,2024/03/27 14:46:33,2024,neurovision,1,SB_TRAP_838_240327,SB_TRAP_838_240327,SB,2.504,2.504,6.3,0.05,8.0,4.0,260.0,260,13.0,14.26972,14.21694,14996,1
neurovision|2024/03/28 14:49:31,mrsic_flogel,2024/03/28 14:49:31,2024,neurovision,4,1135423;1135425;1135789;1135790,sample_1135423;sample_1135425;sample_1135789;sample_1135790,1135423;1135425;1135789;1135790;sample,2.504,2.504,5.0,0.04,8.0,2.0,378.0,356,14.24,37.70389,37.61639,76330,1
neurovision|2024/04/02 17:50:38,mrsic_flogel,2024/04/02 17:50:38,2024,neurovision,1,ZFM-06946,ZFM-06946,ZFM-06946,2.504,2.504,20.0,0.04,2.0,4.0,455.0,348,13.92,8.2,8.18389,16805,1
neurovision|2024/04/03 09:32:55,mrsic_flogel,2024/04/03 09:32:55,2024,neurovision,1,ZFM-06305,ZFM-06305,ZFM-06305,2.504,2.504,20.0,0.04,2.0,2.0,457.0,382,15.28,7.45639,7.44833,16968,1
neurovision|2024/04/03 17:26:42,mrsic_flogel,2024/04/03 17:26:42,2024,neurovision,1,ZFM-05235,ZFM-05235,ZFM-05235,2.504,2.504,20.0,0.04,2.0,4.0,454.0,387,15.48,9.70361,9.69333,21892,1
neurovision|2024/04/04 09:44:40,mrsic_flogel,2024/04/04 09:44:40,2024,neurovision,1,ZFM-05245,ZFM-05245,ZFM-05245,2.504,2.504,20.0,0.04,2.0,2.0,451.0,365,14.6,7.70694,7.6975,20281,1
neurovision|2024/04/04 17:52:27,mrsic_flogel,2024/04/04 17:52:27,2024,neurovision,1,ZFM-05248,ZFM-05248,ZFM-05248,2.504,2.504,20.0,0.04,2.0,4.0,456.0,396,15.84,9.60667,9.59694,20485,1
neurovision|2024/04/05 11:48:46,mrsic_flogel,2024/04/05 11:48:46,2024,neurovision,1,ZFM-05244,ZFM-05244,ZFM-05244,2.504,2.504,20.0,0.04,2.0,1.0,456.0,306,12.24,6.145,6.13667,20066,1
neurovision|2024/04/08 14:00:39,isogai,2024/04/08 14:00:39,2024,neurovision,2,824;828,sample_824;sample_828,824;828;sample,2.504,2.504,6.3,0.05,8.0,4.0,272.0,267,13.35,23.07556,23.00833,30526,1
neurovision|2024/04/10 12:31:42,isogai,2024/04/10 12:31:42,2024,neurovision,1,SB_TRAP_820_826_240410,SB_TRAP_820_826_240410,SB,2.504,2.504,6.3,0.05,8.0,4.0,262.0,251,12.55,20.76528,20.68194,28818,1
neurovision|2024/04/11 09:48:32,mrsic_flogel,2024/04/11 09:48:32,2024,neurovision,2,PVhSyn5;PVhSyn6,NV_PVhSyn5_6_11042024;PVhSyn5,NV;PVhSyn5;PVhSyn6,2.504,2.504,5.0,0.04,8.0,4.0,200.0,237,9.48,24.22444,24.3075,35267,1
neurovision|2024/04/12 10:48:13,mrsic_flogel,2024/04/12 10:48:13,2024,neurovision,1,atdTomPV01_SerialSection,SM_atdTomPV01,SM;atdTomPV01,2.504,2.504,5.0,0.04,8.0,8.0,292.0,292,11.68,23.25,23.16444,16299,1
neurovision|2024/04/15 13:09:03,mrsic_flogel,2024/04/15 13:09:03,2024,neurovision,1,aVGAT-chR2-EYFP01_SerialSection,SM_aVGAT-chR2-EYFP01,SM;aVGAT-chR2-EYFP01,2.504,2.504,10.0,0.04,4.0,10.0,303.0,303,12.12,14.18639,14.13278,16645,1
neurovision|2024/04/16 11:37:29,mrsic_flogel,2024/04/16 11:37:29,2024,neurovision,2,aNtsr101_SerialSection;cptdTom15,aNtsr101;cptdTom15,aNtsr101;cptdTom15,2.504,2.504,10.0,0.04,4.0,6.0,377.0,257,10.28,22.01528,21.94972,33126,1
neurovision|2024/04/17 10:16:16,mrsic_flogel,2024/04/17 10:16:16,2024,neurovision,2,NOShSyn6;NOShSyn7,NOShSyn6;NV_NOShSyn6_7_17042024,NOShSyn6;NOShSyn7;NV,2.504,2.504,5.0,0.04,8.0,4.0,100.0,215,8.6,24.38083,24.79389,34101,1
neurovision|2024/04/30 13:01:42,isogai,2024/04/30 13:01:42,2024,neurovision,3,SB056;SB090;SB091,SB056;SB090;SB091,SB056;SB090;SB091,4.386,4.386,25.0,0.05,2.0,2.0,275.0,275,13.75,11.5675,11.52861,44298,1
neurovision|2024/05/01 10:41:19,mrsic_flogel,2024/05/01 10:41:19,2024,neurovision,2,NOShSyn6_2;NOShSyn7_2,NOShSyn6_2;NOShSyn7_2,NOShSyn6;NOShSyn7,2.504,2.504,5.0,0.04,8.0,4.0,150.0,150,6.0,14.10583,14.00528,20090,1
neurovision|2024/05/07 14:56:25,akrami,2024/05/07 14:56:25,2024,neurovision,1,LE_04,LE_04,LE,4.386,4.386,25.0,0.05,2.0,1.0,316.0,303,15.15,11.65556,11.62028,40235,1
neurovision|2024/05/08 10:52:38,akrami,2024/05/08 10:52:38,2024,neurovision,1,LP_02,LP_02,LP,4.386,4.386,25.0,0.05,2.0,1.0,324.0,323,16.15,10.23028,10.20639,42449,1
neurovision|2024/05/09 16:02:20,mrsic_flogel,2024/05/09 16:02:20,2024,neurovision,1,KM_022,KM_022,KM,2.504,2.504,20.0,0.04,2.0,4.0,423.0,399,15.96,8.90806,8.89667,18149,1
neurovision|2024/05/10 13:31:01,margrie,2024/05/10 13:31:01,2024,neurovision,1,SW_1121872,SW_1121872,SW,2.504,2.504,5.0,0.05,10.0,1.0,216.0,216,10.8,12.77667,12.7425,12281,1
neurovision|2024/05/13 13:27:59,mrsic_flogel,2024/05/13 13:27:59,2024,neurovision,4,1135433;1135435;1136237;1136238,sample_1135433;sample_1135435;sample_1136237;sample_1136238,1135433;1135435;1136237;1136238;sample,8.587,8.587,5.0,0.04,8.0,1.0,381.0,376,15.04,26.34583,26.30778,77997,1
neurovision|2024/05/17 15:35:58,mrsic_flogel,2024/05/17 15:35:58,2024,neurovision,6,bNr5a108_SerialSection;bRbp433_SerialSection;bRbp435_SerialSection;bRbp436_SerialSection;bRbp437_SerialSection;bRbp440_SerialSection,bNr5a108;bRbp433;bRbp435;bRbp436;bRbp437;bRbp440,bNr5a108;bRbp433;bRbp435;bRbp436;bRbp437;bRbp440,4.386,4.386,20.0,0.04,2.0,1.0,342.0,331,13.24,23.74528,23.67583,108505,1
neurovision|2024/05/21 14:09:14,mrsic_flogel,2024/05/21 14:09:14,2024,neurovision,1,atdTomVGAT03_SerialSection,SM_atdTomVGAT03,SM;atdTomVGAT03,2.504,2.504,10.0,0.04,4.0,6.0,261.0,261,10.44,13.79667,13.7475,18080,1
neurovision|2024/05/22 12:15:12,mrsic_flogel,2024/05/22 12:15:12,2024,neurovision,2,intersectChr2_1134624_L;intersectChr2_1134811_LL,intersectChr2_1134624_L;intersectChr2_1134811_LL,intersectChr2,4.386,4.386,10.0,0.04,4.0,2.0,248.0,248,9.92,9.70861,9.67111,29999,1
neurovision|2024/05/23 10:50:06,mrsic_flogel,2024/05/23 10:50:06,2024,neurovision,2,HD_005_1137131;HD_011_1137353,HD_005_1137131;HD_011_1137353,HD,4.386,4.386,20.0,0.04,2.0,1.0,383.0,362,14.48,10.62167,10.59944,34167,1
neurovision|2024/05/24 11:37:33,mrsic_flogel,2024/05/24 11:37:33,2024,neurovision,4,bVGAT12_SerialSection;bVGAT13_SerialSection;bVGAT14_SerialSection;bVGAT15_SerialSection,bVGAT12;bVGAT13;bVGAT14;bVGAT15,bVGAT12;bVGAT13;bVGAT14;bVGAT15,4.386,4.386,20.0,0.04,2.0,2.0,342.0,322,12.88,15.89528,15.84917,71602,1
neurovision|2024/05/29 18:15:29,mrsic_flogel,2024/05/29 18:15:29,2024,neurovision,5,SWC_NM_061;SWC_NM_061_066_069_070;SWC_NM_066;SWC_NM_069;SWC_NM_070,SWC_NM_061;SWC_NM_061_066_069_070;SWC_NM_066;SWC_NM_069,SWC,2.504,2.504,20.0,0.04,2.0,2.0,201.0,399,15.96,20.72444,20.83139,106950,1
neurovision|2024/05/30 17:52:37,mrsic_flogel,2024/05/30 17:52:37,2024,neurovision,1,SWC_NM_065,SWC_NM_065,SWC,8.587,8.587,20.0,0.04,2.0,2.0,436.0,415,16.6,7.81556,7.80806,20075,1
neurovision|2024/06/04 17:06:03,mrsic_flogel,2024/06/04 17:06:03,2024,neurovision,1,SOC1-06064,SOC1-06064,SOC1-06064,1.248,1.248,5.0,0.04,8.0,4.0,404.0,390,15.6,20.89889,20.87611,18910,1
neurovision|2024/06/06 17:07:03,mrsic_flogel,2024/06/06 17:07:03,2024,neurovision,1,SWC_NM_068,SWC_NM_068,SWC,2.504,2.504,20.0,0.04,2.0,2.0,417.0,344,13.76,7.16778,7.15556,19748,1
neurovision|2024/06/20 16:42:43,mrsic_flogel,2024/06/20 16:42:43,2024,neurovision,4,BG_016;BG_018;BG_019;BG_020,BG_016;BG_018;BG_019;BG_020,BG,2.504,2.504,20.0,0.04,2.0,2.0,366.0,366,14.64,16.81056,16.77944,76333,1
neurovision|2024/06/21 12:08:57,mrsic_flogel,2024/06/21 12:08:57,2024,neurovision,2,BG_013;BG_014,BG_013;BG_014,BG,2.504,2.504,20.0,0.04,2.0,2.0,301.0,301,12.04,9.38889,9.37083,35327,1
neurovision|2024/06/26 10:29:58,branco,2024/06/26 10:29:58,2024,neurovision,1,AF_AY1104499,AF_AY1104499,AF,2.504,2.504,20.0,0.04,2.0,4.0,312.0,284,11.36,9.77806,9.7525,18896,1
neurovision|2024/06/27 16:00:17,mrsic_flogel,2024/06/27 16:00:17,2024,neurovision,1,SWC_NM_057,SWC_NM_057,SWC,2.504,2.504,20.0,0.04,2.0,4.0,425.0,370,14.8,8.94083,8.93056,19713,1
neurovision|2024/07/01 17:51:57,mrsic_flogel,2024/07/01 17:51:57,2024,neurovision,3,KM_025;KM_025_026;KM_026,KM_025;KM_025_026;KM_026,KM,4.386,4.386,20.0,0.04,2.0,4.0,430.0,417,16.68,13.70667,13.68639,37243,1
neurovision|2024/07/08 17:47:13,mrsic_flogel,2024/07/08 17:47:13,2024,neurovision,1,SP052,SP052,SP052,2.504,2.504,5.0,0.04,8.0,2.0,420.0,372,14.88,16.36056,16.34472,34092,1
neurovision|2024/07/10 11:33:49,mrsic_flogel,2024/07/10 11:33:49,2024,neurovision,4,bNr5a112_SerialSection;bNr5a113_SerialSection;bNr5a114_SerialSection;bNr5a115_SerialSection,bNr5a112;bNr5a113;bNr5a114;bNr5a115,bNr5a112;bNr5a113;bNr5a114;bNr5a115,2.504,2.504,10.0,0.04,4.0,2.0,347.0,331,13.24,20.44361,20.38056,70193,1
neurovision|2024/07/17 11:01:59,mrsic_flogel,2024/07/17 11:01:59,2024,neurovision,1,YW_Cadaver03,SM_YW03,SM;YW,4.386,4.386,10.0,0.04,4.0,1.0,282.0,282,11.28,6.82,6.79917,15951,1
neurovision|2024/07/25 14:57:07,mrsic_flogel,2024/07/25 14:57:07,2024,neurovision,1,NV_vLGLPT2A3_25072024,NV_vLGLPT2A3_25072024,NV,2.504,2.504,5.0,0.04,8.0,4.0,200.0,200,8.0,11.00806,10.96083,13479,1
neurovision|2024/07/26 11:29:06,mrsic_flogel,2024/07/26 11:29:06,2024,neurovision,3,bVGAT-chR2-EYFP18_SerialSection;bVGAT-chR2-EYFP19_SerialSection;bVGAT-chR2-EYFP20_SerialSection,bVGAT-chR2-EYFP18;bVGAT-chR2-EYFP19;bVGAT-chR2-EYFP20,bVGAT-chR2-EYFP18;bVGAT-chR2-EYFP19;bVGAT-chR2-EYFP20,4.386,4.386,20.0,0.04,2.0,2.0,349.0,313,12.52,12.08222,12.04722,49909,1
neurovision|2024/07/30 15:23:34,akrami,2024/07/30 15:23:34,2024,neurovision,2,2pe;VP_CAP65_heart,VP_CAP65_heart;VP_CAP68_heart,2pe;VP,2.504,2.504,10.0,0.05,5.0,1.0,236.0,236,11.8,9.88583,9.84583,35500,1
neurovision|2024/08/01 12:30:41,mrsic_flogel,2024/08/01 12:30:41,2024,neurovision,5,SOMChRLP1;SOMChRLP2;SOMChRLP3;SOMChRLP4;SOMChRLP5,NV_SOMChRLP1_2_3_4_5_01082024;SOMChRLP1,NV;SOMChRLP1;SOMChRLP2;SOMChRLP3;SOMChRLP4;SOMChRLP5,4.386,4.386,10.0,0.04,4.0,1.0,172.0,179,7.16,11.50083,11.70917,63349,1
neurovision|2024/08/02 12:58:07,mrsic_flogel,2024/08/02 12:58:07,2024,neurovision,2,348720_49L;348720_51LR,sample_348720_49L;sample_348720_51LR,348720;sample,2.504,2.504,5.0,0.04,8.0,4.0,410.0,371,14.84,37.86861,37.82972,52162,1
neurovision|2024/08/05 11:23:41,mrsic_flogel,2024/08/05 11:23:41,2024,neurovision,4,MM018;SWC_NM_063;SWC_NM_063_073_MM018;SWC_NM_073,MM018;SWC_NM_063;SWC_NM_063_073_MM018;SWC_NM_073,MM018;SWC,2.504,2.504,20.0,0.04,2.0,2.0,450.0,411,16.44,15.66389,15.64417,60448,1
neurovision|2024/08/09 12:50:47,mrsic_flogel,2024/08/09 12:50:47,2024,neurovision,4,BB_49LL;BB_58LR;BB_61LR;BB_64LL,BB_49LL;BB_58LR;BB_61LR;BB_64LL,BB,2.504,2.504,5.0,0.04,8.0,4.0,324.0,324,12.96,32.99833,32.92806,77601,1
neurovision|2024/08/12 15:37:09,sjones,2024/08/12 15:37:09,2024,neurovision,1,BG12,BG12,BG12,2.504,2.504,10.0,0.04,4.0,1.0,397.0,287,11.48,6.81028,6.79,13881,1
neurovision|2024/08/14 15:06:34,sjones,2024/08/14 15:06:34,2024,neurovision,4,FP12;FP13;FP17;FP18,FP12;FP14;FP17;FP18,FP12;FP13;FP14;FP17;FP18,4.386,4.386,20.0,0.04,2.0,1.0,306.0,294,11.76,11.82028,11.7775,55269,1
neurovision|2024/08/15 15:43:19,sjones,2024/08/15 15:43:19,2024,neurovision,2,FP15;FP16,FP15;FP16,FP15;FP16,4.386,4.386,20.0,0.04,2.0,1.0,241.0,241,9.64,8.33417,8.30056,26491,1
neurovision|2024/08/16 12:22:01,mrsic_flogel,2024/08/16 12:22:01,2024,neurovision,1,SWC_NM_074,SWC_NM_074,SWC,2.504,2.504,20.0,0.04,2.0,4.0,442.0,388,15.52,9.45167,9.43972,20399,1
neurovision|2024/08/17 14:56:18,mrsic_flogel,2024/08/17 14:56:18,2024,neurovision,2,BB_BG_60L;BB_BG_60R,BB_BG_60L;BB_BG_60R,BB,2.504,2.504,5.0,0.04,8.0,2.0,298.0,298,11.92,17.12056,17.06639,33934,1
neurovision|2024/08/18 16:02:40,mrsic_flogel,2024/08/18 16:02:40,2024,neurovision,4,BG_023;BG_024;HD_001;HD_013,BG_023;BG_024;HD_001;HD_013,BG;HD,4.386,4.386,20.0,0.04,2.0,1.0,344.0,318,12.72,12.04917,12.01222,65524,1
neurovision|2024/08/19 12:49:49,mrsic_flogel,2024/08/19 12:49:49,2024,neurovision,4,BG_015;BG_017;HD_003;HD_018,BG_015;BG_017;HD_003;HD_018,BG;HD,4.386,4.386,20.0,0.04,2.0,1.0,349.0,349,13.96,13.62833,13.59778,70744,1
neurovision|2024/08/27 12:15:45,mrsic_flogel,2024/08/27 12:15:45,2024,neurovision,1,981,AMA_981_27824,981;AMA,2.504,2.504,5.0,0.04,8.0,4.0,365.0,365,14.6,16.49861,16.48056,17426,1
neurovision|2024/09/02 13:29:44,mrsic_flogel,2024/09/02 13:29:44,2024,neurovision,5,KM_034;SWC_NM_062;SWC_NM_062_071_072_KM_034;SWC_NM_071;SWC_NM_072,KM_034;SWC_NM_062;SWC_NM_062_071_072_KM_034;SWC_NM_071;SWC_NM_072,KM;SWC,2.504,2.504,20.0,0.04,2.0,2.0,450.0,408,16.32,20.12639,20.1075,78447,1
neurovision|2024/09/06 13:09:16,mrsic_flogel,2024/09/06 13:09:16,2024,neurovision,3,SP054;SP054_058;SP058,SP054;SP054_058;SP058,SP054;SP058,2.504,2.504,5.0,0.04,8.0,2.0,444.0,391,15.64,26.38528,26.36194,56972,1
neurovision|2024/09/10 10:18:29,mrsic_flogel,2024/09/10 10:18:29,2024,neurovision,2,vLGTSCYLP1;vLGTSCYLP2,vLGTSCYLP1;vLGTSCYLP2,vLGTSCYLP1;vLGTSCYLP2,2.504,2.504,5.0,0.04,8.0,4.0,220.0,220,8.8,20.29833,20.22194,28864,1
neurovision|2024/09/16 11:16:03,okeefe,2024/09/16 11:16:03,2024,neurovision,2,JO_HC02;JO_HC03,JO_HC02;JO_HC03,JO,4.386,4.386,25.0,0.05,2.0,1.0,348.0,348,17.4,19.25278,19.20778,85442,1
neurovision|2024/09/18 11:34:38,mrsic_flogel,2024/09/18 11:34:38,2024,neurovision,2,AAV2_1_Cre_Chr2Cre;UncroppedStacks_240930_1406_DELETE_ME_DELETE_ME,AAV2_1_Cre_Chr2Cre;BG_ChR2Cre_Calib,AAV2;BG;UncroppedStacks,4.386,4.386,20.0,0.04,2.0,1.0,325.0,325,13.0,5.69278,5.68444,17433,1
neurovision|2024/09/23 13:27:26,mrsic_flogel,2024/09/23 13:27:26,2024,neurovision,1,KM_021,KM_021,KM,4.386,4.386,20.0,0.04,2.0,4.0,421.0,401,16.04,8.69583,8.6825,18110,1
neurovision|2024/09/24 14:23:34,mrsic_flogel,2024/09/24 14:23:34,2024,neurovision,3,SP044;SP044_046;SP046,SP044;SP044_046;SP046,SP044;SP046,2.504,2.504,5.0,0.04,8.0,2.0,439.0,371,14.84,19.73833,19.70972,37776,1
neurovision|2024/09/25 10:34:26,sjones,2024/09/25 10:34:26,2024,neurovision,1,LBR_20240925,LBR_20240925,LBR,4.386,4.386,20.0,0.04,2.0,1.0,307.0,307,12.28,7.58306,7.56722,16257,1
neurovision|2024/09/30 11:55:56,mrsic_flogel,2024/09/30 11:55:56,2024,neurovision,5,ML_138;bNr5a116_SerialSection;bNr5a117_SerialSection;bNr5a118_SerialSection;bNr5a119_SerialSection,ML_138;bNr5a116;bNr5a117;bNr5a118;bNr5a119,ML;bNr5a116;bNr5a117;bNr5a118;bNr5a119,4.386,4.386,10.0,0.04,4.0,1.0,354.0,327,13.08,19.87667,19.81528,83826,1
neurovision|2024/10/01 17:40:13,mrsic_flogel,2024/10/01 17:40:13,2024,neurovision,1,SP053,SP053,SP053,2.504,2.504,5.0,0.04,8.0,2.0,439.0,313,12.52,9.96056,9.94028,16807,1
neurovision|2024/10/02 11:19:28,mrsic_flogel,2024/10/02 11:19:28,2024,neurovision,5,bRbp441_SerialSection;bVGAT-chR2-EYFP34;bVGAT-chR2-EYFP35_SerialSection;bVGAT18_SerialSection;bVGAT19_SerialSection,bRbp441;bVGAT-chR2-EYFP34;bVGAT-chR2-EYFP35;bVGAT18;bVGAT19,bRbp441;bVGAT-chR2-EYFP34;bVGAT-chR2-EYFP35;bVGAT18;bVGAT19,4.386,4.386,10.0,0.04,4.0,2.0,363.0,337,13.48,24.40944,24.33611,86858,1
neurovision|2024/10/07 14:20:41,mrsic_flogel,2024/10/07 14:20:41,2024,neurovision,6,bVGAT-chR2-EYFP40;bVGAT-chR2-EYFP41;bVGAT-chR2-EYFP42;bVGAT-chR2-EYFP43;bVGAT-chR2-EYFP44;bVGAT-chR2-EYFP45,bVGAT-chR2-EYFP40;bVGAT-chR2-EYFP41;bVGAT-chR2-EYFP42;bVGAT-chR2-EYFP43;bVGAT-chR2-EYFP44;bVGAT-chR2-EYFP45,bVGAT-chR2-EYFP40;bVGAT-chR2-EYFP41;bVGAT-chR2-EYFP42;bVGAT-chR2-EYFP43;bVGAT-chR2-EYFP44;bVGAT-chR2-EYFP45,4.386,4.386,20.0,0.04,2.0,1.0,359.0,290,11.6,18.93083,18.86972,100931,1
neurovision|2024/10/12 10:58:19,sjones,2024/10/12 10:58:19,2024,neurovision,1,LBR_20241012_vol1,LBR_20241012_vol1,LBR,8.587,8.587,20.0,0.04,2.0,1.0,309.0,309,12.36,6.915,6.89972,18316,1
neurovision|2024/10/16 14:12:30,mrsic_flogel,2024/10/16 14:12:30,2024,neurovision,2,TB_016;TB_018,TB_016;TB_018,TB,4.386,4.386,20.0,0.04,2.0,1.0,363.0,334,13.36,11.18861,11.15778,34262,1
neurovision|2024/10/17 16:03:20,sjones,2024/10/17 16:03:20,2024,neurovision,1,LBR_20241017_2x4test_v2,LBR_20241017_2x4test_v2,LBR,8.587,8.587,40.0,0.04,1.0,1.0,229.0,229,9.16,4.93,4.91444,14620,1
neurovision|2024/10/19 10:23:27,mrsic_flogel,2024/10/19 10:23:27,2024,neurovision,2,vLGLPT2A6;vLGLPT2A7,vLGLPT2A6;vLGLPT2A7,vLGLPT2A6;vLGLPT2A7,2.504,2.504,5.0,0.04,8.0,4.0,200.0,200,8.0,26.31139,26.19861,28989,1
neurovision|2024/10/22 14:50:30,mrsic_flogel,2024/10/22 14:50:30,2024,neurovision,1,AMK_Inter2_221024,AMK_Inter2_221024,AMK,2.504,2.504,5.0,0.04,8.0,2.0,300.0,300,12.0,14.67472,14.63444,16741,1
neurovision|2024/10/23 13:08:33,sjones,2024/10/23 13:08:33,2024,neurovision,1,LBR_HL_20241023_dye,LBR_HL_20241023_dye,LBR,8.587,8.587,20.0,0.04,2.0,1.0,358.0,304,12.16,10.87778,10.84972,34666,1
neurovision|2024/10/24 15:36:07,akrami,2024/10/24 15:36:07,2024,neurovision,3,DO_79;DO_81;DO_82,DO_79;DO_81;DO_82,DO,4.386,4.386,16.7,0.05,3.0,1.0,288.0,283,14.15,14.33556,14.29306,45503,1
neurovision|2024/10/25 12:42:01,mrsic_flogel,2024/10/25 12:42:01,2024,neurovision,3,bVGAT-chR2-EYFP46_SerialSection;bVGAT-chR2-EYFP47_SerialSection;bVGAT-chR2-EYFP48_SerialSection,bVGAT-chR2-EYFP46;bVGAT-chR2-EYFP47;bVGAT-chR2-EYFP48,bVGAT-chR2-EYFP46;bVGAT-chR2-EYFP47;bVGAT-chR2-EYFP48,4.386,4.386,20.0,0.04,2.0,2.0,361.0,333,13.32,23.4075,23.34083,53299,1
neurovision|2024/10/26 16:53:00,mrsic_flogel,2024/10/26 16:53:00,2024,neurovision,4,BB_783;BB_784;BB_788;BB_789,BB_788;BB_SNr_789_788_783_784,BB,2.504,2.504,5.0,0.04,8.0,2.0,384.0,371,14.84,60.95639,60.11306,81458,1
neurovision|2024/10/29 14:45:38,sjones,2024/10/29 14:45:38,2024,neurovision,2,AG_B32;AG_B33,AG_B32;AG_B33,AG,4.386,4.386,16.7,0.05,3.0,4.0,301.0,277,13.85,12.22972,12.19472,27586,1
neurovision|2024/10/30 16:53:30,mrsic_flogel,2024/10/30 16:53:30,2024,neurovision,1,KM_036,KM_036,KM,4.386,4.386,20.0,0.04,2.0,1.0,440.0,405,16.2,8.76694,8.75806,18719,1
neurovision|2024/11/02 15:54:33,mrsic_flogel,2024/11/02 15:54:33,2024,neurovision,3,BB_263;BB_264;BB_265,BB_263;BB_264;BB_265,BB,2.504,2.504,5.0,0.04,8.0,2.0,341.0,341,13.64,25.25889,25.21,56755,1
neurovision|2024/11/05 17:47:31,mrsic_flogel,2024/11/05 17:47:31,2024,neurovision,1,KM_030,KM_030,KM,4.386,4.386,20.0,0.04,2.0,4.0,423.0,387,15.48,8.74306,8.72944,19532,1
neurovision|2024/11/06 11:38:13,mrsic_flogel,2024/11/06 11:38:13,2024,neurovision,1,fpVGAT04_SerialSection,SM_fpVGAT04,SM;fpVGAT04,2.504,2.504,10.0,0.04,4.0,2.0,289.0,289,11.56,8.20639,8.18167,14456,1
neurovision|2024/11/07 10:55:50,mrsic_flogel,2024/11/07 10:55:50,2024,neurovision,6,bNr5a126_SerialSection;bNr5a127_SerialSection;bRbp450_SerialSection;bRbp452_SerialSection;bRbp453_SerialSection;bRbp454_SerialSection,bNr5a126;bNr5a127;bRbp450;bRbp452;bRbp453;bRbp454,bNr5a126;bNr5a127;bRbp450;bRbp452;bRbp453;bRbp454,4.386,4.386,20.0,0.04,2.0,1.0,342.0,321,12.84,19.14611,19.08806,100956,1
neurovision|2024/11/08 18:30:15,mrsic_flogel,2024/11/08 18:30:15,2024,neurovision,1,JK_20241108,JK_20241108,JK,4.386,4.386,20.0,0.04,2.0,2.0,435.0,364,14.56,8.56278,8.545,19472,1
neurovision|2024/11/09 17:07:44,mrsic_flogel,2024/11/09 17:07:44,2024,neurovision,3,BG_349148L;BG_349148R;BG_349149R,BG_349148L;BG_349148R;BG_349149R,BG,2.504,2.504,5.0,0.04,8.0,2.0,364.0,335,13.4,28.65444,28.58806,64901,1
neurovision|2024/11/11 15:32:00,mrsic_flogel,2024/11/11 15:32:00,2024,neurovision,1,SWC_NM_076,SWC_NM_076,SWC,2.504,2.504,20.0,0.04,2.0,4.0,434.0,304,12.16,9.32472,9.31111,18308,1
neurovision|2024/11/12 17:24:47,mrsic_flogel,2024/11/12 17:24:47,2024,neurovision,1,ZFM-05645,ZFM-05645,ZFM-05645,2.504,2.504,20.0,0.04,2.0,4.0,440.0,363,14.52,8.305,8.29194,17642,1
neurovision|2024/11/13 19:08:14,mrsic_flogel,2024/11/13 19:08:14,2024,neurovision,3,BG_022;BG_025;BG_026,BG_022;BG_025;BG_026,BG,2.504,2.504,20.0,0.04,2.0,2.0,352.0,334,13.36,13.70361,13.66583,52376,1
neurovision|2024/11/14 15:59:57,mrsic_flogel,2024/11/14 15:59:57,2024,neurovision,1,injection_validation,BG_021,BG;injection,2.504,2.504,5.0,0.04,8.0,2.0,326.0,326,13.04,11.99167,11.96722,18894,1
neurovision|2024/11/19 17:29:28,mrsic_flogel,2024/11/19 17:29:28,2024,neurovision,1,AMA_LC_1911,AMA_LC_1911,AMA,4.386,4.386,20.0,0.04,2.0,4.0,339.0,339,13.56,8.52,8.50583,17105,1
neurovision|2024/11/22 11:46:21,mrsic_flogel,2024/11/22 11:46:21,2024,neurovision,6,bNr5a128_SerialSection;bNr5a131_SerialSection;bRbp478_SerialSection;bRbp479_SerialSection;bRbp480_SerialSection;bRbp481_SerialSection,bNr5a128;bNr5a131;bRbp478;bRbp479;bRbp480;bRbp481,bNr5a128;bNr5a131;bRbp478;bRbp479;bRbp480;bRbp481,4.386,4.386,20.0,0.04,2.0,1.0,357.0,334,13.36,20.21472,20.15806,104286,1
neurovision|2024/11/25 02:21:39,branco,2024/11/25 02:21:39,2024,neurovision,4,1104804;1104808;1104816;1104877,sample_1104804;sample_1104808;sample_1104816;sample_1104877,1104804;1104808;1104816;1104877;sample,2.504,2.504,20.0,0.04,2.0,2.0,362.0,324,12.96,15.60917,15.56611,59458,1
neurovision|2024/11/26 17:26:52,mrsic_flogel,2024/11/26 17:26:52,2024,neurovision,3,KM_023;KM_023_028;KM_028,KM_023;KM_023_028;KM_028,KM,4.386,4.386,20.0,0.04,2.0,2.0,440.0,384,15.36,11.95722,11.9375,38923,1
neurovision|2024/11/27 10:40:56,mrsic_flogel,2024/11/27 10:40:56,2024,neurovision,2,ZFM-06272;ZFM-06772,ZFM-06772,ZFM-06272;ZFM-06772,2.504,2.504,20.0,0.04,2.0,2.0,441.0,329,13.16,7.10333,7.09222,19586,1
neurovision|2024/12/02 10:11:17,mrsic_flogel,2024/12/02 10:11:17,2024,neurovision,1,NV_probe2_02122024,NV_probe2_02122024,NV,4.386,4.386,20.0,0.04,2.0,1.0,250.0,238,9.52,5.175,5.15917,15923,1
neurovision|2024/12/02 17:23:03,mrsic_flogel,2024/12/02 17:23:03,2024,neurovision,1,JK_241204_ML_149,JK_021124_ML_149,JK,1.248,1.248,8.0,0.04,5.0,4.0,129.0,265,10.6,15.115,15.0825,14299,1
neurovision|2024/12/03 10:51:10,mrsic_flogel,2024/12/03 10:51:10,2024,neurovision,1,KM_039,KM_039,KM,4.386,4.386,25.0,0.05,2.0,1.0,353.0,307,15.35,5.74333,5.7325,14926,1
neurovision|2024/12/04 11:00:26,mrsic_flogel,2024/12/04 11:00:26,2024,neurovision,1,PS19-270,PS19-270,PS19-270,1.248,1.248,5.0,0.04,8.0,4.0,445.0,352,14.08,22.4025,22.37194,21265,1
neurovision|2024/12/06 12:05:25,mrsic_flogel,2024/12/06 12:05:25,2024,neurovision,2,SR_015;SR_017,SR_015;SR_017,SR,4.386,4.386,20.0,0.04,2.0,4.0,252.0,242,9.68,8.76583,8.72694,22456,1
neurovision|2024/12/08 10:33:02,mrsic_flogel,2024/12/08 10:33:02,2024,neurovision,2,SR_014;SR_016,SR_014;SR_016,SR,4.386,4.386,20.0,0.04,2.0,4.0,193.0,193,7.72,6.24833,6.20611,16111,1
neurovision|2024/12/09 11:57:44,mrsic_flogel,2024/12/09 11:57:44,2024,neurovision,1,PS19-271,PS19-271,PS19-271,1.248,1.248,5.0,0.04,8.0,4.0,446.0,360,14.4,25.10222,25.06444,24401,1
neurovision|2024/12/10 13:26:50,mrsic_flogel,2024/12/10 13:26:50,2024,neurovision,1,SP060,SP060,SP060,2.504,2.504,5.0,0.04,8.0,2.0,450.0,389,15.56,12.40528,12.39167,20150,1
neurovision|2024/12/12 13:49:30,mrsic_flogel,2024/12/12 13:49:30,2024,neurovision,4,HD_017;HD_022;TB_021;TB_022,HD_017;HD_022;TB_021;TB_022,HD;TB,4.386,4.386,20.0,0.04,2.0,1.0,341.0,341,13.64,12.96694,12.93417,65066,1
neurovision|2024/12/16 16:47:46,mrsic_flogel,2024/12/16 16:47:46,2024,neurovision,1,PS19-282,PS19-282,PS19-282,1.248,1.248,5.0,0.04,8.0,4.0,427.0,344,13.76,23.43361,23.40028,22160,1
neurovision|2024/12/17 16:33:00,mrsic_flogel,2024/12/17 16:33:00,2024,neurovision,1,PS19-280,PS19-280,PS19-280,1.248,1.248,5.0,0.04,8.0,4.0,444.0,367,14.68,24.74528,24.70556,23629,1
neurovision|2024/12/18 17:35:18,mrsic_flogel,2024/12/18 17:35:18,2024,neurovision,1,ZFM-06271,ZFM-06271,ZFM-06271,2.504,2.504,20.0,0.04,2.0,4.0,445.0,380,15.2,8.92611,8.91472,18432,1
neurovision|2024/12/20 10:59:15,mrsic_flogel,2024/12/20 10:59:15,2024,neurovision,3,AndyLC;PVephys1;SOMprobe1,AndyLC;PVephys1;SOMprobe1,AndyLC;PVephys1;SOMprobe1,4.386,4.386,10.0,0.04,4.0,1.0,300.0,300,12.0,12.61139,12.57389,58342,1
neurovision|2024/12/21 09:56:16,mrsic_flogel,2024/12/21 09:56:16,2024,neurovision,2,SCChRLP1;SCChRLP4,SCChRLP1;SCChRLP4,SCChRLP1;SCChRLP4,2.504,2.504,10.0,0.04,4.0,1.0,300.0,300,12.0,9.55417,9.53417,37130,1
neurovision|2024/12/22 14:26:09,mrsic_flogel,2024/12/22 14:26:09,2024,neurovision,6,KM_027;KM_031;SWC_AY_002;SWC_AY_003;SWC_NM_080;SWC_NM_080_SWC_AY_002_003_KM_027_031,KM_027;KM_031;SWC_AY_002;SWC_AY_003;SWC_NM_080;SWC_NM_080_SWC_AY_002_003_KM_027_031,KM;SWC,2.504,2.504,20.0,0.04,2.0,4.0,451.0,420,16.8,86.30028,86.23528,380297,1
neurovision|2025/01/06 15:54:52,mrsic_flogel,2025/01/06 15:54:52,2025,neurovision,4,JK_11112124_0348795 (should be 1137725);JK_1111325;JK_1111327;JK_1140660,JK_11112124_0348795;JK_1111325;JK_1111327;JK_1140660,JK,1.248,1.248,10.0,0.04,4.0,4.0,366.0,310,12.4,42.89528,42.765,78602,1
neurovision|2025/01/09 14:56:21,isogai,2025/01/09 14:56:21,2025,neurovision,1,SB091F_250109,SB091F_250109,SB091F,4.386,4.386,25.0,0.05,2.0,1.0,245.0,245,12.25,6.67639,6.65611,13933,1
neurovision|2025/01/10 11:09:09,akrami,2025/01/10 11:09:09,2025,neurovision,1,AR_HAA_1105422,AR_HAA_1105422,AR,4.386,4.386,20.0,0.04,2.0,2.0,459.0,452,18.08,15.09583,15.07167,53389,1
neurovision|2025/01/13 12:56:58,mrsic_flogel,2025/01/13 12:56:58,2025,neurovision,2,Chr2Cre_AAV21_LLnpxlFem01;Chr2Cre_AAV21_LLnpxlFem02,BG_Chr2Cre_AAV21_LLnpxlFem01_RRnpxlFem02;Chr2Cre_AAV21_LLnpxlFem01,BG;Chr2Cre,2.504,2.504,10.0,0.04,4.0,2.0,284.0,339,13.56,9.34361,9.44,22063,1
neurovision|2025/01/14 12:28:51,mrsic_flogel,2025/01/14 12:28:51,2025,neurovision,1,Chr2Cre_AAV21_LLnpxlFem01,Chr2Cre_AAV21_LLnpxlFem01,Chr2Cre,2.504,2.504,10.0,0.04,4.0,2.0,235.0,189,7.56,4.57694,4.55444,10096,1
neurovision|2025/01/15 14:19:27,mrsic_flogel,2025/01/15 14:19:27,2025,neurovision,1,ZFM-05247,ZFM-05247,ZFM-05247,2.504,2.504,20.0,0.04,2.0,2.0,443.0,414,16.56,10.24556,10.23694,22551,1
neurovision|2025/01/20 14:54:57,mrsic_flogel,2025/01/20 14:54:57,2025,neurovision,1,ZFM-05239,ZFM-05239,ZFM-05239,2.504,2.504,20.0,0.04,2.0,4.0,439.0,386,15.44,9.86667,9.85583,21406,1
neurovision|2025/01/21 13:02:33,isogai,2025/01/21 13:02:33,2025,neurovision,2,1_895;3_897,sample_1_895;sample_3_897,1;3;sample,2.504,2.504,5.0,0.04,8.0,2.0,372.0,359,14.36,18.4425,18.39222,38746,1
neurovision|2025/01/22 12:42:27,mrsic_flogel,2025/01/22 12:42:27,2025,neurovision,1,PS19-273,PS19-273,PS19-273,1.248,1.248,5.0,0.04,8.0,4.0,443.0,397,15.88,36.24833,36.21722,23355,1
neurovision|2025/01/27 10:29:51,mrsic_flogel,2025/01/27 10:29:51,2025,neurovision,1,PS19-281,PS19-281,PS19-281,1.248,1.248,5.0,0.04,8.0,4.0,444.0,314,12.56,24.43472,24.39972,23949,1
neurovision|2025/01/28 11:21:06,mrsic_flogel,2025/01/28 11:21:06,2025,neurovision,4,vLGLPGtA1;vLGLPGtA2;vLGLPGtA3;vLGLPGtA4,vLGLPGtA1;vLGLPGtA2;vLGLPGtA3;vLGLPGtA4,vLGLPGtA1;vLGLPGtA2;vLGLPGtA3;vLGLPGtA4,2.504,2.504,10.0,0.04,4.0,1.0,250.0,250,10.0,13.24611,13.19806,65176,1
neurovision|2025/01/29 10:54:55,mrsic_flogel,2025/01/29 10:54:55,2025,neurovision,2,SCYLPTvLG1;SCYLPTvLG2,SCYLPTvLG1;SCYLPTvLG2,SCYLPTvLG1;SCYLPTvLG2,2.504,2.504,5.0,0.04,8.0,4.0,230.0,230,9.2,22.4975,22.43083,32046,1
neurovision|2025/01/30 10:27:52,mrsic_flogel,2025/01/30 10:27:52,2025,neurovision,2,SCYLPTvLG4;SCYLPTvLG5,SCYLPTvLG4;SCYLPTvLG5,SCYLPTvLG4;SCYLPTvLG5,2.504,2.504,5.0,0.04,8.0,4.0,250.0,250,10.0,23.34083,23.26222,33040,1
neurovision|2025/01/31 10:48:48,mrsic_flogel,2025/01/31 10:48:48,2025,neurovision,2,LC_bi_2801_1;lc_bi_2801_2,LC_bi_2801_1;LC_bi_2801_2,LC;lc,4.386,4.386,20.0,0.04,2.0,1.0,334.0,45,1.8,1.31472,1.29417,5317,1
neurovision|2025/01/31 13:41:28,mrsic_flogel,2025/01/31 13:41:28,2025,neurovision,3,SWC_NM_088;SWC_NM_088_089;SWC_NM_089,SWC_NM_088;SWC_NM_088_089;SWC_NM_089,SWC,2.504,2.504,20.0,0.04,2.0,2.0,444.0,386,15.44,12.40417,12.38278,38799,1
neurovision|2025/02/06 10:39:58,sjones,2025/02/06 10:39:58,2025,neurovision,1,AG_MAR_02,AG_MAR_02,AG,4.386,4.386,20.0,0.04,2.0,2.0,305.0,290,11.6,7.74611,7.72167,17185,1
neurovision|2025/02/07 11:32:09,mrsic_flogel,2025/02/07 11:32:09,2025,neurovision,2,bVGAT39_SerialSection;bVGAT40_SerialSection,bVGAT39;bVGAT40,bVGAT39;bVGAT40,2.504,2.504,20.0,0.04,2.0,4.0,339.0,310,12.4,12.62028,12.58167,33450,1
neurovision|2025/02/10 13:44:23,mrsic_flogel,2025/02/10 13:44:23,2025,neurovision,1,ZFM-06948,ZFM-06948,ZFM-06948,2.504,2.504,20.0,0.04,2.0,4.0,444.0,400,16.0,9.48361,9.47222,19807,1
neurovision|2025/02/11 11:42:39,mrsic_flogel,2025/02/11 11:42:39,2025,neurovision,1,ZFM-06171,ZFM-06171,ZFM-06171,2.504,2.504,20.0,0.04,2.0,4.0,435.0,410,16.4,10.54944,10.54,22234,1
neurovision|2025/02/12 12:59:23,mrsic_flogel,2025/02/12 12:59:23,2025,neurovision,2,lc_1102_1;lc_1102_2,lc_1102_1;lc_1102_2,lc,4.386,4.386,20.0,0.04,2.0,1.0,404.0,347,13.88,9.6825,9.66306,37150,1
neurovision|2025/02/14 17:38:53,mrsic_flogel,2025/02/14 17:38:53,2025,neurovision,1,KM_045,KM_045,KM,4.386,4.386,20.0,0.04,2.0,4.0,440.0,379,15.16,8.92833,8.91583,17284,1
neurovision|2025/02/17 15:21:35,mrsic_flogel,2025/02/17 15:21:35,2025,neurovision,1,ZFM-06268,ZFM-06268,ZFM-06268,2.504,2.504,20.0,0.04,2.0,6.0,441.0,397,15.88,11.10417,11.09139,19782,1
neurovision|2025/02/18 11:59:48,mrsic_flogel,2025/02/18 11:59:48,2025,neurovision,1,ZFM-06275,ZFM-06275,ZFM-06275,2.504,2.504,20.0,0.04,2.0,8.0,420.0,399,15.96,12.56333,12.53611,20050,1
neurovision|2025/02/19 12:24:51,mrsic_flogel,2025/02/19 12:24:51,2025,neurovision,1,JK_ML_147,JK_ML_147,JK,2.504,2.504,25.0,0.05,2.0,4.0,244.0,244,12.2,6.80306,6.77917,13976,1
neurovision|2025/02/20 14:37:47,mrsic_flogel,2025/02/20 14:37:47,2025,neurovision,2,HD_010;HD_015,HD_010;HD_015,HD,4.386,4.386,20.0,0.04,2.0,1.0,357.0,350,14.0,9.46028,9.43889,35375,1
neurovision|2025/02/21 12:09:07,mrsic_flogel,2025/02/21 12:09:07,2025,neurovision,1,JK_1138734,JK_1138734,JK,2.504,2.504,25.0,0.05,2.0,4.0,246.0,246,12.3,6.48528,6.46333,13288,1
neurovision|2025/02/28 17:06:45,mrsic_flogel,2025/02/28 17:06:45,2025,neurovision,1,MM023,MM023,MM023,4.386,4.386,20.0,0.04,2.0,8.0,424.0,372,14.88,11.44556,11.42528,20560,1
neurovision|2025/03/04 15:37:09,mrsic_flogel,2025/03/04 15:37:09,2025,neurovision,1,aquisition_logs,AMA_1141304_030425,AMA;aquisition,2.504,2.504,5.0,0.04,8.0,4.0,369.0,369,14.76,19.77306,19.75028,21180,1
neurovision|2025/03/05 15:02:54,mrsic_flogel,2025/03/05 15:02:54,2025,neurovision,2,1141804;1141805,sample_1141804;sample_1141805,1141804;1141805;sample,2.504,2.504,10.0,0.04,4.0,1.0,350.0,350,14.0,10.63167,10.61028,39614,1
neurovision|2025/03/06 11:18:39,sjones,2025/03/06 11:18:39,2025,neurovision,1,HB_425_TS_DLS_GFP,HB_425_TS_DLS_GFP,HB,4.386,4.386,20.0,0.04,2.0,2.0,306.0,306,12.24,7.75944,7.73694,18807,1
neurovision|2025/03/10 11:44:45,mrsic_flogel,2025/03/10 11:44:45,2025,neurovision,6,bNr5a132_SerialSection;bNr5a133_SerialSection;bVGAT-chR2-EYFP62_SerialSection;bVGAT47_SerialSection;fpVGAT-chR2-EYFP01_SerialSection;fpVGAT10_SerialSection,bNr5a132;bNr5a133;bVGAT-chR2-EYFP62;bVGAT47;fpVGAT-chR2-EYFP01;fpVGAT10,bNr5a132;bNr5a133;bVGAT-chR2-EYFP62;bVGAT47;fpVGAT-chR2-EYFP01;fpVGAT10,4.386,4.386,10.0,0.04,4.0,2.0,359.0,325,13.0,25.89556,25.81361,102345,1
neurovision|2025/03/11 15:47:51,mrsic_flogel,2025/03/11 15:47:51,2025,neurovision,1,aquisition_logs,AMA_LC_syn_181_1103,AMA;aquisition,2.504,2.504,5.0,0.04,8.0,4.0,419.0,353,14.12,18.02611,17.99944,19395,1
neurovision|2025/03/12 17:21:01,mrsic_flogel,2025/03/12 17:21:01,2025,neurovision,1,MM019,MM019,MM019,2.504,2.504,20.0,0.04,2.0,5.0,447.0,359,14.36,9.25278,9.23333,20235,1
neurovision|2025/03/13 17:40:17,mrsic_flogel,2025/03/13 17:40:17,2025,neurovision,1,MM021,MM021,MM021,1.248,1.248,20.0,0.04,2.0,8.0,436.0,368,14.72,15.47333,15.44056,23685,1
neurovision|2025/03/14 12:34:00,mrsic_flogel,2025/03/14 12:34:00,2025,neurovision,3,KM_024;KM_024_049;KM_049,KM_024;KM_024_049;KM_049,KM,4.386,4.386,20.0,0.04,2.0,8.0,441.0,381,15.24,19.41333,19.38722,34932,1
neurovision|2025/03/17 16:28:25,mrsic_flogel,2025/03/17 16:28:25,2025,neurovision,1,SWC_NM_087,SWC_NM_087,SWC,2.504,2.504,20.0,0.04,2.0,8.0,442.0,351,14.04,11.21111,11.19111,18823,1
neurovision|2025/03/18 15:07:55,mrsic_flogel,2025/03/18 15:07:55,2025,neurovision,1,SWC_AY_008,SWC_AY_008,SWC,2.504,2.504,20.0,0.04,2.0,8.0,424.0,372,14.88,11.75889,11.74222,19407,1
neurovision|2025/03/19 11:07:45,mrsic_flogel,2025/03/19 11:07:45,2025,neurovision,2,HD_037;HD_038,HD_037;HD_038,HD,4.386,4.386,20.0,0.04,2.0,2.0,382.0,355,14.2,11.41417,11.38861,37902,1
neurovision|2025/03/21 12:33:33,mrsic_flogel,2025/03/21 12:33:33,2025,neurovision,1,AMA_1139806_210325,AMA_1139806_210325,AMA,4.386,4.386,20.0,0.04,2.0,4.0,334.0,334,13.36,9.45222,9.43333,17670,1
neurovision|2025/03/25 17:01:57,mrsic_flogel,2025/03/25 17:01:57,2025,neurovision,1,SW_1188962,SW_1188962,SW,8.587,8.587,20.0,0.04,2.0,8.0,351.0,301,12.04,9.97889,9.95944,16694,1
neurovision|2025/04/02 12:21:21,mrsic_flogel,2025/04/02 12:21:21,2025,neurovision,1,ZFM-06636,ZFM-06636,ZFM-06636,1.248,1.248,20.0,0.04,2.0,8.0,431.0,399,15.96,16.90167,16.87056,24800,1
neurovision|2025/04/03 16:11:41,mrsic_flogel,2025/04/03 16:11:41,2025,neurovision,1,aquisition_logs,AMA_405_LC_syn_250403,AMA;aquisition,2.504,2.504,5.0,0.04,8.0,4.0,354.0,336,13.44,17.13417,17.10528,18962,1
neurovision|2025/04/04 17:38:02,margrie,2025/04/04 17:38:02,2025,neurovision,2,sub-008_id-1105112_type-sertcregcampdr;sub-009_id-1105111_type-sertcregcampdr,SL_1105111;SL_1105112,SL;sub-008;sub-009,4.386,4.386,25.0,0.05,2.0,1.0,180.0,180,9.0,5.70583,5.67944,22146,1
neurovision|2025/04/08 12:21:04,sjones,2025/04/08 12:21:04,2025,neurovision,4,histology_SEQ100_m0000000_ttx_test;seq078_dlsthpre;seq079_dlsthpre;seq102_dlsthpre,seq078;seq079;seq100;seq102,histology;seq078;seq079;seq100;seq102,2.504,2.504,20.0,0.04,2.0,1.0,415.0,390,15.6,16.09028,16.06972,82586,1
neurovision|2025/04/09 10:12:27,sjones,2025/04/09 10:12:27,2025,neurovision,4,seq080_dlsthpre;seq082_dlsthpre;seq083_dlsthpre;seq084_dlsthpre,LBR_20250409_seq80_82_83_84;seq083,LBR;seq080;seq082;seq083;seq084,2.504,2.504,20.0,0.04,2.0,15.0,408.0,369,14.76,19.41028,19.38083,88837,0
neurovision|2025/04/10 14:21:08,margrie,2025/04/10 14:21:08,2025,neurovision,4,SW_3040;SW_3122;SW_3123;SW_3124,SW_3040;SW_3122;SW_3123;SW_3124,SW,4.386,4.386,12.5,0.05,4.0,1.0,300.0,268,13.4,13.6175,13.57111,61919,1
neurovision|2025/04/14 10:53:32,mrsic_flogel,2025/04/14 10:53:32,2025,neurovision,2,HD_039;HD_040,HD_039;HD_040,HD,2.504,2.504,5.0,0.04,8.0,4.0,396.0,370,14.8,32.51583,32.46194,39025,1
neurovision|2025/04/17 17:24:05,mrsic_flogel,2025/04/17 17:24:05,2025,neurovision,3,KM_033;KM_033_042;KM_042,KM_033;KM_033_042;KM_042,KM,4.386,4.386,20.0,0.04,2.0,4.0,440.0,377,15.08,11.91667,11.90083,39178,1
neurovision|2025/04/22 09:30:58,sjones,2025/04/22 09:30:58,2025,neurovision,4,seq109_ai14thdlsctrl;seq125_topodls;seq127_topodms;seq132_topots,seq109_ai14thdlsctrl;seq125_dls;seq127_dms;seq132_ts,seq109;seq125;seq127;seq132,2.504,2.504,10.0,0.04,4.0,4.0,400.0,309,12.36,29.23889,29.19083,70947,1
neurovision|2025/04/23 17:45:26,mrsic_flogel,2025/04/23 17:45:26,2025,neurovision,4,SP061;SP061_063_065;SP063;SP065,SP061;SP061_063_065,SP061;SP063;SP065,4.386,4.386,5.0,0.04,8.0,1.0,166.0,246,9.84,26.65,43.21028,53476,0
neurovision|2025/04/25 13:25:26,sjones,2025/04/25 13:25:26,2025,neurovision,3,seq126_topodls;seq128_topodms;seq133_topots,seq126_topodls;seq128_topodms;seq133_topots,seq126;seq128;seq133,2.504,2.504,20.0,0.04,2.0,4.0,359.0,359,14.36,19.42722,19.4,61449,1
neurovision|2025/04/28 11:14:23,mrsic_flogel,2025/04/28 11:14:23,2025,neurovision,2,BB_559RR;BB_560L,BB_559RR;BB_560L,BB,2.504,2.504,5.0,0.04,8.0,2.0,324.0,324,12.96,18.78944,18.73778,37536,1
neurovision|2025/04/29 09:36:48,sjones,2025/04/29 09:36:48,2025,neurovision,4,seq086_dlsttx;seq097_dlsttx;seq098_dlsttx;seq099_dlsttx,LBR_ttx_seq;seq098_dlsttx,LBR;seq086;seq097;seq098;seq099,4.386,4.386,20.0,0.04,2.0,4.0,344.0,344,13.76,28.98833,29.04111,144577,0
neurovision|2025/04/30 16:22:42,mrsic_flogel;sjones,2025/04/30 16:22:42,2025,neurovision,3,HD_023;HD_025;LRseq_87,HD_023;HD_025;LRseq_87,HD;LRseq,4.386,4.386,20.0,0.04,2.0,4.0,330.0,330,13.2,16.26444,16.22472,56302,1
neurovision|2025/05/01 12:43:06,mrsic_flogel,2025/05/01 12:43:06,2025,neurovision,1,aquisition_logs,AMA_LC_syn_176_010525,AMA;aquisition,2.504,2.504,5.0,0.04,8.0,4.0,356.0,356,14.24,17.58806,17.5675,18273,1
neurovision|2025/05/06 11:27:54,mrsic_flogel,2025/05/06 11:27:54,2025,neurovision,3,bNr5a137_SerialSection;bRbp483_SerialSection;bRbp485_SerialSection,bNr5a137;bRbp483;bRbp485,bNr5a137;bRbp483;bRbp485,4.386,4.386,20.0,0.04,2.0,4.0,292.0,292,11.68,15.50028,15.44583,46710,1
neurovision|2025/05/07 15:02:01,mrsic_flogel,2025/05/07 15:02:01,2025,neurovision,3,ZFM-08554;ZFM-08554_08639;ZFM-08689,ZFM-08554;ZFM-08554_08639;ZFM-08639,ZFM-08554;ZFM-08639;ZFM-08689,2.504,2.504,20.0,0.04,2.0,4.0,429.0,364,14.56,13.79611,13.77028,35827,1
neurovision|2025/05/08 12:22:50,mrsic_flogel,2025/05/08 12:22:50,2025,neurovision,5,ZFM-08457;ZFM-08457_08458_08584_08631;ZFM-08458;ZFM-08584;ZFM-08631,ZFM-08457;ZFM-08457_08458_08584_08631-2;ZFM-08458;ZFM-08584;ZFM-08631,ZFM-08457;ZFM-08458;ZFM-08584;ZFM-08631,8.587,8.587,20.0,0.04,2.0,1.0,388.0,393,15.72,17.60056,17.64444,69634,1
neurovision|2025/05/09 16:01:23,mrsic_flogel,2025/05/09 16:01:23,2025,neurovision,4,BG_027;BG_028;BG_029;BG_030,BG_027;BG_028;BG_029;BG_030,BG,2.504,2.504,5.0,0.04,8.0,2.0,334.0,318,12.72,31.17611,31.10861,74530,1
neurovision|2025/05/12 17:10:16,mrsic_flogel,2025/05/12 17:10:16,2025,neurovision,1,aquisition_logs,AMA_SK3t_CT_120525,AMA;aquisition,2.504,2.504,5.0,0.04,8.0,4.0,349.0,349,13.96,19.22694,19.20528,21224,1
neurovision|2025/05/13 14:42:34,mrsic_flogel,2025/05/13 14:42:34,2025,neurovision,3,SWC_AY_005;SWC_AY_005_SWC_NM_083;SWC_NM_083,SWC_AY_005;SWC_AY_005_SWC_NM_083;SWC_NM_083,SWC,2.504,2.504,20.0,0.04,2.0,4.0,445.0,409,16.36,15.75278,15.71917,40511,1
neurovision|2025/05/14 18:00:48,mrsic_flogel,2025/05/14 18:00:48,2025,neurovision,4,153;248;846;847,sample_153;sample_248;sample_846;sample_847,153;248;846;847;sample,4.386,4.386,20.0,0.04,2.0,1.0,337.0,337,13.48,14.51889,14.49278,73662,1
neurovision|2025/05/15 13:46:00,mrsic_flogel,2025/05/15 13:46:00,2025,neurovision,4,BB_561LR;BB_562;BB_867R;BB_868L,BB_561LR;BB_562;BB_867R;BB_868L,BB,2.504,2.504,5.0,0.04,8.0,1.0,337.0,337,13.48,22.47306,22.41833,81383,1
neurovision|2025/05/16 15:51:19,mrsic_flogel,2025/05/16 15:51:19,2025,neurovision,4,BB_864R;BB_865L;BB_866;BB_869,BB_864R;BB_865L;BB_866;BB_869,BB,2.504,2.504,5.0,0.04,8.0,1.0,313.0,313,12.52,21.23611,21.17472,75965,1
neurovision|2025/05/17 20:09:15,mrsic_flogel,2025/05/17 20:09:15,2025,neurovision,3,BB_207R;BB_208LL;BB_209,BB_207R;BB_208LL;BB_209,BB,2.504,2.504,5.0,0.04,8.0,2.0,307.0,307,12.28,24.79444,24.71167,54457,1
neurovision|2025/05/19 14:44:10,mrsic_flogel,2025/05/19 14:44:10,2025,neurovision,5,bNr5a136_SerialSection;bNr5a138_SerialSection;bNr5a139_SerialSection;bNr5a140_SerialSection;bNr5a141_SerialSection,bNr5a136;bNr5a138;bNr5a139;bNr5a140;bNr5a141,bNr5a136;bNr5a138;bNr5a139;bNr5a140;bNr5a141,4.386,4.386,20.0,0.04,2.0,2.0,291.0,291,11.64,16.62611,16.57361,83272,1
neurovision|2025/05/20 10:19:30,mrsic_flogel,2025/05/20 10:19:30,2025,neurovision,2,aRbp426_SerialSection;aRbp427_SerialSection,aRbp426;aRbp427,aRbp426;aRbp427,2.504,2.504,6.7,0.04,6.0,4.0,307.0,307,12.28,22.11194,22.0375,34358,1
neurovision|2025/05/23 10:35:23,sjones,2025/05/23 10:35:23,2025,neurovision,4,seq060_grm2rb;seq135_grm2rb;seq138_grm2rb;seq139_grm2rb,seq060_grm2rb;seq135_grm2rb;seq138_grm2rb;seq139_grm2rb,seq060;seq135;seq138;seq139,2.504,2.504,5.0,0.04,8.0,2.0,294.0,294,11.76,29.07361,28.97472,67454,1
neurovision|2025/05/26 12:31:40,margrie,2025/05/26 12:31:40,2025,neurovision,3,SW_3188;SW_3189;SW_3190,SW_3188;SW_3189;SW_3190,SW,4.386,4.386,25.0,0.05,2.0,1.0,250.0,250,12.5,10.30528,10.27194,47229,1
neurovision|2025/05/27 11:44:56,mrsic_flogel,2025/05/27 11:44:56,2025,neurovision,1,SD-0349520,SD-0349520,SD-0349520,4.386,4.386,20.0,0.04,2.0,4.0,299.0,227,9.08,21.62778,21.54611,90951,1
neurovision|2025/05/28 16:30:42,mrsic_flogel,2025/05/28 16:30:42,2025,neurovision,1,SWC_AY_006,SWC_AY_006,SWC,2.504,2.504,20.0,0.04,2.0,4.0,420.0,377,15.08,9.72917,9.715,21325,1
neurovision|2025/05/29 12:05:11,mrsic_flogel,2025/05/29 12:05:11,2025,neurovision,1,HD_044,HD_044_290525,HD,2.504,2.504,5.0,0.04,8.0,10.0,314.0,242,9.68,14.36944,24.98861,14774,1
neurovision|2025/05/30 13:53:39,mrsic_flogel,2025/05/30 13:53:39,2025,neurovision,5,GFP1;GFP2;NOSChR1;NOSChR2;PVChR1,GFP1;GFP2;NOSChR1;NOSChR2;PVChR1,GFP1;GFP2;NOSChR1;NOSChR2;PVChR1,2.504,2.504,10.0,0.04,4.0,1.0,250.0,250,10.0,16.84056,16.78028,83582,1
neurovision|2025/06/02 10:08:15,mrsic_flogel,2025/06/02 10:08:15,2025,neurovision,5,GFP3;NOSChR3;NOSChR4;NOSChR5;PVChR2,GFP3;NOSChR3;NOSChR4;NOSChR5;PVChR2,GFP3;NOSChR3;NOSChR4;NOSChR5;PVChR2,2.504,2.504,10.0,0.04,4.0,1.0,297.0,297,11.88,19.40028,19.34278,92376,1
neurovision|2025/06/03 15:06:38,mrsic_flogel,2025/06/03 15:06:38,2025,neurovision,3,KM_043;KM_043_044;KM_044,KM_043;KM_043_044;KM_044,KM,4.386,4.386,20.0,0.04,2.0,4.0,409.0,384,15.36,13.48194,13.46333,37319,1
neurovision|2025/06/08 18:15:36,mrsic_flogel,2025/06/08 18:15:36,2025,neurovision,6,PVChRX;burns_2;burns_3;vgatChR7;vgatChR8;vgatChR9,PVChRX;burns_2;burns_3;vgatChR7;vgatChR8;vgatChR9,PVChRX;burns;vgatChR7;vgatChR8;vgatChR9,2.504,2.504,10.0,0.04,4.0,1.0,300.0,208,8.32,17.73417,17.66389,90764,1
neurovision|2025/06/09 15:17:14,mrsic_flogel,2025/06/09 15:17:14,2025,neurovision,3,SWC_AY_010;SWC_AY_010_012;SWC_AY_012,SWC_AY_010;SWC_AY_010_012;SWC_AY_012,SWC,2.504,2.504,20.0,0.04,2.0,4.0,438.0,344,13.76,19.25944,19.22667,65906,1
neurovision|2025/06/11 15:00:51,mrsic_flogel,2025/06/11 15:00:51,2025,neurovision,2,PVChRY;PVChRZ,PVChRY;PVChRZ,PVChRY;PVChRZ,2.504,2.504,10.0,0.04,4.0,1.0,280.0,280,11.2,8.6175,8.58861,34074,1
neurovision|2025/06/13 21:22:25,margrie,2025/06/13 21:22:25,2025,neurovision,3,SW_1999;SW_3275;SW_3276,sample_1999;sample_3275;sample_3276,SW;sample,4.386,4.386,25.0,0.05,2.0,1.0,237.0,183,9.15,7.56361,7.52917,41596,1
neurovision|2025/06/15 13:40:29,mrsic_flogel,2025/06/15 13:40:29,2025,neurovision,3,SOMChR1;SOMChR2;SOMChR3,SOMChR1;SOMChR2;SOMChR3,SOMChR1;SOMChR2;SOMChR3,2.504,2.504,10.0,0.04,4.0,1.0,280.0,280,11.2,12.79083,12.75389,57130,1
neurovision|2025/06/17 11:49:07,mrsic_flogel,2025/06/17 11:49:07,2025,neurovision,6,SR_03;SR_04;SR_05;SR_06;SR_07;SR_08,SR_03;SR_04;SR_05;SR_06;SR_07;SR_08,SR,4.386,4.386,20.0,0.04,2.0,10.0,306.0,296,11.84,25.83778,25.71861,99918,1
neurovision|2025/06/18 15:09:51,mrsic_flogel,2025/06/18 15:09:51,2025,neurovision,1,SJ_1188964,SJ_1188964,SJ,8.587,8.587,10.0,0.04,4.0,4.0,405.0,349,13.96,10.92333,10.935,19925,1
neurovision|2025/06/19 10:58:43,mrsic_flogel,2025/06/19 10:58:43,2025,neurovision,1,KM_057,KM_057,KM,4.386,4.386,10.0,0.04,4.0,4.0,436.0,365,14.6,11.135,11.11528,19480,1
neurovision|2025/06/20 12:08:18,margrie,2025/06/20 12:08:18,2025,neurovision,3,SW_3185;SW_3186;SW_3187,sample_3185;sample_3186;sample_3187,SW;sample,4.386,4.386,12.5,0.05,4.0,1.0,239.0,239,11.95,9.11194,9.07389,40663,1
neurovision|2025/06/23 08:27:59,mrsic_flogel,2025/06/23 08:27:59,2025,neurovision,2,PVChR3;PVChR4,PVChR3;PVChR4,PVChR3;PVChR4,2.504,2.504,10.0,0.04,4.0,1.0,280.0,280,11.2,8.8475,8.8225,37078,1
neurovision|2025/06/26 12:57:03,mrsic_flogel,2025/06/26 12:57:03,2025,neurovision,1,KM_048,KM_048,KM,4.386,4.386,20.0,0.04,2.0,4.0,429.0,376,15.04,8.84472,8.83472,20517,1
neurovision|2025/06/27 08:32:45,mrsic_flogel,2025/06/27 08:32:45,2025,neurovision,3,NOSChR7;NOSChR8;NOSChR9,NOSChR7;NOSChR8;NOSChR9,NOSChR7;NOSChR8;NOSChR9,2.504,2.504,10.0,0.04,4.0,1.0,280.0,280,11.2,13.26722,13.22778,57981,1
neurovision|2025/06/28 13:25:52,margrie,2025/06/28 13:25:52,2025,neurovision,3,sub-013_id-1105603_type-sertcregcamp;sub-014_id-1105604_type-sertcregcamp;sub-015_id-1105605_type-sertcregcampdr,SL_1105603;SL_1105604;SL_1105605,SL;sub-013;sub-014;sub-015,2.504,2.504,25.0,0.05,2.0,1.0,220.0,220,11.0,8.0425,8.01306,42701,1
neurovision|2025/07/02 15:24:04,mrsic_flogel,2025/07/02 15:24:04,2025,neurovision,1,bVGAT55_SerialSection,SM_bVGAT55,SM;bVGAT55,4.386,4.386,10.0,0.04,4.0,4.0,272.0,272,10.88,9.80056,9.76306,16691,1
neurovision|2025/07/03 16:34:51,mrsic_flogel,2025/07/03 16:34:51,2025,neurovision,1,aquisition_logs,AMA_ASD_cfos_C_2_041_030725,AMA;aquisition,2.504,2.504,5.0,0.04,8.0,4.0,337.0,337,13.48,21.32278,21.29667,25632,1
neurovision|2025/07/04 14:50:33,mrsic_flogel,2025/07/04 14:50:33,2025,neurovision,1,aquisition_logs,AMA_ASD_PE_6_040725,AMA;aquisition,2.504,2.504,5.0,0.04,8.0,4.0,340.0,340,13.6,18.70222,18.67139,20555,1
neurovision|2025/07/07 14:55:34,mrsic_flogel,2025/07/07 14:55:34,2025,neurovision,3,582;761;921,sample_582;sample_761;sample_921,582;761;921;sample,4.386,4.386,20.0,0.04,2.0,1.0,348.0,348,13.92,15.11889,15.08917,72120,1
neurovision|2025/07/08 13:45:00,mrsic_flogel,2025/07/08 13:45:00,2025,neurovision,4,HM007;HM007_008_009;HM008;HM009,HM007;HM007_008_009;HM008;HM009,HM007;HM008;HM009,2.504,2.504,20.0,0.04,2.0,4.0,463.0,338,13.52,19.61417,19.56972,59835,1
neurovision|2025/07/09 11:36:36,mrsic_flogel,2025/07/09 11:36:36,2025,neurovision,4,JK-ML_148;JK-ML_150;JK-ML_152;JK-ML_154,JK-ML_148;JK-ML_150;JK-ML_152;JK-ML_154,JK-ML,4.386,4.386,20.0,0.04,2.0,4.0,314.0,314,12.56,17.1575,17.10778,67436,1
neurovision|2025/07/10 11:58:59,mrsic_flogel,2025/07/10 11:58:59,2025,neurovision,1,HD-032,HD-032,HD-032,4.386,4.386,20.0,0.04,2.0,4.0,325.0,325,13.0,12.05306,12.02333,34885,1
neurovision|2025/07/11 12:30:39,margrie,2025/07/11 12:30:39,2025,neurovision,2,SW_3108;SW_3279,SW_3108;SW_3279,SW,4.386,4.386,20.0,0.04,2.0,1.0,290.0,290,11.6,9.26861,9.2425,39160,1
neurovision|2025/07/12 12:15:01,sjones,2025/07/12 12:15:01,2025,neurovision,3,HL_SEQ065_091;seq065;seq091,HL_SEQ065_091;seq065;seq091,HL;seq065;seq091,2.504,2.504,20.0,0.04,2.0,1.0,334.0,334,13.36,8.77,8.75361,38931,1
neurovision|2025/07/14 11:52:19,margrie,2025/07/14 11:52:19,2025,neurovision,2,SW_3277;SW_3280,SW_3277;SW_3280,SW,4.386,4.386,20.0,0.04,2.0,1.0,323.0,323,12.92,8.69361,8.67028,36173,1
neurovision|2025/07/15 12:21:30,branco,2025/07/15 12:21:30,2025,neurovision,4,1104890;1104891;1104893;1104908,sample_1104890;sample_1104891;sample_1104893;sample_1104908,1104890;1104891;1104893;1104908;sample,2.504,2.504,20.0,0.04,2.0,2.0,308.0,308,12.32,14.32556,14.28333,57914,1
neurovision|2025/07/18 11:38:36,margrie,2025/07/18 11:38:36,2025,neurovision,1,ZF_8838m,ZF_8838m,ZF,2.504,2.504,5.0,0.04,8.0,2.0,221.0,221,8.84,8.16333,8.13917,13600,1
neurovision|2025/07/21 11:20:09,mrsic_flogel,2025/07/21 11:20:09,2025,neurovision,2,1142309 (AK_28);1143100 (AK_34),AK_28;AK_34,1142309 (AK;1143100 (AK;AK,4.386,4.386,40.0,0.04,1.0,4.0,351.0,351,14.04,10.12472,10.10972,35359,1
neurovision|2025/07/22 10:40:12,mrsic_flogel,2025/07/22 10:40:12,2025,neurovision,4,vgatChR10;vgatChR11;vgatChR12;vgatChR13,NV_vgatChR10_11_12_13_22072025;vgatChR11;vgatChR12;vgatChR13,NV;vgatChR10;vgatChR11;vgatChR12;vgatChR13,2.504,2.504,10.0,0.04,4.0,1.0,280.0,280,11.2,16.10083,16.74444,74071,1
neurovision|2025/07/23 11:29:03,sjones,2025/07/23 11:29:03,2025,neurovision,1,HL_seq167_rabiesA308,HL_seq167_rabiesA308,HL,2.504,2.504,20.0,0.04,2.0,1.0,322.0,322,12.88,7.27889,7.26111,19113,1
neurovision|2025/07/24 13:27:55,mrsic_flogel,2025/07/24 13:27:55,2025,neurovision,3,KM_038;KM_038_046;KM_046,KM_038;KM_038_046;KM_046,KM,2.504,2.504,20.0,0.04,2.0,2.0,445.0,369,14.76,14.71417,14.6925,37882,1
neurovision|2025/07/28 11:06:36,margrie,2025/07/28 11:06:36,2025,neurovision,1,ZF_8755m_trans,ZF_8755m,ZF,2.504,2.504,5.0,0.04,8.0,2.0,182.0,168,6.72,8.125,8.09167,14876,1
neurovision|2025/07/29 13:12:16,margrie,2025/07/29 13:12:16,2025,neurovision,1,ZF_8686m,ZF_8686m,ZF,2.504,2.504,5.0,0.04,8.0,2.0,264.0,260,10.4,9.68889,9.66417,16826,1
neurovision|2025/07/30 12:08:29,mrsic_flogel,2025/07/30 12:08:29,2025,neurovision,3,KM_059;KM_059_060;KM_060,KM_059;KM_059_060;KM_060,KM,4.386,4.386,20.0,0.04,2.0,1.0,434.0,362,14.48,13.18056,13.16194,36469,1
neurovision|2025/07/31 13:59:07,mrsic_flogel,2025/07/31 13:59:07,2025,neurovision,1,1142308 (AK_27),AK_27,1142308 (AK;AK,2.504,2.504,20.0,0.04,2.0,1.0,300.0,300,12.0,8.45806,8.43639,32680,1
neurovision|2025/08/06 11:18:06,mrsic_flogel,2025/08/06 11:18:06,2025,neurovision,2,SOMChR5;vgatChR14,SOMChR5;vgatChR14,SOMChR5;vgatChR14,2.504,2.504,10.0,0.04,4.0,1.0,250.0,250,10.0,8.28667,8.2625,34422,1
neurovision|2025/08/07 15:34:24,mrsic_flogel,2025/08/07 15:34:24,2025,neurovision,1,aquisition_logs,AMA_cfos_asd_pe_1143494_7825,AMA;aquisition,2.504,2.504,5.0,0.04,8.0,4.0,314.0,314,12.56,20.92139,20.86778,20595,1
neurovision|2025/08/08 18:31:06,mrsic_flogel,2025/08/08 18:31:06,2025,neurovision,1,aquisition_logs,AMA_ASD_cfos_624_8825,AMA;aquisition,2.504,2.504,5.0,0.04,8.0,4.0,347.0,348,13.92,22.20361,22.32417,21062,1
neurovision|2025/08/11 14:25:57,mrsic_flogel,2025/08/11 14:25:57,2025,neurovision,1,aquisition_logs,AMA_ASD_cfos_484_11825,AMA;aquisition,2.504,2.504,5.0,0.04,8.0,4.0,321.0,321,12.84,17.38306,17.3475,20188,1
neurovision|2025/08/14 14:30:11,mrsic_flogel,2025/08/14 14:30:11,2025,neurovision,3,KM_041;KM_041_MT_008;MT_008,KM_041;KM_041_MT_008;MT_008,KM;MT,4.386,4.386,20.0,0.04,2.0,4.0,432.0,373,14.92,13.30194,13.28139,37620,1
neurovision|2025/08/15 12:51:17,mrsic_flogel,2025/08/15 12:51:17,2025,neurovision,1,aquisition_logs,AMA_LC_syn_ASD_781_150825,AMA;aquisition,2.504,2.504,5.0,0.04,8.0,4.0,331.0,331,13.24,17.395,17.35944,19844,1
neurovision|2025/08/18 14:43:18,mrsic_flogel,2025/08/18 14:43:18,2025,neurovision,1,aquisition_logs,AMA_LC_syn_ASD_695_180825,AMA;aquisition,2.504,2.504,5.0,0.04,8.0,4.0,323.0,320,12.8,15.56139,15.52944,17506,1
neurovision|2025/08/19 13:09:34,mrsic_flogel,2025/08/19 13:09:34,2025,neurovision,4,ZFM-08652;ZFM-08652_08751_08757;ZFM-08751;ZFM-08757,ZFM-08652;ZFM-08652_08751_08757;ZFM-08751;ZFM-08757,ZFM-08652;ZFM-08751;ZFM-08757,2.504,2.504,20.0,0.04,2.0,4.0,441.0,399,15.96,20.65194,20.62472,57546,1
neurovision|2025/08/20 12:40:47,mrsic_flogel,2025/08/20 12:40:47,2025,neurovision,4,SWC_NM_093;ZFM-08813;ZFM-08813_08814_SWC_NM_093;ZFM-08814,SWC_NM_093;ZFM-08813;ZFM-08813_08814_SWC_NM_093;ZFM-08814,SWC;ZFM-08813;ZFM-08814,2.504,2.504,20.0,0.04,2.0,4.0,437.0,386,15.44,19.80694,19.78111,56538,1
neurovision|2025/08/21 10:43:05,mrsic_flogel,2025/08/21 10:43:05,2025,neurovision,2,114230 (AK_26);Raw,AK_26;MH_103,114230 (AK;AK;MH;Raw,4.386,4.386,20.0,0.04,2.0,2.0,343.0,343,13.72,9.93167,9.91417,34836,1
neurovision|2025/08/22 15:27:13,mrsic_flogel,2025/08/22 15:27:13,2025,neurovision,5,ML157;ML159;ML160;ML163;ML164,JK2;JKc4;ML159;ML163;ML164,JK2;JKc4;ML157;ML159;ML160;ML163;ML164,2.276,2.276,20.0,0.04,2.0,4.0,240.0,347,13.88,34.38361,88.72222,108911,1
neurovision|2025/08/28 13:59:33,akrami,2025/08/28 13:59:33,2025,neurovision,2,QP0174;QP0175,QP0174;QP0175,QP0174;QP0175,4.386,4.386,10.0,0.05,5.0,1.0,186.0,186,9.3,6.16056,6.12611,23936,1
neurovision|2025/08/29 11:13:47,akrami,2025/08/29 11:13:47,2025,neurovision,1,2pe,VP_ATL03,2pe;VP,2.504,2.504,5.0,0.05,10.0,1.0,277.0,201,10.05,14.70056,14.67,42043,1
neurovision|2025/09/01 10:06:22,mrsic_flogel,2025/09/01 10:06:22,2025,neurovision,1,NV_Michelle_DiI_2_01092025,NV_Michelle_DiI_2_01092025,NV,4.386,4.386,10.0,0.04,4.0,1.0,250.0,250,10.0,5.80944,5.79222,16921,1
neurovision|2025/09/02 13:33:47,mrsic_flogel,2025/09/02 13:33:47,2025,neurovision,1,SWC_AY_016,SWC_AY_016,SWC,2.504,2.504,20.0,0.04,2.0,4.0,442.0,389,15.56,9.98667,9.9725,21387,1
neurovision|2025/09/03 13:44:34,mrsic_flogel,2025/09/03 13:44:34,2025,neurovision,3,KM_062;KM_062_063;KM_063,KM_062;KM_062_063;KM_063,KM,4.386,4.386,20.0,0.04,2.0,2.0,442.0,383,15.32,11.28722,11.27139,36879,1
neurovision|2025/09/04 14:25:26,sjones,2025/09/04 14:25:26,2025,neurovision,2,seq162;seq163,seq162;seq163,seq162;seq163,4.386,4.386,20.0,0.04,2.0,3.0,333.0,333,13.32,10.505,10.48556,37480,1
neurovision|2025/09/05 11:08:04,mrsic_flogel,2025/09/05 11:08:04,2025,neurovision,1,HD_036,HD_036_05092025,HD,4.386,4.386,20.0,0.04,2.0,2.0,323.0,323,12.92,9.35944,9.33472,16549,1
neurovision|2025/09/09 12:07:10,mrsic_flogel,2025/09/09 12:07:10,2025,neurovision,1,AMA_1143479,AMA_1143479,AMA,2.504,2.504,5.0,0.04,8.0,4.0,342.0,342,13.68,18.03222,18.00944,19266,1
neurovision|2025/09/10 11:36:43,mrsic_flogel,2025/09/10 11:36:43,2025,neurovision,2,VMH_Cadaver1_SerialSection;VMH_Cadaver2_SerialSection,VMH_Cadaver1;VMH_Cadaver2,VMH,8.587,8.587,20.0,0.04,2.0,4.0,302.0,302,12.08,13.26528,13.23333,30976,1
neurovision|2025/09/11 15:52:30,sjones,2025/09/11 15:52:30,2025,neurovision,4,seq149;seq156;seq157;seq179,seq149;seq156;seq157;seq179,seq149;seq156;seq157;seq179,4.386,4.386,20.0,0.04,2.0,10.0,304.0,304,12.16,16.69806,16.60444,70455,1
neurovision|2025/09/19 11:10:01,mrsic_flogel,2025/09/19 11:10:01,2025,neurovision,3,AK_032;MH_100;MH_105,AK_032;MH_100;MH_105,AK;MH,4.386,4.386,20.0,0.04,2.0,4.0,337.0,337,13.48,15.325,15.29972,52837,1
neurovision|2025/09/23 10:55:42,mrsic_flogel,2025/09/23 10:55:42,2025,neurovision,2,VL_1139877_1137504_ROI1;VL_1139877_1137504_ROI2,VL_1139877_1137504_ROI1;VL_1139877_1137504_ROI2,VL,4.386,4.386,20.0,0.04,2.0,2.0,345.0,345,13.8,10.78028,10.75806,36934,1
neurovision|2025/09/24 11:08:40,mrsic_flogel,2025/09/24 11:08:40,2025,neurovision,2,ML_16;ML_19,ML_16;ML_19,ML,4.386,4.386,10.0,0.04,4.0,1.0,250.0,250,10.0,8.04167,8.0175,32762,1
neurovision|2025/09/29 11:26:24,mrsic_flogel,2025/09/29 11:26:24,2025,neurovision,3,OPS13;OPS14;OPS18,OPS13;OPS14;OPS18,OPS13;OPS14;OPS18,4.386,4.386,20.0,0.04,2.0,2.0,332.0,330,13.2,12.76778,12.73889,52869,1
neurovision|2025/09/30 12:07:44,sjones,2025/09/30 12:07:44,2025,neurovision,4,CA_NAc_126_20251010;CA_NAc_127_20251010;CA_NAc_128_20251010;CA_NAc_129_20251010,ROI_1;ROI_2;ROI_3;ROI_4,CA;ROI,2.504,2.504,20.0,0.04,2.0,1.0,362.0,362,14.48,16.40694,16.38333,89472,1
neurovision|2025/10/01 16:17:20,mrsic_flogel,2025/10/01 16:17:20,2025,neurovision,1,SWC_AY_017,SWC_AY_017,SWC,2.504,2.504,20.0,0.04,2.0,4.0,427.0,380,15.2,9.61972,9.60361,21487,1
neurovision|2025/10/02 09:56:35,mrsic_flogel,2025/10/02 09:56:35,2025,neurovision,4,bCamk2a03_SerialSection;bVGAT57_SerialSection;bVGAT62_SerialSection;bVGAT63_SerialSection,SM_bVGAT57-62-63_bCamk2a03;bVGAT57,SM;bCamk2a03;bVGAT57;bVGAT62;bVGAT63,4.386,4.386,20.0,0.04,2.0,4.0,304.0,304,12.16,17.49194,18.26583,68878,0
neurovision|2025/10/03 15:21:21,mrsic_flogel,2025/10/03 15:21:21,2025,neurovision,1,VGCY0386,VGCY0386,VGCY0386,4.386,4.386,10.0,0.04,4.0,8.0,442.0,419,16.76,15.48194,15.46694,19162,1
neurovision|2025/10/09 10:58:15,branco,2025/10/09 10:58:15,2025,neurovision,5,CA_DMS&NAc_121_20251010;CA_DMS&NAc_122_20251010;CA_DMS&NAc_123_20251010;CA_DMS&NAc_124_20251010;CA_DMS&NAc_125_20251010,ROI_1;ROI_2;ROI_3;ROI_4;ROI_5,CA;ROI,4.386,4.386,20.0,0.04,2.0,1.0,320.0,320,12.8,15.76917,15.72667,81364,1
neurovision|2025/10/15 12:08:44,sjones,2025/10/15 12:08:44,2025,neurovision,1,HL_seq130,HL_seq130,HL,4.386,4.386,20.0,0.04,2.0,1.0,334.0,334,13.36,8.23611,8.21917,18204,1
neurovision|2025/10/16 11:28:51,akrami,2025/10/16 11:28:51,2025,neurovision,2,EC01;HAA_1105429,EC01;HAA_1105429,EC01;HAA,4.386,4.386,20.0,0.04,2.0,1.0,422.0,425,17.0,25.95778,25.91556,110196,1
neurovision|2025/10/17 13:59:23,margrie,2025/10/17 13:59:23,2025,neurovision,1,SW_3399,SW_3399,SW,4.386,4.386,8.3,0.05,6.0,1.0,231.0,231,11.55,7.40361,7.38167,13256,1
neurovision|2025/10/23 11:08:01,akrami,2025/10/23 11:08:01,2025,neurovision,1,AR12,AR12,AR12,4.386,4.386,6.3,0.05,8.0,1.0,251.0,251,12.55,13.31833,13.26222,33255,1
neurovision|2025/10/24 11:35:12,branco,2025/10/24 11:35:12,2025,neurovision,2,MH_1106261;MH_1106262,MH_1106261;MH_1106262,MH,4.386,4.386,20.0,0.04,2.0,4.0,311.0,311,12.44,11.39056,11.35917,33073,1
neurovision|2025/10/27 10:46:20,mrsic_flogel,2025/10/27 10:46:20,2025,neurovision,3,1142601 (AK_33);MH_110;MH_111,AK_033;MH_110;MH_111,1142601 (AK;AK;MH,4.386,4.386,20.0,0.04,2.0,3.0,379.0,379,15.16,15.02306,15.00333,53777,1
neurovision|2025/10/28 12:14:02,mrsic_flogel,2025/10/28 12:14:02,2025,neurovision,3,SWC_NM_098;SWC_NM_098_099;SWC_NM_099,SWC_NM_098;SWC_NM_098_099;SWC_NM_099,SWC,2.504,2.504,20.0,0.04,2.0,4.0,436.0,366,14.64,14.24472,14.21972,38889,1
neurovision|2025/10/29 11:38:18,mrsic_flogel,2025/10/29 11:38:18,2025,neurovision,3,OCT10;OCT14;OCT2,OCT10;OCT14;OCT2,OCT10;OCT14;OCT2,4.386,4.386,20.0,0.04,2.0,1.0,250.0,250,10.0,9.58861,9.55361,45399,1
neurovision|2025/10/30 12:45:07,mrsic_flogel,2025/10/30 12:45:07,2025,neurovision,3,SWC_NM_096;SWC_NM_096_097;SWC_NM_097,SWC_NM_096;SWC_NM_096_097;SWC_NM_097,SWC,2.504,2.504,20.0,0.04,2.0,4.0,439.0,384,15.36,15.78556,15.75528,43752,1
neurovision|2025/11/03 09:34:50,mrsic_flogel,2025/11/03 09:34:50,2025,neurovision,2,SOMChR6;SOMChR7,SOMChR6;SOMChR7,SOMChR6;SOMChR7,2.504,2.504,5.0,0.04,8.0,1.0,280.0,280,11.2,11.74278,11.71139,37210,1
neurovision|2025/11/05 09:25:14,mrsic_flogel,2025/11/05 09:25:14,2025,neurovision,2,SOMChR8;SOMChR9,SOMChR8;SOMChR9,SOMChR8;SOMChR9,2.504,2.504,5.0,0.04,8.0,2.0,280.0,280,11.2,16.975,16.91889,35607,1
neurovision|2025/11/06 09:30:35,mrsic_flogel,2025/11/06 09:30:35,2025,neurovision,2,SOMChR10;SOMChR11,SOMChR10;SOMChR11,SOMChR10;SOMChR11,2.504,2.504,5.0,0.04,8.0,2.0,280.0,280,11.2,18.08528,18.03028,38487,1
neurovision|2025/11/07 14:15:53,mrsic_flogel,2025/11/07 14:15:53,2025,neurovision,5,ZFM-08863;ZFM-08863_08871_09139_09140;ZFM-08871;ZFM-09139;ZFM-09140,ZFM-08863;ZFM-08863_08871_09139_09140;ZFM-08871;ZFM-09139;ZFM-09140,ZFM-08863;ZFM-08871;ZFM-09139;ZFM-09140,2.504,2.504,20.0,0.04,2.0,4.0,445.0,383,15.32,21.10083,21.07194,70227,1
neurovision|2025/11/09 11:03:13,mrsic_flogel,2025/11/09 11:03:13,2025,neurovision,2,PenkChR7;PenkChR8,PenkChR7;PenkChR8,PenkChR7;PenkChR8,2.504,2.504,5.0,0.04,8.0,2.0,280.0,280,11.2,17.41667,17.36333,38537,1
neurovision|2025/11/10 09:25:29,mrsic_flogel,2025/11/10 09:25:29,2025,neurovision,2,NOSChR10;PenkChR9,NOSChR10;PenkChR9,NOSChR10;PenkChR9,2.504,2.504,5.0,0.04,8.0,2.0,280.0,280,11.2,17.65083,17.59944,39316,1
neurovision|2025/11/12 09:24:26,mrsic_flogel,2025/11/12 09:24:26,2025,neurovision,1,NV_NOSChR11_12112025,NV_NOSChR11_12112025,NV,2.504,2.504,5.0,0.04,8.0,2.0,280.0,280,11.2,12.04111,12.00806,21548,1
neurovision|2025/11/13 12:36:01,mrsic_flogel,2025/11/13 12:36:01,2025,neurovision,5,HM011;HM011_MM025_026_029;MM025;MM026;MM029,HM011;HM011_MM025_026_029;MM025;MM026;MM029,HM011;MM025;MM026;MM029,2.504,2.504,20.0,0.04,2.0,4.0,464.0,384,15.36,24.49889,24.45278,88950,1
neurovision|2025/11/19 09:30:36,mrsic_flogel,2025/11/19 09:30:36,2025,neurovision,2,GFP4;NOSChR12,GFP4;NOSChR10,GFP4;NOSChR10;NOSChR12,2.504,2.504,5.0,0.04,8.0,2.0,280.0,280,11.2,16.79833,16.74722,37439,1
neurovision|2025/11/20 09:45:39,mrsic_flogel,2025/11/20 09:45:39,2025,neurovision,2,NOSChR13;NOSChR14,NOSChR13;NOSChR14,NOSChR13;NOSChR14,2.504,2.504,5.0,0.04,8.0,2.0,280.0,280,11.2,17.20389,17.14667,37523,1
neurovision|2025/11/21 09:53:12,mrsic_flogel,2025/11/21 09:53:12,2025,neurovision,2,GFP5;GFP6,NV_GFP5_6_21112025,GFP5;GFP6;NV,2.504,2.504,5.0,0.04,8.0,2.0,280.0,280,11.2,17.30833,17.59556,38395,1
neurovision|2025/11/24 14:49:38,mrsic_flogel,2025/11/24 14:49:38,2025,neurovision,1,SWC_NM_100,SWC_NM_100,SWC,2.504,2.504,20.0,0.04,2.0,4.0,445.0,367,14.68,9.2475,9.23611,20488,1
neurovision|2025/11/26 09:29:01,mrsic_flogel,2025/11/26 09:29:01,2025,neurovision,2,vgatChR15;vgatChR16,vgatChR15;vgatChR16,vgatChR15;vgatChR16,2.504,2.504,5.0,0.04,8.0,2.0,280.0,280,11.2,16.35417,16.30444,34465,1
neurovision|2025/11/27 09:38:09,mrsic_flogel,2025/11/27 09:38:09,2025,neurovision,2,GFP7;GFP8,GFP7;GFP8,GFP7;GFP8,2.504,2.504,5.0,0.04,8.0,2.0,280.0,280,11.2,16.41944,16.36806,34982,1
neurovision|2025/11/28 13:19:29,sjones,2025/11/28 13:19:29,2025,neurovision,1,HL_s125_val,HL_s125_val,HL,2.504,2.504,20.0,0.04,2.0,4.0,325.0,325,13.0,9.01639,8.99833,19098,1
neurovision|2025/12/01 13:51:14,mrsic_flogel,2025/12/01 13:51:14,2025,neurovision,3,HD043;JK1;JK9,HD043;JK1;JK9,HD043;JK1;JK9,2.504,2.504,20.0,0.04,2.0,2.0,325.0,325,13.0,14.42722,14.39056,52655,1
neurovision|2025/12/02 13:41:33,mrsic_flogel,2025/12/02 13:41:33,2025,neurovision,1,SWC_AY_011,SWC_AY_011,SWC,2.504,2.504,20.0,0.04,2.0,4.0,439.0,352,14.08,8.55667,8.54056,17025,1
neurovision|2025/12/03 12:57:16,sjones,2025/12/03 12:57:16,2025,neurovision,1,HL_s122_A325,HL_s122_A325,HL,2.504,2.504,20.0,0.04,2.0,3.0,335.0,335,13.4,8.80861,8.79278,19818,1
neurovision|2025/12/04 09:19:44,mrsic_flogel,2025/12/04 09:19:44,2025,neurovision,2,GFP10;GFP9,GFP10;GFP9,GFP10;GFP9,2.504,2.504,5.0,0.04,8.0,2.0,280.0,280,11.2,16.43694,16.38083,35255,1
neurovision|2025/12/05 09:48:11,akrami,2025/12/05 09:48:11,2025,neurovision,1,AR_EC07,AR_EC07,AR,4.386,4.386,20.0,0.04,2.0,2.0,484.0,484,19.36,19.03222,19.0025,57848,1
neurovision|2025/12/06 08:42:18,mrsic_flogel,2025/12/06 08:42:18,2025,neurovision,2,PVChR5;PVChR6,PVChR5;PVChR6,PVChR5;PVChR6,2.504,2.504,5.0,0.04,8.0,2.0,280.0,280,11.2,17.58167,17.52444,36922,1
neurovision|2025/12/07 08:45:33,mrsic_flogel,2025/12/07 08:45:33,2025,neurovision,2,PVChR7;PVChR8,PVChR7;PVChR8,PVChR7;PVChR8,2.504,2.504,5.0,0.04,8.0,2.0,280.0,280,11.2,16.80639,16.75167,34556,1
neurovision|2025/12/10 12:09:54,sjones,2025/12/10 12:09:54,2025,neurovision,1,AG_TdTom_Anxa1_03,AG_TdTom_Anxa1_03,AG,4.386,4.386,20.0,0.04,2.0,1.0,325.0,325,13.0,7.35333,7.33528,18789,1
neurovision|2025/12/13 09:26:47,mrsic_flogel,2025/12/13 09:26:47,2025,neurovision,2,PenkChR14;PenkChR15,PenkChR14;PenkChR15,PenkChR14;PenkChR15,2.504,2.504,5.0,0.04,8.0,2.0,280.0,280,11.2,16.25583,16.20694,35272,1
neurovision|2025/12/15 14:37:06,branco,2025/12/15 14:37:06,2025,neurovision,4,130;131;132;133,sample_130;sample_131;sample_132;sample_133,130;131;132;133;sample,2.504,2.504,5.0,0.04,8.0,1.0,320.0,320,12.8,22.03889,21.98972,73008,1
neurovision|2025/12/16 15:51:43,mrsic_flogel,2025/12/16 15:51:43,2025,neurovision,3,KM_053;KM_053_061;KM_061,KM_053;KM_053_061;KM_061,KM,4.386,4.386,20.0,0.04,2.0,4.0,439.0,367,14.68,12.90306,12.88417,36563,1
neurovision|2025/12/17 15:01:01,okeefe,2025/12/17 15:01:01,2025,neurovision,2,1106008;1106009,sample_1106008;sample_1106009,1106008;1106009;sample,4.386,4.386,25.0,0.05,2.0,1.0,253.0,253,12.65,8.60667,8.57917,25934,1
neurovision|2025/12/18 14:18:11,margrie,2025/12/18 14:18:11,2025,neurovision,4,1143590;1143593;1143594;1143596,YI_1143590;YI_1143593;YI_1143594;YI_1143596,1143590;1143593;1143594;1143596;YI,2.504,2.504,5.0,0.04,8.0,2.0,300.0,300,12.0,30.16278,30.09222,71287,1
neurovision|2026/01/07 16:11:52,branco,2026/01/07 16:11:52,2026,neurovision,1,MH_1106232,MH_1106232,MH,2.504,2.504,5.0,0.04,8.0,1.0,307.0,307,12.28,11.20167,11.17444,16539,1
neurovision|2026/01/09 09:19:56,mrsic_flogel,2026/01/09 09:19:56,2026,neurovision,2,PVChR9;vgatChR17,PVChR9;vgatChR17,PVChR9;vgatChR17,2.504,2.504,5.0,0.04,8.0,2.0,280.0,280,11.2,15.69583,15.65417,34222,1
neurovision|2026/01/10 12:04:24,mrsic_flogel,2026/01/10 12:04:24,2026,neurovision,2,PVChR10;vgatChR18,PVChR10;vgatChR18,PVChR10;vgatChR18,2.504,2.504,5.0,0.04,8.0,2.0,280.0,280,11.2,16.20417,16.15944,34668,1
neurovision|2026/01/12 09:12:12,mrsic_flogel,2026/01/12 09:12:12,2026,neurovision,2,PVChR11;vgatChR19,PVChR11;vgatChR19,PVChR11;vgatChR19,2.504,2.504,5.0,0.04,8.0,2.0,280.0,280,11.2,16.44556,16.40444,34848,1
neurovision|2026/01/13 11:41:42,branco,2026/01/13 11:41:42,2026,neurovision,2,MH_1106267;MH_1106335,MH_1106267;MH_1106335,MH,2.504,2.504,20.0,0.04,2.0,2.0,339.0,339,13.56,12.23222,12.20667,38387,1
neurovision|2026/01/14 10:46:22,akrami,2026/01/14 10:46:22,2026,neurovision,1,AR__EC22,AR__EC22,AR,4.39,4.39,25.0,0.05,2.0,2.0,368.0,372,18.6,13.65583,13.69806,46698,1
neurovision|2026/01/20 10:58:01,mrsic_flogel,2026/01/20 10:58:01,2026,neurovision,4,HD_028;HD_050;HD_051;HD_054,HD_028;HD_050;HD_051;HD_054,HD,4.386,4.386,20.0,0.04,2.0,2.0,317.0,317,12.68,17.01167,16.9775,70475,1
neurovision|2026/01/23 15:41:31,branco,2026/01/23 15:41:31,2026,neurovision,1,YI_1106091,YI_1106091,YI,4.386,4.386,20.0,0.04,2.0,1.0,287.0,287,11.48,6.11028,6.09611,15001,1
neurovision|2026/01/28 17:00:49,margrie,2026/01/28 17:00:49,2026,neurovision,2,1102645;1102649,sample_1102645;sample_1102649,1102645;1102649;sample,4.386,4.386,20.0,0.04,2.0,1.0,300.0,300,12.0,8.0825,8.06222,33982,1
neurovision|2026/01/29 17:12:33,mrsic_flogel,2026/01/29 17:12:33,2026,neurovision,4,BG_031;BG_038;BG_039;BG_046,BG_031;BG_038;BG_039;BG_046,BG,2.504,2.504,20.0,0.04,2.0,2.0,355.0,355,14.2,16.88111,16.85111,78406,1
neurovision|2026/01/30 11:30:32,mrsic_flogel,2026/01/30 11:30:32,2026,neurovision,4,BG_044;BG_045;BG_048;BG_049,BG_044;BG_045;BG_048;BG_049,BG,4.386,4.386,20.0,0.04,2.0,4.0,321.0,321,12.84,18.36083,18.31111,70889,1
neurovision|2026/01/31 19:12:51,mrsic_flogel,2026/01/31 19:12:51,2026,neurovision,3,BG_040;BG_041;BG_042,BG_040;BG_041;BG_042,BG,4.386,4.386,20.0,0.04,2.0,4.0,294.0,294,11.76,15.92639,15.88389,59597,1
neurovision|2026/02/03 12:59:08,mrsic_flogel,2026/02/03 12:59:08,2026,neurovision,4,MM030;MM030_MT_007_SWC_NM_101;MT_007;SWC_NM_101,MM030;MM030_MT_007_SWC_NM_101;MT_007;SWC_NM_101,MM030;MT;SWC,2.504,2.504,20.0,0.04,2.0,4.0,439.0,389,15.56,19.79194,19.76583,56001,1
neurovision|2026/02/04 13:53:05,mrsic_flogel,2026/02/04 13:53:05,2026,neurovision,5,AY001;AY001_HM010_MM024_SWC_NM_095;HM010;MM024;SWC_NM_095,AY001;AY001_HM010_MM024_SWC_NM_095;HM010;MM024;SWC_NM_095,AY001;HM010;MM024;SWC,2.504,2.504,20.0,0.04,2.0,4.0,445.0,339,13.56,19.47583,19.42667,101204,1
neurovision|2026/02/05 13:25:13,mrsic_flogel,2026/02/05 13:25:13,2026,neurovision,2,HD_079;HD_080,HD_079;HD_080,HD,1.248,1.248,20.0,0.04,2.0,2.0,245.0,245,9.8,8.89889,8.86028,30384,1
neurovision|2026/02/06 15:32:17,branco,2026/02/06 15:32:17,2026,neurovision,1,MH_1106386,MH_1106386,MH,4.386,4.386,20.0,0.04,2.0,2.0,327.0,327,13.08,8.83778,8.81694,19065,1
neurovision|2026/02/07 16:59:20,mrsic_flogel,2026/02/07 16:59:20,2026,neurovision,4,BB_206_SNr_scAAV;BB_563LR_Str;BB_564RR_Str;BB_565_Str,BB_206_SNr_scAAV;BB_563LR_Str;BB_564RR_Str;BB_565_Str,BB,2.504,2.504,5.0,0.04,8.0,1.0,316.0,316,12.64,20.29583,20.24306,72685,1
neurovision|2026/02/09 11:39:18,mrsic_flogel,2026/02/09 11:39:18,2026,neurovision,2,1142302 (AK_29);1142306 (AK_25),AK_025;AK_029,1142302 (AK;1142306 (AK;AK,4.386,4.386,20.0,0.04,2.0,3.0,342.0,342,13.68,11.92222,11.90361,36061,1
neurovision|2026/02/10 15:37:11,branco,2026/02/10 15:37:11,2026,neurovision,4,CA_139;EM_1;EM_2;EM_3,CA_139;EM_1;EM_2;EM_3,CA;EM,4.386,4.386,20.0,0.04,2.0,1.0,280.0,280,11.2,13.08667,13.05,76478,1
neurovision|2026/04/08 12:16:27,margrie,2026/04/08 12:16:27,2026,neurovision,1,SW_4038,SW_4038,SW,2.504,2.504,5.0,0.04,8.0,1.0,277.0,277,11.08,7.7675,7.74306,17106,1
neurovision|2026/04/10 11:40:28,akrami,2026/04/10 11:40:28,2026,neurovision,2,LP01;LP02,LP01;LP02,LP01;LP02,4.386,4.386,25.0,0.05,2.0,4.0,228.0,228,11.4,9.84972,9.8075,26427,1
neurovision|2026/04/16 16:59:28,margrie,2026/04/16 16:59:28,2026,neurovision,4,1123773;1123774;1123981;1124018,sample_1123773;sample_1123774;sample_1123981;sample_1124018,1123773;1123774;1123981;1124018;sample,4.386,4.386,20.0,0.04,2.0,1.0,300.0,300,12.0,13.32917,13.28917,63849,1
neurovision|2026/04/17 15:59:43,margrie,2026/04/17 15:59:43,2026,neurovision,3,1123814;1123815;1123816,sample_1123814;sample_1123815;sample_1123816,1123814;1123815;1123816;sample,4.386,4.386,10.0,0.04,4.0,3.0,300.0,300,12.0,20.55972,20.50056,59574,1
neurovision|2026/04/19 14:25:59,mrsic_flogel,2026/04/19 14:25:59,2026,neurovision,2,BB_800;BB_801,BB_800;BB_801,BB,2.504,2.504,20.0,0.04,2.0,4.0,315.0,315,12.6,13.89361,13.8575,36767,1
neurovision|2026/04/21 11:23:52,mrsic_flogel,2026/04/21 11:23:52,2026,neurovision,1,histology,MR_M12,MR;histology,4.386,4.386,20.0,0.04,2.0,4.0,314.0,314,12.56,9.61083,9.58556,18115,1
neurovision|2026/04/22 16:26:04,branco,2026/04/22 16:26:04,2026,neurovision,4,1106566;1106588;1106675;1106678,sample_1106566;sample_1106588;sample_1106675;sample_1106678,1106566;1106588;1106675;1106678;sample,2.504,2.504,40.0,0.04,1.0,1.0,335.0,335,13.4,18.605,18.57083,90536,1
neurovision|2026/04/28 11:07:15,mrsic_flogel,2026/04/28 11:07:15,2026,neurovision,1,MR_M4,MR_M4,MR,4.386,4.386,20.0,0.04,2.0,4.0,321.0,321,12.84,9.75444,9.73194,21806,1
neurovision|2026/04/29 11:24:02,mrsic_flogel,2026/04/29 11:24:02,2026,neurovision,4,AK_040;AK_041;AK_044;AK_046,AK_040;AK_041;AK_044;AK_046,AK,4.386,4.386,20.0,0.04,2.0,4.0,335.0,335,13.4,19.57694,19.54833,69924,1
neurovision|2026/04/30 13:04:25,sjones,2026/04/30 13:04:25,2026,neurovision,4,HL_GPe160;HL_GPe174;LM_L;LM_R,HL_GPe160;HL_GPe174;LM_L;LM_R,HL;LM,4.386,4.386,20.0,0.04,2.0,2.0,312.0,312,12.48,21.55472,21.50917,74828,1
neurovision|2026/05/05 15:54:28,margrie,2026/05/05 15:54:28,2026,neurovision,2,1123809;1124074,sample_1123809;sample_1124074,1123809;1124074;sample,4.386,4.386,20.0,0.04,2.0,1.0,300.0,300,12.0,9.17722,9.15583,33799,1
neurovision|2026/05/06 15:52:38,mrsic_flogel,2026/05/06 15:52:38,2026,neurovision,1,CQ014,CQ014,CQ014,2.504,2.504,20.0,0.04,2.0,4.0,406.0,364,14.56,8.76444,8.75028,18069,1
neurovision|2026/05/07 15:39:19,mrsic_flogel,2026/05/07 15:39:19,2026,neurovision,3,SWC_NM_103;SWC_NM_103_111;SWC_NM_111,SWC_NM_103;SWC_NM_103_111;SWC_NM_111,SWC,2.504,2.504,20.0,0.04,2.0,4.0,429.0,394,15.76,15.64528,15.6175,40184,1
neurovision|2026/05/08 14:43:17,sjones,2026/05/08 14:43:17,2026,neurovision,1,HL_GPe_nameless,HL_GPe_nameless,HL,4.386,4.386,20.0,0.04,2.0,3.0,320.0,320,12.8,8.29167,8.27667,18711,1
neurovision|2026/05/09 14:05:40,mrsic_flogel,2026/05/09 14:05:40,2026,neurovision,2,BB_cannula_001;BB_cannula_002,BB_cannula_001;BB_cannula_002,BB,4.386,4.386,20.0,0.04,2.0,4.0,299.0,299,11.96,11.09361,11.06333,34241,1
neurovision|2026/05/15 14:53:51,mrsic_flogel,2026/05/15 14:53:51,2026,neurovision,3,bNr5a154_SerialSection;bNr5a155_SerialSection;bNr5a156_SerialSection,bNr5a154;bNr5a155;bNr5a156,bNr5a154;bNr5a155;bNr5a156,4.386,4.386,20.0,0.04,2.0,4.0,287.0,287,11.48,16.42889,16.37639,53171,1
neurovision|2026/05/17 14:27:27,mrsic_flogel,2026/05/17 14:27:27,2026,neurovision,1,BB_cannula_003,BB_cannula_003,BB,4.386,4.386,20.0,0.04,2.0,4.0,294.0,294,11.76,8.63167,8.60722,17214,1
neurovision|2026/05/20 11:47:47,mrsic_flogel,2026/05/20 11:47:47,2026,neurovision,1,MR_M7,MR_M7,MR,4.386,4.386,20.0,0.04,2.0,4.0,303.0,303,12.12,10.14472,10.11556,18879,1
neurovision|2026/05/21 11:16:45,akrami,2026/05/21 11:16:45,2026,neurovision,2,RS08;RS09,RS08;RS09,RS08;RS09,4.386,4.386,20.0,0.04,2.0,4.0,288.0,282,11.28,14.03917,13.995,36066,1
neurovision|2026/05/22 16:14:03,mrsic_flogel,2026/05/22 16:14:03,2026,neurovision,4,CQ015;CQ015_016_017;CQ016;CQ017,CQ015;CQ015_016_017;CQ016;CQ017,CQ015;CQ016;CQ017,2.504,2.504,20.0,0.04,2.0,4.0,425.0,376,15.04,19.2875,19.26056,52178,1
neurovision|2026/05/26 10:49:43,mrsic_flogel,2026/05/26 10:49:43,2026,neurovision,1,nore01_SerialSection,SM_nore01,SM;nore01,4.386,4.386,20.0,0.04,2.0,4.0,257.0,243,9.72,7.29056,7.26444,13340,1
neurovision|2026/05/29 14:45:45,okeefe,2026/05/29 14:45:45,2026,neurovision,6,1120709_JB-22mo;1120711_JB-22mo;1121125_JC-22mo;1121127_JC-22mo;1122546_LM-22mo;1122547_LM-22mo,sample_1120709_JB-22mo;sample_1120711_JB-22mo;sample_1121125_JC-22mo;sample_1121127_JC-22mo;sample_1122546_LM-22mo;sample_1122547_LM-22mo,1120709;1120711;1121125;1121127;1122546;1122547;sample,2.504,2.504,20.0,0.04,2.0,2.0,345.0,343,13.72,21.21639,31.20889,83864,1
neurovision|2026/05/31 17:21:00,sjones,2026/05/31 17:21:00,2026,neurovision,2,OSFNT4;seq200,OSFNT4;seq200,OSFNT4;seq200,2.504,2.504,20.0,0.04,2.0,3.0,321.0,321,12.84,12.98167,12.95,38663,1
neurovision|2026/06/03 15:24:44,mrsic_flogel,2026/06/03 15:24:44,2026,neurovision,1,SWC_NM_113,SWC_NM_113,SWC,2.504,2.504,20.0,0.04,2.0,8.0,406.0,376,15.04,12.00222,11.98139,19068,1
neurovision|2026/06/04 15:46:48,mrsic_flogel,2026/06/04 15:46:48,2026,neurovision,4,CQ019;CQ022;SWC_NM_106;SWC_NM_106_CQ019_022,CQ019;CQ022;SWC_NM_106;SWC_NM_106_CQ019_022,CQ019;CQ022;SWC,2.504,2.504,20.0,0.04,2.0,4.0,412.0,369,14.76,19.90167,19.86861,55933,1
neurovision|2026/06/05 14:53:50,okeefe,2026/06/05 14:53:50,2026,neurovision,4,1126205_BIPOLES-1_MEC;1126206_BIPOLES-1_HPC;1126361_BIPOLES-2_MEC;1126363_BIPOLES-3_MEC,sample_1126205_BIPOLES-1_MEC;sample_1126206_BIPOLES-1_HPC;sample_1126361_BIPOLES-2_MEC;sample_1126361_BIPOLES-3_MEC,1126205;1126206;1126361;1126363;sample,4.386,4.386,20.0,0.04,2.0,6.0,319.0,319,12.76,23.43333,23.37222,72367,1
neurovision|2026/06/08 14:25:38,margrie,2026/06/08 14:25:38,2026,neurovision,1,1124199,YI_1124199,1124199;YI,4.386,4.386,10.0,0.04,4.0,4.0,300.0,300,12.0,10.46889,10.43611,17722,1
neurovision|2026/06/09 12:20:01,margrie,2026/06/09 12:20:01,2026,neurovision,1,1124202,YI_1124202,1124202;YI,4.386,4.386,10.0,0.04,4.0,4.0,300.0,300,12.0,10.27806,10.25222,17416,1
neurovision|2026/06/10 17:05:50,branco,2026/06/10 17:05:50,2026,neurovision,2,1106635;1106636,sample_1106635;sample_1106636,1106635;1106636;sample,4.386,4.386,10.0,0.04,4.0,4.0,320.0,320,12.8,13.57639,13.55417,27605,1
neurovision|2026/06/17 13:32:30,margrie,2026/06/17 13:32:30,2026,neurovision,1,YI_1123997,YI_1123997,YI,2.504,2.504,5.0,0.04,8.0,4.0,300.0,300,12.0,16.09778,16.055,18411,1
neurovision|2026/06/18 15:05:16,margrie,2026/06/18 15:05:16,2026,neurovision,1,YI_1123996,YI_1123996,YI,2.504,2.504,5.0,0.04,8.0,4.0,200.0,200,8.0,10.95917,10.90611,12677,1
neurovision|2026/06/19 13:36:56,mrsic_flogel,2026/06/19 13:36:56,2026,neurovision,3,SP075;SP078;SP078_075,SP075;SP078;SP078_075,SP075;SP078,4.386,4.386,10.0,0.04,4.0,4.0,432.0,378,15.12,17.345,17.32694,35771,1
neurovision|2026/06/22 15:03:54,sjones,2026/06/22 15:03:54,2026,neurovision,1,OSFNT6,OSFNT6,OSFNT6,4.386,4.386,20.0,0.04,2.0,2.0,298.0,298,11.92,8.70639,8.67778,18083,1
neurovision|2026/06/23 13:49:58,mrsic_flogel,2026/06/23 13:49:58,2026,neurovision,4,CQ020;CQ020_026_027;CQ026;CQ027,CQ020;CQ020_026_027;CQ026;CQ027,CQ020;CQ026;CQ027,2.504,2.504,20.0,0.04,2.0,4.0,430.0,411,16.44,20.38361,20.35556,53998,1
neurovision|2026/06/24 14:43:45,sjones,2026/06/24 14:43:45,2026,neurovision,1,AG_GCaMP8f_AG36,AG_GCaMP8f_AG36,AG,4.386,4.386,20.0,0.04,2.0,2.0,305.0,305,12.2,8.19472,8.17167,17963,1
neurovision|2026/06/25 11:38:41,sjones,2026/06/25 11:38:41,2026,neurovision,1,AG_GCaMP8f_AG37,AG_GCaMP8f_AG37,AG,4.386,4.386,20.0,0.04,2.0,2.0,307.0,307,12.28,7.63278,7.61556,18417,1
neurovision|2026/06/26 13:55:01,branco,2026/06/26 13:55:01,2026,neurovision,1,YI_1106705,YI_1106705,YI,4.386,4.386,10.0,0.04,4.0,2.0,300.0,125,5.0,3.52944,3.50528,8448,1
neurovision|2026/06/28 16:43:34,mrsic_flogel,2026/06/28 16:43:34,2026,neurovision,2,BB_700_CannulaDiI;BB_701_CannulaDiI,BB_700_CannulaDiI;BB_701_CannulaDiI,BB,2.504,2.504,20.0,0.04,2.0,4.0,290.0,290,11.6,11.865,11.83056,34941,1
neurovision|2026/07/03 11:40:37,mrsic_flogel,2026/07/03 11:40:37,2026,neurovision,4,bNr5a150;bNr5a151;bNr5a152;bNr5a153,bNr5a150;bNr5a151;bNr5a152;bNr5a153,bNr5a150;bNr5a151;bNr5a152;bNr5a153,4.386,4.386,20.0,0.04,2.0,2.0,307.0,307,12.28,21.90389,21.83472,107124,1
neurovision|2026/07/04 13:37:32,mrsic_flogel,2026/07/04 13:37:32,2026,neurovision,4,BB_702_pStr_PaxinosCentral;BB_910_pStr_PaxinosMedial;BB_911_pStr_AllenCentral;BB_912_pStr_AllenMedial,BB_702_pStr_PaxinosCentral;BB_910_pStr_PaxinosMedial;BB_911_pStr_AllenCentral;BB_912_pStr_AllenMedial,BB,2.504,2.504,20.0,0.04,2.0,2.0,300.0,300,12.0,16.84361,16.7925,73179,1
neurovision|2026/07/08 15:54:35,mrsic_flogel,2026/07/08 15:54:35,2026,neurovision,4,KM_067;KM_067_081_077;KM_077;KM_081,KM_067;KM_067_081_077;KM_077;KM_081,KM,4.386,4.386,20.0,0.04,2.0,2.0,445.0,391,15.64,15.94472,15.91833,60146,1
neurovision|2026/07/09 17:01:16,mrsic_flogel,2026/07/09 17:01:16,2026,neurovision,4,ZFM-09377;ZFM-09377_09439_09772;ZFM-09439;ZFM-09772,ZFM-09377;ZFM-09377_09439_09772;ZFM-09439;ZFM-09772,ZFM-09377;ZFM-09439;ZFM-09772,2.504,2.504,20.0,0.04,2.0,4.0,435.0,361,14.44,19.12778,19.09944,54209,1
neurovision|2026/07/15 17:10:07,mrsic_flogel,2026/07/15 17:10:07,2026,neurovision,1,SWC_NM_110,SWC_NM_110,SWC,2.504,2.504,20.0,0.04,2.0,4.0,429.0,335,13.4,8.90694,8.89306,20980,1
organgrinder|2021/10/12 10:50:34,murray,2021/10/12 10:50:34,2021,organgrinder,6,ROI_C1;ROI_C2;ROI_L1;ROI_L2;ROI_T1;ROI_T2,ROI_C1;ROI_C2;ROI_L1;ROI_L2;ROI_T1;ROI_T2,ROI,2.212,2.212,20.0,0.04,2.0,2.0,230.0,127,5.08,3.43389,3.48333,3328,1
organgrinder|2021/10/13 10:42:45,akrami,2021/10/13 10:42:45,2021,organgrinder,1,2pe,VP_CAP04,2pe;VP,2.212,2.212,5.7,0.04,7.0,1.0,476.0,474,18.96,17.36167,17.33056,40366,1
organgrinder|2021/10/14 11:08:16,akrami,2021/10/14 11:08:16,2021,organgrinder,2,2pe;2pe,VP_CAP05;VP_CAP06,2pe;VP,2.212,2.212,5.6,0.05,9.0,1.0,349.0,349,17.45,24.77278,24.71472,61951,1
organgrinder|2021/10/18 14:57:12,akrami,2021/10/18 14:57:12,2021,organgrinder,2,2pe;2pe,VP_CAP_07;VP_CAP_08,2pe;VP,2.212,2.212,6.0,0.06,10.0,1.0,280.0,277,16.62,28.42083,28.32556,50235,1
organgrinder|2021/10/21 12:04:25,akrami,2021/10/21 12:04:25,2021,organgrinder,2,2pe;2pe,VP_CAP09;VP_CAP10,2pe;VP,2.212,2.212,6.7,0.06,9.0,1.0,281.0,281,16.86,25.60861,25.52917,52935,1
organgrinder|2021/11/19 15:17:20,margrie,2021/11/19 15:17:20,2021,organgrinder,2,TC_1114353;TC_1114356,TC_1114353;TC_1114356,TC,4.42,4.42,25.0,0.05,2.0,2.0,240.0,240,12.0,12.17361,12.12194,41871,1
organgrinder|2022/01/14 16:28:24,margrie,2022/01/14 16:28:24,2022,organgrinder,2,TC_1115464;TC_1115465,TC_1115464;TC_1115465,TC,3.989,3.989,23.3,0.07,3.0,2.0,190.0,185,12.95,7.47028,7.42889,12850,1
organgrinder|2022/01/25 15:46:28,akrami,2022/01/25 15:46:28,2022,organgrinder,1,2pe,VP_CAP12,2pe;VP,2.212,2.212,6.3,0.05,8.0,1.0,355.0,335,16.75,21.72917,21.66528,31001,1
organgrinder|2022/01/26 15:40:45,akrami,2022/01/26 15:40:45,2022,organgrinder,1,2pe,VP_CAP14,2pe;VP,2.212,2.212,6.3,0.05,8.0,1.0,365.0,365,18.25,31.06028,31.01361,32755,1
organgrinder|2022/02/01 15:14:15,okeefe,2022/02/01 15:14:15,2022,organgrinder,1,MH05,MH_05,MH;MH05,3.989,3.989,20.0,0.04,2.0,1.0,335.0,335,13.4,8.325,8.30472,12959,1
organgrinder|2022/02/14 10:59:51,okeefe,2022/02/14 10:59:51,2022,organgrinder,2,MH06;MH07,MH_06;MH_07,MH;MH06;MH07,3.989,3.989,20.0,0.04,2.0,1.0,312.0,312,12.48,8.53833,8.51389,24553,1
organgrinder|2022/02/15 11:04:02,okeefe,2022/02/15 11:04:02,2022,organgrinder,4,MH04;MH08;MH09;MH10,MH04;MH08;MH09;MH10,MH04;MH08;MH09;MH10,3.989,3.989,20.0,0.04,2.0,1.0,384.0,353,14.12,15.90028,15.86,52001,1
organgrinder|2022/02/16 10:48:40,okeefe,2022/02/16 10:48:40,2022,organgrinder,4,MH11;MH12;MH13;MH14,MH11;MH12;MH13;MH14,MH11;MH12;MH13;MH14,3.989,3.989,20.0,0.04,2.0,1.0,406.0,385,15.4,17.58,17.545,54139,1
organgrinder|2022/02/17 11:26:05,okeefe,2022/02/17 11:26:05,2022,organgrinder,4,MH26;MH27;MH28;MH29,MH26;MH27;MH28;MH29,MH26;MH27;MH28;MH29,3.989,3.989,20.0,0.04,2.0,1.0,382.0,362,14.48,15.0225,14.98889,57849,1
organgrinder|2022/02/18 11:02:11,okeefe,2022/02/18 11:02:11,2022,organgrinder,4,MH30;MH31;MH32;MH33,MB_MH30_MH31_MH32_MH33;MH32;MH33,MB;MH30;MH31;MH32;MH33,3.989,3.989,20.0,0.04,2.0,1.0,396.0,369,14.76,16.21944,277.39139,53167,1
organgrinder|2022/03/22 15:12:46,okeefe,2022/03/22 15:12:46,2022,organgrinder,1,MB_R2384,MB_R2384,MB,2.212,2.212,20.0,0.04,2.0,1.0,447.0,447,17.88,16.79,16.76111,46077,1
organgrinder|2022/04/07 14:44:24,margrie,2022/04/07 14:44:24,2022,organgrinder,1,TC_1116662,TC_1116662,TC,3.989,3.989,20.0,0.04,2.0,2.0,331.0,308,12.32,13.42333,13.38472,50666,1
organgrinder|2022/05/24 11:45:21,mrsic_flogel,2022/05/24 11:45:21,2022,organgrinder,3,lr03;lr04;lr05,lr03;lr04;lr05,lr03;lr04;lr05,3.989,3.989,20.0,0.04,2.0,1.0,321.0,321,12.84,12.25639,12.22167,38455,1
organgrinder|2022/06/09 11:42:01,margrie,2022/06/09 11:42:01,2022,organgrinder,3,SW_ZF3925;SW_ZF4006;SW_ZF65,SW_ZF4006;SW_ZF65;SW_ZF65_4006_yellow_3925,SW,2.212,2.212,5.0,0.05,10.0,2.0,225.0,186,9.3,32.7025,37.6275,28567,1
organgrinder|2022/06/16 11:36:38,margrie,2022/06/16 11:36:38,2022,organgrinder,1,CT_EJ_1116872,CT_EJ_1116872,CT,2.212,2.212,5.0,0.04,8.0,2.0,322.0,300,12.0,17.7075,17.66833,16003,1
organgrinder|2022/06/22 14:45:16,branco,2022/06/22 14:45:16,2022,organgrinder,1,YI_1101677,YI_1101677,YI,3.989,3.989,10.0,0.04,4.0,1.0,250.0,250,10.0,7.87444,7.84806,12900,1
organgrinder|2022/07/04 13:31:44,akrami,2022/07/04 13:31:44,2022,organgrinder,1,EC_01,EC_01,EC,3.989,3.989,25.0,0.05,2.0,1.0,409.0,409,20.45,18.85167,18.81056,39115,1
organgrinder|2022/07/05 11:36:25,margrie,2022/07/05 11:36:25,2022,organgrinder,2,CT_CX_1116964;CT_CX_1116965,CT_CX_1116964;CT_CX_1116965,CT,2.212,2.212,5.0,0.05,10.0,4.0,250.0,250,12.5,26.51306,26.35972,23466,1
organgrinder|2022/07/06 16:19:48,margrie,2022/07/06 16:19:48,2022,organgrinder,2,CT_CX_1116998;CT_CX_1116999,CT_CX_1116998;CT_CX_1116999,CT,2.212,2.212,5.0,0.05,10.0,2.0,250.0,250,12.5,26.61694,26.52222,26764,1
organgrinder|2022/08/11 12:05:48,margrie,2022/08/11 12:05:48,2022,organgrinder,1,CT_WT_AK_1116701,CT_WT_AK_1116701,CT,2.212,2.212,10.0,0.05,5.0,1.0,199.0,110,5.5,3.48611,3.45667,5958,1
organgrinder|2022/08/11 16:01:39,margrie,2022/08/11 16:01:39,2022,organgrinder,1,CT_WT_AK_1116702,CT_WT_AK_1116702,CT,2.212,2.212,10.0,0.05,5.0,1.0,220.0,220,11.0,6.57833,6.55056,10539,1
organgrinder|2022/08/15 14:54:07,akrami,2022/08/15 14:54:07,2022,organgrinder,5,SN76;SN77;SN78;SN79;SN80,SN76;SN77;SN78;SN79;SN80,SN76;SN77;SN78;SN79;SN80,2.212,2.212,10.0,0.05,5.0,1.0,269.0,212,10.6,23.10194,23.01556,59304,1
organgrinder|2022/08/23 14:03:06,margrie,2022/08/23 14:03:06,2022,organgrinder,2,CT_CX_1117224;CT_CX_1117498,CT_CX_1117224;CT_CX_1117498,CT,2.212,2.212,10.0,0.05,5.0,2.0,230.0,230,11.5,17.55972,17.48806,25096,1
organgrinder|2022/08/25 11:13:46,isogai,2022/08/25 11:13:46,2022,organgrinder,1,1085606ndnf,sample_1085606ndnf,1085606ndnf;sample,2.212,2.212,5.0,0.04,8.0,1.0,399.0,386,15.44,20.49333,20.45944,34171,1
organgrinder|2022/08/31 12:05:45,akrami,2022/08/31 12:05:45,2022,organgrinder,1,2pe,VP_CAP25,2pe;VP,2.212,2.212,6.3,0.05,8.0,1.0,400.0,400,20.0,17.50639,17.47056,35208,1
organgrinder|2022/09/06 11:19:03,margrie,2022/09/06 11:19:03,2022,organgrinder,1,SW_7914,SW_7914,SW,2.212,2.212,5.0,0.05,10.0,2.0,260.0,246,12.3,10.64333,10.59944,11551,1
organgrinder|2022/09/07 11:17:37,mrsic_flogel,2022/09/07 11:17:37,2022,organgrinder,1,ML_CtxStr_3ColourAxonPilot,ML_CtxStr_3ColourAxonPilot,ML,1.205,1.205,10.0,0.04,4.0,2.0,336.0,336,13.44,20.56944,20.54333,26222,1
organgrinder|2022/09/09 15:28:52,mrsic_flogel,2022/09/09 15:28:52,2022,organgrinder,2,3ColMOsAxon_L;3ColMOsAxon_R,sample_3ColMOsAxon_L;sample_3ColMOsAxon_R,3ColMOsAxon;sample,1.205,1.205,10.0,0.04,4.0,1.0,331.0,330,13.2,38.67139,38.63472,51959,1
organgrinder|2022/09/13 15:45:28,akrami,2022/09/13 15:45:28,2022,organgrinder,1,2pe,VP_CAP30,2pe;VP,2.41,2.41,6.3,0.05,8.0,1.0,354.0,353,17.65,24.56528,24.50861,55548,1
organgrinder|2022/09/15 10:55:20,akrami,2022/09/15 10:55:20,2022,organgrinder,1,2pe,VP_CAP29,2pe;VP,2.212,2.212,6.3,0.05,8.0,1.0,396.0,396,19.8,17.01528,16.98583,35691,1
organgrinder|2022/10/11 11:37:05,mrsic_flogel,2022/10/11 11:37:05,2022,organgrinder,2,MH_010;MH_011,MH_010;MH_011,MH,3.989,3.989,20.0,0.04,2.0,10.0,388.0,374,14.96,11.67083,11.63111,30754,1
organgrinder|2022/10/28 16:39:24,isogai,2022/10/28 16:39:24,2022,organgrinder,2,SB016R;SB039fL,SB016R;SB039fL,SB016R;SB039fL,3.989,3.989,20.0,0.04,2.0,1.0,297.0,297,11.88,8.27667,8.25083,26377,1
organgrinder|2022/10/31 11:04:36,isogai,2022/10/31 11:04:36,2022,organgrinder,1,SB_TRAP_016,SB_TRAP_016,SB,2.212,2.212,5.0,0.04,8.0,2.0,301.0,301,12.04,12.51361,12.47806,15618,1
organgrinder|2022/11/02 11:18:07,isogai,2022/11/02 11:18:07,2022,organgrinder,1,SB_040,SB_040,SB,3.989,3.989,20.0,0.04,2.0,1.0,393.0,390,15.6,16.53389,16.50389,60095,1
organgrinder|2022/11/09 16:24:52,margrie,2022/11/09 16:24:52,2022,organgrinder,1,SW_27570_1050_nm,SW_27570_1050_nm,SW,2.212,2.212,6.3,0.05,8.0,8.0,202.0,202,10.1,14.50056,14.40917,10830,1
organgrinder|2022/11/14 11:50:10,branco,2022/11/14 11:50:10,2022,organgrinder,1,CA_DMS&NAc_046,CA_1098602,CA,3.989,3.989,25.0,0.05,2.0,4.0,233.0,233,11.65,5.95833,5.93333,8900,1
organgrinder|2022/11/21 12:41:25,margrie,2022/11/21 12:41:25,2022,organgrinder,2,TC_11180237f06;TC_11180237f07,TC_11180237f06;TC_11180237f07,TC,3.989,3.989,20.0,0.04,2.0,1.0,306.0,306,12.24,11.68722,11.66278,25161,1
organgrinder|2022/11/23 15:55:03,margrie,2022/11/23 15:55:03,2022,organgrinder,2,CT_EJ_1118129;CT_EJ_1118130,CT_EJ_1118129;CT_EJ_1118130,CT,2.212,2.212,10.0,0.05,5.0,1.0,240.0,240,12.0,8.37472,8.34083,24043,1
organgrinder|2022/12/01 12:32:55,margrie,2022/12/01 12:32:55,2022,organgrinder,3,TC_1118213;TC_1118317;TC_1118320,TC_1118213;TC_1118317;TC_1118320,TC,3.989,3.989,20.0,0.04,2.0,3.0,378.0,367,14.68,15.63944,15.60389,40763,1
organgrinder|2022/12/08 10:33:29,branco,2022/12/08 10:33:29,2022,organgrinder,4,CA_OFC_052_20221208;CA_mPFC_053_20221208;CA_mPFC_055_20221208;CA_mPFC_056_20221208,CA_053_052_056_055_20221208;CA_056_20221208,CA,3.989,3.989,20.0,0.04,2.0,2.0,381.0,327,13.08,15.50278,31.84528,58310,1
organgrinder|2022/12/11 16:44:54,margrie,2022/12/11 16:44:54,2022,organgrinder,3,1117788-NP03;1118018-FB3;TC_1117646-CT,TC_1117646-CT;sample_1117788-NP03;sample_1118018-FB3,1117788-NP03;1118018-FB3;TC;sample,3.989,3.989,20.0,0.04,2.0,3.0,373.0,342,13.68,14.40972,14.37056,36903,1
organgrinder|2023/02/08 16:22:09,branco,2023/02/08 16:22:09,2023,organgrinder,1,CA_beads_20230208,CA_beads_20230208,CA,3.989,3.989,20.0,0.04,2.0,1.0,343.0,343,13.72,7.62722,7.61028,14121,1
organgrinder|2023/02/09 11:04:40,branco,2023/02/09 11:04:40,2023,organgrinder,1,YW_BAA1102940_DiI,YW_BAA1102940_DiI,YW,3.989,3.989,20.0,0.04,2.0,4.0,320.0,320,12.8,10.01639,9.99056,14339,1
organgrinder|2023/02/14 11:09:22,branco,2023/02/14 11:09:22,2023,organgrinder,2,YW_1102827;YW_1102925,sample_1102827;sample_1102925,YW;sample,3.989,3.989,20.0,0.04,2.0,2.0,320.0,320,12.8,12.26667,12.235,25980,1
organgrinder|2023/02/20 10:57:19,mrsic_flogel,2023/02/20 10:57:19,2023,organgrinder,1,PB_Cadaver_01,PB_Cadaver_01,PB,3.989,3.989,20.0,0.04,2.0,1.0,311.0,311,12.44,8.02861,8.00833,12999,1
organgrinder|2023/02/21 11:50:37,branco,2023/02/21 11:50:37,2023,organgrinder,1,YW_1102979,YW_1102979,YW,3.989,3.989,20.0,0.04,2.0,4.0,320.0,320,12.8,10.40861,10.3825,14179,1
organgrinder|2023/02/22 13:50:41,isogai,2023/02/22 13:50:41,2023,organgrinder,1,XC_1086476Som,XC_1086476Som,XC,1.205,1.205,50.0,0.05,1.0,4.0,269.0,269,13.45,8.72917,8.69833,22476,1
organgrinder|2023/02/23 17:03:44,isogai,2023/02/23 17:03:44,2023,organgrinder,2,1086477Som;1086481Som,sample_1086477Som;sample_1086481Som,1086477Som;1086481Som;sample,1.205,1.205,50.0,0.05,1.0,4.0,302.0,286,14.3,15.34389,15.30083,44776,1
organgrinder|2023/02/28 13:21:57,branco,2023/02/28 13:21:57,2023,organgrinder,1,YW_1103023,YW_1103023,YW,3.989,3.989,20.0,0.04,2.0,4.0,320.0,320,12.8,10.65583,10.63306,13562,1
organgrinder|2023/03/03 11:14:24,mrsic_flogel,2023/03/03 11:14:24,2023,organgrinder,3,SM_1129528;SM_1130287;SM_1130288,SM_1129528;SM_1130287;SM_1130288,SM,1.205,1.205,10.0,0.04,4.0,2.0,346.0,344,13.76,37.48472,37.37528,77043,1
organgrinder|2023/03/08 14:49:25,branco,2023/03/08 14:49:25,2023,organgrinder,1,YW_1102927,YW_1102927,YW,3.989,3.989,20.0,0.04,2.0,4.0,290.0,290,11.6,8.47722,8.45111,11888,1
organgrinder|2023/03/10 14:00:39,branco,2023/03/10 14:00:39,2023,organgrinder,2,YW_1103021;YW_1103022,YW_1103021;YW_1103022,YW,3.989,3.989,20.0,0.04,2.0,4.0,378.0,343,13.72,12.02667,11.99389,24361,1
organgrinder|2023/03/13 16:24:01,isogai,2023/03/13 16:24:01,2023,organgrinder,2,1086239Dr1;1086240Dr2,sample_1086239Dr1;sample_1086240Dr2,1086239Dr1;1086240Dr2;sample,1.205,1.205,50.0,0.05,1.0,4.0,342.0,305,15.25,14.92917,14.89167,45404,1
organgrinder|2023/03/14 14:46:58,isogai,2023/03/14 14:46:58,2023,organgrinder,1,xc_1086279,xc_1086279,xc,1.205,1.205,50.0,0.05,1.0,4.0,234.0,286,14.3,8.79583,54.17528,21321,1
organgrinder|2023/03/17 15:38:17,isogai,2023/03/17 15:38:17,2023,organgrinder,1,xc_1086280Dr5,xc_1086280Dr5,xc,1.205,1.205,50.0,0.05,1.0,4.0,329.0,282,14.1,8.89556,8.86806,22152,1
organgrinder|2023/03/19 15:04:29,isogai,2023/03/19 15:04:29,2023,organgrinder,1,xc_1086559NDNF,xc_1086559,xc,1.205,1.205,10.0,0.05,5.0,2.0,315.0,294,14.7,13.79833,13.76111,22655,1
organgrinder|2023/03/21 11:42:49,isogai,2023/03/21 11:42:49,2023,organgrinder,1,xc_1086563ndnfF,xc_1086563ndnfF,xc,1.205,1.205,10.0,0.05,5.0,2.0,331.0,287,14.35,13.99194,13.94722,23147,1
organgrinder|2023/03/22 11:22:25,mrsic_flogel,2023/03/22 11:22:25,2023,organgrinder,4,MA_1125773;MA_1125774;MA_1126780;MA_1126853,MA_1125773;MA_1125774;MA_1126780;MA_1126853,MA,3.989,3.989,20.0,0.04,2.0,2.0,350.0,346,13.84,15.37889,15.3375,50886,1
organgrinder|2023/03/23 12:52:27,branco,2023/03/23 12:52:27,2023,organgrinder,1,YW_1103042,YW_1103042,YW,3.989,3.989,20.0,0.04,2.0,4.0,302.0,302,12.08,9.57417,9.54861,14106,1
organgrinder|2023/03/24 17:28:46,isogai,2023/03/24 17:28:46,2023,organgrinder,1,XC_1086578Som,XC_1086578Som,XC,1.205,1.205,10.0,0.05,5.0,2.0,323.0,295,14.75,14.12528,14.09083,23301,1
organgrinder|2023/03/25 18:14:27,isogai,2023/03/25 18:14:27,2023,organgrinder,1,XC_1086579Som,XC_1086579Som,XC,1.205,1.205,10.0,0.05,5.0,2.0,307.0,287,14.35,13.34306,13.30722,20314,1
organgrinder|2023/03/26 16:40:35,branco,2023/03/26 16:40:35,2023,organgrinder,1,YW_1103041,YW_1103041,YW,3.989,3.989,20.0,0.04,2.0,4.0,337.0,337,13.48,9.80889,9.78556,13446,1
organgrinder|2023/03/27 13:46:28,mrsic_flogel,2023/03/27 13:46:28,2023,organgrinder,1,RC_calb_AF488_calret_AF594_PV_SeTau647,RC_calb_AF488_calret_AF594_PV_SeTau647,RC,2.212,2.212,5.0,0.05,10.0,4.0,203.0,203,10.15,16.15139,16.07972,10918,1
organgrinder|2023/03/28 11:06:19,mrsic_flogel,2023/03/28 11:06:19,2023,organgrinder,1,RC_DAPI_GABA_488_Neun_594_cFos_SeTau647_02,RC_DAPI_GABA_488_Neun_594_cFos_SeTau647_02,RC,2.212,2.212,5.0,0.05,10.0,1.0,243.0,245,12.25,16.2675,16.21222,12458,1
organgrinder|2023/03/29 18:22:43,branco,2023/03/29 18:22:43,2023,organgrinder,1,YW_1103194,YW_1103194,YW,3.989,3.989,20.0,0.04,2.0,4.0,335.0,335,13.4,10.07639,10.04972,13156,1
organgrinder|2023/04/03 13:53:37,mrsic_flogel,2023/04/03 13:53:37,2023,organgrinder,3,SM_1130093;SM_1130503;SM_1130504,SM_1130093;SM_1130503;SM_1130504,SM,3.989,3.989,20.0,0.04,2.0,2.0,351.0,316,12.64,12.06722,12.03139,35711,1
organgrinder|2023/04/24 16:11:31,branco,2023/04/24 16:11:31,2023,organgrinder,1,YW_1103207,YW_1103207,YW,3.989,3.989,20.0,0.04,2.0,4.0,316.0,316,12.64,9.65611,9.62722,11709,1
organgrinder|2023/04/27 11:50:48,mrsic_flogel,2023/04/27 11:50:48,2023,organgrinder,1,RC__HS_Cereb_DAPI_488_594_647,RC__HS_Cereb_DAPI_488_594_647,RC,1.205,1.205,25.0,0.05,2.0,4.0,233.0,211,10.55,56.75,56.59889,143754,1
organgrinder|2023/05/02 16:14:10,branco,2023/05/02 16:14:10,2023,organgrinder,1,YW_1103195,YW_1103195,YW,3.989,3.989,20.0,0.04,2.0,4.0,257.0,257,10.28,8.30306,8.27583,10975,1
organgrinder|2023/05/03 15:47:48,branco,2023/05/03 15:47:48,2023,organgrinder,1,YW_1103208,YW_1103208,YW,3.989,3.989,20.0,0.04,2.0,4.0,311.0,311,12.44,9.42889,9.40222,11272,1
organgrinder|2023/05/04 11:28:35,mrsic_flogel,2023/05/04 11:28:35,2023,organgrinder,1,RC__HS_Crtx_DAPI_488_594_647,RC__HS_Crtx_DAPI_488_594_647,RC,1.205,1.205,50.0,0.05,2.0,4.0,200.0,200,10.0,37.80444,37.82,99002,1
organgrinder|2023/05/08 11:35:10,akrami,2023/05/08 11:35:10,2023,organgrinder,1,2pe,VP_CAP38,2pe;VP,1.205,1.205,6.3,0.05,8.0,1.0,376.0,372,18.6,26.91139,26.86028,58824,1
organgrinder|2023/05/10 11:50:09,mrsic_flogel,2023/05/10 11:50:09,2023,organgrinder,1,RC__HS_subCrtx_DAPI_488_594_647_03,RC__HS_subCrtx_DAPI_488_594_647_03,RC,2.212,2.212,20.0,0.04,2.0,2.0,239.0,297,11.88,42.99528,56.49111,102684,1
organgrinder|2023/05/16 19:39:53,isogai,2023/05/16 19:39:53,2023,organgrinder,1,risa_1086595,risa_1086595,risa,1.205,1.205,7.1,0.05,7.0,4.0,332.0,308,15.4,29.24389,29.54639,24648,1
organgrinder|2023/05/23 11:46:01,mrsic_flogel,2023/05/23 11:46:01,2023,organgrinder,1,SM_1130204,SM_1130204,SM,2.212,2.212,10.0,0.04,4.0,4.0,291.0,291,11.64,12.07333,12.03833,14170,1
organgrinder|2023/05/25 17:27:20,branco,2023/05/25 17:27:20,2023,organgrinder,1,YW_1103211,YW_1103211,YW,2.212,2.212,8.0,0.04,5.0,6.0,323.0,323,12.92,20.51278,20.46056,16471,1
organgrinder|2023/06/01 12:42:53,branco,2023/06/01 12:42:53,2023,organgrinder,1,YW_1103212,YW_1103212,YW,2.212,2.212,8.0,0.04,5.0,4.0,321.0,321,12.84,17.43917,17.39917,17584,1
organgrinder|2023/06/04 14:55:32,branco,2023/06/04 14:55:32,2023,organgrinder,1,YW_1103215,YW_1103215,YW,2.212,2.212,6.7,0.04,6.0,6.0,310.0,271,10.84,21.28167,21.22306,16004,1
organgrinder|2023/06/05 15:02:59,branco,2023/06/05 15:02:59,2023,organgrinder,6,CA_DMS_066_20230605;CA_DMS_067_20230605;CA_DMS_068_20230605;CA_DMS_069_20230605;CA_DMS_073_20230605;CA_DMS_091_20230605,sample_066;sample_067;sample_068;sample_069;sample_073;sample_091,CA;sample,3.989,3.989,20.0,0.04,2.0,1.0,400.0,287,11.48,18.55861,18.51167,78952,1
organgrinder|2023/06/08 18:51:20,branco,2023/06/08 18:51:20,2023,organgrinder,4,CA_DMS_070_20230608;CA_DMS_088_20230608;CA_DMS_089_20230608;CA_DMS_090_20230608,sample_070;sample_088;sample_089;sample_090,CA;sample,4.133,4.133,20.0,0.04,2.0,1.0,360.0,336,13.44,14.965,14.92194,56292,1
organgrinder|2023/06/10 13:37:36,isogai,2023/06/10 13:37:36,2023,organgrinder,1,xc_1086931som,xc_1086931som,xc,2.0,2.0,10.0,0.05,5.0,1.0,342.0,318,15.9,9.18472,9.25194,17199,1
organgrinder|2023/06/13 12:10:07,akrami,2023/06/13 12:10:07,2023,organgrinder,1,2pe,VP_CAP37,2pe;VP,2.0,2.0,6.3,0.05,8.0,1.0,421.0,404,20.2,21.21722,21.17278,44657,1
organgrinder|2023/06/22 20:02:15,branco,2023/06/22 20:02:15,2023,organgrinder,1,YW_1103260,YW_1103260,YW,2.0,2.0,20.0,0.04,2.0,4.0,304.0,304,12.16,10.32,10.29083,16457,1
organgrinder|2023/06/23 13:57:15,akrami,2023/06/23 13:57:15,2023,organgrinder,1,2pe,VP_gcamp1,2pe;VP,2.0,2.0,6.3,0.05,8.0,1.0,444.0,430,21.5,22.77944,22.73667,54361,1
organgrinder|2023/06/25 19:46:21,branco,2023/06/25 19:46:21,2023,organgrinder,1,YW_1103258,YW_1103258,YW,4.133,4.133,20.0,0.04,2.0,4.0,282.0,282,11.28,7.63139,7.60722,12510,1
organgrinder|2023/06/26 13:14:15,isogai,2023/06/26 13:14:15,2023,organgrinder,1,xc_1086943_synGFP,xc_1086943_synGFP,xc,1.127,1.127,50.0,0.05,1.0,4.0,326.0,295,14.75,10.70833,10.68,24891,1
organgrinder|2023/07/01 13:40:49,isogai,2023/07/01 13:40:49,2023,organgrinder,1,xc_1086941synGFP,xc_1086941synGFP,xc,1.127,1.127,50.0,0.05,1.0,4.0,1.0,291,14.55,10.35889,10.33167,25412,1
organgrinder|2023/07/05 09:35:38,sjones,2023/07/05 09:35:38,2023,organgrinder,2,s083_tabfixed_m1130739_L__20230705_093539__serial_section;s087_tabfixed_m1130736_L__20230705_093539__serial_section,s083;s087,s083;s087,4.133,4.133,20.0,0.04,2.0,1.0,328.0,328,13.12,13.75917,13.72472,28551,1
organgrinder|2023/07/06 12:55:51,sjones,2023/07/06 12:55:51,2023,organgrinder,1,EJT244,EJT244_Casp_in_rILT,EJT244,2.0,2.0,5.0,0.04,8.0,4.0,341.0,341,13.64,25.21528,25.15944,20664,1
organgrinder|2023/07/07 15:26:06,sjones,2023/07/07 15:26:06,2023,organgrinder,1,EJT245,EJT245_casp_in_rILT,EJT245,2.0,2.0,5.0,0.04,8.0,4.0,341.0,341,13.64,24.61889,24.57472,20115,1
organgrinder|2023/07/11 12:48:16,sjones,2023/07/11 12:48:16,2023,organgrinder,2,s089_tabfixed_m1119773_L__20230711_124817__serial_section;s090_tabfixed_m1119775_LR__20230711_124817_serial_section,LBR__20230711__s090_top__s089_bottom;s089,LBR;s089;s090,4.133,4.133,20.0,0.04,2.0,1.0,351.0,344,13.76,11.06667,11.045,30917,0
organgrinder|2023/07/12 09:33:43,sjones,2023/07/12 09:33:43,2023,organgrinder,1,s088_tabfixed_m1130737_R__20230712_093344__serial_section,LBR__20230712__s088,LBR;s088,4.133,4.133,20.0,0.04,2.0,1.0,334.0,322,12.88,7.18972,7.17167,14129,1
organgrinder|2023/07/12 17:04:47,sjones,2023/07/12 17:04:47,2023,organgrinder,2,s082_tabfixed_m1099615_R__20230705_093539__serial_section;s085_tabfixed_m1119777_L__20230712_170448__serial_section,ROI_2;s085,ROI;s082;s085,4.133,4.133,20.0,0.04,2.0,1.0,324.0,284,11.36,9.72861,9.70722,25600,1
organgrinder|2023/07/13 13:08:20,mrsic_flogel,2023/07/13 13:08:20,2023,organgrinder,2,SM_1132206;SM_1132207,SM_1132206;SM_1132206_1132207,SM,2.0,2.0,10.0,0.04,4.0,3.0,322.0,325,13.0,19.77611,20.15833,35949,1
organgrinder|2023/07/14 12:02:57,sjones,2023/07/14 12:02:57,2023,organgrinder,1,EJT235,EJT235,EJT235,2.0,2.0,5.0,0.04,8.0,4.0,286.0,289,11.56,19.71056,21.07056,18064,1
organgrinder|2023/07/20 11:16:55,sjones,2023/07/20 11:16:55,2023,organgrinder,1,EJT236,EJT236_Casp_in_rILT,EJT236,2.0,2.0,5.0,0.04,8.0,4.0,341.0,330,13.2,19.13806,19.10194,15998,1
organgrinder|2023/07/21 14:57:25,sjones,2023/07/21 14:57:25,2023,organgrinder,1,EJT237,EJT237_casp_in_rILT,EJT237,2.0,2.0,5.0,0.04,8.0,4.0,341.0,319,12.76,19.37556,19.34194,17014,1
organgrinder|2023/07/24 11:36:20,mrsic_flogel,2023/07/24 11:36:20,2023,organgrinder,2,CUBIC_cleared;THF_cleared,CUBIC_cleared;THF_cleared,CUBIC;THF,1.127,1.127,20.0,0.04,2.0,2.0,357.0,311,12.44,18.63194,18.57639,62367,1
organgrinder|2023/07/26 11:15:46,akrami,2023/07/26 11:15:46,2023,organgrinder,1,2pe,jack01,2pe;jack01,2.0,2.0,10.0,0.05,5.0,1.0,391.0,376,18.8,17.58306,17.54333,49801,1
organgrinder|2023/07/27 11:47:06,akrami,2023/07/27 11:47:06,2023,organgrinder,1,2pe,VP_CAP49,2pe;VP,2.0,2.0,6.3,0.05,8.0,1.0,377.0,361,18.05,18.87333,18.83,42574,1
organgrinder|2023/07/28 12:34:25,akrami,2023/07/28 12:34:25,2023,organgrinder,1,2pe,VP_CAP50,2pe;VP,2.0,2.0,6.3,0.05,8.0,1.0,407.0,374,18.7,19.62944,19.58917,44078,1
organgrinder|2023/08/03 12:11:28,mrsic_flogel,2023/08/03 12:11:28,2023,organgrinder,1,SM_1131495,SM_1131495,SM,2.0,2.0,10.0,0.04,4.0,4.0,316.0,316,12.64,17.11639,17.06611,18091,1
organgrinder|2023/08/04 11:37:28,akrami,2023/08/04 11:37:28,2023,organgrinder,1,2pe,VP_CAP48,2pe;VP,2.0,2.0,6.3,0.05,8.0,1.0,398.0,397,19.85,20.68,20.64167,46794,1
organgrinder|2023/08/08 15:39:29,mrsic_flogel,2023/08/08 15:39:29,2023,organgrinder,6,SM_1132911;SM_1132912;SM_1132913;SM_1133027;SM_1133028;SM_1133111,SM_1132911;SM_1132912;SM_1132913;SM_1133027;SM_1133028;SM_1133111,SM,4.133,4.133,10.0,0.04,4.0,2.0,387.0,286,11.44,25.09528,25.02,89126,1
organgrinder|2023/08/14 11:15:14,akrami,2023/08/14 11:15:14,2023,organgrinder,1,2pe,VP_CAP41,2pe;VP,4.133,4.133,40.0,0.08,2.0,2.0,209.0,178,14.24,7.65278,27.16722,17342,1
organgrinder|2023/08/18 12:07:30,margrie,2023/08/18 12:07:30,2023,organgrinder,1,SW_musc1,SW_musc1,SW,4.133,4.133,10.0,0.05,5.0,2.0,186.0,245,12.25,6.73306,6.82389,11863,1
organgrinder|2023/08/24 14:54:14,akrami,2023/08/24 14:54:14,2023,organgrinder,1,CAP18_liver,CAP18_liver,CAP18,4.133,4.133,50.0,0.05,1.0,1.0,454.0,416,20.8,9.79861,9.78694,22877,1
organgrinder|2023/08/29 10:43:32,mrsic_flogel,2023/08/29 10:43:32,2023,organgrinder,3,SerialSection;SerialSection;bVGAT03_Anatomy,bVGAT01;bVGAT02;bVGAT03,SerialSection;bVGAT01;bVGAT02;bVGAT03,4.133,4.133,10.0,0.04,4.0,1.0,364.0,319,12.76,12.90667,12.86944,42166,1
organgrinder|2023/08/30 10:35:18,mrsic_flogel,2023/08/30 10:35:18,2023,organgrinder,1,atdTomSom01_SerialSection,SM_atdTomSom01,SM;atdTomSom01,2.0,2.0,10.0,0.04,4.0,4.0,332.0,323,12.92,14.22083,14.17722,17950,1
organgrinder|2023/09/05 14:38:41,mrsic_flogel,2023/09/05 14:38:41,2023,organgrinder,1,SM_1131702,SM_1131702,SM,2.0,2.0,6.7,0.04,6.0,4.0,289.0,289,11.56,16.49389,16.43917,16824,1
organgrinder|2023/09/06 12:19:39,mrsic_flogel,2023/09/06 12:19:39,2023,organgrinder,4,SerialSection;SerialSection;SerialSection;SerialSection,bVGAT04;bVGAT05;bVGAT06;bVGAT07,SerialSection;bVGAT04;bVGAT05;bVGAT06;bVGAT07,4.133,4.133,10.0,0.04,4.0,1.0,365.0,316,12.64,14.97917,14.93222,57371,1
organgrinder|2023/09/20 15:16:40,okeefe,2023/09/20 15:16:40,2023,organgrinder,1,M175,VA_175,M175;VA,4.133,4.133,20.0,0.04,2.0,2.0,340.0,340,13.6,8.59889,8.575,15611,1
organgrinder|2023/09/26 11:12:36,okeefe,2023/09/26 11:12:36,2023,organgrinder,1,VA_0346790R,VA_0346790R,VA,4.133,4.133,20.0,0.04,2.0,1.0,282.0,282,11.28,6.7,6.67722,14604,1
organgrinder|2023/09/27 11:01:18,mrsic_flogel,2023/09/27 11:01:18,2023,organgrinder,1,SerialSection,SM_aRbp401,SM;SerialSection,1.127,1.127,6.7,0.04,6.0,3.0,294.0,277,11.08,22.83444,22.75111,26432,1
organgrinder|2023/09/28 11:31:02,okeefe,2023/09/28 11:31:02,2023,organgrinder,1,VA_LL,VA_LL,VA,4.133,4.133,20.0,0.04,2.0,1.0,322.0,286,11.44,7.29222,7.26917,14501,1
organgrinder|2023/10/03 11:28:14,mrsic_flogel,2023/10/03 11:28:14,2023,organgrinder,3,SerialSection;SerialSection;SerialSection,bVGAT08;bVGAT09;bVGAT10,SerialSection;bVGAT08;bVGAT09;bVGAT10,2.0,2.0,10.0,0.04,4.0,2.0,369.0,293,11.72,24.58139,24.50833,58817,1
organgrinder|2023/10/06 10:54:41,mrsic_flogel,2023/10/06 10:54:41,2023,organgrinder,3,ML_1133145;ML_1133146;SerialSection,ML_1133145;ML_1133146;bVGAT11,ML;SerialSection;bVGAT11,2.0,2.0,10.0,0.04,4.0,2.0,364.0,323,12.92,23.57194,23.49444,51635,1
organgrinder|2023/10/10 16:16:50,mrsic_flogel,2023/10/10 16:16:50,2023,organgrinder,5,C2vLGBNST3;C2vLGBNST4;C2vLGBNST5;FPzvLG1;FPzvLG2,C2vLGBNST3;C2vLGBNST4;C2vLGBNST5;FPzvLG1;FPzvLG2,C2vLGBNST3;C2vLGBNST4;C2vLGBNST5;FPzvLG1;FPzvLG2,2.0,2.0,10.0,0.05,5.0,1.0,236.0,236,11.8,19.11583,19.03611,63589,1
organgrinder|2023/10/11 19:45:04,mrsic_flogel,2023/10/11 19:45:04,2023,organgrinder,3,SerialSection;SerialSection;SerialSection,bRbp403;bRbp404;bRbp405,SerialSection;bRbp403;bRbp404;bRbp405,4.133,4.133,20.0,0.04,2.0,1.0,324.0,280,11.2,10.96083,10.92083,35867,1
organgrinder|2023/10/12 09:47:30,mrsic_flogel,2023/10/12 09:47:30,2023,organgrinder,1,SerialSection,SM_bRbp406,SM;SerialSection,4.133,4.133,20.0,0.04,2.0,1.0,294.0,204,8.16,5.67111,5.64611,11731,1
organgrinder|2023/10/16 11:30:16,mrsic_flogel,2023/10/16 11:30:16,2023,organgrinder,2,LPSCRetro3;LPSCRetro4,LPSCRetro3;LPSCRetro4,LPSCRetro3;LPSCRetro4,1.127,1.127,20.0,0.04,2.0,1.0,409.0,350,14.0,17.41167,17.37667,58770,1
organgrinder|2023/10/23 11:31:13,mrsic_flogel,2023/10/23 11:31:13,2023,organgrinder,1,SD_apENKtdTom01,SD_apENKtdTom01,SD,8.008,8.008,20.0,0.04,2.0,1.0,277.0,155,6.2,4.0925,4.06861,9830,1
organgrinder|2023/10/30 14:20:02,margrie,2023/10/30 14:20:02,2023,organgrinder,4,1103368;1120134;1120259;1120495,ROI_4;sample_1103368;sample_1120259;sample_1120495,1103368;1120134;1120259;1120495;ROI;sample,2.0,2.0,10.0,0.05,5.0,1.0,280.0,280,14.0,19.80056,19.7625,54156,1
organgrinder|2023/11/13 14:59:28,margrie,2023/11/13 14:59:28,2023,organgrinder,2,1113445;1120733,sample_1113445;sample_1120733,1113445;1120733;sample,2.0,2.0,10.0,0.05,5.0,1.0,280.0,265,13.25,17.13444,17.08667,34477,1
organgrinder|2023/11/14 19:40:14,mrsic_flogel,2023/11/14 19:40:14,2023,organgrinder,1,SD_1120810,SD_1120810,SD,2.0,2.0,10.0,0.04,4.0,4.0,224.0,190,7.6,10.33472,10.28806,15055,1
organgrinder|2023/11/23 11:21:09,margrie,2023/11/23 11:21:09,2023,organgrinder,1,YI_1133429b,YI_1133429b,YI,2.0,2.0,5.0,0.05,10.0,2.0,200.0,200,10.0,11.80639,11.75,13426,1
organgrinder|2023/11/27 14:01:50,margrie,2023/11/27 14:01:50,2023,organgrinder,1,YI_1133430,YI_1133430,YI,2.0,2.0,5.0,0.05,10.0,2.0,220.0,220,11.0,16.86972,16.81833,21116,1
organgrinder|2023/11/28 12:02:41,mrsic_flogel,2023/11/28 12:02:41,2023,organgrinder,2,bRbp408;bRbp410,bRbp408;bRbp410,bRbp408;bRbp410,4.133,4.133,20.0,0.04,2.0,1.0,352.0,113,4.52,4.17222,4.13694,13478,1
organgrinder|2023/11/29 12:05:14,sjones,2023/11/29 12:05:14,2023,organgrinder,1,Cbln4CreAi14,Cbln4CreAi14_sthita,Cbln4CreAi14,2.0,2.0,5.0,0.04,8.0,1.0,351.0,351,14.04,26.01278,25.98917,24376,1
organgrinder|2023/11/30 15:05:33,sjones,2023/11/30 15:05:33,2023,organgrinder,1,SP153b,SP153_rgGFP_DMS_rgtdTom_DLS,SP153;SP153b,2.0,2.0,5.0,0.04,8.0,1.0,316.0,316,12.64,22.42139,22.39528,19534,1
organgrinder|2023/12/01 14:31:34,sjones,2023/12/01 14:31:34,2023,organgrinder,1,ROff1_MSJ,ROff1_MSJ,ROff1,1.127,1.127,5.0,0.04,8.0,4.0,351.0,351,14.04,38.6775,38.60611,28727,1
organgrinder|2023/12/05 09:35:50,mrsic_flogel,2023/12/05 09:35:50,2023,organgrinder,5,NOSChR10;NOSChR11;NOSChR12;NOSChR13;NOSChR14,NOSChR10;NOSChR11;NOSChR12;NOSChR13;NOSChR14,NOSChR10;NOSChR11;NOSChR12;NOSChR13;NOSChR14,2.0,2.0,10.0,0.04,4.0,1.0,250.0,227,9.08,23.6975,23.61944,84045,1
organgrinder|2023/12/07 08:54:23,mrsic_flogel,2023/12/07 08:54:23,2023,organgrinder,2,vgathSyn1;vgathSyn2,vgathSyn1;vgathSyn2,vgathSyn1;vgathSyn2,2.0,2.0,5.0,0.04,8.0,4.0,250.0,174,6.96,25.76694,25.67306,27550,1
organgrinder|2023/12/08 17:25:58,mrsic_flogel,2023/12/08 17:25:58,2023,organgrinder,3,C2rbvLGRS1;C2rbvLGRS2;C2rbvLGRS3,C2rbvLGRS1;C2rbvLGRS2;C2rbvLGRS3,C2rbvLGRS1;C2rbvLGRS2;C2rbvLGRS3,2.0,2.0,20.0,0.04,2.0,1.0,355.0,335,13.4,13.45389,13.41083,53888,1
organgrinder|2023/12/09 09:23:20,mrsic_flogel,2023/12/09 09:23:20,2023,organgrinder,2,PenkhSyn1;PenkhSyn2,PenkhSyn1;PenkhSyn2,PenkhSyn1;PenkhSyn2,2.0,2.0,5.0,0.04,8.0,4.0,250.0,166,6.64,22.86972,22.73472,24711,1
organgrinder|2023/12/10 08:53:02,mrsic_flogel,2023/12/10 08:53:02,2023,organgrinder,2,SOMhSyn1;SOMhSyn2,SOMhSyn1;SOMhSyn2,SOMhSyn1;SOMhSyn2,2.0,2.0,5.0,0.04,8.0,1.0,180.0,180,7.2,24.30139,24.16833,26190,1
organgrinder|2023/12/13 15:19:42,mrsic_flogel,2023/12/13 15:19:42,2023,organgrinder,1,ML_SNr_test_01,ML_SNr_test_01,ML,4.133,4.133,20.0,0.04,2.0,1.0,338.0,338,13.52,8.90333,8.88139,14930,1
organgrinder|2023/12/14 09:13:25,mrsic_flogel,2023/12/14 09:13:25,2023,organgrinder,2,PVhSyn2;SOMChROFF8,PVhSyn2;SOMChROFF8,PVhSyn2;SOMChROFF8,2.0,2.0,5.0,0.04,8.0,4.0,180.0,176,7.04,23.57361,23.44417,25087,1
organgrinder|2023/12/15 09:17:54,mrsic_flogel,2023/12/15 09:17:54,2023,organgrinder,2,NOShSyn1;NOShSyn2,NOShSyn1;NOShSyn2,NOShSyn1;NOShSyn2,2.0,2.0,5.0,0.04,8.0,4.0,180.0,168,6.72,23.37889,23.26111,25221,1
organgrinder|2023/12/16 09:24:47,mrsic_flogel,2023/12/16 09:24:47,2023,organgrinder,2,vgluthSyn1;vgluthSyn2,vgluthSyn1;vgluthSyn2,vgluthSyn1;vgluthSyn2,2.0,2.0,5.0,0.04,8.0,4.0,180.0,173,6.92,24.13889,24.04806,25934,1
organgrinder|2023/12/18 11:04:18,mrsic_flogel,2023/12/18 11:04:18,2023,organgrinder,2,NV_SCvLGT2A1;NV_SCvLGT2A2,NV_SCvLGT2A1;NV_SCvLGT2A2,NV,2.0,2.0,5.0,0.04,8.0,4.0,200.0,160,6.4,21.22472,21.12861,22563,1
organgrinder|2024/01/22 11:31:24,okeefe,2024/01/22 11:31:24,2024,organgrinder,2,JO_064;JO_065,JO_064;JO_065,JO,4.133,4.133,25.0,0.05,2.0,1.0,333.0,333,16.65,22.27194,22.205,73989,1
organgrinder|2024/01/25 15:09:07,akrami,2024/01/25 15:09:07,2024,organgrinder,1,2pe,VP_CAP56,2pe;VP,2.0,2.0,6.3,0.05,8.0,1.0,406.0,387,19.35,21.14861,21.11944,46878,1
organgrinder|2024/01/26 15:28:39,akrami,2024/01/26 15:28:39,2024,organgrinder,1,2pe,VP_CAP58,2pe;VP,2.0,2.0,6.3,0.05,8.0,1.0,401.0,383,19.15,19.88056,19.84528,43303,1
organgrinder|2024/01/27 14:57:41,sjones,2024/01/27 14:57:41,2024,organgrinder,2,SP125;SP148,SP125;SP148,SP125;SP148,4.133,4.133,20.0,0.04,2.0,1.0,382.0,343,13.72,9.79583,9.77056,28222,1
organgrinder|2024/01/29 11:55:35,mrsic_flogel,2024/01/29 11:55:35,2024,organgrinder,2,fpNr5a101_SerialSection;fpRbp405_SerialSection,fpNr5a101;fpRbp405,fpNr5a101;fpRbp405,4.133,4.133,10.0,0.04,4.0,10.0,346.0,223,8.92,20.99639,20.91222,24223,1
organgrinder|2024/01/30 11:32:43,akrami,2024/01/30 11:32:43,2024,organgrinder,4,SN_86;SN_89;SN_91;SN_92,SN_86;SN_89;SN_91;SN_92,SN,2.0,2.0,7.1,0.05,7.0,1.0,191.0,114,5.7,11.83333,11.75222,35268,1
organgrinder|2024/01/31 09:45:01,akrami,2024/01/31 09:45:01,2024,organgrinder,2,SN_93;SN_94,SN_93;SN_94,SN,2.0,2.0,7.1,0.05,7.0,1.0,274.0,234,11.7,11.58667,11.54806,29389,1
organgrinder|2024/02/01 11:03:16,akrami,2024/02/01 11:03:16,2024,organgrinder,1,EM_55,EM_55,EM,2.0,2.0,12.5,0.05,4.0,1.0,427.0,427,21.35,20.11028,20.08,59041,1
organgrinder|2024/02/02 11:22:43,akrami,2024/02/02 11:22:43,2024,organgrinder,2,DO_77;DO_78,DO_77;DO_78,DO,4.133,4.133,25.0,0.05,2.0,1.0,291.0,291,14.55,8.58778,8.56306,24736,1
organgrinder|2024/02/04 09:47:17,mrsic_flogel,2024/02/04 09:47:17,2024,organgrinder,2,SOMhSyn3;SOMhSyn4,SOMhSyn3;SOMhSyn4,SOMhSyn3;SOMhSyn4,2.0,2.0,5.0,0.04,8.0,4.0,200.0,153,6.12,23.12917,23.01139,24989,1
organgrinder|2024/02/05 09:23:19,mrsic_flogel,2024/02/05 09:23:19,2024,organgrinder,2,PenkhSyn4;PenkhSyn5,PenkhSyn4;PenkhSyn5,PenkhSyn4;PenkhSyn5,2.0,2.0,5.0,0.04,8.0,4.0,180.0,166,6.64,23.86972,23.75056,25654,1
organgrinder|2024/02/06 10:45:31,mrsic_flogel,2024/02/06 10:45:31,2024,organgrinder,1,NV_PVhSyn4_06022024,NV_PVhSyn4_06022024,NV,2.0,2.0,5.0,0.04,8.0,4.0,122.0,200,8.0,15.60583,17.17167,14943,1
organgrinder|2024/02/08 13:00:35,okeefe,2024/02/08 13:00:35,2024,organgrinder,2,101;98,sample_101;sample_98,101;98;sample,4.133,4.133,20.0,0.04,2.0,1.0,352.0,309,12.36,9.51556,9.49028,26627,1
organgrinder|2024/02/09 15:34:40,okeefe,2024/02/09 15:34:40,2024,organgrinder,2,105;99,sample_105;sample_99,105;99;sample,4.133,4.133,20.0,0.04,2.0,1.0,295.0,295,11.8,11.0375,11.00889,29146,1
organgrinder|2024/02/12 09:37:10,sjones,2024/02/12 09:37:10,2024,organgrinder,1,SP153,SP153_DLS_Fiber_Tract,SP153,4.133,4.133,20.0,0.04,2.0,1.0,346.0,346,13.84,8.43917,8.42472,15027,1
organgrinder|2024/02/22 12:03:32,okeefe,2024/02/22 12:03:32,2024,organgrinder,1,LK_LesionWTAug2023_104_20240222,LK_LesionWTAug2023_104_20240222,LK,4.133,4.133,20.0,0.04,2.0,1.0,343.0,269,10.76,6.42611,6.40889,10890,1
organgrinder|2024/02/26 12:40:52,okeefe,2024/02/26 12:40:52,2024,organgrinder,2,103;106,sample_103;sample_106,103;106;sample,4.133,4.133,20.0,0.04,2.0,1.0,346.0,346,13.84,12.27333,12.24833,30184,1
organgrinder|2024/03/04 12:27:10,okeefe,2024/03/04 12:27:10,2024,organgrinder,2,95;96,sample_95;sample_96,95;96;sample,4.133,4.133,20.0,0.04,2.0,1.0,314.0,314,12.56,10.05083,10.02472,28241,1
organgrinder|2024/03/05 10:16:55,mrsic_flogel,2024/03/05 10:16:55,2024,organgrinder,2,bRbp422_SerialSection;bRbp423_SerialSection,bRbp422;bRbp423,bRbp422;bRbp423,4.133,4.133,20.0,0.04,2.0,4.0,352.0,163,6.52,5.3375,5.29972,19139,1
organgrinder|2024/03/06 14:54:12,margrie,2024/03/06 14:54:12,2024,organgrinder,2,SW_1588;SW_1591,SW_1588;SW_1591,SW,2.0,2.0,5.0,0.05,10.0,1.0,304.0,264,13.2,15.16472,15.10917,33423,1
organgrinder|2024/03/08 10:11:18,mrsic_flogel,2024/03/08 10:11:18,2024,organgrinder,2,bRbp424_SerialSection;bRbp426_SerialSection,bRbp424;bRbp426,bRbp424;bRbp426,2.0,2.0,10.0,0.04,4.0,1.0,357.0,307,12.28,12.13028,12.09333,34521,1
organgrinder|2024/03/11 10:03:03,mrsic_flogel,2024/03/11 10:03:03,2024,organgrinder,6,vLGhM4D5_low;vLGhM4D6_low;vLGhM4D7_low;vLGhM4D8_low;vLGhM4cont10;vLGhM4cont9,vLGhM4D5_low;vLGhM4D6_low;vLGhM4D7_low;vLGhM4D8_low;vLGhM4cont10;vLGhM4cont9,vLGhM4D5;vLGhM4D6;vLGhM4D7;vLGhM4D8;vLGhM4cont10;vLGhM4cont9,2.0,2.0,10.0,0.04,4.0,1.0,250.0,250,10.0,22.33528,22.25722,94846,1
organgrinder|2024/03/13 09:28:45,mrsic_flogel,2024/03/13 09:28:45,2024,organgrinder,2,NOShSyn3;NOShSyn4,NOShSyn3;NOShSyn4,NOShSyn3;NOShSyn4,2.0,2.0,5.0,0.04,8.0,4.0,180.0,165,6.6,23.42667,23.31583,25128,1
organgrinder|2024/03/14 09:24:22,mrsic_flogel,2024/03/14 09:24:22,2024,organgrinder,2,LPvLGT2A3;LPvLGT2A4,LPvLGT2A3;LPvLGT2A4,LPvLGT2A3;LPvLGT2A4,2.0,2.0,5.0,0.04,8.0,4.0,180.0,168,6.72,24.21194,24.11278,26021,1
organgrinder|2024/03/15 10:02:56,mrsic_flogel,2024/03/15 10:02:56,2024,organgrinder,2,SCvLGT2A6;SCvLGT2A7,SCvLGT2A6;SCvLGT2A7,SCvLGT2A6;SCvLGT2A7,2.0,2.0,5.0,0.04,8.0,4.0,200.0,188,7.52,26.12528,26.00139,27752,1
organgrinder|2024/03/18 13:13:13,okeefe,2024/03/18 13:13:13,2024,organgrinder,1,LK_LesionWTAug2023_102_2,LK_LesionWTAug2023_102_2,LK,4.133,4.133,20.0,0.04,2.0,1.0,319.0,345,13.8,7.8775,8.47556,14788,1
organgrinder|2024/03/19 10:28:45,mrsic_flogel,2024/03/19 10:28:45,2024,organgrinder,2,vgathSyn4;vgathSyn5,vgathSyn4;vgathSyn5,vgathSyn4;vgathSyn5,2.0,2.0,5.0,0.04,8.0,4.0,150.0,166,6.64,24.44694,24.34944,25943,1
organgrinder|2024/03/20 12:08:13,mrsic_flogel,2024/03/20 12:08:13,2024,organgrinder,1,NV_vgluthSyn5_20032024,NV_vgluthSyn5_20032024,NV,2.0,2.0,5.0,0.04,8.0,4.0,180.0,220,8.8,15.23389,15.21056,14436,1
organgrinder|2024/03/21 07:19:50,mrsic_flogel,2024/03/21 07:19:50,2024,organgrinder,2,vgluthSyn3;vgluthSyn4,NV_vgluthSyn3_4_21032024;vgluthSyn3,NV;vgluthSyn3;vgluthSyn4,2.0,2.0,5.0,0.04,8.0,4.0,220.0,193,7.72,26.11,26.11417,27697,1
organgrinder|2024/03/22 10:30:35,akrami,2024/03/22 10:30:35,2024,organgrinder,1,QP0100,QP0100,QP0100,4.133,4.133,16.7,0.05,3.0,1.0,342.0,277,13.85,6.38361,6.36556,10798,1
organgrinder|2024/03/26 09:28:26,mrsic_flogel,2024/03/26 09:28:26,2024,organgrinder,2,vgathSyn6;vgathSyn7,vgathSyn6;vgathSyn7,vgathSyn6;vgathSyn7,2.0,2.0,5.0,0.04,8.0,4.0,180.0,180,7.2,26.26444,26.15167,28017,1
organgrinder|2024/03/27 13:34:01,okeefe,2024/03/27 13:34:01,2024,organgrinder,2,LS_1121201;LS_1121202,LS_1121201;LS_1121202,LS,1.127,1.127,10.0,0.05,5.0,1.0,245.0,245,12.25,15.31861,15.27444,45400,1
organgrinder|2024/03/29 12:37:29,mrsic_flogel,2024/03/29 12:37:29,2024,organgrinder,1,aa001_01_01,LC,LC;aa001,4.133,4.133,20.0,0.04,2.0,1.0,301.0,301,12.04,24.46889,24.42639,118164,1
organgrinder|2024/04/05 13:08:18,mrsic_flogel,2024/04/05 13:08:18,2024,organgrinder,4,aa003_02_01;aa004_02_02;aa005_02_03;aa006_02_04,sample_1;sample_2;sample_3;sample_4,aa003;aa004;aa005;aa006;sample,4.133,4.133,20.0,0.04,2.0,1.0,396.0,363,14.52,15.62472,15.58972,66296,1
organgrinder|2024/04/08 11:31:49,mrsic_flogel,2024/04/08 11:31:49,2024,organgrinder,1,fRbp404_aRbp411_SerialSection,SM_fRbp404_aRbp411,SM;fRbp404,2.0,2.0,6.7,0.04,6.0,4.0,277.0,277,11.08,15.79833,15.73694,16161,1
organgrinder|2024/04/09 11:01:50,mrsic_flogel,2024/04/09 11:01:50,2024,organgrinder,3,bNr5a109_SerialSection;bNr5a110_SerialSection;bNr5a111_SerialSection,bNr5a109;bNr5a110;bNr5a111,bNr5a109;bNr5a110;bNr5a111,4.133,4.133,10.0,0.04,4.0,1.0,352.0,312,12.48,12.62972,12.59167,41430,1
organgrinder|2024/04/10 09:58:45,margrie,2024/04/10 09:58:45,2024,organgrinder,1,SL_1121915,SL_1121915,SL,2.0,2.0,25.0,0.05,2.0,1.0,210.0,166,8.3,4.00361,3.98417,12144,1
organgrinder|2024/04/10 15:20:24,margrie,2024/04/10 15:20:24,2024,organgrinder,2,YY_1121233;YY_1121234,YY_1121233;YY_1121234,YY,4.133,4.133,6.3,0.05,8.0,2.0,310.0,269,13.45,12.10306,12.07083,23632,1
organgrinder|2024/04/11 09:56:00,mrsic_flogel,2024/04/11 09:56:00,2024,organgrinder,2,SOMhSyn5;SOMhSyn6,SOMhSyn5;SOMhSyn6,SOMhSyn5;SOMhSyn6,2.0,2.0,5.0,0.04,8.0,4.0,180.0,180,7.2,24.86361,24.755,26369,1
organgrinder|2024/04/12 13:55:39,mrsic_flogel,2024/04/12 13:55:39,2024,organgrinder,2,bNr5a107_SerialSection;bRbp434_SerialSection,bNr5a107;bRbp434,bNr5a107;bRbp434,4.133,4.133,10.0,0.04,4.0,1.0,347.0,313,12.52,10.72833,10.69528,28386,1
organgrinder|2024/04/17 10:58:05,mrsic_flogel,2024/04/17 10:58:05,2024,organgrinder,2,NOShSyn8;NOShSyn9,NOShSyn8;NOShSyn9,NOShSyn8;NOShSyn9,2.0,2.0,5.0,0.04,8.0,4.0,180.0,160,6.4,22.39056,22.27583,23452,1
organgrinder|2024/04/18 10:59:16,akrami,2024/04/18 10:59:16,2024,organgrinder,1,EM_71,EM_71,EM,2.0,2.0,16.7,0.05,3.0,1.0,361.0,347,17.35,13.84306,13.80833,41244,1
organgrinder|2024/04/19 13:47:23,margrie,2024/04/19 13:47:23,2024,organgrinder,1,YY_1121236,YY_1121236,YY,4.133,4.133,12.5,0.05,4.0,2.0,280.0,245,12.25,6.37472,6.34806,10586,1
organgrinder|2024/04/22 11:52:18,mrsic_flogel,2024/04/22 11:52:18,2024,organgrinder,2,RSC1;RSC5,RSC1;RSC5,RSC1;RSC5,2.0,2.0,6.3,0.05,8.0,2.0,197.0,199,9.95,15.95278,16.01889,26763,1
organgrinder|2024/04/25 13:13:38,okeefe,2024/04/25 13:13:38,2024,organgrinder,6,925;927;928;934;947;949,sample_925;sample_927;sample_928;sample_934;sample_947;sample_949,925;927;928;934;947;949;sample,4.133,4.133,25.0,0.05,2.0,2.0,309.0,282,14.1,21.08389,21.01361,75066,1
organgrinder|2024/04/29 11:39:24,akrami,2024/04/29 11:39:24,2024,organgrinder,1,2pe,VP_CAP59,2pe;VP,2.0,2.0,7.1,0.05,7.0,1.0,403.0,395,19.75,20.32972,20.29333,48383,1
organgrinder|2024/04/30 09:32:11,mrsic_flogel,2024/04/30 09:32:11,2024,organgrinder,2,bRbp438_SerialSection;bRbp439_SerialSection,bRbp438;bRbp439,bRbp438;bRbp439,4.133,4.133,10.0,0.04,4.0,2.0,367.0,334,13.36,13.51,13.47167,30436,1
organgrinder|2024/05/01 12:15:14,mrsic_flogel,2024/05/01 12:15:14,2024,organgrinder,1,aNr5a103,SM_aNr5a103,SM;aNr5a103,2.0,2.0,6.7,0.04,6.0,6.0,298.0,266,10.64,21.93222,21.98389,18485,1
organgrinder|2024/05/02 11:17:23,okeefe,2024/05/02 11:17:23,2024,organgrinder,2,LS_204;LS_211,LS_204;LS_211,LS,4.133,4.133,20.0,0.04,2.0,4.0,368.0,327,13.08,12.27389,12.23861,29648,1
organgrinder|2024/05/03 11:59:09,mrsic_flogel,2024/05/03 11:59:09,2024,organgrinder,1,HD_008_Chr2_mSNr,HD_008_Chr2_mSNr,HD,2.0,2.0,20.0,0.04,2.0,1.0,326.0,326,13.04,7.55278,7.535,17106,1
organgrinder|2024/05/07 14:41:59,mrsic_flogel,2024/05/07 14:41:59,2024,organgrinder,6,283RRHCB;292NOX;719RHV3;H2RNDNF1VIP;HIV4_207;aa007_04_01,BFLC;H2RNDNF1VIP;HIV4_207;sample_283RRHCB;sample_292NOX;sample_719RHV3,283RRHCB;292NOX;719RHV3;BFLC;H2RNDNF1VIP;HIV4;aa007;sample,2.0,2.0,5.0,0.04,8.0,1.0,316.0,224,8.96,32.6875,32.57417,93974,1
organgrinder|2024/05/09 11:03:27,margrie,2024/05/09 11:03:27,2024,organgrinder,1,SW_1121857,SW_1121857,SW,2.0,2.0,5.0,0.04,8.0,4.0,317.0,317,12.68,22.36389,22.29861,17899,1
organgrinder|2024/05/14 12:04:41,margrie,2024/05/14 12:04:41,2024,organgrinder,2,SW_1120537;YY_1121673,SW_1120537;YY_1121673,SW;YY,4.133,4.133,5.0,0.04,8.0,2.0,386.0,386,15.44,17.3925,17.36306,31667,1
organgrinder|2024/05/15 11:25:14,mrsic_flogel,2024/05/15 11:25:14,2024,organgrinder,1,aa008_05_01,AA_BHC_R_10524,AA;aa008,4.133,4.133,20.0,0.04,2.0,4.0,355.0,353,14.12,11.2775,11.25306,16027,1
organgrinder|2024/05/21 13:57:14,mrsic_flogel,2024/05/21 13:57:14,2024,organgrinder,1,atdTomVGAT02_SerialSection,SM_atdTomVGAT02,SM;atdTomVGAT02,2.0,2.0,10.0,0.04,4.0,6.0,289.0,289,11.56,17.52861,17.46778,18644,1
organgrinder|2024/05/22 12:08:33,margrie,2024/05/22 12:08:33,2024,organgrinder,3,SW_1121680;YY_1121674;try_1121874,SW_1121680;YY_1121674;try_1121874,SW;YY;try,4.133,4.133,10.0,0.05,5.0,2.0,297.0,277,13.85,13.62028,13.57139,35876,1
organgrinder|2024/05/24 11:33:37,mrsic_flogel,2024/05/24 11:33:37,2024,organgrinder,3,bVGAT16_SerialSection;btdTomVGAT01_SerialSection;btdTomVGAT02_SerialSection,bVGAT16;btdTomVGAT01;btdTomVGAT02,bVGAT16;btdTomVGAT01;btdTomVGAT02,4.133,4.133,20.0,0.04,2.0,2.0,357.0,328,13.12,13.36889,13.32917,46493,1
organgrinder|2024/05/29 11:57:58,mrsic_flogel,2024/05/29 11:57:58,2024,organgrinder,6,aa009_05_03;aa011_06_01;aa012_06_02;aa015_07_01;aa016_07_02;aa017_08_01,BFLC4;BFLC_060;BFLC_447;BFLC_L1;BFLC_R2;BFLC_RR,BFLC;BFLC4;aa009;aa011;aa012;aa015;aa016;aa017,4.133,4.133,10.0,0.04,4.0,1.0,382.0,297,11.88,21.67139,21.62306,93204,1
organgrinder|2024/05/30 11:31:07,akrami,2024/05/30 11:31:07,2024,organgrinder,1,2pe,VP_CAP65,2pe;VP,2.0,2.0,7.1,0.05,7.0,1.0,240.0,355,17.75,17.43583,36.32306,40967,1
organgrinder|2024/06/03 10:47:50,akrami,2024/06/03 10:47:50,2024,organgrinder,1,2pe,VP_CAP64,2pe;VP,2.0,2.0,16.7,0.05,3.0,1.0,393.0,28,1.4,0.90444,0.87472,2672,1
organgrinder|2024/06/03 12:10:32,akrami,2024/06/03 12:10:32,2024,organgrinder,1,2pe,VP_CAP62,2pe;VP,2.0,2.0,7.1,0.05,7.0,1.0,353.0,49,2.45,2.20889,2.17139,5092,1
organgrinder|2024/06/03 14:48:34,akrami,2024/06/03 14:48:34,2024,organgrinder,1,2pe,VP_CAP66,2pe;VP,2.0,2.0,16.7,0.05,3.0,1.0,419.0,415,20.75,14.46,14.43222,43179,1
organgrinder|2024/06/06 12:08:43,margrie,2024/06/06 12:08:43,2024,organgrinder,2,YY1121235;YY1121675,YY1121235;YY1121675,YY1121235;YY1121675,4.133,4.133,5.0,0.04,8.0,1.0,355.0,300,12.0,11.86444,11.82833,27985,1
organgrinder|2024/06/10 11:53:55,mrsic_flogel,2024/06/10 11:53:55,2024,organgrinder,3,IO_150;IO_157;IO_170,IO_150;IO_157;IO_170,IO,4.133,4.133,20.0,0.04,2.0,1.0,323.0,295,11.8,9.7075,9.67361,35952,1
organgrinder|2024/06/11 13:07:05,mrsic_flogel,2024/06/11 13:07:05,2024,organgrinder,4,HD_002;HD_006;HD_012;TB_011,HD_002;HD_006;HD_012;TB_011,HD;TB,4.133,4.133,20.0,0.04,2.0,1.0,357.0,339,13.56,13.18639,13.14722,55316,1
organgrinder|2024/06/13 12:13:14,margrie,2024/06/13 12:13:14,2024,organgrinder,1,YY1122029dummy,YY1122029dummy,YY1122029dummy,4.133,4.133,5.0,0.04,8.0,3.0,306.0,306,12.24,12.75611,12.71944,14972,1
organgrinder|2024/06/25 11:16:11,branco,2024/06/25 11:16:11,2024,organgrinder,1,AF_BF1104483,AF_BF1104483,AF,2.0,2.0,20.0,0.04,2.0,4.0,327.0,304,12.16,10.72083,10.69556,17675,1
organgrinder|2024/07/02 11:09:08,margrie,2024/07/02 11:09:08,2024,organgrinder,1,YY1122280_dummy,YY1122280_dummy,YY1122280,4.133,4.133,20.0,0.04,2.0,4.0,290.0,290,11.6,8.45194,8.42611,13763,1
organgrinder|2024/07/05 14:51:25,mrsic_flogel,2024/07/05 14:51:25,2024,organgrinder,3,aa021_09_01;aa022_09_02;aa023_09_03,LC1;LC2;LC3,LC1;LC2;LC3;aa021;aa022;aa023,4.133,4.133,20.0,0.04,2.0,4.0,427.0,353,14.12,17.80361,17.77333,49899,1
organgrinder|2024/07/10 13:11:46,mrsic_flogel,2024/07/10 13:11:46,2024,organgrinder,2,HD_014;TB_014,HD_014;TB_014,HD;TB,4.133,4.133,20.0,0.04,2.0,1.0,306.0,306,12.24,9.94194,9.9125,26558,1
organgrinder|2024/07/11 11:11:33,branco,2024/07/11 11:11:33,2024,organgrinder,2,1104533;1104534,sample_1104533;sample_1104534,1104533;1104534;sample,2.0,2.0,20.0,0.04,2.0,2.0,387.0,323,12.92,12.675,12.64444,39731,1
organgrinder|2024/07/12 10:45:57,mrsic_flogel,2024/07/12 10:45:57,2024,organgrinder,2,YW_Cadaver01;YW_Cadaver02,YW_Cadaver01;YW_Cadaver02,YW,4.133,4.133,10.0,0.04,4.0,2.0,349.0,319,12.76,12.26889,12.23,26615,1
organgrinder|2024/07/17 13:46:04,margrie,2024/07/17 13:46:04,2024,organgrinder,1,YY1122281dummy,YY1122281dummy,YY1122281dummy,4.133,4.133,20.0,0.04,2.0,5.0,297.0,297,11.88,9.74083,9.70639,14503,1
organgrinder|2024/07/22 16:51:00,margrie,2024/07/22 16:51:00,2024,organgrinder,1,SL_1122247,SL_1122247,SL,2.0,2.0,6.3,0.05,8.0,1.0,210.0,210,10.5,6.72333,6.69556,13045,1
organgrinder|2024/07/23 13:34:52,akrami,2024/07/23 13:34:52,2024,organgrinder,2,heart;liver,VP_CAP66_heart_liver;heart,VP;heart;liver,4.133,4.133,16.7,0.05,3.0,1.0,309.0,300,15.0,9.07917,9.03472,24914,1
organgrinder|2024/07/24 09:20:26,mrsic_flogel,2024/07/24 09:20:26,2024,organgrinder,2,vLGSCT2A1;vLGSCT2A2,vLGSCT2A1;vLGSCT2A2,vLGSCT2A1;vLGSCT2A2,2.0,2.0,5.0,0.04,8.0,4.0,200.0,182,7.28,25.07944,24.95361,26487,1
organgrinder|2024/07/25 10:51:51,mrsic_flogel,2024/07/25 10:51:51,2024,organgrinder,2,vLGLPT2A1;vLGLPT2A2,NV_vLGLPT2A1_2_25072025;vLGLPT2A1,NV;vLGLPT2A1;vLGLPT2A2,2.0,2.0,5.0,0.04,8.0,4.0,187.0,207,8.28,27.47222,27.42083,28987,1
organgrinder|2024/07/27 12:08:41,sjones,2024/07/27 12:08:41,2024,organgrinder,1,SP158_Antonio_PFC_Track,SP158_Antonio,SP158,2.0,2.0,20.0,0.04,2.0,1.0,323.0,323,12.92,7.98917,7.96389,19486,1
organgrinder|2024/07/29 18:51:02,okeefe,2024/07/29 18:51:02,2024,organgrinder,6,1123070;1123072;1123412;1123414;1123417;1123419,sample_1123070;sample_1123072;sample_1123412;sample_1123414;sample_1123417;sample_1123419,1123070;1123072;1123412;1123414;1123417;1123419;sample,4.133,4.133,20.0,0.04,2.0,1.0,379.0,360,14.4,22.84667,22.78889,100963,1
organgrinder|2024/07/31 13:32:20,akrami,2024/07/31 13:32:20,2024,organgrinder,1,2pe,VP_CAP68,2pe;VP,4.133,4.133,10.0,0.05,5.0,1.0,374.0,79,3.95,2.45278,2.42333,6362,1
organgrinder|2024/08/01 11:37:14,mrsic_flogel,2024/08/01 11:37:14,2024,organgrinder,2,026;833,sample_026;sample_833,026;833;sample,2.0,2.0,5.0,0.04,8.0,4.0,414.0,349,13.96,39.67556,39.62944,40303,1
organgrinder|2024/08/03 17:17:33,mrsic_flogel,2024/08/03 17:17:33,2024,organgrinder,4,Anterior_Fibre;bVGAT-chR2-EYFP15_SerialSection;bVGAT-chR2-EYFP16_SerialSection;bVGAT-chR2-EYFP17_SerialSection,Anterior_Fibre;bVGAT-chR2-EYFP15;bVGAT-chR2-EYFP16;bVGAT-chR2-EYFP17,Anterior;bVGAT-chR2-EYFP15;bVGAT-chR2-EYFP16;bVGAT-chR2-EYFP17,4.133,4.133,20.0,0.04,2.0,2.0,352.0,318,12.72,14.48556,14.44028,54586,1
organgrinder|2024/08/14 15:07:10,akrami,2024/08/14 15:07:10,2024,organgrinder,1,DO80,DO80,DO80,4.133,4.133,10.0,0.04,4.0,4.0,212.0,281,11.24,9.50306,47.97056,10956,1
organgrinder|2024/08/27 11:34:46,mrsic_flogel,2024/08/27 11:34:46,2024,organgrinder,1,978,AMA_978_27824,978;AMA,2.0,2.0,5.0,0.04,8.0,4.0,406.0,352,14.08,21.41444,21.3875,18313,1
organgrinder|2024/08/28 13:22:34,mrsic_flogel,2024/08/28 13:22:34,2024,organgrinder,3,JK_0348782_113455;TB_015;TB_017,JK_0348782_113455;TB_015;TB_017,JK;TB,4.133,4.133,20.0,0.04,2.0,1.0,381.0,360,14.4,12.43556,12.40472,42583,1
organgrinder|2024/09/04 13:16:15,akrami,2024/09/04 13:16:15,2024,organgrinder,1,EM68,EM68,EM68,4.133,4.133,16.7,0.05,3.0,1.0,387.0,363,18.15,11.71861,11.68639,36403,1
organgrinder|2024/09/16 10:33:13,okeefe,2024/09/16 10:33:13,2024,organgrinder,1,JO_HC01,JO_HC01,JO,4.133,4.133,20.0,0.04,2.0,1.0,441.0,441,17.64,16.83139,16.79944,47384,1
organgrinder|2024/09/17 12:25:50,mrsic_flogel,2024/09/17 12:25:50,2024,organgrinder,6,bVGAT-chR2-EYFP29_SerialSection;bVGAT-chR2-EYFP30_SerialSection;bVGAT-chR2-EYFP31_SerialSection;bVGAT-chR2-EYFP32_SerialSection;bVGAT-chR2-EYFP33_SerialSection;bVGAT17_SerialSection,bVGAT-chR2-EYFP29;bVGAT-chR2-EYFP30;bVGAT-chR2-EYFP31;bVGAT-chR2-EYFP32;bVGAT-chR2-EYFP33;bVGAT17,bVGAT-chR2-EYFP29;bVGAT-chR2-EYFP30;bVGAT-chR2-EYFP31;bVGAT-chR2-EYFP32;bVGAT-chR2-EYFP33;bVGAT17,4.133,4.133,20.0,0.04,2.0,1.0,354.0,320,12.8,20.41306,20.35556,84887,1
organgrinder|2024/09/18 10:27:35,mrsic_flogel,2024/09/18 10:27:35,2024,organgrinder,1,fpVGAT02_SerialSection,SM_fpVGAT02,SM;fpVGAT02,4.133,4.133,10.0,0.04,4.0,4.0,277.0,272,10.88,9.32583,9.29556,13371,1
organgrinder|2024/09/19 14:08:17,mrsic_flogel,2024/09/19 14:08:17,2024,organgrinder,1,AMA_LC_V1_19924_2,AMA_LC_V1_19924_2,AMA,4.133,4.133,20.0,0.04,2.0,4.0,335.0,332,13.28,15.19194,15.29083,33054,1
organgrinder|2024/09/24 10:55:08,mrsic_flogel,2024/09/24 10:55:08,2024,organgrinder,1,JK_1136273_YFP_Halo,JK_1136273_YFP_Halo,JK,4.133,4.133,20.0,0.04,2.0,4.0,337.0,337,13.48,14.99861,15.93861,16294,1
organgrinder|2024/10/01 10:51:10,mrsic_flogel,2024/10/01 10:51:10,2024,organgrinder,1,aC57BL601,SM_aC57BL601,SM;aC57BL601,2.0,2.0,10.0,0.04,4.0,2.0,279.0,279,11.16,9.94667,9.91056,15682,1
organgrinder|2024/10/02 10:55:34,mrsic_flogel,2024/10/02 10:55:34,2024,organgrinder,2,fpSHANK301_SerialSection;fpSHANK302_SerialSection,fpSHANK301;fpSHANK302,fpSHANK301;fpSHANK302,4.133,4.133,10.0,0.04,4.0,4.0,358.0,326,13.04,12.6625,12.61444,28881,1
organgrinder|2024/10/03 13:34:24,margrie,2024/10/03 13:34:24,2024,organgrinder,2,YY1122343;YY1122344,YY1122343;YY1122344,YY1122343;YY1122344,8.008,8.008,20.0,0.04,2.0,5.0,383.0,364,14.56,12.51944,12.48889,28128,1
organgrinder|2024/10/07 14:07:26,mrsic_flogel,2024/10/07 14:07:26,2024,organgrinder,4,bNr5a124;bNr5a125;bRbp448;bRbp449,bNr5a124;bNr5a125;bRbp448;bRbp449,bNr5a124;bNr5a125;bRbp448;bRbp449,4.133,4.133,20.0,0.04,2.0,1.0,357.0,321,12.84,13.31306,13.27694,57391,1
organgrinder|2024/10/08 09:56:07,mrsic_flogel,2024/10/08 09:56:07,2024,organgrinder,2,fpVGAT01_SerialSection;fpVGAT03_SerialSection,fpVGAT01;fpVGAT03,fpVGAT01;fpVGAT03,4.133,4.133,10.0,0.04,4.0,4.0,352.0,312,12.48,14.77139,14.72278,27197,1
organgrinder|2024/10/16 15:28:31,mrsic_flogel,2024/10/16 15:28:31,2024,organgrinder,1,fpNr5a108_SerialSection,SM_fpNr5a108,SM;fpNr5a108,4.133,4.133,20.0,0.04,2.0,2.0,289.0,289,11.56,7.28472,7.26056,13453,1
organgrinder|2024/10/17 13:44:17,okeefe,2024/10/17 13:44:17,2024,organgrinder,4,1123413;1123422;1123434;1123842_ephys,sample_1123412;sample_1123422;sample_1123434;sample_1123842_ephys,1123413;1123422;1123434;1123842;sample,4.133,4.133,20.0,0.04,2.0,1.0,394.0,363,14.52,16.24944,16.20889,63652,1
organgrinder|2024/10/24 10:08:58,mrsic_flogel,2024/10/24 10:08:58,2024,organgrinder,6,bRbp444_SerialSection;bRbp445_SerialSection;bRbp446_SerialSection;bRbp447_SerialSection;bVGAT-chR2-EYFP38_SerialSection;bVGAT-chR2-EYFP39_SerialSection,bRbp444;bRbp445;bRbp446;bRbp447;bVGAT-chR2-EYFP38;bVGAT-chR2-EYFP39,bRbp444;bRbp445;bRbp446;bRbp447;bVGAT-chR2-EYFP38;bVGAT-chR2-EYFP39,4.133,4.133,20.0,0.04,2.0,1.0,362.0,346,13.84,19.87778,19.82333,87492,1
organgrinder|2024/10/25 12:43:12,mrsic_flogel,2024/10/25 12:43:12,2024,organgrinder,3,bNr5a123_SerialSection;bVGAT-chR2-EYFP36_SerialSection;bVGAT-chR2-EYFP37_SerialSection,bNr5a123;bVGAT-chR2-EYFP36;bVGAT-chR2-EYFP37,bNr5a123;bVGAT-chR2-EYFP36;bVGAT-chR2-EYFP37,4.133,4.133,10.0,0.04,4.0,3.0,364.0,324,12.96,20.13028,20.06639,42197,1
organgrinder|2024/10/26 10:06:22,sjones,2024/10/26 10:06:22,2024,organgrinder,1,LBR_HL_20241026_coord2,LBR_HL_20241026_coord2,LBR,8.008,8.008,40.0,0.04,1.0,1.0,309.0,309,12.36,5.66806,5.65194,15009,1
organgrinder|2024/10/28 14:23:19,mrsic_flogel,2024/10/28 14:23:19,2024,organgrinder,1,aRbp416,SM_aRbp416,SM;aRbp416,2.0,2.0,5.0,0.04,8.0,4.0,292.0,265,10.6,19.32278,19.2525,16880,1
organgrinder|2024/10/29 10:57:05,mrsic_flogel,2024/10/29 10:57:05,2024,organgrinder,1,950,AMA_PE_291024,950;AMA,2.0,2.0,5.0,0.04,8.0,10.0,401.0,363,14.52,23.52028,23.45667,20212,1
organgrinder|2024/10/30 16:29:14,mrsic_flogel,2024/10/30 16:29:14,2024,organgrinder,3,bNr5a120_SerialSection;bNr5a121_SerialSection;bNr5a122_SerialSection,bNr5a120;bNr5a121;bNr5a122,bNr5a120;bNr5a121;bNr5a122,8.008,8.008,20.0,0.04,2.0,1.0,357.0,321,12.84,10.69833,10.66833,39786,1
organgrinder|2024/11/01 11:11:13,mrsic_flogel,2024/11/01 11:11:13,2024,organgrinder,4,HVAM4SC5;HVAM4SC6;HVAM4SC7;HVAM4SC8,HVAM4SC5;HVAM4SC6;HVAM4SC7;HVAM4SC8,HVAM4SC5;HVAM4SC6;HVAM4SC7;HVAM4SC8,2.0,2.0,10.0,0.04,4.0,1.0,250.0,250,10.0,16.88972,16.84278,69001,1
organgrinder|2024/11/03 11:30:13,sjones,2024/11/03 11:30:13,2024,organgrinder,1,LBR_20241103_156,LBR_20241103_156,LBR,8.008,8.008,20.0,0.04,2.0,1.0,409.0,349,13.96,6.81917,6.80667,14930,1
organgrinder|2024/11/04 09:56:50,mrsic_flogel,2024/11/04 09:56:50,2024,organgrinder,1,aRbp420,SM_aRbp420,SM;aRbp420,4.133,4.133,10.0,0.04,4.0,1.0,284.0,106,4.24,2.83389,2.81111,6076,1
organgrinder|2024/11/05 09:45:36,mrsic_flogel,2024/11/05 09:45:36,2024,organgrinder,1,aRbp417_SerialSection,SM_aRbp417,SM;aRbp417,2.0,2.0,5.0,0.04,8.0,3.0,292.0,292,11.68,16.76694,16.70972,17345,1
organgrinder|2024/11/06 11:13:47,sjones,2024/11/06 11:13:47,2024,organgrinder,3,LBR_20241106_titr_L;LBR_20241106_titr_LR;LBR_20241106_titr_R,LBR_20241106_titr_L;LBR_20241106_titr_LR;LBR_20241106_titr_R,LBR,8.008,8.008,20.0,0.04,2.0,1.0,401.0,383,15.32,12.63778,12.61528,48640,1
organgrinder|2024/11/08 18:25:52,mrsic_flogel,2024/11/08 18:25:52,2024,organgrinder,1,AMA_071_241108,AMA_071_241108,AMA,2.0,2.0,5.0,0.04,8.0,4.0,406.0,333,13.32,21.57028,21.63389,18737,1
organgrinder|2024/11/12 14:26:32,mrsic_flogel,2024/11/12 14:26:32,2024,organgrinder,2,014;015,sample_014;sample_015,014;015;sample,4.133,4.133,20.0,0.04,2.0,4.0,230.0,360,14.4,11.49861,11.99361,31722,1
organgrinder|2024/11/13 18:53:01,mrsic_flogel,2024/11/13 18:53:01,2024,organgrinder,1,fVGAT-chR2-EYFP03,SM_fVGAT-chR2-EYFP03,SM;fVGAT-chR2-EYFP03,2.0,2.0,5.0,0.04,8.0,3.0,173.0,256,10.24,15.24833,23.70278,16008,1
organgrinder|2024/11/25 03:29:37,branco,2024/11/25 03:29:37,2024,organgrinder,4,1104801;1104807;1104813;1104876,sample_1104801;sample_1104807;sample_1104813;sample_1104876,1104801;1104807;1104813;1104876;sample,2.0,2.0,20.0,0.04,2.0,2.0,380.0,346,13.84,19.72944,19.67778,66217,1
organgrinder|2024/11/27 16:03:45,mrsic_flogel,2024/11/27 16:03:45,2024,organgrinder,4,bRbp474_SerialSection;bRbp475_SerialSection;bRbp476_SerialSection;bRbp477_SerialSection,bRbp474;bRbp475;bRbp476;bRbp477,bRbp474;bRbp475;bRbp476;bRbp477,2.0,2.0,20.0,0.04,2.0,1.0,364.0,333,13.32,16.90278,16.85361,78067,1
organgrinder|2024/11/29 10:13:45,sjones,2024/11/29 10:13:45,2024,organgrinder,2,seq076_topodls_m00__20241129_000000__serial_section_no;seq077_topodls_m00__20241129_000000__serial_section_LR,LBR_20241129_topo_HLlr;LBR_20241129_topo_HLn,LBR;seq076;seq077,4.133,4.133,20.0,0.04,2.0,4.0,399.0,355,14.2,12.37278,12.34861,32569,1
organgrinder|2024/12/02 11:10:37,branco,2024/12/02 11:10:37,2024,organgrinder,1,AF_24-1,AF_24-1,AF,2.0,2.0,20.0,0.04,2.0,2.0,329.0,329,13.16,9.24389,9.22139,15462,1
organgrinder|2024/12/04 14:11:11,margrie,2024/12/04 14:11:11,2024,organgrinder,4,SW_22772;SW_22773;YY_22497;YY_22720,SW_22772;SW_22773;YY_22497;YY_22720,SW;YY,4.133,4.133,12.5,0.05,4.0,1.0,287.0,281,14.05,12.00861,11.96167,47338,1
organgrinder|2024/12/05 10:58:48,mrsic_flogel,2024/12/05 10:58:48,2024,organgrinder,6,bVGAT32_SerialSection;bVGAT33_SerialSection;bVGAT35_SerialSection;bVGAT36_SerialSection;bVGAT37_SerialSection;bVGAT38_SerialSection,bVGAT32;bVGAT33;bVGAT35;bVGAT36;bVGAT37;bVGAT38,bVGAT32;bVGAT33;bVGAT35;bVGAT36;bVGAT37;bVGAT38,4.133,4.133,20.0,0.04,2.0,1.0,364.0,339,13.56,19.87083,19.81472,91040,1
organgrinder|2024/12/06 10:54:56,margrie;mrsic_flogel,2024/12/06 10:54:56,2024,organgrinder,5,SW_22771;SW_22775;bVGAT30_SerialSection;bVGAT31_SerialSection;bVGAT34_SerialSection,SW_22771;SW_22775;bVGAT30;bVGAT31;bVGAT34,SW;bVGAT30;bVGAT31;bVGAT34,4.133,4.133,10.0,0.04,4.0,1.0,371.0,334,13.36,20.39556,20.33889,73545,1
organgrinder|2024/12/09 14:16:44,margrie,2024/12/09 14:16:44,2024,organgrinder,1,YI_22774,YI_22774,YI,4.133,4.133,6.3,0.05,8.0,1.0,250.0,250,12.5,7.03833,7.01528,12208,1
organgrinder|2024/12/10 13:41:20,margrie,2024/12/10 13:41:20,2024,organgrinder,2,SW_22776;YI_1122721,SW_22776;YI_1122721,SW;YI,4.133,4.133,12.5,0.05,4.0,1.0,250.0,250,12.5,8.36611,8.33361,23862,1
organgrinder|2024/12/13 15:14:48,okeefe,2024/12/13 15:14:48,2024,organgrinder,2,1123483_CM-ephys2;1123842_LK-ephys,sample_1123483_CM-ephys2;sample_1123842_LK-ephys,1123483;1123842;sample,4.133,4.133,20.0,0.04,2.0,1.0,398.0,341,13.64,9.08361,9.06194,29037,1
organgrinder|2024/12/16 12:03:44,sjones,2024/12/16 12:03:44,2024,organgrinder,4,lgcy0334__20241216_120352__serial_section;lgcy0335__20241216_120352__serial_section;lgcy0336__20241216_120352__serial_section;lgcy0338__20241216_120352__serial_section,ap5r;seq006;seq007;seq008,ap5r;lgcy0334;lgcy0335;lgcy0336;lgcy0338;seq006;seq007;seq008,8.008,8.008,20.0,0.04,2.0,2.0,424.0,379,15.16,16.10389,16.07889,58142,1
organgrinder|2024/12/17 09:03:51,sjones,2024/12/17 09:03:51,2024,organgrinder,4,LBR_20241217_ap5l_ap5lr_t47;lgcy0337__20241217_090356__serial_section;lgcy0339__20241217_090356__serial_section;tst_npx4.x,LBR_20241217_ap5l_ap5lr_t47;ap5l;ap5lr;tst_npx4x,LBR;ap5l;ap5lr;lgcy0337;lgcy0339;tst,8.008,8.008,20.0,0.04,2.0,2.0,396.0,372,14.88,12.93611,12.9125,42174,1
organgrinder|2025/01/06 09:58:00,sjones,2025/01/06 09:58:00,2025,organgrinder,1,coordinate_test__20250106_HL_coord,LBR_20250106_HL_coord,LBR;coordinate,8.008,8.008,20.0,0.04,2.0,1.0,372.0,337,13.48,8.72306,8.70222,31816,1
organgrinder|2025/01/10 09:30:52,sjones,2025/01/10 09:30:52,2025,organgrinder,4,seq011_grmpost_m00__20250113_000000__serial_section;seq015_grmpost_m00__20250113_000000__serial_section;seq030_grmpost_m00__20250113_000000__serial_section;seq033_grmpost_m00__20250113_000000__serial_section,seq11;seq15;seq30;seq33,seq011;seq015;seq030;seq033;seq11;seq15;seq30;seq33,2.0,2.0,20.0,0.04,2.0,2.0,411.0,383,15.32,19.93528,19.90194,68590,1
organgrinder|2025/01/13 10:48:58,akrami,2025/01/13 10:48:58,2025,organgrinder,1,AR_HAA_1105424,AR_HAA_1105424,AR,4.133,4.133,20.0,0.04,2.0,4.0,398.0,398,15.92,15.81278,15.78056,39411,1
organgrinder|2025/01/15 16:25:45,okeefe,2025/01/15 16:25:45,2025,organgrinder,1,LK_AAV8-hSynM4_15Jan2025_1123407,LK_AAV8-hSynM4_15Jan2025_1123407,LK,4.133,4.133,20.0,0.04,2.0,1.0,209.0,168,6.72,4.96778,4.9475,15299,1
organgrinder|2025/01/16 13:51:08,okeefe,2025/01/16 13:51:08,2025,organgrinder,1,LK_AAV5-hSynM4_16Jan2025_1123408,LK_AAV5-hSynM4_16Jan2025_1123408,LK,4.133,4.133,40.0,0.04,1.0,1.0,209.0,173,6.92,4.79806,4.77778,16628,1
organgrinder|2025/01/17 11:58:39,okeefe,2025/01/17 11:58:39,2025,organgrinder,1,LK_AAV1-Ef1aM3_17Jan2025_1123703,LK_AAV1-Ef1aM3_17Jan2025_1123703,LK,4.133,4.133,20.0,0.04,2.0,1.0,183.0,161,6.44,4.90056,4.87556,16657,1
organgrinder|2025/01/19 11:11:14,sjones,2025/01/19 11:11:14,2025,organgrinder,4,seq041_grmpost_m00__20250119_000000__serial_section;seq042_grmpost_m00__20250119_000000__serial_section;tst_cannula;tst_npx4.5,seq41;seq42;tst_cannula;tst_npx45,seq041;seq042;seq41;seq42;tst,2.0,2.0,20.0,0.04,2.0,2.0,409.0,382,15.28,20.57417,20.54139,70982,1
organgrinder|2025/01/20 13:35:46,okeefe,2025/01/20 13:35:46,2025,organgrinder,1,LK_AAV2-hSynM4_20Jan2025_1123735,LK_AAV2-hSynM4_20Jan2025_1123735,LK,4.133,4.133,20.0,0.04,2.0,1.0,220.0,170,6.8,4.75444,4.73528,14684,1
organgrinder|2025/01/21 09:54:10,akrami,2025/01/21 09:54:10,2025,organgrinder,1,2pe,LP_05,2pe;LP,4.133,4.133,16.7,0.05,3.0,1.0,313.0,313,15.65,10.00472,9.97444,31230,1
organgrinder|2025/01/22 11:44:00,mrsic_flogel,2025/01/22 11:44:00,2025,organgrinder,2,Cb_wt3_SerialSection;Cb_wt4_SerialSection,Cb_wt3;Cb_wt4,Cb,4.133,4.133,10.0,0.04,4.0,4.0,362.0,336,13.44,14.85917,14.81722,27308,1
organgrinder|2025/01/24 11:51:40,mrsic_flogel,2025/01/24 11:51:40,2025,organgrinder,2,fpVGAT07_SerialSection;fpVGAT08_SerialSection,fpVGAT07;fpVGAT08,fpVGAT07;fpVGAT08,4.133,4.133,10.0,0.04,4.0,4.0,352.0,321,12.84,15.22972,15.18556,29264,1
organgrinder|2025/01/29 11:02:08,mrsic_flogel,2025/01/29 11:02:08,2025,organgrinder,1,NV_SCYLPTvLG3_29012025,NV_SCYLPTvLG3_29012025,NV,2.0,2.0,5.0,0.04,8.0,4.0,250.0,250,10.0,19.83,19.77806,19263,1
organgrinder|2025/01/30 11:26:34,mrsic_flogel,2025/01/30 11:26:34,2025,organgrinder,4,SCLPChR1;SCLPChR2;SCLPChR3;SCLPChR4,SCLPChR1;SCLPChR2;SCLPChR3;SCLPChR4,SCLPChR1;SCLPChR2;SCLPChR3;SCLPChR4,2.0,2.0,10.0,0.04,4.0,1.0,250.0,250,10.0,16.80639,16.75778,69144,1
organgrinder|2025/01/31 12:02:36,mrsic_flogel,2025/01/31 12:02:36,2025,organgrinder,1,SM_RetroCheck,SM_RetroCheck,SM,8.008,8.008,20.0,0.04,2.0,4.0,264.0,133,5.32,3.58444,3.55972,7174,1
organgrinder|2025/01/31 18:03:54,mrsic_flogel,2025/01/31 18:03:54,2025,organgrinder,2,lc_bi_3001;rcamp_1,lc_bi_3001;rcamp_1,lc;rcamp,4.133,4.133,20.0,0.04,2.0,1.0,390.0,349,13.96,9.87972,9.85972,31733,1
organgrinder|2025/02/05 11:53:02,akrami,2025/02/05 11:53:02,2025,organgrinder,2,DO_0127;DO_0129,DO_0127;DO_0129,DO,4.133,4.133,12.5,0.05,4.0,1.0,286.0,279,13.95,7.90667,7.88139,25875,1
organgrinder|2025/02/06 13:19:31,sjones,2025/02/06 13:19:31,2025,organgrinder,4,seq068_topodms;seq069_topodms;seq073_topots;seq075_topodls,seq068_topo;seq069_topo;seq073_topo;seq075_topo,seq068;seq069;seq073;seq075,4.133,4.133,20.0,0.04,2.0,2.0,422.0,386,15.44,17.64972,17.62389,66576,1
organgrinder|2025/02/07 11:18:08,sjones,2025/02/07 11:18:08,2025,organgrinder,1,AG_TS_488,AG_TS_488,AG,4.133,4.133,20.0,0.04,2.0,2.0,319.0,319,12.76,8.01972,7.99917,15707,1
organgrinder|2025/02/10 12:50:34,sjones,2025/02/10 12:50:34,2025,organgrinder,2,seq016_testcannuladls;seq074_topots,seq016_tst_cannula;seq074_topo_ts,seq016;seq074,2.0,2.0,20.0,0.04,2.0,2.0,378.0,374,14.96,12.50917,12.48167,38413,1
organgrinder|2025/02/17 09:57:04,mrsic_flogel,2025/02/17 09:57:04,2025,organgrinder,2,bVGAT41_SerialSection;bVGAT42_SerialSection,bVGAT41;bVGAT42,bVGAT41;bVGAT42,4.133,4.133,20.0,0.04,2.0,4.0,353.0,319,12.76,11.77333,11.73778,27516,1
organgrinder|2025/02/18 13:06:10,mrsic_flogel,2025/02/18 13:06:10,2025,organgrinder,1,JK_ML_143,JK_ML_143,JK,2.0,2.0,25.0,0.05,2.0,4.0,274.0,274,13.7,8.35167,8.32722,14627,1
organgrinder|2025/02/20 10:22:57,mrsic_flogel,2025/02/20 10:22:57,2025,organgrinder,2,aVGAT05_SerialSection;aVGAT06_SerialSection,SM_aVGAT05-06,SM;aVGAT05;aVGAT06,4.133,4.133,10.0,0.04,4.0,6.0,362.0,342,13.68,17.40528,19.42611,28578,1
organgrinder|2025/02/27 13:31:25,sjones,2025/02/27 13:31:25,2025,organgrinder,1,seq081_dlsthpretest,LBR_seq081_ai14test,LBR;seq081,2.0,2.0,20.0,0.04,2.0,2.0,359.0,359,14.36,9.97389,9.95472,22216,1
organgrinder|2025/02/28 15:44:54,mrsic_flogel,2025/02/28 15:44:54,2025,organgrinder,4,HD_029;HD_030;HD_031;UncroppedStacks_250304_1708_DELETE_ME_DELETE_ME,HD_029;HD_030;HD_031;HaDa_M029_M030_M031,HD;HaDa;UncroppedStacks,2.0,2.0,5.0,0.04,8.0,4.0,373.0,338,13.52,55.25083,55.07194,55395,1
organgrinder|2025/03/03 10:48:43,margrie,2025/03/03 10:48:43,2025,organgrinder,1,SW_2898,SW_2898,SW,4.133,4.133,10.0,0.05,5.0,1.0,234.0,232,11.6,5.89389,5.86944,11751,1
organgrinder|2025/03/05 11:32:13,mrsic_flogel,2025/03/05 11:32:13,2025,organgrinder,3,aRbp422_SerialSection;aVGAT07_SerialSection;aVGAT08_SerialSection,aRbp422;aVGAT07;aVGAT08,aRbp422;aVGAT07;aVGAT08,4.133,4.133,10.0,0.04,4.0,4.0,357.0,317,12.68,19.23444,19.17111,42272,1
organgrinder|2025/03/07 10:40:03,sjones,2025/03/07 10:40:03,2025,organgrinder,1,HB_432_DLS_TS_GFP,HB_432_DLS_TS_GFP,HB,4.133,4.133,20.0,0.04,2.0,2.0,350.0,350,14.0,9.14861,9.12778,17394,1
organgrinder|2025/03/10 11:39:09,mrsic_flogel,2025/03/10 11:39:09,2025,organgrinder,1,AK_1141339,AK_1141339,AK,4.133,4.133,10.0,0.04,4.0,4.0,344.0,344,13.76,11.3025,11.28167,16004,1
organgrinder|2025/03/11 10:47:58,sjones,2025/03/11 10:47:58,2025,organgrinder,2,HB_424;HB_433,HB_424;HB_433,HB,4.133,4.133,20.0,0.04,2.0,2.0,337.0,337,13.48,13.09361,13.05722,32032,1
organgrinder|2025/03/12 11:23:19,mrsic_flogel,2025/03/12 11:23:19,2025,organgrinder,1,fpVGAT09_SerialSection,SM_fpVGAT09,SM;fpVGAT09,2.0,2.0,6.7,0.04,6.0,4.0,284.0,284,11.36,16.12833,16.47806,16658,1
organgrinder|2025/03/14 11:59:50,margrie,2025/03/14 11:59:50,2025,organgrinder,1,SW_22778,SW_22778,SW,2.0,2.0,6.3,0.05,8.0,1.0,327.0,235,11.75,7.7125,7.68167,13818,1
organgrinder|2025/03/17 11:42:17,branco,2025/03/17 11:42:17,2025,organgrinder,4,285-;37-3;37-4;37-6,sample_285-;sample_37-3;sample_37-4;sample_37-6,285-;37-3;37-4;37-6;sample,2.0,2.0,20.0,0.04,2.0,4.0,382.0,338,13.52,26.32667,26.25778,69721,1
organgrinder|2025/03/18 14:23:50,akrami,2025/03/18 14:23:50,2025,organgrinder,1,DO_180325,DO_180325,DO,4.133,4.133,12.5,0.05,4.0,1.0,234.0,221,11.05,4.68056,4.65778,9316,1
organgrinder|2025/03/19 12:08:36,mrsic_flogel,2025/03/19 12:08:36,2025,organgrinder,1,aNr5a107_SerialSection,SM_aNr5a107,SM;aNr5a107,2.0,2.0,6.7,0.04,6.0,4.0,287.0,287,11.48,16.44528,16.38861,17276,1
organgrinder|2025/03/20 11:43:55,mrsic_flogel,2025/03/20 11:43:55,2025,organgrinder,4,bNr5a134_SerialSection;bNr5a135_SerialSection;bVGAT-chR2-EYFP63_SerialSection;bVGAT48_SerialSection,bNr5a134;bNr5a135;bVGAT-chR2-EYFP63;bVGAT48,bNr5a134;bNr5a135;bVGAT-chR2-EYFP63;bVGAT48,4.133,4.133,10.0,0.04,4.0,4.0,359.0,263,10.52,21.44833,21.3725,52956,1
organgrinder|2025/03/21 14:08:32,branco,2025/03/21 14:08:32,2025,organgrinder,2,37-2;37-8,sample_37-2;sample_37-8,37-2;37-8;sample,2.0,2.0,20.0,0.04,2.0,4.0,394.0,340,13.6,15.56806,15.53056,35352,1
organgrinder|2025/03/25 11:57:50,mrsic_flogel,2025/03/25 11:57:50,2025,organgrinder,4,HD_024;HD_026;HD_027;HD_033,HD_024;HD_026;HD_027;HD_033,HD,4.133,4.133,20.0,0.04,2.0,2.0,393.0,378,15.12,16.29472,16.26694,63590,1
organgrinder|2025/03/26 11:09:35,mrsic_flogel,2025/03/26 11:09:35,2025,organgrinder,1,aRbp425_SerialSection,SM_aRbp425,SM;aRbp425,2.0,2.0,6.7,0.04,6.0,4.0,287.0,287,11.48,15.92639,15.87056,16232,1
organgrinder|2025/03/27 11:25:27,mrsic_flogel,2025/03/27 11:25:27,2025,organgrinder,2,901_2;cfos_which,sample_901_1;sample_901_2,901;cfos;sample,4.133,4.133,20.0,0.04,2.0,2.0,395.0,323,12.92,10.06139,10.03778,28814,1
organgrinder|2025/06/26 10:24:49,mrsic_flogel,2025/06/26 10:24:49,2025,organgrinder,1,aDbh01_SerialSection,SM_aDbh01,SM;aDbh01,1.983,1.983,5.0,0.04,8.0,4.0,351.0,269,10.76,21.74167,23.25194,20534,1
organgrinder|2025/07/08 11:40:24,sjones,2025/07/08 11:40:24,2025,organgrinder,2,seq056;seq067,seq056;seq067,seq056;seq067,1.983,1.983,40.0,0.04,1.0,1.0,372.0,372,14.88,11.00333,10.98722,45448,1
organgrinder|2025/07/09 11:04:35,mrsic_flogel,2025/07/09 11:04:35,2025,organgrinder,4,bPV03_SerialSection;bPV04_SerialSection;bVGAT-chR2-EYFP90_SerialSection;bVGAT-chR2-EYFP91_SerialSection,bPV03;bPV04;bVGAT-chR2-EYFP90;bVGAT-chR2-EYFP91,bPV03;bPV04;bVGAT-chR2-EYFP90;bVGAT-chR2-EYFP91,4.006,4.006,10.0,0.04,4.0,4.0,307.0,286,11.44,24.70278,24.61333,64236,1
organgrinder|2025/07/11 16:27:40,margrie,2025/07/11 16:27:40,2025,organgrinder,2,ZF_8798f;ZF_8840f,ZF_8798f;ZF_8840f,ZF,1.983,1.983,5.0,0.04,8.0,1.0,245.0,245,9.8,14.34583,49.37028,38426,1
organgrinder|2025/07/14 11:32:01,akrami,2025/07/14 11:32:01,2025,organgrinder,1,DO_97,DO_97,DO,4.006,4.006,10.0,0.05,5.0,1.0,350.0,180,9.0,4.89806,4.875,11128,1
organgrinder|2025/07/14 17:06:57,akrami,2025/07/14 17:06:57,2025,organgrinder,1,2pe,LP08,2pe;LP08,1.983,1.983,7.1,0.05,7.0,1.0,276.0,276,13.8,16.12528,16.06222,44338,1
organgrinder|2025/07/16 12:29:05,akrami,2025/07/16 12:29:05,2025,organgrinder,1,RS_01,RS_01,RS,4.006,4.006,10.0,0.05,5.0,1.0,311.0,83,4.15,2.38111,2.35333,5806,1
organgrinder|2025/07/17 11:38:51,margrie,2025/07/17 11:38:51,2025,organgrinder,1,SW_3353,SW_3353,SW,4.006,4.006,25.0,0.05,2.0,1.0,239.0,239,11.95,4.77417,4.7575,13054,1
organgrinder|2025/07/21 10:38:53,mrsic_flogel,2025/07/21 10:38:53,2025,organgrinder,1,bVGAT-chR2-EYFP88_SerialSection,SM_bVcE88,SM;bVGAT-chR2-EYFP88,4.006,4.006,10.0,0.04,4.0,2.0,272.0,267,10.68,7.89111,7.86417,15119,1
organgrinder|2025/07/25 15:14:51,margrie,2025/07/25 15:14:51,2025,organgrinder,4,1123216;1123230;1123231;1123238,sample_1123216;sample_1123230;sample_1123231;sample_1123238,1123216;1123230;1123231;1123238;sample,4.006,4.006,25.0,0.05,2.0,1.0,250.0,250,12.5,12.08444,12.04611,57591,1
organgrinder|2025/07/28 16:23:41,margrie,2025/07/28 16:23:41,2025,organgrinder,1,YI_0000607,YI_0000607,YI,4.006,4.006,25.0,0.05,2.0,1.0,250.0,250,12.5,5.98611,5.96444,13596,1
organgrinder|2025/07/29 12:21:14,sjones,2025/07/29 12:21:14,2025,organgrinder,1,HL_seq168,HL_seq168,HL,1.983,1.983,20.0,0.04,2.0,2.0,346.0,338,13.52,9.11528,9.09861,23639,1
organgrinder|2025/07/30 13:53:51,mrsic_flogel,2025/07/30 13:53:51,2025,organgrinder,2,aRbp428_SerialSection;aRbp429_SerialSection,aRbp428;aRbp429,aRbp428;aRbp429,1.983,1.983,6.7,0.04,6.0,2.0,317.0,317,12.68,21.165,21.09861,42149,1
organgrinder|2025/07/31 14:15:09,mrsic_flogel,2025/07/31 14:15:09,2025,organgrinder,1,bVGlut203_SerialSection,bVGlut203,bVGlut203,4.006,4.006,20.0,0.04,2.0,4.0,279.0,279,11.16,7.93028,7.90361,14333,1
organgrinder|2025/08/05 13:17:21,sjones,2025/08/05 13:17:21,2025,organgrinder,2,seq140;seq147,seq140;seq147,seq140;seq147,1.983,1.983,20.0,0.04,2.0,3.0,346.0,346,13.84,15.01361,14.98083,45684,1
organgrinder|2025/08/06 10:24:43,margrie,2025/08/06 10:24:43,2025,organgrinder,1,YI_1122749,YI_1122749,YI,4.006,4.006,25.0,0.05,2.0,1.0,250.0,250,12.5,5.73389,5.71389,13914,1
organgrinder|2025/08/06 17:00:34,margrie,2025/08/06 17:00:34,2025,organgrinder,1,YI_1122973,YI_1122973,YI,4.006,4.006,25.0,0.05,2.0,1.0,250.0,250,12.5,5.95917,5.93917,13965,1
organgrinder|2025/08/07 10:11:04,margrie,2025/08/07 10:11:04,2025,organgrinder,1,YI_1122975,YI_1122975,YI,4.006,4.006,25.0,0.05,2.0,1.0,250.0,250,12.5,5.77056,5.74972,13539,1
organgrinder|2025/08/07 17:24:09,margrie,2025/08/07 17:24:09,2025,organgrinder,1,YI_1122976,YI_1122976,YI,4.006,4.006,25.0,0.05,2.0,1.0,250.0,250,12.5,5.9225,5.90028,13532,1
organgrinder|2025/08/08 14:28:14,mrsic_flogel,2025/08/08 14:28:14,2025,organgrinder,2,bVGlut201_SerialSection;bVGlut202_SerialSection,aVGlut201;bVGlut202,aVGlut201;bVGlut201;bVGlut202,4.006,4.006,20.0,0.04,2.0,4.0,307.0,307,12.28,12.14528,12.10667,31878,1
organgrinder|2025/08/15 14:48:18,margrie,2025/08/15 14:48:18,2025,organgrinder,3,SW_3256;SW_3466;SW_3467,SW_3256;SW_3466;SW_3467,SW,4.006,4.006,20.0,0.04,2.0,1.0,297.0,297,11.88,11.20639,11.17278,55367,1
organgrinder|2025/08/16 11:00:23,sjones,2025/08/16 11:00:23,2025,organgrinder,4,lgcy0358__20250816_110027__serial_section;seq131;seq134;seq181,seq120;seq131;seq134;seq181,lgcy0358;seq120;seq131;seq134;seq181,1.983,1.983,40.0,0.04,1.0,2.0,331.0,331,13.24,19.48556,19.42778,111216,1
organgrinder|2025/08/17 10:29:00,sjones,2025/08/17 10:29:00,2025,organgrinder,4,seq150;seq151;seq152;seq153,seq150;seq151;seq152;seq153,seq150;seq151;seq152;seq153,1.983,1.983,20.0,0.04,2.0,3.0,321.0,295,11.8,22.09611,22.02389,77715,1
organgrinder|2025/08/18 09:14:59,sjones,2025/08/18 09:14:59,2025,organgrinder,4,seq154;seq155;seq178;seq180,seq154;seq155;seq178;seq180,seq154;seq155;seq178;seq180,1.983,1.983,20.0,0.04,2.0,3.0,329.0,329,13.16,24.4975,24.42528,83315,1
organgrinder|2025/08/19 11:39:38,margrie,2025/08/19 11:39:38,2025,organgrinder,1,SW_3352,SW_3352,SW,4.006,4.006,20.0,0.04,2.0,1.0,302.0,302,12.08,6.22972,6.20889,15859,1
organgrinder|2025/08/20 15:25:59,branco,2025/08/20 15:25:59,2025,organgrinder,1,YI_1105913,YI_1105913,YI,1.983,1.983,10.0,0.04,4.0,1.0,280.0,280,11.2,8.55056,8.52667,19996,1
organgrinder|2025/08/21 11:53:57,mrsic_flogel,2025/08/21 11:53:57,2025,organgrinder,2,fmVGAT-chR2-EYFP93_SerialSection;fmVGAT56_SerialSection,fmVGAT-chR2-EYFP93;fmVGAT56,fmVGAT-chR2-EYFP93;fmVGAT56,4.006,4.006,10.0,0.04,4.0,4.0,332.0,332,13.28,16.43722,16.39306,34067,1
organgrinder|2025/08/22 15:00:15,mrsic_flogel,2025/08/22 15:00:15,2025,organgrinder,5,astro2;astro3;astro5;astro6;bVGAT58_SerialSection,astro2;astro3;astro5;astro6;bVGAT58,astro2;astro3;astro5;astro6;bVGAT58,4.006,4.006,10.0,0.04,4.0,1.0,299.0,299,11.96,18.14222,18.07861,68596,1
organgrinder|2025/08/25 09:30:24,sjones,2025/08/25 09:30:24,2025,organgrinder,4,i922;i923;seq148;tstnpx,i922;i923;seq148;tstnpx,i922;i923;seq148;tstnpx,1.983,1.983,20.0,0.04,2.0,1.0,321.0,321,12.84,19.82167,19.76056,107856,1
organgrinder|2025/08/28 10:30:49,mrsic_flogel,2025/08/28 10:30:49,2025,organgrinder,3,bCamk2a01_SerialSection;bCamk2a02_SerialSection;bVGAT65_SerialSection,bCamk2a01;bCamk2a02;bVGAT65,bCamk2a01;bCamk2a02;bVGAT65,4.006,4.006,20.0,0.04,2.0,2.0,332.0,332,13.28,13.9075,13.86861,53004,1
organgrinder|2025/08/29 10:55:27,sjones,2025/08/29 10:55:27,2025,organgrinder,1,HL_seq146,HL_seq146,HL,4.006,4.006,20.0,0.04,2.0,4.0,319.0,319,12.76,9.34889,9.32694,18999,1
organgrinder|2025/09/02 11:27:18,mrsic_flogel,2025/09/02 11:27:18,2025,organgrinder,3,bVGAT59_SerialSection;bVGAT60_SerialSection;bVGAT61_SerialSection,bVGAT59;bVGAT60;bVGAT61,bVGAT59;bVGAT60;bVGAT61,4.006,4.006,20.0,0.04,2.0,2.0,292.0,292,11.68,11.98806,11.95194,45025,1
organgrinder|2025/09/05 10:56:44,margrie,2025/09/05 10:56:44,2025,organgrinder,1,SW_3165,SW_3165,SW,4.006,4.006,8.0,0.04,5.0,1.0,309.0,309,12.36,8.07194,8.05528,16766,1
organgrinder|2025/09/06 12:13:35,sjones,2025/09/06 12:13:35,2025,organgrinder,4,lgcy0351__20250906_121339__serial_section;lgcy0352__20250906_121339__serial_section;lgcy0354__20250906_121339__serial_section;seq037,seq037;seq052;seq054;seq059,lgcy0351;lgcy0352;lgcy0354;seq037;seq052;seq054;seq059,1.983,1.983,40.0,0.04,1.0,1.0,345.0,345,13.8,16.03361,16.00056,86022,1
organgrinder|2025/09/08 11:50:39,mrsic_flogel,2025/09/08 11:50:39,2025,organgrinder,1,AMA_1143058,AMA_1143058,AMA,1.983,1.983,5.0,0.04,8.0,4.0,365.0,365,14.6,24.99,24.95667,22245,1
organgrinder|2025/09/10 13:21:26,sjones,2025/09/10 13:21:26,2025,organgrinder,4,seq061;seq164;seq165;seq166,seq061;seq164;seq165;seq166,seq061;seq164;seq165;seq166,4.006,4.006,20.0,0.04,2.0,3.0,361.0,361,14.44,19.87556,19.84222,76866,1
organgrinder|2025/09/11 13:25:34,sjones,2025/09/11 13:25:34,2025,organgrinder,4,seq144;seq145;seq170;seq171,seq144;seq145;seq170;seq171,seq144;seq145;seq170;seq171,4.006,4.006,20.0,0.04,2.0,3.0,350.0,350,14.0,18.90556,18.87056,73436,1
organgrinder|2025/09/18 11:37:55,margrie,2025/09/18 11:37:55,2025,organgrinder,1,SW_3354,SW_3354,SW,4.006,4.006,8.3,0.05,6.0,1.0,259.0,259,12.95,6.16833,6.14583,13939,1
organgrinder|2025/09/21 14:51:40,margrie,2025/09/21 14:51:40,2025,organgrinder,1,SW_3355,SW_3355,SW,4.006,4.006,8.3,0.05,6.0,1.0,253.0,253,12.65,6.44917,6.42556,15138,1
organgrinder|2025/09/22 11:49:53,margrie,2025/09/22 11:49:53,2025,organgrinder,2,CP11m;SW_Car_per_male,SW_Car_per_male,CP11m;SW,1.983,1.983,5.0,0.04,8.0,1.0,323.0,323,12.92,11.15139,11.12583,22465,1
organgrinder|2025/09/23 12:10:20,sjones,2025/09/23 12:10:20,2025,organgrinder,1,LBR_20250923_grm2rb,LBR_20250923_grm2rb,LBR,1.983,1.983,5.0,0.04,8.0,2.0,309.0,309,12.36,14.3,14.25806,20264,1
organgrinder|2025/09/24 11:25:32,mrsic_flogel,2025/09/24 11:25:32,2025,organgrinder,4,VL_1142142;VL_1142143;VL_1142803;VL_1142805,VL_1142142;VL_1142143;VL_1142803;VL_1142805,VL,1.983,1.983,20.0,0.04,2.0,2.0,350.0,350,14.0,20.44194,20.39889,82210,1
organgrinder|2025/09/25 11:50:24,margrie,2025/09/25 11:50:24,2025,organgrinder,1,SW_3356,SW_3356,SW,4.006,4.006,8.3,0.05,6.0,1.0,223.0,223,11.15,5.32167,5.29889,13069,1
organgrinder|2025/09/26 11:52:10,margrie,2025/09/26 11:52:10,2025,organgrinder,2,SW_3215;SW_3357,SW_3215;SW_3357,SW,4.006,4.006,8.3,0.05,6.0,1.0,233.0,233,11.65,7.65889,7.62694,26495,1
organgrinder|2025/09/29 13:20:52,margrie,2025/09/29 13:20:52,2025,organgrinder,1,SW_3237,SW_3237,SW,4.006,4.006,8.3,0.05,6.0,1.0,231.0,229,11.45,5.16972,5.14722,12240,1
organgrinder|2025/09/30 13:26:39,sjones,2025/09/30 13:26:39,2025,organgrinder,4,OS_110_CA1;OS_111_CA1;OS_112_NAC_retro;OS_113_NAC_retro,OS_110;OS_111;OS_112;OS_113,OS,4.006,4.006,20.0,0.04,2.0,2.0,342.0,342,13.68,16.89333,16.85861,74907,1
organgrinder|2025/10/03 14:45:41,margrie,2025/10/03 14:45:41,2025,organgrinder,1,SW_3358,SW_3358,SW,4.006,4.006,8.3,0.05,6.0,1.0,249.0,249,12.45,5.80694,5.78472,12837,1
organgrinder|2025/10/06 15:00:29,sjones,2025/10/06 15:00:29,2025,organgrinder,2,ai14;pva,ai14;pva,ai14;pva,4.006,4.006,20.0,0.04,2.0,10.0,346.0,346,13.84,11.235,11.19306,38669,1
organgrinder|2025/10/10 10:32:21,sjones,2025/10/10 10:32:21,2025,organgrinder,1,AG_1102163,AG_1102163,AG,1.983,1.983,5.0,0.04,8.0,1.0,286.0,243,9.72,9.64528,10.50889,18180,1
organgrinder|2025/10/16 10:33:18,sjones,2025/10/16 10:33:18,2025,organgrinder,1,AG_TS_RV1,AG__TS_RV1,AG,1.983,1.983,5.0,0.04,8.0,1.0,279.0,248,9.92,9.19611,9.49,16561,1
organgrinder|2025/10/17 10:25:40,sjones,2025/10/17 10:25:40,2025,organgrinder,1,AG_TS_RV2,AG_TS_RV2,AG,1.983,1.983,5.0,0.04,8.0,1.0,32.0,285,11.4,10.95389,12.82389,19026,1
organgrinder|2025/10/22 15:08:47,margrie,2025/10/22 15:08:47,2025,organgrinder,2,SW_3400;SW_3402,SW_3400;SW_3402,SW,4.006,4.006,10.0,0.05,5.0,1.0,222.0,222,11.1,6.65306,6.62111,24429,1
organgrinder|2025/10/23 11:53:58,margrie,2025/10/23 11:53:58,2025,organgrinder,1,SW_3401,SW_3401,SW,4.006,4.006,10.0,0.05,5.0,1.0,239.0,239,11.95,5.2325,5.21111,13750,1
organgrinder|2025/11/07 11:55:07,margrie,2025/11/07 11:55:07,2025,organgrinder,1,SW_3642,SW_3642,SW,4.006,4.006,10.0,0.05,5.0,1.0,249.0,246,12.3,5.57139,5.55028,14425,1
organgrinder|2025/11/13 13:17:36,sjones,2025/11/13 13:17:36,2025,organgrinder,1,HL_SEQ071_GFP_VAL,HL_SEQ071_GFP_VAL,HL,4.006,4.006,20.0,0.04,2.0,3.0,347.0,347,13.88,8.59083,8.57528,19844,1
organgrinder|2025/11/14 14:13:47,akrami,2025/11/14 14:13:47,2025,organgrinder,1,2pe,ATL07,2pe;ATL07,4.006,4.006,6.3,0.05,8.0,1.0,294.0,199,9.95,13.11694,13.09,45146,1
organgrinder|2025/11/24 12:59:36,sjones,2025/11/24 12:59:36,2025,organgrinder,1,HL_seq143_gpi,HL_seq143_gpi,HL,4.006,4.006,20.0,0.04,2.0,2.0,417.0,343,13.72,8.52722,8.50833,20721,1
organgrinder|2025/11/25 12:24:53,sjones,2025/11/25 12:24:53,2025,organgrinder,1,HL_s123_rb,HL_s123_rb,HL,4.006,4.006,20.0,0.04,2.0,3.0,301.0,271,10.84,8.24583,10.765,19417,1
organgrinder|2025/11/26 10:48:34,akrami,2025/11/26 10:48:34,2025,organgrinder,1,AR_ECS6,AR_ECS6,AR,4.006,4.006,25.0,0.05,2.0,1.0,338.0,331,16.55,10.72889,11.40778,37442,1
organgrinder|2025/11/27 12:33:33,sjones,2025/11/27 12:33:33,2025,organgrinder,1,HL_seq142_gpi,HL_seq142_gpi,HL,4.006,4.006,20.0,0.04,2.0,2.0,349.0,349,13.96,8.79944,8.78194,20235,1
organgrinder|2025/12/01 13:02:35,margrie,2025/12/01 13:02:35,2025,organgrinder,1,SW_3643,SW_3643,SW,4.006,4.006,16.7,0.05,3.0,1.0,236.0,236,11.8,4.79056,4.77194,13411,1
organgrinder|2025/12/02 13:52:04,sjones,2025/12/02 13:52:04,2025,organgrinder,1,HL_s121_A323,HL_s121_A323,HL,1.983,1.983,20.0,0.04,2.0,3.0,355.0,355,14.2,10.39222,10.37472,24009,1
organgrinder|2025/12/03 12:48:41,sjones,2025/12/03 12:48:41,2025,organgrinder,1,HL_seq173_rgGFP_VAL,HL_seq173_rgGFP_VAL,HL,1.983,1.983,20.0,0.04,2.0,2.0,376.0,376,15.04,10.18139,10.16417,24342,1
organgrinder|2025/12/04 14:20:53,margrie,2025/12/04 14:20:53,2025,organgrinder,3,SW_3640;SW_3641;SW_3697,SW_3640;SW_3641;SW_3697,SW,4.006,4.006,16.7,0.05,3.0,1.0,255.0,255,12.75,9.93528,9.89917,43131,1
organgrinder|2025/12/05 12:56:55,sjones,2025/12/05 12:56:55,2025,organgrinder,1,HL_s124_A324,HL_s124_A324,HL,1.983,1.983,20.0,0.04,2.0,2.0,339.0,339,13.56,9.36083,9.34306,22130,1
organgrinder|2025/12/10 11:29:26,margrie,2025/12/10 11:29:26,2025,organgrinder,1,SW_3468,SW_3468,SW,4.006,4.006,16.7,0.05,3.0,1.0,249.0,249,12.45,5.08833,5.06889,14313,1
organgrinder|2025/12/11 12:58:08,margrie,2025/12/11 12:58:08,2025,organgrinder,2,SW_3439;SW_3440,SW_3439;SW_3440,SW,4.006,4.006,16.7,0.05,3.0,1.0,261.0,261,13.05,7.17028,7.14278,30283,1
organgrinder|2025/12/16 14:09:50,okeefe,2025/12/16 14:09:50,2025,organgrinder,4,1106010;1106077;1106078;1106079,sample_1106010;sample_1106077;sample_1106078;sample_1106079,1106010;1106077;1106078;1106079;sample,4.006,4.006,25.0,0.05,2.0,1.0,248.0,248,12.4,11.3125,11.26861,50109,1
organgrinder|2025/12/19 11:53:25,mrsic_flogel,2025/12/19 11:53:25,2025,organgrinder,3,bVGAT-chR2-EYFP98_SerialSection;bVGAT-chR2-EYFP99_SerialSection;fmVGAT68_SerialSection,bVGAT-chR2-EYFP98;bVGAT-chR2-EYFP99;fmVGAT68,bVGAT-chR2-EYFP98;bVGAT-chR2-EYFP99;fmVGAT68,4.006,4.006,10.0,0.04,4.0,2.0,329.0,329,13.16,16.39472,16.65472,51736,1
organgrinder|2026/01/07 13:35:52,mrsic_flogel,2026/01/07 13:35:52,2026,organgrinder,3,HD_047;HD_048;HD_049,HD_047;HD_048;HD_049,HD,4.006,4.006,20.0,0.04,2.0,2.0,357.0,357,14.28,14.51778,14.48722,51379,1
organgrinder|2026/01/15 11:46:19,akrami,2026/01/15 11:46:19,2026,organgrinder,1,AR07,AR07,AR07,4.006,4.006,5.0,0.05,10.0,1.0,307.0,216,10.8,18.64611,18.60861,54501,1
organgrinder|2026/02/12 10:55:11,akrami,2026/02/12 10:55:11,2026,organgrinder,1,EC36,EC36,EC36,7.853,7.853,10.0,0.05,5.0,1.0,434.0,434,21.7,15.6275,15.59861,49312,1
organgrinder|2026/02/13 12:21:27,sjones,2026/02/13 12:21:27,2026,organgrinder,1,OS_ca1_nac_probe,OS_ca1_nac_probe,OS,4.006,4.006,20.0,0.04,2.0,2.0,326.0,326,13.04,7.89306,7.87528,19535,1
organgrinder|2026/02/25 11:56:56,mrsic_flogel,2026/02/25 11:56:56,2026,organgrinder,3,bVGAT-chR2-EYFP100_SerialSection;bVGAT-chR2-EYFP103_SerialSection;bVGAT-chR2-EYFP104_SerialSection,bVGAT-chR2-EYFP100;bVGAT-chR2-EYFP103;bVGAT-chR2-EYFP104,bVGAT-chR2-EYFP100;bVGAT-chR2-EYFP103;bVGAT-chR2-EYFP104,4.006,4.006,20.0,0.04,2.0,1.0,307.0,307,12.28,11.44667,11.41306,49299,1
organgrinder|2026/03/04 16:25:44,sjones,2026/03/04 16:25:44,2026,organgrinder,1,HL_GPi_implant_260304,HL_GPi_implant_260304,HL,4.006,4.006,20.0,0.04,2.0,3.0,348.0,348,13.92,8.04056,8.02389,18908,1
organgrinder|2026/03/06 11:15:20,sjones,2026/03/06 11:15:20,2026,organgrinder,1,OS_trace_3R,OS_trace_3R,OS,4.006,4.006,20.0,0.04,2.0,2.0,304.0,304,12.16,8.15944,8.13639,21425,1
organgrinder|2026/03/10 14:03:34,margrie,2026/03/10 14:03:34,2026,organgrinder,4,1106619;1106620;1106629;1106630,sample_1106619;sample_1106620;sample_1106629;sample_1106630,1106619;1106620;1106629;1106630;sample,4.006,4.006,20.0,0.04,2.0,1.0,300.0,300,12.0,13.66361,13.62889,70426,1
organgrinder|2026/03/11 11:29:13,margrie,2026/03/11 11:29:13,2026,organgrinder,4,SW_3627;SW_3644;SW_3751;SW_3952,SW_3627;SW_3644;SW_3751;SW_3952,SW,1.983,1.983,5.0,0.04,8.0,1.0,300.0,197,7.88,22.67361,22.58583,68911,1
organgrinder|2026/03/12 11:32:10,mrsic_flogel,2026/03/12 11:32:10,2026,organgrinder,1,DA_injtrial3_onlyPOR_03132026,DA_injtrial3_onlyPOR_03132026,DA,4.006,4.006,20.0,0.04,2.0,1.0,285.0,285,11.4,7.66583,7.64361,21507,1
organgrinder|2026/03/14 17:23:16,sjones,2026/03/14 17:23:16,2026,organgrinder,4,HL_GPi;LR_s118;OS_NP2;OS_NP3,HL_GPi;LR_s118;OS_NP2;OS_NP3,HL;LR;OS,4.006,4.006,20.0,0.04,2.0,2.0,368.0,332,13.28,16.83361,16.80194,72328,1
organgrinder|2026/03/15 15:11:46,margrie,2026/03/15 15:11:46,2026,organgrinder,5,SW_3865;SW_3866;SW_3872;SW_3887;SW_3903,SW_3865;SW_3866;SW_3872;SW_3887;SW_3903,SW,4.006,4.006,10.0,0.05,5.0,1.0,225.0,225,11.25,14.87722,14.81,63626,1
organgrinder|2026/03/16 13:51:07,margrie,2026/03/16 13:51:07,2026,organgrinder,1,1106443,YI_1106443,1106443;YI,4.006,4.006,10.0,0.04,4.0,1.0,300.0,300,12.0,7.39222,7.3725,18693,1
organgrinder|2026/03/19 11:52:16,margrie,2026/03/19 11:52:16,2026,organgrinder,3,SW_4159;SW_4160;SW_4162,SW_4159;SW_4160;SW_4162,SW,4.006,4.006,10.0,0.05,5.0,1.0,219.0,126,6.3,6.48861,6.44694,27114,1
organgrinder|2026/03/20 14:11:41,branco,2026/03/20 14:11:41,2026,organgrinder,3,1106560;NP1;NP2,NP1;NP2;sample_1106560,1106560;NP1;NP2;sample,4.006,4.006,20.0,0.04,2.0,2.0,300.0,300,12.0,13.41694,13.37806,53707,1
organgrinder|2026/03/21 14:49:16,sjones,2026/03/21 14:49:16,2026,organgrinder,3,NP4;NP5;OS_NP4_NP5_v1,NP4;NP5;OS_NP4_NP5,NP4;NP5;OS,4.006,4.006,20.0,0.04,2.0,2.0,340.0,334,13.36,10.9975,10.97389,38808,1
organgrinder|2026/03/24 15:04:01,sjones,2026/03/24 15:04:01,2026,organgrinder,1,HL_GPeRB_R_A78_79,HL_GPeRB_R_m_3104,HL,1.983,1.983,5.0,0.04,8.0,1.0,305.0,305,12.2,10.82028,10.79861,22658,1
organgrinder|2026/03/25 16:32:16,sjones,2026/03/25 16:32:16,2026,organgrinder,1,HL_GPeRB_LR,HL_GPeRB_LR,HL,1.983,1.983,5.0,0.04,8.0,2.0,129.0,259,10.36,20.03194,21.32972,27779,1
organgrinder|2026/04/09 13:26:16,margrie,2026/04/09 13:26:16,2026,organgrinder,3,1123757;1123758;1123759,sample_1123757;sample_1123758;sample_1123759,1123757;1123758;1123759;sample,4.006,4.006,10.0,0.04,4.0,2.0,300.0,300,12.0,16.75667,16.70861,54680,1
organgrinder|2026/04/10 14:39:28,margrie,2026/04/10 14:39:28,2026,organgrinder,4,1123760;1123761;1123762;1123763,sample_1123760;sample_1123761;sample_1123762;sample_1123763,1123760;1123761;1123762;1123763;sample,4.006,4.006,10.0,0.04,4.0,2.0,300.0,300,12.0,20.14972,20.1,73161,1
organgrinder|2026/04/14 14:33:45,margrie,2026/04/14 14:33:45,2026,organgrinder,3,1102644;1102648;1102651,sample_1102644;sample_1102648;sample_1102651,1102644;1102648;1102651;sample,1.983,1.983,5.0,0.04,8.0,1.0,300.0,240,9.6,20.49167,20.43056,56422,1
organgrinder|2026/04/15 12:12:12,margrie,2026/04/15 12:12:12,2026,organgrinder,2,CP2m;CP3m,CP_2m;CPm_2m_3m,CP;CP2m;CP3m;CPm,1.983,1.983,5.0,0.04,8.0,1.0,322.0,322,12.88,17.85694,17.78444,48474,1
organgrinder|2026/04/16 16:55:44,margrie,2026/04/16 16:55:44,2026,organgrinder,2,1123976;1123977,sample_1123976;sample_1123977,1123976;1123977;sample,4.006,4.006,20.0,0.04,2.0,1.0,330.0,330,13.2,9.18583,9.16417,34147,1
organgrinder|2026/04/17 11:36:48,akrami,2026/04/17 11:36:48,2026,organgrinder,2,NA00;NA01,NA00;NA01,NA00;NA01,4.006,4.006,25.0,0.05,2.0,2.0,251.0,251,12.55,8.91833,8.8825,27840,1
organgrinder|2026/04/20 11:58:09,margrie,2026/04/20 11:58:09,2026,organgrinder,1,CP8m,CP8m,CP8m,1.983,1.983,5.0,0.04,8.0,1.0,232.0,232,9.28,18.52306,18.49528,51153,1
organgrinder|2026/04/21 11:52:44,margrie,2026/04/21 11:52:44,2026,organgrinder,1,CP6m,CP6m,CP6m,1.983,1.983,5.0,0.04,8.0,1.0,264.0,252,10.08,12.07972,12.04639,27429,1
organgrinder|2026/04/22 13:38:57,margrie,2026/04/22 13:38:57,2026,organgrinder,1,CP5m,CP5m,CP5m,1.983,1.983,5.0,0.04,8.0,1.0,347.0,303,12.12,11.78389,11.76194,22546,1
organgrinder|2026/04/23 14:17:44,branco,2026/04/23 14:17:44,2026,organgrinder,4,1106579;1106582;1106606;1106640,sample_1106579;sample_1106582;sample_1106606;sample_1106640,1106579;1106582;1106606;1106640;sample,1.983,1.983,5.0,0.04,8.0,1.0,300.0,294,11.76,30.18167,30.10583,86167,1
organgrinder|2026/04/26 14:29:44,sjones,2026/04/26 14:29:44,2026,organgrinder,2,NP6;NP7,ROI_1;ROI_2,NP6;NP7;ROI,4.006,4.006,20.0,0.04,2.0,2.0,310.0,310,12.4,10.22111,10.1925,34315,1
organgrinder|2026/04/30 14:17:54,margrie,2026/04/30 14:17:54,2026,organgrinder,1,SW_4165,SW_4165,SW,1.983,1.983,5.0,0.04,8.0,1.0,300.0,300,12.0,9.80444,9.77278,21016,1
organgrinder|2026/05/01 13:18:26,branco,2026/05/01 13:18:26,2026,organgrinder,2,YI_1106718;YI_1124068,sample_1106718;sample_1124068,YI;sample,4.006,4.006,20.0,0.04,2.0,1.0,300.0,300,12.0,8.49111,8.46722,34077,1
organgrinder|2026/05/02 17:32:54,sjones,2026/05/02 17:32:54,2026,organgrinder,3,NP10;NP8;NP9,NP10;NP8;NP9,NP10;NP8;NP9,4.006,4.006,20.0,0.04,2.0,2.0,251.0,251,10.04,11.45583,11.41778,45401,1
organgrinder|2026/05/04 11:16:08,mrsic_flogel,2026/05/04 11:16:08,2026,organgrinder,1,MR_M11,MR_M11,MR,4.006,4.006,20.0,0.04,2.0,4.0,295.0,295,11.8,9.34944,9.32361,17770,1
organgrinder|2026/05/05 11:02:54,margrie,2026/05/05 11:02:54,2026,organgrinder,1,SW_3992,SW_3992,SW,1.983,1.983,5.0,0.04,8.0,1.0,326.0,322,12.88,11.21917,11.19,22818,1
organgrinder|2026/05/07 10:27:13,mrsic_flogel,2026/05/07 10:27:13,2026,organgrinder,4,bVGAT73_SerialSection;bVGAT74_SerialSection;bVGAT75_SerialSection;bVGAT76_SerialSection,bVGAT73;bVGAT74;bVGAT75;bVGAT76,bVGAT73;bVGAT74;bVGAT75;bVGAT76,4.006,4.006,20.0,0.04,2.0,4.0,312.0,312,12.48,18.98556,18.92056,66213,1
organgrinder|2026/05/08 10:53:28,mrsic_flogel,2026/05/08 10:53:28,2026,organgrinder,6,Astro07;Astro08;bNr5a146_SerialSection;bRbp493_SerialSection;bRbp494_SerialSection;bRbp495_SerialSection,Astro07;Astro08;bNr5a146;bRbp493;bRbp494;bRbp495,Astro07;Astro08;bNr5a146;bRbp493;bRbp494;bRbp495,4.006,4.006,20.0,0.04,2.0,4.0,302.0,302,12.08,28.34889,28.24694,95698,1
organgrinder|2026/05/12 14:19:46,branco,2026/05/12 14:19:46,2026,organgrinder,3,1102603;1106609;NP003,NP003;sample_1102603;sample_1106609,1102603;1106609;NP003;sample,1.983,1.983,10.0,0.04,4.0,1.0,290.0,290,11.6,16.27444,16.22528,61071,1
organgrinder|2026/05/13 14:17:51,margrie,2026/05/13 14:17:51,2026,organgrinder,3,1124139;1124143;YI_1123925,sample_1123925;sample_1124139;sample_1124143,1124139;1124143;YI;sample,4.006,4.006,20.0,0.04,2.0,2.0,290.0,290,11.6,13.08139,13.04389,53022,1
organgrinder|2026/05/14 12:50:00,sjones,2026/05/14 12:50:00,2026,organgrinder,2,161;202,sample_161;sample_202,161;202;sample,4.006,4.006,20.0,0.04,2.0,10.0,342.0,342,13.68,13.3275,13.28111,39932,1
organgrinder|2026/05/15 11:54:20,margrie,2026/05/15 11:54:20,2026,organgrinder,1,SW_4037,SW_4037,SW,1.983,1.983,5.0,0.04,8.0,1.0,295.0,295,11.8,9.74583,9.71306,21306,1
organgrinder|2026/05/18 10:31:27,margrie,2026/05/18 10:31:27,2026,organgrinder,1,SW_3958,SW_3958,SW,1.983,1.983,5.0,0.04,8.0,1.0,302.0,184,7.36,6.65778,6.62361,15424,1
organgrinder|2026/05/18 19:00:06,margrie,2026/05/18 19:00:06,2026,organgrinder,1,SW_3991,SW_3991,SW,1.983,1.983,5.0,0.04,8.0,1.0,299.0,266,10.64,16.27972,16.23611,46066,1
organgrinder|2026/05/19 11:44:53,margrie,2026/05/19 11:44:53,2026,organgrinder,1,SW_3995,SW_3995,SW,1.983,1.983,5.0,0.04,8.0,1.0,285.0,222,8.88,8.24722,8.21333,19400,1
organgrinder|2026/05/22 13:42:56,margrie,2026/05/22 13:42:56,2026,organgrinder,4,SW_4040;SW_4041;SW_4085;SW_4086,SW_4040;SW_4041;SW_4085;SW_4086,SW,4.006,4.006,12.5,0.05,4.0,1.0,239.0,239,11.95,11.22694,11.17833,51248,1
organgrinder|2026/05/26 10:43:56,mrsic_flogel,2026/05/26 10:43:56,2026,organgrinder,1,bfmVGAT80_SerialSection,PB_bfmVGAT80,PB;bfmVGAT80,4.006,4.006,6.7,0.04,6.0,4.0,314.0,314,12.56,11.81639,11.78083,16406,1
organgrinder|2026/05/27 12:24:22,sjones,2026/05/27 12:24:22,2026,organgrinder,1,OS_OSFNT_22,OS_OSFNT_22,OS,4.006,4.006,20.0,0.04,2.0,2.0,303.0,303,12.12,8.35528,8.32944,16874,1
organgrinder|2026/05/28 11:40:02,okeefe,2026/05/28 11:40:02,2026,organgrinder,6,1120457_JC-22mo;1120543_JC-22mo;1120658-LM-22mo;1120682-JB-22mo;1120818_JB-22mo;1121659-LM-22mo,sample_1120457_JC-22mo;sample_1120543_JC-22mo;sample_1120658-LM-22mo;sample_1120682-JB-22mo;sample_1120818_JB-22mo;sample_1121659-LM-22mo,1120457;1120543;1120658-LM-22mo;1120682-JB-22mo;1120818;1121659-LM-22mo;sample,1.983,1.983,5.0,0.04,8.0,1.0,350.0,319,12.76,35.76639,35.66722,94926,1
organgrinder|2026/06/01 14:58:14,okeefe,2026/06/01 14:58:14,2026,organgrinder,6,1120685_JB_22mo;1120687_JB_22mo;1121157_JC_22mo;1121158_JC_22mo;1121672_JC_12mo;1121927_JC_12mo,sample_1120685_JB_22mo;sample_1120687_JB_22mo;sample_1121157_JC_22mo;sample_1121158_JC_22mo;sample_1121672_JC_12mo;sample_1121927_JC_12mo,1120685;1120687;1121157;1121158;1121672;1121927;sample,1.983,1.983,20.0,0.04,2.0,1.0,341.0,311,12.44,19.38778,19.32833,85513,1
organgrinder|2026/06/02 15:42:58,okeefe,2026/06/02 15:42:58,2026,organgrinder,6,1120801_JC-22mo;1121156_JC-22mo;1121673_JC-12mo;1121677_JC-12mo;1122530_JC-6mo;1122539_JC-6mo,sample_1120801_JC-22mo;sample_1121156_JC-22mo;sample_1121673_JC-12mo;sample_1121677_JC-12mo;sample_1122530_JC-6mo;sample_1122539_JC-6mo,1120801;1121156;1121673;1121677;1122530;1122539;sample,1.983,1.983,20.0,0.04,2.0,1.0,332.0,332,13.28,21.17139,21.11639,96694,1
organgrinder|2026/06/03 14:08:24,okeefe,2026/06/03 14:08:24,2026,organgrinder,6,1121159-JC-22mo;1121669-JC-12mo;1121671-JC-12mo;1122019-JC-6mo;1122529-JC-6mo;1122548_LM-22mo,sample_1121159-JC-22mo;sample_1121669-JC-12mo;sample_1121671-JC-12mo;sample_1122019-JC-6mo;sample_1122529-JC-6mo;sample_1122548_LM-22mo,1121159-JC-22mo;1121669-JC-12mo;1121671-JC-12mo;1122019-JC-6mo;1122529-JC-6mo;1122548;sample,1.983,1.983,20.0,0.04,2.0,1.0,317.0,312,12.48,20.32694,20.27111,96621,1
organgrinder|2026/06/04 12:19:28,okeefe,2026/06/04 12:19:28,2026,organgrinder,6,1121676-JC-12mo;1121678-JC-12mo;1122528-JC-6mo;1122538-JC-6mo;1122540-JC-6mo;1122541-JC-6mo,sample_1121676-JC-12mo;sample_1121678-JC-12mo;sample_1122528-JC-6mo;sample_1122538-JC-6mo;sample_1122540-JC-6mo;sample_1122541-JC-6mo,1121676-JC-12mo;1121678-JC-12mo;1122528-JC-6mo;1122538-JC-6mo;1122540-JC-6mo;1122541-JC-6mo;sample,1.983,1.983,20.0,0.04,2.0,1.0,355.0,328,13.12,21.21639,21.16083,93568,1
organgrinder|2026/06/08 15:49:13,margrie,2026/06/08 15:49:13,2026,organgrinder,1,SW_4260,SW_4260,SW,1.983,1.983,5.0,0.04,8.0,2.0,301.0,301,12.04,13.59028,13.54972,21807,1
organgrinder|2026/06/09 11:24:36,margrie,2026/06/09 11:24:36,2026,organgrinder,1,SW_4258,SW_4258,SW,1.983,1.983,5.0,0.04,8.0,2.0,301.0,136,5.44,7.68972,7.63861,12356,1
organgrinder|2026/06/09 19:31:05,margrie,2026/06/09 19:31:05,2026,organgrinder,1,SW_4266,SW_4266,SW,1.983,1.983,5.0,0.04,8.0,2.0,303.0,255,10.2,13.12972,13.08028,20561,1
organgrinder|2026/06/10 17:03:30,branco,2026/06/10 17:03:30,2026,organgrinder,1,1106634,YI_1106634,1106634;YI,4.006,4.006,10.0,0.04,4.0,4.0,357.0,357,14.28,9.83778,9.82333,13872,1
organgrinder|2026/06/11 11:10:03,margrie,2026/06/11 11:10:03,2026,organgrinder,1,SW_4257,SW_4257,SW,1.983,1.983,5.0,0.04,8.0,4.0,292.0,120,4.8,6.80778,6.72833,10243,1
organgrinder|2026/06/11 18:25:40,margrie,2026/06/11 18:25:40,2026,organgrinder,1,SW_4262,SW_4262,SW,1.983,1.983,5.0,0.04,8.0,2.0,288.0,288,11.52,13.07917,13.04056,18553,1
organgrinder|2026/06/16 12:09:56,margrie,2026/06/16 12:09:56,2026,organgrinder,1,1124206,YI_1124206,1124206;YI,4.006,4.006,10.0,0.04,4.0,4.0,300.0,300,12.0,10.08056,10.05333,17216,1
organgrinder|2026/06/17 13:25:56,margrie,2026/06/17 13:25:56,2026,organgrinder,1,1124207,YI_1124207,1124207;YI,4.006,4.006,10.0,0.04,4.0,4.0,300.0,300,12.0,10.01861,9.99139,16999,1
organgrinder|2026/06/18 14:57:06,margrie,2026/06/18 14:57:06,2026,organgrinder,1,1124200,YI_1124200,1124200;YI,4.006,4.006,10.0,0.04,4.0,4.0,300.0,300,12.0,10.0,9.97333,16339,1
organgrinder|2026/06/19 14:20:35,margrie,2026/06/19 14:20:35,2026,organgrinder,1,1124205,YI_1124205,1124205;YI,4.006,4.006,10.0,0.04,4.0,4.0,300.0,300,12.0,9.48444,9.45917,15745,1
organgrinder|2026/06/22 11:46:22,margrie,2026/06/22 11:46:22,2026,organgrinder,1,1124209,YI_1124209,1124209;YI,4.006,4.006,10.0,0.04,4.0,4.0,300.0,300,12.0,9.99694,9.97056,16921,1
organgrinder|2026/06/24 14:53:18,margrie,2026/06/24 14:53:18,2026,organgrinder,1,1124204,YI_1124204,1124204;YI,4.006,4.006,10.0,0.04,4.0,4.0,300.0,300,12.0,10.1225,10.09889,17311,1
organgrinder|2026/06/25 12:16:54,margrie,2026/06/25 12:16:54,2026,organgrinder,1,1124208,YI_1124208,1124208;YI,4.006,4.006,10.0,0.04,4.0,4.0,300.0,300,12.0,9.96889,9.94278,16717,1
organgrinder|2026/06/26 12:57:43,margrie,2026/06/26 12:57:43,2026,organgrinder,2,SW_4515;SW_4516,SW_4515;SW_4516,SW,1.983,1.983,5.0,0.04,8.0,2.0,300.0,300,12.0,24.75389,24.67528,45121,1
organgrinder|2026/06/30 17:20:14,margrie,2026/06/30 17:20:14,2026,organgrinder,1,1124210,YI_1124210,1124210;YI,4.006,4.006,10.0,0.04,4.0,4.0,300.0,300,12.0,10.11361,10.08861,18042,1
organgrinder|2026/07/01 13:48:14,margrie,2026/07/01 13:48:14,2026,organgrinder,1,1124211,YI_1124211,1124211;YI,4.006,4.006,10.0,0.04,4.0,4.0,300.0,300,12.0,9.6325,9.61278,16946,1
organgrinder|2026/07/02 13:50:32,margrie,2026/07/02 13:50:32,2026,organgrinder,4,SW_4511;SW_4512;SW_4513;SW_4514,SW_4511;SW_4512;SW_4513;SW_4514,SW,1.983,1.983,5.0,0.04,8.0,1.0,314.0,223,8.92,25.23111,25.13167,74550,1
organgrinder|2026/07/20 15:36:04,margrie,2026/07/20 15:36:04,2026,organgrinder,1,1124212,YI_1124212,1124212;YI,4.006,4.006,10.0,0.04,4.0,4.0,300.0,300,12.0,9.335,9.30861,15920,1
organgrinder|2026/07/21 12:25:24,margrie,2026/07/21 12:25:24,2026,organgrinder,1,1124213,YI_1124213,1124213;YI,4.006,4.006,10.0,0.04,4.0,4.0,300.0,300,12.0,9.47944,9.45139,15843,1
organgrinder|2026/07/22 14:28:04,margrie,2026/07/22 14:28:04,2026,organgrinder,1,1124194,YI_1124194,1124194;YI,4.006,4.006,10.0,0.04,4.0,4.0,300.0,300,12.0,9.57417,9.54444,16728,1
