acq_key,system,labs,start,end,year,imaging_seconds,imaging_hours,wallclock_seconds,tile_positions,n_sections,n_starts,n_logfiles
brainsaw|2016/11/04 18:44:17,brainsaw,mrsic_flogel,2016/11/04 18:44:17,2016/11/05 17:25:00,2016,81214.1,22.5595,81643.0,0,174,1,1
brainsaw|2016/11/09 14:00:09,brainsaw,mrsic_flogel,2016/11/09 14:00:09,2016/11/10 13:27:46,2016,83987.4,23.3298,84457.0,0,179,1,1
brainsaw|2016/11/10 18:47:25,brainsaw,mrsic_flogel,2016/11/10 18:47:25,2016/11/12 00:58:52,2016,108075.3,30.0209,108687.0,0,232,1,1
brainsaw|2016/11/12 14:14:56,brainsaw,mrsic_flogel,2016/11/12 14:14:56,2016/11/13 16:30:24,2016,94078.9,26.133,94528.0,0,204,1,1
brainsaw|2016/11/14 15:42:26,brainsaw,mrsic_flogel,2016/11/14 15:42:26,2016/11/15 19:08:06,2016,98276.5,27.299,98740.0,0,209,1,1
brainsaw|2016/11/16 11:52:58,brainsaw,mrsic_flogel,2016/11/16 11:52:58,2016/11/17 13:22:44,2016,91102.6,25.3063,91786.0,0,192,2,1
brainsaw|2016/11/17 16:00:27,brainsaw,mrsic_flogel,2016/11/17 16:00:27,2016/11/18 16:43:42,2016,88549.2,24.597,88995.0,0,184,2,1
brainsaw|2016/11/18 18:42:55,brainsaw,mrsic_flogel,2016/11/18 18:42:55,2016/11/19 19:34:44,2016,89094.4,24.7484,89509.0,0,190,1,1
brainsaw|2016/11/19 20:48:42,brainsaw,mrsic_flogel,2016/11/19 20:48:42,2016/11/20 19:59:44,2016,83076.1,23.0767,83462.0,0,175,1,1
brainsaw|2016/11/20 21:27:03,brainsaw,mrsic_flogel,2016/11/20 21:27:03,2016/11/21 19:01:46,2016,77285.9,21.4683,77683.0,0,190,1,1
brainsaw|2016/11/21 20:41:55,brainsaw,mrsic_flogel,2016/11/21 20:41:55,2016/11/22 19:41:23,2016,82362.1,22.8784,82768.0,0,195,1,1
brainsaw|2017/04/12 14:20:59,brainsaw,mrsic_flogel,2017/04/12 14:20:59,2017/04/12 23:07:44,2017,28902.8,8.0286,31605.0,0,114,4,1
brainsaw|2017/04/13 11:27:28,brainsaw,mrsic_flogel,2017/04/13 11:27:28,2017/04/13 19:35:15,2017,28965.6,8.046,29267.0,0,114,1,1
brainsaw|2017/04/14 12:50:03,brainsaw,mrsic_flogel,2017/04/14 12:50:03,2017/04/17 15:27:47,2017,6617.9,1.8383,268664.0,0,45,7,1
brainsaw|2017/04/20 13:02:07,brainsaw,mrsic_flogel,2017/04/20 13:02:07,2017/04/20 17:50:09,2017,16881.0,4.6892,17282.0,8736,91,1,1
brainsaw|2017/04/24 14:28:37,brainsaw,mrsic_flogel,2017/04/24 14:28:37,2017/04/24 20:59:43,2017,22785.0,6.3292,23466.0,10472,119,1,1
brainsaw|2017/04/25 17:27:20,brainsaw,mrsic_flogel,2017/04/25 17:27:20,2017/04/26 02:18:23,2017,30646.0,8.5128,31863.0,11978,120,2,1
brainsaw|2017/05/10 11:42:59,brainsaw,mrsic_flogel,2017/05/10 11:42:59,2017/05/11 05:20:16,2017,59905.0,16.6403,63437.0,51300,114,2,1
brainsaw|2017/07/12 16:32:20,brainsaw,mrsic_flogel,2017/07/12 16:32:20,2017/07/12 23:58:42,2017,25912.0,7.1978,26782.0,13804,115,1,1
brainsaw|2017/07/18 11:32:19,brainsaw,mrsic_flogel,2017/07/18 11:32:19,2017/07/18 14:18:00,2017,9769.0,2.7136,9941.0,7112,56,1,1
brainsaw|2017/07/20 11:10:13,brainsaw,mrsic_flogel,2017/07/20 11:10:13,2017/07/20 16:26:36,2017,18124.0,5.0344,18983.0,20586,94,2,1
brainsaw|2017/07/20 17:23:38,brainsaw,mrsic_flogel,2017/07/20 17:23:38,2017/07/20 23:23:35,2017,21058.0,5.8494,21597.0,26300,100,1,1
brainsaw|2017/07/21 13:17:06,brainsaw,mrsic_flogel,2017/07/21 13:17:06,2017/07/21 17:59:31,2017,16234.0,4.5094,16945.0,13802,103,1,1
brainsaw|2017/07/25 13:03:44,brainsaw,mrsic_flogel,2017/07/25 13:03:44,2017/07/25 17:31:04,2017,15452.0,4.2922,16040.0,11745,87,1,1
brainsaw|2017/07/28 11:21:13,brainsaw,mrsic_flogel,2017/07/28 11:21:13,2017/07/28 22:16:56,2017,38135.0,10.5931,39343.0,41400,180,1,1
brainsaw|2017/08/01 12:09:15,brainsaw,mrsic_flogel,2017/08/01 12:09:15,2017/08/01 19:18:46,2017,24921.0,6.9225,25771.0,31520,159,1,1
brainsaw|2017/08/03 11:24:20,brainsaw,mrsic_flogel,2017/08/03 11:24:20,2017/08/03 14:55:47,2017,12026.0,3.3406,12687.0,13716,108,4,1
brainsaw|2017/08/07 13:14:12,brainsaw,mrsic_flogel,2017/08/07 13:14:12,2017/08/07 16:10:00,2017,10065.0,2.7958,10548.0,14300,100,1,1
brainsaw|2017/08/11 10:27:55,brainsaw,mrsic_flogel,2017/08/11 10:27:55,2017/08/11 13:29:57,2017,10400.0,2.8889,10922.0,13208,104,1,1
brainsaw|2017/08/15 11:18:00,brainsaw,mrsic_flogel,2017/08/15 11:18:00,2017/08/15 13:49:07,2017,8623.0,2.3953,9067.0,10184,67,1,1
brainsaw|2017/08/17 10:55:57,brainsaw,mrsic_flogel,2017/08/17 10:55:57,2017/08/17 13:38:25,2017,9275.0,2.5764,9748.0,9720,72,1,1
brainsaw|2017/08/22 13:33:14,brainsaw,mrsic_flogel,2017/08/22 13:33:14,2017/08/22 16:19:49,2017,9597.0,2.6658,9995.0,11426,58,1,1
brainsaw|2017/10/05 11:37:28,brainsaw,mrsic_flogel,2017/10/05 11:37:28,2017/10/05 17:34:11,2017,19748.0,5.4856,21403.0,28550,123,2,1
brainsaw|2017/10/10 16:58:09,brainsaw,mrsic_flogel,2017/10/10 16:58:09,2017/10/11 03:00:33,2017,35651.0,9.9031,36144.0,12250,70,1,1
brainsaw|2017/10/11 13:07:44,brainsaw,mrsic_flogel,2017/10/11 13:07:44,2017/10/12 12:26:28,2017,57463.0,15.9619,83924.0,32007,141,2,1
brainsaw|2017/10/12 13:33:09,brainsaw,mrsic_flogel,2017/10/12 13:33:09,2017/10/12 16:08:12,2017,9046.0,2.5128,9303.0,12118,83,1,1
brainsaw|2017/10/18 18:18:37,brainsaw,mrsic_flogel,2017/10/18 18:18:37,2017/10/18 21:40:14,2017,11811.0,3.2808,12097.0,13900,100,1,1
brainsaw|2017/10/19 14:41:30,brainsaw,mrsic_flogel,2017/10/19 14:41:30,2017/10/20 14:27:09,2017,63345.0,17.5958,85539.0,29328,141,5,1
brainsaw|2017/10/20 19:12:44,brainsaw,mrsic_flogel,2017/10/20 19:12:44,2017/10/21 17:39:18,2017,80354.0,22.3206,80794.0,36260,140,1,1
brainsaw|2017/10/24 10:18:10,brainsaw,mrsic_flogel,2017/10/24 10:18:10,2017/10/24 20:13:00,2017,34320.0,9.5333,35690.0,15281,59,2,1
brainsaw|2017/10/26 18:11:32,brainsaw,mrsic_flogel,2017/10/26 18:11:32,2017/10/27 14:39:29,2017,73295.0,20.3597,73677.0,32640,120,1,1
brainsaw|2017/11/01 19:12:52,brainsaw,mrsic_flogel,2017/11/01 19:12:52,2017/11/02 17:37:53,2017,80275.0,22.2986,80701.0,35632,131,1,1
brainsaw|2017/11/16 16:23:25,brainsaw,mrsic_flogel,2017/11/16 16:23:25,2017/11/16 19:21:22,2017,10499.0,2.9164,10677.0,13396,68,1,1
brainsaw|2017/11/16 20:23:42,brainsaw,mrsic_flogel,2017/11/16 20:23:42,2017/11/17 02:53:24,2017,23041.0,6.4003,23382.0,32400,100,1,1
brainsaw|2017/11/17 18:30:51,brainsaw,mrsic_flogel,2017/11/17 18:30:51,2017/11/18 00:58:09,2017,22893.0,6.3592,23238.0,32400,100,1,1
brainsaw|2017/12/07 12:46:47,brainsaw,mrsic_flogel,2017/12/07 12:46:47,2017/12/07 15:50:34,2017,11026.0,3.0628,11027.0,17680,85,1,1
brainsaw|2017/12/12 16:54:25,brainsaw,mrsic_flogel,2017/12/12 16:54:25,2017/12/13 17:04:12,2017,46842.0,13.0117,86987.0,30222,138,2,1
brainsaw|2017/12/13 18:07:07,brainsaw,mrsic_flogel,2017/12/13 18:07:07,2017/12/14 09:20:52,2017,54820.0,15.2278,54825.0,35776,172,1,1
brainsaw|2017/12/14 12:22:55,brainsaw,mrsic_flogel,2017/12/14 12:22:55,2017/12/15 06:11:51,2017,64124.0,17.8122,64136.0,41600,200,1,1
brainsaw|2017/12/16 13:45:12,brainsaw,mrsic_flogel,2017/12/16 13:45:12,2017/12/16 22:55:31,2017,33005.0,9.1681,33019.0,31200,150,1,1
brainsaw|2017/12/17 14:13:59,brainsaw,mrsic_flogel,2017/12/17 14:13:59,2017/12/18 06:35:00,2017,58855.0,16.3486,58861.0,57113,199,1,1
brainsaw|2018/01/13 15:30:04,brainsaw,mrsic_flogel,2018/01/13 15:30:04,2018/01/14 20:34:07,2018,36005.0,10.0014,104643.0,23435,109,2,1
brainsaw|2018/01/15 09:05:00,brainsaw,mrsic_flogel,2018/01/15 09:05:00,2018/01/15 22:57:07,2018,49924.0,13.8678,49927.0,32250,150,1,1
brainsaw|2018/01/16 01:19:20,brainsaw,mrsic_flogel,2018/01/16 01:19:20,2018/01/16 18:53:08,2018,62853.0,17.4592,63228.0,41181,159,2,1
brainsaw|2018/01/16 19:33:01,brainsaw,mrsic_flogel,2018/01/16 19:33:01,2018/01/17 14:24:21,2018,66127.0,18.3686,67880.0,42994,166,3,1
brainsaw|2018/01/17 16:56:38,brainsaw,mrsic_flogel,2018/01/17 16:56:38,2018/01/18 09:32:38,2018,59744.0,16.5956,59760.0,39109,151,1,1
brainsaw|2018/01/18 14:15:52,brainsaw,mrsic_flogel,2018/01/18 14:15:52,2018/01/19 13:05:54,2018,82050.0,22.7917,82202.0,50505,195,2,1
brainsaw|2018/01/19 16:05:05,brainsaw,mrsic_flogel,2018/01/19 16:05:05,2018/01/19 20:56:18,2018,17471.0,4.8531,17473.0,30816,96,1,1
brainsaw|2018/01/19 21:43:59,brainsaw,mrsic_flogel,2018/01/19 21:43:59,2018/01/20 02:46:29,2018,18147.0,5.0408,18150.0,32100,100,1,1
brainsaw|2018/01/20 16:58:00,brainsaw,mrsic_flogel,2018/01/20 16:58:00,2018/01/20 21:08:19,2018,15013.0,4.1703,15019.0,27135,81,1,1
brainsaw|2018/01/20 21:48:05,brainsaw,mrsic_flogel,2018/01/20 21:48:05,2018/01/21 02:00:35,2018,15148.0,4.2078,15150.0,26800,80,1,1
brainsaw|2018/01/21 12:09:29,brainsaw,mrsic_flogel,2018/01/21 12:09:29,2018/01/21 16:07:10,2018,14260.0,3.9611,14261.0,25477,73,1,1
brainsaw|2018/01/21 16:43:27,brainsaw,mrsic_flogel,2018/01/21 16:43:27,2018/01/21 20:01:12,2018,11861.0,3.2947,11865.0,21666,69,1,1
brainsaw|2018/01/21 20:40:22,brainsaw,mrsic_flogel,2018/01/21 20:40:22,2018/01/22 00:02:34,2018,12130.0,3.3694,12132.0,21980,70,1,2
brainsaw|2018/01/22 00:38:40,brainsaw,mrsic_flogel,2018/01/22 00:38:40,2018/01/22 04:13:55,2018,12913.0,3.5869,12915.0,23736,69,1,1
brainsaw|2018/01/22 04:46:29,brainsaw,mrsic_flogel,2018/01/22 04:46:29,2018/01/22 08:54:20,2018,14868.0,4.13,14871.0,26095,85,1,1
brainsaw|2018/05/19 12:58:17,brainsaw,mrsic_flogel,2018/05/19 12:58:17,2018/05/20 08:30:41,2018,70319.0,19.5331,70344.0,42500,340,1,1
brainsaw|2018/05/20 15:35:37,brainsaw,mrsic_flogel,2018/05/20 15:35:37,2018/05/21 16:48:21,2018,66974.0,18.6039,90764.0,42840,280,4,1
brainsaw|2018/06/22 14:53:37,brainsaw,mrsic_flogel,2018/06/22 14:53:37,2018/06/23 02:54:46,2018,43265.0,12.0181,43269.0,25230,290,1,1
brainsaw|2018/06/25 11:09:30,brainsaw,mrsic_flogel,2018/06/25 11:09:30,2018/06/25 22:31:03,2018,40746.0,11.3183,40893.0,19240,296,2,1
brainsaw|2018/06/26 09:15:49,brainsaw,mrsic_flogel,2018/06/26 09:15:49,2018/06/26 13:32:36,2018,15410.0,4.2806,15407.0,12093,139,1,1
brainsaw|2018/06/26 17:46:33,brainsaw,mrsic_flogel,2018/06/26 17:46:33,2018/06/26 23:55:29,2018,22130.0,6.1472,22136.0,15800,200,1,1
brainsaw|2018/06/27 11:13:58,brainsaw,mrsic_flogel,2018/06/27 11:13:58,2018/06/27 17:10:15,2018,21364.0,5.9344,21377.0,17250,250,1,1
brainsaw|2018/06/27 19:57:36,brainsaw,mrsic_flogel,2018/06/27 19:57:36,2018/06/28 03:16:14,2018,26313.0,7.3092,26318.0,17250,250,1,1
brainsaw|2018/06/28 10:39:49,brainsaw,mrsic_flogel,2018/06/28 10:39:49,2018/06/28 18:10:09,2018,27005.0,7.5014,27020.0,18975,275,1,1
brainsaw|2018/06/29 10:23:51,brainsaw,mrsic_flogel,2018/06/29 10:23:51,2018/06/29 17:32:30,2018,25706.0,7.1406,25719.0,18975,275,1,1
brainsaw|2018/06/30 12:00:26,brainsaw,mrsic_flogel,2018/06/30 12:00:26,2018/07/01 11:06:48,2018,83162.0,23.1006,83182.0,34800,400,1,1
brainsaw|2018/07/05 10:32:20,brainsaw,margrie,2018/07/05 10:32:20,2018/07/05 14:16:04,2018,13423.0,3.7286,13424.0,10074,146,1,1
brainsaw|2018/07/05 17:34:42,brainsaw,margrie,2018/07/05 17:34:42,2018/07/06 06:35:49,2018,46847.0,13.0131,46867.0,26429,247,1,1
brainsaw|2018/07/17 17:13:00,brainsaw,mrsic_flogel,2018/07/17 17:13:00,2018/07/18 01:54:00,2018,31257.0,8.6825,31260.0,17250,250,1,1
brainsaw|2018/07/18 20:01:08,brainsaw,mrsic_flogel,2018/07/18 20:01:08,2018/07/19 03:48:19,2018,27971.0,7.7697,28031.0,20700,299,1,1
brainsaw|2018/07/19 19:57:08,brainsaw,mrsic_flogel,2018/07/19 19:57:08,2018/07/20 14:07:35,2018,22834.0,6.3428,65427.0,18592,224,2,1
brainsaw|2018/07/23 10:09:38,brainsaw,sjones,2018/07/23 10:09:38,2018/07/23 17:04:00,2018,21836.0,6.0656,24862.0,15879,201,2,1
brainsaw|2018/07/23 20:28:27,brainsaw,mrsic_flogel,2018/07/23 20:28:27,2018/07/24 08:20:18,2018,42698.0,11.8606,42711.0,19750,250,1,1
brainsaw|2018/07/24 11:05:58,brainsaw,mrsic_flogel,2018/07/24 11:05:58,2018/07/24 16:42:20,2018,20179.0,5.6053,20182.0,15800,200,1,1
brainsaw|2018/07/24 19:05:40,brainsaw,mrsic_flogel,2018/07/24 19:05:40,2018/07/25 06:58:38,2018,42766.0,11.8794,42778.0,19750,250,1,1
brainsaw|2018/07/25 15:07:32,brainsaw,mrsic_flogel,2018/07/25 15:07:32,2018/07/26 03:51:00,2018,45786.0,12.7183,45808.0,21330,270,1,1
brainsaw|2018/07/26 11:27:38,brainsaw,mrsic_flogel,2018/07/26 11:27:38,2018/07/27 00:02:24,2018,45268.0,12.5744,45286.0,21330,270,1,1
brainsaw|2018/07/27 12:09:53,brainsaw,mrsic_flogel,2018/07/27 12:09:53,2018/07/27 19:38:57,2018,26929.0,7.4803,26944.0,13800,200,1,1
brainsaw|2018/07/30 11:25:17,brainsaw,mrsic_flogel,2018/07/30 11:25:17,2018/07/30 17:33:58,2018,22099.0,6.1386,22121.0,17181,249,1,1
brainsaw|2018/07/30 18:36:53,brainsaw,mrsic_flogel,2018/07/30 18:36:53,2018/07/31 07:03:50,2018,44756.0,12.4322,44817.0,33120,479,1,1
brainsaw|2018/07/31 14:47:08,brainsaw,mrsic_flogel,2018/07/31 14:47:08,2018/08/01 00:00:27,2018,33235.0,9.2319,33199.0,26358,382,1,1
brainsaw|2018/08/01 15:26:33,brainsaw,sjones,2018/08/01 15:26:33,2018/08/02 03:53:06,2018,44699.0,12.4164,44793.0,32390,409,1,1
brainsaw|2018/08/07 11:27:02,brainsaw,margrie,2018/08/07 11:27:02,2018/08/07 21:59:43,2018,37949.0,10.5414,37961.0,20700,300,1,1
brainsaw|2018/08/14 11:08:57,brainsaw,sjones,2018/08/14 11:08:57,2018/08/14 16:30:23,2018,19270.0,5.3528,19286.0,17835,205,1,1
brainsaw|2018/08/15 14:07:18,brainsaw,mrsic_flogel,2018/08/15 14:07:18,2018/08/16 00:14:45,2018,36430.0,10.1194,36447.0,21750,250,1,1
brainsaw|2018/08/16 10:51:36,brainsaw,mrsic_flogel,2018/08/16 10:51:36,2018/08/16 21:00:44,2018,36536.0,10.1489,36548.0,21750,250,1,1
brainsaw|2018/08/17 11:26:32,brainsaw,mrsic_flogel,2018/08/17 11:26:32,2018/08/17 22:17:08,2018,39020.0,10.8389,39036.0,21750,250,1,1
brainsaw|2018/08/18 19:42:27,brainsaw,mrsic_flogel,2018/08/18 19:42:27,2018/08/19 01:46:35,2018,21839.0,6.0664,21848.0,11400,150,1,1
brainsaw|2018/08/21 10:59:08,brainsaw,mrsic_flogel,2018/08/21 10:59:08,2018/08/21 19:42:33,2018,31405.0,8.7236,31405.0,16698,242,1,1
brainsaw|2018/08/22 13:04:44,brainsaw,mrsic_flogel,2018/08/22 13:04:44,2018/08/22 21:44:16,2018,31155.0,8.6542,31172.0,17854,226,1,1
brainsaw|2018/09/25 13:07:19,brainsaw,mrsic_flogel,2018/09/25 13:07:19,2018/09/25 22:49:26,2018,33642.0,9.345,34927.0,24150,350,2,1
brainsaw|2018/09/26 20:03:08,brainsaw,mrsic_flogel,2018/09/26 20:03:08,2018/09/27 10:20:14,2018,36201.0,10.0558,51426.0,27600,400,2,1
brainsaw|2018/09/27 13:44:19,brainsaw,mrsic_flogel,2018/09/27 13:44:19,2018/09/28 02:36:01,2018,46278.0,12.855,46302.0,34200,450,1,1
brainsaw|2018/10/04 12:21:26,brainsaw,mrsic_flogel,2018/10/04 12:21:26,2018/10/04 17:48:21,2018,19607.0,5.4464,19615.0,10074,146,1,1
brainsaw|2018/10/04 19:31:51,brainsaw,mrsic_flogel,2018/10/04 19:31:51,2018/10/05 02:45:06,2018,25980.0,7.2167,25995.0,20700,300,1,1
brainsaw|2018/11/08 11:47:53,brainsaw,margrie,2018/11/08 11:47:53,2018/11/08 20:42:56,2018,32095.0,8.9153,32103.0,14835,215,1,1
brainsaw|2018/11/10 12:51:50,brainsaw,mrsic_flogel,2018/11/10 12:51:50,2018/11/10 18:34:38,2018,20556.0,5.71,20568.0,14668,193,1,1
brainsaw|2018/11/13 11:13:49,brainsaw,margrie,2018/11/13 11:13:49,2018/11/13 19:46:32,2018,30751.0,8.5419,30763.0,13640,220,1,1
brainsaw|2018/11/14 12:03:15,brainsaw,margrie,2018/11/14 12:03:15,2018/11/14 20:50:54,2018,31653.0,8.7925,31659.0,15180,220,1,1
brainsaw|2018/11/22 12:19:02,brainsaw,margrie,2018/11/22 12:19:02,2018/11/22 21:33:25,2018,33255.0,9.2375,33263.0,15180,220,1,1
brainsaw|2018/11/27 11:03:27,brainsaw,mrsic_flogel,2018/11/27 11:03:27,2018/11/27 15:43:35,2018,16796.0,4.6656,16808.0,15622,146,1,1
brainsaw|2018/12/02 15:49:45,brainsaw,mrsic_flogel,2018/12/02 15:49:45,2018/12/03 16:06:30,2018,37739.0,10.4831,87405.0,29425,275,2,1
brainsaw|2018/12/03 17:36:37,brainsaw,mrsic_flogel,2018/12/03 17:36:37,2018/12/04 02:34:17,2018,31020.0,8.6167,32260.0,26100,302,2,1
brainsaw|2018/12/04 14:22:11,brainsaw,mrsic_flogel,2018/12/04 14:22:11,2018/12/04 23:28:02,2018,32738.0,9.0939,32751.0,26100,300,1,1
brainsaw|2018/12/05 10:44:45,brainsaw,okeefe,2018/12/05 10:44:45,2018/12/05 14:15:10,2018,12607.0,3.5019,12625.0,12702,146,1,1
brainsaw|2018/12/05 15:51:20,brainsaw,okeefe,2018/12/05 15:51:20,2018/12/05 21:15:28,2018,19438.0,5.3994,19448.0,14790,170,1,1
brainsaw|2018/12/06 10:39:58,brainsaw,okeefe,2018/12/06 10:39:58,2018/12/06 14:08:02,2018,12475.0,3.4653,12484.0,11658,134,1,1
brainsaw|2018/12/06 17:30:33,brainsaw,mrsic_flogel,2018/12/06 17:30:33,2018/12/07 06:18:02,2018,46030.0,12.7861,46049.0,34800,400,1,1
brainsaw|2018/12/07 13:32:19,brainsaw,mrsic_flogel,2018/12/07 13:32:19,2018/12/08 02:14:58,2018,45735.0,12.7042,45759.0,34800,400,1,1
brainsaw|2018/12/13 11:27:17,brainsaw,mrsic_flogel,2018/12/13 11:27:17,2018/12/13 21:29:11,2018,36093.0,10.0258,36114.0,30450,350,1,1
brainsaw|2018/12/14 22:40:28,brainsaw,mrsic_flogel,2018/12/14 22:40:28,2018/12/15 10:38:22,2018,43059.0,11.9608,43074.0,33250,350,1,1
brainsaw|2018/12/15 13:50:58,brainsaw,mrsic_flogel,2018/12/15 13:50:58,2018/12/16 03:02:37,2018,47469.0,13.1858,47499.0,37450,350,1,1
brainsaw|2018/12/16 12:23:09,brainsaw,mrsic_flogel,2018/12/16 12:23:09,2018/12/16 17:12:43,2018,17362.0,4.8228,17374.0,17400,150,1,1
brainsaw|2018/12/16 21:02:51,brainsaw,mrsic_flogel,2018/12/16 21:02:51,2018/12/17 13:26:59,2018,59028.0,16.3967,59048.0,45150,350,1,1
brainsaw|2018/12/18 08:26:33,brainsaw,mrsic_flogel,2018/12/18 08:26:33,2018/12/18 13:03:53,2018,16629.0,4.6192,16640.0,14250,150,1,1
brainsaw|2019/01/03 17:44:30,brainsaw,margrie,2019/01/03 17:44:30,2019/01/04 03:06:51,2019,33731.0,9.3697,33741.0,15180,220,1,1
brainsaw|2019/01/04 12:36:34,brainsaw,margrie,2019/01/04 12:36:34,2019/01/04 22:25:05,2019,35295.0,9.8042,35311.0,15870,230,1,1
brainsaw|2019/01/07 12:39:58,brainsaw,margrie,2019/01/07 12:39:58,2019/01/07 21:26:37,2019,31595.0,8.7764,31599.0,14214,206,1,1
brainsaw|2019/01/09 12:10:17,brainsaw,margrie,2019/01/09 12:10:17,2019/01/09 20:59:42,2019,31748.0,8.8189,31765.0,15870,230,1,1
brainsaw|2019/01/10 12:30:24,brainsaw,margrie,2019/01/10 12:30:24,2019/01/10 21:19:26,2019,31734.0,8.815,31742.0,15870,230,1,1
brainsaw|2019/01/10 22:13:00,brainsaw,margrie,2019/01/10 22:13:00,2019/01/11 07:48:24,2019,34508.0,9.5856,34524.0,15870,230,1,1
brainsaw|2019/01/14 10:43:44,brainsaw,margrie,2019/01/14 10:43:44,2019/01/14 20:11:08,2019,34063.0,9.4619,34044.0,18423,267,1,1
brainsaw|2019/01/15 10:44:27,brainsaw,margrie,2019/01/15 10:44:27,2019/01/15 19:10:14,2019,30336.0,8.4267,30347.0,14288,188,1,1
brainsaw|2019/01/15 19:55:11,brainsaw,mrsic_flogel,2019/01/15 19:55:11,2019/01/16 02:47:02,2019,24698.0,6.8606,24711.0,20750,250,1,1
brainsaw|2019/01/16 13:28:20,brainsaw,okeefe,2019/01/16 13:28:20,2019/01/17 01:55:42,2019,44744.0,12.4289,44842.0,72230,309,1,1
brainsaw|2019/01/21 12:21:48,brainsaw,okeefe,2019/01/21 12:21:48,2019/01/21 16:54:41,2019,16322.0,4.5339,16373.0,18620,189,1,1
brainsaw|2019/01/22 10:24:30,brainsaw,margrie,2019/01/22 10:24:30,2019/01/22 18:56:47,2019,30747.0,8.5408,30737.0,21750,250,1,1
brainsaw|2019/01/23 14:50:17,brainsaw,okeefe,2019/01/23 14:50:17,2019/01/24 06:10:43,2019,55131.0,15.3142,55226.0,82880,319,1,1
brainsaw|2019/01/31 12:19:43,brainsaw,mrsic_flogel,2019/01/31 12:19:43,2019/01/31 22:59:41,2019,38389.0,10.6636,38398.0,20145,255,1,1
brainsaw|2019/02/04 11:34:08,brainsaw,margrie,2019/02/04 11:34:08,2019/02/04 21:37:18,2019,34415.0,9.5597,36190.0,19923,229,3,1
brainsaw|2019/02/05 11:08:53,brainsaw,sjones,2019/02/05 11:08:53,2019/02/05 17:34:10,2019,19991.0,5.5531,23117.0,20678,211,2,1
brainsaw|2019/02/05 18:23:54,brainsaw,sjones,2019/02/05 18:23:54,2019/02/06 01:42:49,2019,26307.0,7.3075,26335.0,26100,300,1,1
brainsaw|2019/02/06 14:23:34,brainsaw,sjones,2019/02/06 14:23:34,2019/02/06 23:34:32,2019,32988.0,9.1633,33058.0,24360,279,1,1
brainsaw|2019/02/11 18:56:14,brainsaw,mrsic_flogel,2019/02/11 18:56:14,2019/02/12 02:11:51,2019,26137.0,7.2603,26137.0,22620,260,1,1
brainsaw|2019/02/17 15:05:58,brainsaw,mrsic_flogel,2019/02/17 15:05:58,2019/02/18 08:20:02,2019,62043.0,17.2342,62044.0,9940,70,1,1
brainsaw|2019/02/20 13:31:14,brainsaw,sjones,2019/02/20 13:31:14,2019/02/20 17:37:57,2019,14798.0,4.1106,14803.0,20970,90,1,1
brainsaw|2019/02/21 10:50:20,brainsaw,mrsic_flogel,2019/02/21 10:50:20,2019/02/21 17:03:48,2019,22410.0,6.225,22408.0,19227,221,1,1
brainsaw|2019/02/25 11:11:58,brainsaw,mrsic_flogel,2019/02/25 11:11:58,2019/02/25 17:07:29,2019,21323.0,5.9231,21331.0,30846,159,1,1
brainsaw|2019/02/25 18:08:19,brainsaw,mrsic_flogel,2019/02/25 18:08:19,2019/02/25 22:58:55,2019,17397.0,4.8325,17436.0,19000,199,1,1
brainsaw|2019/02/26 11:01:16,brainsaw,mrsic_flogel,2019/02/26 11:01:16,2019/02/27 06:19:19,2019,69203.0,19.2231,69483.0,40600,199,1,1
brainsaw|2019/03/01 11:34:27,brainsaw,mrsic_flogel,2019/03/01 11:34:27,2019/03/01 20:07:13,2019,30663.0,8.5175,30766.0,41400,199,1,1
brainsaw|2019/03/03 15:39:28,brainsaw,mrsic_flogel,2019/03/03 15:39:28,2019/03/03 20:45:16,2019,18339.0,5.0942,18348.0,9570,110,1,1
brainsaw|2019/03/05 13:43:34,brainsaw,mrsic_flogel,2019/03/05 13:43:34,2019/03/06 09:04:34,2019,68982.0,19.1617,69660.0,37200,200,2,2
brainsaw|2019/03/08 12:57:42,brainsaw,mrsic_flogel,2019/03/08 12:57:42,2019/03/08 23:53:28,2019,38948.0,10.8189,39346.0,20497,198,2,1
brainsaw|2019/03/11 12:55:05,brainsaw,mrsic_flogel,2019/03/11 12:55:05,2019/03/11 17:53:17,2019,17891.0,4.9697,17892.0,9405,99,1,1
brainsaw|2019/03/12 10:46:23,brainsaw,sjones,2019/03/12 10:46:23,2019/03/12 16:47:12,2019,21613.0,6.0036,21649.0,23520,239,1,1
brainsaw|2019/03/12 17:55:32,brainsaw,sjones,2019/03/12 17:55:32,2019/03/13 02:00:14,2019,28917.0,8.0325,29082.0,22638,230,3,1
brainsaw|2019/03/14 12:26:41,brainsaw,okeefe,2019/03/14 12:26:41,2019/03/15 02:51:21,2019,51760.0,14.3778,51880.0,75300,299,1,1
brainsaw|2019/03/15 10:52:29,brainsaw,mrsic_flogel,2019/03/15 10:52:29,2019/03/15 14:40:01,2019,12808.0,3.5578,13652.0,1770,34,2,1
brainsaw|2019/03/15 16:47:40,brainsaw,okeefe,2019/03/15 16:47:40,2019/03/16 08:16:14,2019,55605.0,15.4458,55714.0,69900,299,1,1
brainsaw|2019/03/16 17:42:15,brainsaw,mrsic_flogel,2019/03/16 17:42:15,2019/03/17 05:47:59,2019,43393.0,12.0536,43544.0,21750,249,1,1
brainsaw|2019/03/19 13:49:11,brainsaw,margrie,2019/03/19 13:49:11,2019/03/19 23:21:25,2019,34324.0,9.5344,34334.0,23925,275,1,1
brainsaw|2019/03/21 10:36:55,brainsaw,mrsic_flogel,2019/03/21 10:36:55,2019/03/21 13:12:28,2019,9339.0,2.5942,9333.0,4030,65,1,1
brainsaw|2019/03/21 16:53:00,brainsaw,okeefe,2019/03/21 16:53:00,2019/03/22 07:58:41,2019,54242.0,15.0672,54341.0,76850,289,1,1
brainsaw|2019/03/22 11:58:16,brainsaw,okeefe,2019/03/22 11:58:16,2019/03/23 04:52:18,2019,60701.0,16.8614,60842.0,83700,299,1,1
brainsaw|2019/03/25 11:17:19,brainsaw,margrie,2019/03/25 11:17:19,2019/03/26 00:47:51,2019,48623.0,13.5064,48632.0,22791,213,1,1
brainsaw|2019/03/26 11:09:29,brainsaw,mrsic_flogel,2019/03/26 11:09:29,2019/03/26 17:47:16,2019,23769.0,6.6025,23867.0,14250,149,1,1
brainsaw|2019/03/26 21:18:22,brainsaw,mrsic_flogel,2019/03/26 21:18:22,2019/03/27 12:22:02,2019,54221.0,15.0614,54220.0,25418,142,1,3
brainsaw|2019/03/29 14:18:47,brainsaw,margrie,2019/03/29 14:18:47,2019/03/30 01:29:43,2019,40107.0,11.1408,40256.0,28997,271,2,1
brainsaw|2019/04/02 14:27:39,brainsaw,sjones,2019/04/02 14:27:39,2019/04/02 21:06:38,2019,23963.0,6.6564,23939.0,20445,235,1,1
brainsaw|2019/04/04 11:42:11,brainsaw,margrie,2019/04/04 11:42:11,2019/04/04 19:06:18,2019,26660.0,7.4056,26647.0,15721,199,1,1
brainsaw|2019/04/05 11:05:26,brainsaw,margrie,2019/04/05 11:05:26,2019/04/05 21:04:47,2019,35953.0,9.9869,35961.0,23925,275,1,1
brainsaw|2019/04/08 11:40:44,brainsaw,mrsic_flogel,2019/04/08 11:40:44,2019/04/08 19:19:12,2019,27497.0,7.6381,27508.0,24500,250,1,1
brainsaw|2019/04/09 10:04:31,brainsaw,margrie,2019/04/09 10:04:31,2019/04/09 19:54:03,2019,35353.0,9.8203,35372.0,23490,270,1,1
brainsaw|2019/04/10 11:55:38,brainsaw,margrie,2019/04/10 11:55:38,2019/04/10 21:45:29,2019,35387.0,9.8297,35391.0,23490,270,1,1
brainsaw|2019/04/11 10:31:40,brainsaw,margrie,2019/04/11 10:31:40,2019/04/11 19:29:20,2019,32260.0,8.9611,32260.0,21315,245,1,1
brainsaw|2019/04/15 10:53:45,brainsaw,mrsic_flogel,2019/04/15 10:53:45,2019/04/15 18:31:39,2019,23228.0,6.4522,27474.0,6699,77,2,1
brainsaw|2019/04/16 11:37:46,brainsaw,margrie;mrsic_flogel,2019/04/16 11:37:46,2019/04/17 10:50:43,2019,83584.0,23.2178,83577.0,30294,198,1,2
brainsaw|2019/04/17 12:22:40,brainsaw,mrsic_flogel,2019/04/17 12:22:40,2019/04/17 15:09:34,2019,8070.0,2.2417,10014.0,4150,20,2,2
brainsaw|2019/04/17 15:38:34,brainsaw,margrie;mrsic_flogel,2019/04/17 15:38:34,2019/04/18 20:21:20,2019,75126.0,20.8683,103366.0,26410,190,2,2
brainsaw|2019/04/23 10:27:30,brainsaw,margrie,2019/04/23 10:27:30,2019/04/23 20:30:58,2019,36196.0,10.0544,36208.0,27820,260,1,1
brainsaw|2019/04/24 09:43:56,brainsaw,margrie,2019/04/24 09:43:56,2019/04/24 19:23:33,2019,34761.0,9.6558,34777.0,24500,250,1,1
brainsaw|2019/04/25 13:20:04,brainsaw,mrsic_flogel,2019/04/25 13:20:04,2019/04/26 10:47:36,2019,77106.0,21.4183,77252.0,43930,230,2,3
brainsaw|2019/04/26 15:33:39,brainsaw,mrsic_flogel,2019/04/26 15:33:39,2019/04/27 11:12:23,2019,70705.0,19.6403,70724.0,26549,191,1,1
brainsaw|2019/04/27 13:22:42,brainsaw,mrsic_flogel,2019/04/27 13:22:42,2019/04/28 10:11:55,2019,74938.0,20.8161,74953.0,41650,238,1,3
brainsaw|2019/04/28 15:51:22,brainsaw,mrsic_flogel,2019/04/28 15:51:22,2019/04/29 03:55:41,2019,43356.0,12.0433,43459.0,49250,249,1,1
brainsaw|2019/05/01 11:50:33,brainsaw,mrsic_flogel,2019/05/01 11:50:33,2019/05/02 01:05:23,2019,42229.0,11.7303,47690.0,22135,233,5,1
brainsaw|2019/05/02 13:31:35,brainsaw,mrsic_flogel,2019/05/02 13:31:35,2019/05/02 17:52:27,2019,14844.0,4.1233,15652.0,6210,90,3,2
brainsaw|2019/05/06 11:52:11,brainsaw,mrsic_flogel,2019/05/06 11:52:11,2019/05/06 21:52:47,2019,36031.0,10.0086,36036.0,19584,128,1,3
brainsaw|2019/05/06 22:44:47,brainsaw,mrsic_flogel,2019/05/06 22:44:47,2019/05/07 07:39:33,2019,32074.0,8.9094,32086.0,26240,160,1,3
brainsaw|2019/05/08 11:29:38,brainsaw,mrsic_flogel,2019/05/08 11:29:38,2019/05/08 21:22:41,2019,35587.0,9.8853,35583.0,54963,197,1,2
brainsaw|2019/05/15 16:54:23,brainsaw,mrsic_flogel,2019/05/15 16:54:23,2019/05/16 03:38:17,2019,38504.0,10.6956,38634.0,62800,199,1,2
brainsaw|2019/05/16 11:22:25,brainsaw,okeefe,2019/05/16 11:22:25,2019/05/17 03:31:51,2019,58030.0,16.1194,58166.0,93800,279,1,1
brainsaw|2019/05/17 11:36:55,brainsaw,okeefe,2019/05/17 11:36:55,2019/05/18 13:35:11,2019,91762.0,25.4894,93496.0,194350,298,2,3
brainsaw|2019/05/20 17:44:25,brainsaw,sjones,2019/05/20 17:44:25,2019/05/21 05:52:59,2019,43696.0,12.1378,43714.0,30420,180,1,3
brainsaw|2019/05/22 15:51:56,brainsaw,margrie,2019/05/22 15:51:56,2019/05/22 20:46:47,2019,17643.0,4.9008,17691.0,22240,159,1,1
brainsaw|2019/05/23 12:15:03,brainsaw,margrie,2019/05/23 12:15:03,2019/05/23 22:39:28,2019,37313.0,10.3647,37465.0,55930,169,1,2
brainsaw|2019/05/28 11:59:52,brainsaw,mrsic_flogel,2019/05/28 11:59:52,2019/05/29 06:43:58,2019,67196.0,18.6656,67446.0,117400,199,1,1
brainsaw|2019/05/29 12:12:20,brainsaw,mrsic_flogel,2019/05/29 12:12:20,2019/05/29 18:06:41,2019,21269.0,5.9081,21261.0,28365,183,1,1
brainsaw|2019/05/30 09:44:48,brainsaw,okeefe,2019/05/30 09:44:48,2019/05/31 00:57:23,2019,54630.0,15.175,54755.0,110100,299,1,1
brainsaw|2019/05/31 10:58:02,brainsaw,okeefe,2019/05/31 10:58:02,2019/06/02 03:28:48,2019,81099.0,22.5275,145846.0,149201,298,2,1
brainsaw|2019/06/02 12:38:43,brainsaw,margrie;mrsic_flogel,2019/06/02 12:38:43,2019/06/03 20:57:29,2019,116321.0,32.3114,116326.0,25800,200,1,2
brainsaw|2019/06/03 22:26:42,brainsaw,mrsic_flogel,2019/06/03 22:26:42,2019/06/05 09:40:51,2019,126840.0,35.2333,126849.0,34731,227,1,1
brainsaw|2019/06/05 14:18:58,brainsaw,mrsic_flogel,2019/06/05 14:18:58,2019/06/06 02:47:32,2019,44771.0,12.4364,44914.0,65800,199,1,3
brainsaw|2019/06/10 10:18:54,brainsaw,sjones,2019/06/10 10:18:54,2019/06/11 11:22:44,2019,90227.0,25.0631,90230.0,70196,161,1,4
brainsaw|2019/06/11 12:28:29,brainsaw,mrsic_flogel,2019/06/11 12:28:29,2019/06/12 09:53:43,2019,77108.0,21.4189,77114.0,39235,95,1,1
brainsaw|2019/06/12 11:08:09,brainsaw,mrsic_flogel,2019/06/12 11:08:09,2019/06/13 14:37:33,2019,68523.0,19.0342,98964.0,34320,88,2,5
brainsaw|2019/06/13 16:27:36,brainsaw,margrie,2019/06/13 16:27:36,2019/06/14 03:03:21,2019,38125.0,10.5903,38145.0,29400,300,1,1
brainsaw|2019/06/14 10:32:53,brainsaw,sjones,2019/06/14 10:32:53,2019/06/14 15:58:49,2019,19549.0,5.4303,19556.0,19314,222,1,1
brainsaw|2019/06/14 19:00:45,brainsaw,sjones,2019/06/14 19:00:45,2019/06/15 01:12:30,2019,22267.0,6.1853,22305.0,23750,249,1,1
brainsaw|2019/06/15 03:06:40,brainsaw,mrsic_flogel,2019/06/15 03:06:40,2019/06/15 18:53:26,2019,56803.0,15.7786,56806.0,29939,91,1,5
brainsaw|2019/06/15 19:53:51,brainsaw,mrsic_flogel,2019/06/15 19:53:51,2019/06/16 08:16:53,2019,44187.0,12.2742,44582.0,16700,99,1,3
brainsaw|2019/06/16 12:19:01,brainsaw,branco,2019/06/16 12:19:01,2019/06/16 17:47:19,2019,19617.0,5.4492,19698.0,13050,149,1,1
brainsaw|2019/06/18 10:04:32,brainsaw,isogai,2019/06/18 10:04:32,2019/06/18 17:05:11,2019,25223.0,7.0064,25239.0,39897,143,1,2
brainsaw|2019/06/18 19:01:49,brainsaw,mrsic_flogel,2019/06/18 19:01:49,2019/06/19 08:23:43,2019,47872.0,13.2978,48114.0,15200,159,1,1
brainsaw|2019/06/19 11:37:46,brainsaw,sjones,2019/06/19 11:37:46,2019/06/20 10:43:42,2019,83140.0,23.0944,83156.0,65044,202,1,2
brainsaw|2019/06/20 11:56:37,brainsaw,mrsic_flogel,2019/06/20 11:56:37,2019/06/21 02:43:06,2019,53183.0,14.7731,53189.0,17100,180,1,1
brainsaw|2019/06/21 10:38:10,brainsaw,mrsic_flogel,2019/06/21 10:38:10,2019/06/21 16:50:03,2019,22305.0,6.1958,22313.0,7220,76,1,1
brainsaw|2019/06/21 17:17:33,brainsaw,mrsic_flogel,2019/06/21 17:17:33,2019/06/22 06:40:10,2019,48151.0,13.3753,48157.0,15200,160,1,1
brainsaw|2019/06/22 15:31:25,brainsaw,mrsic_flogel,2019/06/22 15:31:25,2019/06/23 06:19:57,2019,53303.0,14.8064,53312.0,17100,180,1,1
brainsaw|2019/06/23 12:05:58,brainsaw,mrsic_flogel,2019/06/23 12:05:58,2019/06/24 02:54:03,2019,53284.0,14.8011,53285.0,17100,180,1,1
brainsaw|2019/06/24 10:35:59,brainsaw,mrsic_flogel,2019/06/24 10:35:59,2019/06/24 17:11:53,2019,23754.0,6.5983,23754.0,12032,64,1,3
brainsaw|2019/06/25 18:39:21,brainsaw,mrsic_flogel,2019/06/25 18:39:21,2019/06/27 11:37:55,2019,147509.0,40.9747,147514.0,23200,200,1,1
brainsaw|2019/06/27 16:06:19,brainsaw,mrsic_flogel,2019/06/27 16:06:19,2019/06/28 07:10:19,2019,54235.0,15.0653,54240.0,59660,190,1,2
brainsaw|2019/06/28 12:03:43,brainsaw,branco;mrsic_flogel,2019/06/28 12:03:43,2019/06/29 06:06:17,2019,64953.0,18.0425,64954.0,93425,185,1,2
brainsaw|2019/07/01 10:03:54,brainsaw,margrie,2019/07/01 10:03:54,2019/07/02 00:13:23,2019,50943.0,14.1508,50969.0,25774,263,1,1
brainsaw|2019/07/02 13:07:11,brainsaw,margrie,2019/07/02 13:07:11,2019/07/03 05:17:56,2019,58236.0,16.1767,58245.0,46500,250,1,2
brainsaw|2019/07/03 12:15:11,brainsaw,margrie,2019/07/03 12:15:11,2019/07/04 03:49:23,2019,56041.0,15.5669,56052.0,43710,235,1,2
brainsaw|2019/07/04 14:41:36,brainsaw,mrsic_flogel,2019/07/04 14:41:36,2019/07/05 11:01:49,2019,73199.0,20.3331,73213.0,101297,203,1,1
brainsaw|2019/07/05 16:04:02,brainsaw,mrsic_flogel,2019/07/05 16:04:02,2019/07/05 23:01:25,2019,25035.0,6.9542,25043.0,29575,169,1,1
brainsaw|2019/07/10 16:43:13,brainsaw,sjones,2019/07/10 16:43:13,2019/07/11 06:26:27,2019,49387.0,13.7186,49394.0,71000,250,1,2
brainsaw|2019/07/15 18:39:21,brainsaw,sjones,2019/07/15 18:39:21,2019/07/16 09:59:49,2019,55218.0,15.3383,55228.0,91750,250,1,4
brainsaw|2019/07/16 11:20:29,brainsaw,mrsic_flogel,2019/07/16 11:20:29,2019/07/16 16:59:39,2019,20339.0,5.6497,20350.0,9310,98,1,1
brainsaw|2019/07/16 17:45:21,brainsaw,sjones,2019/07/16 17:45:21,2019/07/17 11:25:13,2019,63592.0,17.6644,63592.0,133152,219,1,4
brainsaw|2019/07/17 12:03:49,brainsaw,mrsic_flogel,2019/07/17 12:03:49,2019/07/17 16:50:06,2019,17163.0,4.7675,17177.0,8004,92,1,1
brainsaw|2019/07/17 17:34:51,brainsaw,mrsic_flogel,2019/07/17 17:34:51,2019/07/18 09:04:16,2019,55756.0,15.4878,55765.0,21670,110,1,3
neurovision|2019/07/18 17:34:40,neurovision,mrsic_flogel,2019/07/18 17:34:40,2019/07/18 20:08:45,2019,9029.0,2.5081,9245.0,4664,88,2,1
neurovision|2019/07/19 16:56:55,neurovision,mrsic_flogel,2019/07/19 16:56:55,2019/07/19 22:30:00,2019,19984.0,5.5511,19985.0,7950,150,1,1
brainsaw|2019/07/20 14:23:34,brainsaw,mrsic_flogel,2019/07/20 14:23:34,2019/07/21 10:05:30,2019,70913.0,19.6981,70916.0,36600,120,1,4
brainsaw|2019/07/22 13:39:29,brainsaw,margrie,2019/07/22 13:39:29,2019/07/22 23:29:53,2019,35409.0,9.8358,35424.0,18260,220,1,1
brainsaw|2019/07/23 14:36:10,brainsaw,margrie,2019/07/23 14:36:10,2019/07/23 21:46:02,2019,25791.0,7.1642,25792.0,19140,220,1,1
brainsaw|2019/07/24 14:55:15,brainsaw,mrsic_flogel,2019/07/24 14:55:15,2019/07/25 09:55:35,2019,68413.0,19.0036,68420.0,35420,110,1,4
neurovision|2019/07/25 11:44:50,neurovision,margrie,2019/07/25 11:44:50,2019/07/25 15:55:16,2019,14757.0,4.0992,15026.0,5445,99,2,1
brainsaw|2019/07/25 12:43:07,brainsaw,margrie,2019/07/25 12:43:07,2019/07/25 21:48:29,2019,32722.0,9.0894,32722.0,26100,225,1,1
brainsaw|2019/07/26 11:18:32,brainsaw,margrie,2019/07/26 11:18:32,2019/07/27 03:42:41,2019,59048.0,16.4022,59049.0,52425,225,1,2
brainsaw|2019/07/29 10:50:37,brainsaw,mrsic_flogel,2019/07/29 10:50:37,2019/07/30 05:43:36,2019,67977.0,18.8825,67979.0,36360,120,1,4
brainsaw|2019/07/30 15:40:34,brainsaw,mrsic_flogel,2019/07/30 15:40:34,2019/07/31 09:35:57,2019,64509.0,17.9192,64523.0,19250,110,1,3
brainsaw|2019/08/01 11:48:54,brainsaw,sjones,2019/08/01 11:48:54,2019/08/01 21:57:16,2019,36490.0,10.1361,36502.0,29670,230,1,1
neurovision|2019/08/01 15:48:03,neurovision,mrsic_flogel,2019/08/01 15:48:03,2019/08/01 21:52:40,2019,21876.0,6.0767,21877.0,11280,240,1,1
brainsaw|2019/08/02 09:28:03,brainsaw,sjones,2019/08/02 09:28:03,2019/08/02 17:08:53,2019,27638.0,7.6772,27650.0,20010,230,1,1
brainsaw|2019/08/03 13:30:10,brainsaw,margrie,2019/08/03 13:30:10,2019/08/04 00:51:52,2019,40886.0,11.3572,40902.0,20900,220,1,1
brainsaw|2019/08/04 17:14:05,brainsaw,margrie,2019/08/04 17:14:05,2019/08/04 22:49:07,2019,20102.0,5.5839,20102.0,20900,220,1,1
brainsaw|2019/08/05 08:46:58,brainsaw,sjones,2019/08/05 08:46:58,2019/08/05 15:19:03,2019,23521.0,6.5336,23525.0,17385,183,1,1
brainsaw|2019/08/05 18:03:02,brainsaw,margrie,2019/08/05 18:03:02,2019/08/06 09:51:34,2019,56897.0,15.8047,56912.0,46690,230,1,2
brainsaw|2019/08/06 13:21:56,brainsaw,margrie,2019/08/06 13:21:56,2019/08/07 12:21:19,2019,82745.0,22.9847,82763.0,46690,230,1,2
brainsaw|2019/08/07 14:44:26,brainsaw,margrie,2019/08/07 14:44:26,2019/08/08 14:48:07,2019,86614.0,24.0594,86621.0,49396,212,1,2
brainsaw|2019/08/08 18:15:44,brainsaw,sjones,2019/08/08 18:15:44,2019/08/09 03:24:53,2019,32951.0,9.1531,32949.0,24610,230,1,1
brainsaw|2019/08/09 09:10:10,brainsaw,sjones,2019/08/09 09:10:10,2019/08/09 16:52:13,2019,27712.0,7.6978,27723.0,20010,230,1,1
brainsaw|2019/08/09 18:28:56,brainsaw,sjones,2019/08/09 18:28:56,2019/08/10 01:22:13,2019,24792.0,6.8867,24797.0,18270,210,1,1
brainsaw|2019/08/10 02:01:30,brainsaw,margrie;mrsic_flogel,2019/08/10 02:01:30,2019/08/11 09:09:02,2019,112042.0,31.1228,112052.0,38688,208,1,3
brainsaw|2019/08/11 09:48:12,brainsaw,mrsic_flogel,2019/08/11 09:48:12,2019/08/12 04:35:07,2019,67618.0,18.7828,67615.0,22540,230,1,1
brainsaw|2019/08/12 08:36:39,brainsaw,sjones,2019/08/12 08:36:39,2019/08/12 16:24:53,2019,28082.0,7.8006,28094.0,19836,228,1,1
brainsaw|2019/08/12 17:00:13,brainsaw,sjones,2019/08/12 17:00:13,2019/08/13 02:50:06,2019,35385.0,9.8292,35393.0,26750,250,1,1
brainsaw|2019/08/13 08:46:31,brainsaw,sjones,2019/08/13 08:46:31,2019/08/13 14:55:59,2019,22159.0,6.1553,22168.0,16269,187,1,1
brainsaw|2019/08/13 18:28:16,brainsaw,sjones,2019/08/13 18:28:16,2019/08/14 02:48:25,2019,30002.0,8.3339,30009.0,23540,220,1,1
brainsaw|2019/08/14 09:08:17,brainsaw,sjones,2019/08/14 09:08:17,2019/08/14 16:09:57,2019,25289.0,7.0247,25300.0,17480,230,1,1
brainsaw|2019/08/14 16:59:07,brainsaw,sjones,2019/08/14 16:59:07,2019/08/15 02:10:49,2019,33083.0,9.1897,33102.0,23750,250,1,1
brainsaw|2019/08/15 09:42:03,brainsaw,mrsic_flogel;sjones,2019/08/15 09:42:03,2019/08/15 16:29:04,2019,24414.0,6.7817,24421.0,25823,217,1,2
brainsaw|2019/08/15 17:48:02,brainsaw,mrsic_flogel,2019/08/15 17:48:02,2019/08/16 16:50:05,2019,82923.0,23.0342,82923.0,26750,250,1,1
brainsaw|2019/08/16 18:21:25,brainsaw,mrsic_flogel,2019/08/16 18:21:25,2019/08/17 09:38:23,2019,55020.0,15.2833,55018.0,27240,120,1,2
brainsaw|2019/08/20 13:23:17,brainsaw,mrsic_flogel,2019/08/20 13:23:17,2019/08/21 10:00:08,2019,74193.0,20.6092,74211.0,20640,160,1,1
brainsaw|2019/08/21 11:21:15,brainsaw,mrsic_flogel,2019/08/21 11:21:15,2019/08/22 08:24:33,2019,75782.0,21.0506,75798.0,19950,210,1,1
brainsaw|2019/08/22 11:47:20,brainsaw,mrsic_flogel,2019/08/22 11:47:20,2019/08/23 09:20:38,2019,77604.0,21.5567,77598.0,21344,184,1,1
brainsaw|2019/08/23 15:37:29,brainsaw,margrie,2019/08/23 15:37:29,2019/08/24 03:18:33,2019,42059.0,11.6831,42064.0,20900,220,1,1
brainsaw|2019/08/25 15:22:28,brainsaw,mrsic_flogel,2019/08/25 15:22:28,2019/08/26 09:44:56,2019,66160.0,18.3778,66148.0,21565,227,1,1
brainsaw|2019/08/26 10:52:08,brainsaw,mrsic_flogel,2019/08/26 10:52:08,2019/08/27 07:51:10,2019,75535.0,20.9819,75542.0,38640,120,1,4
brainsaw|2019/08/27 08:34:24,brainsaw,mrsic_flogel,2019/08/27 08:34:24,2019/08/27 16:14:43,2019,27476.0,7.6322,27619.0,12160,128,2,1
brainsaw|2019/08/27 17:32:34,brainsaw,mrsic_flogel,2019/08/27 17:32:34,2019/08/29 06:46:38,2019,133843.0,37.1786,134044.0,27485,115,2,3
brainsaw|2019/08/29 12:03:36,brainsaw,margrie,2019/08/29 12:03:36,2019/08/29 22:04:08,2019,36028.0,10.0078,36032.0,15580,205,1,1
brainsaw|2019/08/29 22:29:41,brainsaw,mrsic_flogel,2019/08/29 22:29:41,2019/08/30 08:46:12,2019,36978.0,10.2717,36991.0,17900,100,1,3
brainsaw|2019/09/04 11:54:20,brainsaw,mrsic_flogel,2019/09/04 11:54:20,2019/09/04 17:58:49,2019,21863.0,6.0731,21869.0,26373,177,1,1
brainsaw|2019/09/05 11:50:25,brainsaw,margrie,2019/09/05 11:50:25,2019/09/05 22:31:47,2019,31857.0,8.8492,38482.0,16264,214,3,1
neurovision|2019/09/05 16:32:10,neurovision,mrsic_flogel,2019/09/05 16:32:10,2019/09/06 00:02:15,2019,26987.0,7.4964,27005.0,14522,274,1,1
brainsaw|2019/09/06 12:32:26,brainsaw,margrie,2019/09/06 12:32:26,2019/09/06 21:43:33,2019,31218.0,8.6717,33067.0,15225,175,2,1
brainsaw|2019/09/09 11:53:57,brainsaw,sjones,2019/09/09 11:53:57,2019/09/09 20:25:04,2019,30668.0,8.5189,30667.0,38250,250,1,1
neurovision|2019/09/09 15:14:52,neurovision,mrsic_flogel,2019/09/09 15:14:52,2019/09/09 20:26:50,2019,18711.0,5.1975,18718.0,11100,100,1,1
brainsaw|2019/09/09 21:48:20,brainsaw,mrsic_flogel,2019/09/09 21:48:20,2019/09/10 08:57:44,2019,40158.0,11.155,40164.0,35100,90,1,5
brainsaw|2019/09/10 11:48:00,brainsaw,sjones,2019/09/10 11:48:00,2019/09/10 22:40:31,2019,39148.0,10.8744,39151.0,58600,200,1,2
brainsaw|2019/09/11 14:02:39,brainsaw,mrsic_flogel,2019/09/11 14:02:39,2019/09/12 06:42:33,2019,59985.0,16.6625,59994.0,103800,200,1,3
brainsaw|2019/09/12 10:19:46,brainsaw,mrsic_flogel,2019/09/12 10:19:46,2019/09/12 14:51:36,2019,16297.0,4.5269,16310.0,21400,200,1,1
brainsaw|2019/09/12 17:03:46,brainsaw,mrsic_flogel,2019/09/12 17:03:46,2019/09/12 23:18:23,2019,22477.0,6.2436,22477.0,35746,122,1,2
brainsaw|2019/09/12 23:50:02,brainsaw,mrsic_flogel,2019/09/12 23:50:02,2019/09/13 17:21:08,2019,63057.0,17.5158,63066.0,31050,150,1,3
brainsaw|2019/09/16 11:46:34,brainsaw,margrie,2019/09/16 11:46:34,2019/09/16 20:35:16,2019,31710.0,8.8083,31722.0,36080,220,1,1
neurovision|2019/09/16 13:07:58,neurovision,mrsic_flogel,2019/09/16 13:07:58,2019/09/16 18:35:47,2019,19641.0,5.4558,19669.0,10105,215,1,1
brainsaw|2019/09/18 10:39:01,brainsaw,branco,2019/09/18 10:39:01,2019/09/18 16:08:55,2019,19800.0,5.5,19794.0,2100,60,1,1
brainsaw|2019/09/19 10:25:29,brainsaw,margrie,2019/09/19 10:25:29,2019/09/20 03:02:13,2019,59811.0,16.6142,59804.0,50750,250,1,2
brainsaw|2019/09/20 16:01:08,brainsaw,margrie,2019/09/20 16:01:08,2019/09/21 01:45:31,2019,35076.0,9.7433,35063.0,21400,200,1,1
brainsaw|2019/09/23 10:41:03,brainsaw,branco,2019/09/23 10:41:03,2019/09/23 23:12:47,2019,45077.0,12.5214,45104.0,32100,300,1,1
brainsaw|2019/09/24 11:18:36,brainsaw,sjones,2019/09/24 11:18:36,2019/09/25 02:34:53,2019,54972.0,15.27,54977.0,55800,200,1,2
brainsaw|2019/09/25 10:32:28,brainsaw,mrsic_flogel,2019/09/25 10:32:28,2019/09/26 13:44:15,2019,97901.0,27.1947,97907.0,30012,183,1,2
neurovision|2019/09/25 11:24:26,neurovision,mrsic_flogel,2019/09/25 11:24:26,2019/09/25 21:48:26,2019,34338.0,9.5383,37440.0,14006,298,3,1
neurovision|2019/09/26 11:14:36,neurovision,mrsic_flogel,2019/09/26 11:14:36,2019/09/26 20:09:47,2019,32094.0,8.915,32111.0,14300,260,1,1
brainsaw|2019/09/26 16:01:14,brainsaw,branco,2019/09/26 16:01:14,2019/09/27 03:03:53,2019,39789.0,11.0525,39759.0,26100,300,1,1
brainsaw|2019/09/27 11:14:57,brainsaw,branco,2019/09/27 11:14:57,2019/09/28 04:21:42,2019,61610.0,17.1139,61605.0,52500,300,1,2
brainsaw|2019/09/28 11:32:00,brainsaw,mrsic_flogel,2019/09/28 11:32:00,2019/09/30 17:20:53,2019,193735.0,53.8153,193733.0,98536,226,1,4
brainsaw|2019/10/01 11:16:41,brainsaw,sjones,2019/10/01 11:16:41,2019/10/01 18:33:56,2019,26198.0,7.2772,26235.0,26100,300,1,1
brainsaw|2019/10/02 11:41:46,brainsaw,mrsic_flogel,2019/10/02 11:41:46,2019/10/02 22:37:36,2019,39329.0,10.9247,39350.0,42600,300,1,1
brainsaw|2019/10/03 09:47:10,brainsaw,margrie,2019/10/03 09:47:10,2019/10/04 10:36:25,2019,89336.0,24.8156,89355.0,77760,270,1,3
neurovision|2019/10/04 10:46:55,neurovision,mrsic_flogel,2019/10/04 10:46:55,2019/10/04 17:27:34,2019,24019.0,6.6719,24039.0,15862,154,1,2
brainsaw|2019/10/04 12:21:49,brainsaw,branco,2019/10/04 12:21:49,2019/10/05 09:52:22,2019,77427.0,21.5075,77433.0,57130,290,1,2
brainsaw|2019/10/05 15:09:48,brainsaw,mrsic_flogel,2019/10/05 15:09:48,2019/10/07 09:56:17,2019,153972.0,42.77,153989.0,66882,213,1,3
neurovision|2019/10/07 10:34:41,neurovision,mrsic_flogel,2019/10/07 10:34:41,2019/10/07 15:24:40,2019,17389.0,4.8303,17399.0,5353,101,1,1
brainsaw|2019/10/07 10:48:13,brainsaw,mrsic_flogel,2019/10/07 10:48:13,2019/10/08 07:24:59,2019,74199.0,20.6108,74206.0,35908,188,1,2
neurovision|2019/10/07 15:55:25,neurovision,mrsic_flogel,2019/10/07 15:55:25,2019/10/08 09:32:57,2019,63466.0,17.6294,63452.0,24360,120,1,5
brainsaw|2019/10/08 11:25:09,brainsaw,branco,2019/10/08 11:25:09,2019/10/08 21:56:31,2019,37862.0,10.5172,37882.0,25230,290,1,1
neurovision|2019/10/08 15:26:51,neurovision,mrsic_flogel,2019/10/08 15:26:51,2019/10/09 08:34:57,2019,61680.0,17.1333,61686.0,23280,120,1,4
brainsaw|2019/10/10 11:17:23,brainsaw,branco,2019/10/10 11:17:23,2019/10/10 23:00:26,2019,42153.0,11.7092,42183.0,26100,300,1,1
brainsaw|2019/10/11 12:50:20,brainsaw,mrsic_flogel,2019/10/11 12:50:20,2019/10/13 01:24:11,2019,131621.0,36.5614,131631.0,115630,310,1,4
brainsaw|2019/10/13 18:39:53,brainsaw,mrsic_flogel,2019/10/13 18:39:53,2019/10/14 09:09:20,2019,52154.0,14.4872,52167.0,48057,193,1,2
brainsaw|2019/10/14 17:25:07,brainsaw,mrsic_flogel,2019/10/14 17:25:07,2019/10/15 01:22:53,2019,28676.0,7.9656,28666.0,40040,280,1,1
brainsaw|2019/10/22 11:31:46,brainsaw,mrsic_flogel,2019/10/22 11:31:46,2019/10/23 10:22:25,2019,82235.0,22.8431,82239.0,26850,150,1,3
neurovision|2019/10/24 11:51:07,neurovision,mrsic_flogel,2019/10/24 11:51:07,2019/10/25 02:35:19,2019,53046.0,14.735,53052.0,20300,100,1,5
brainsaw|2019/10/25 20:54:28,brainsaw,mrsic_flogel,2019/10/25 20:54:28,2019/10/26 06:31:00,2019,34590.0,9.6083,34592.0,20300,100,1,3
brainsaw|2019/10/26 18:53:39,brainsaw,mrsic_flogel,2019/10/26 18:53:39,2019/10/27 11:29:17,2019,62981.0,17.4947,59738.0,17765,186,1,1
brainsaw|2019/10/27 12:01:04,brainsaw,mrsic_flogel,2019/10/27 12:01:04,2019/10/27 14:46:42,2019,9934.0,2.7594,9938.0,9500,100,1,1
brainsaw|2019/10/28 16:29:19,brainsaw,mrsic_flogel,2019/10/28 16:29:19,2019/10/29 08:41:38,2019,58270.0,16.1861,58339.0,102265,215,2,5
brainsaw|2019/10/29 15:18:34,brainsaw,mrsic_flogel,2019/10/29 15:18:34,2019/10/29 19:05:48,2019,13527.0,3.7575,13634.0,16050,150,2,1
brainsaw|2019/10/29 19:40:37,brainsaw,mrsic_flogel,2019/10/29 19:40:37,2019/10/30 13:21:54,2019,63676.0,17.6878,63677.0,41471,113,1,5
brainsaw|2019/10/30 13:51:51,brainsaw,mrsic_flogel,2019/10/30 13:51:51,2019/10/30 15:38:37,2019,6406.0,1.7794,6406.0,2583,63,1,1
brainsaw|2019/10/31 10:35:11,brainsaw,sjones,2019/10/31 10:35:11,2019/11/01 09:38:27,2019,82691.0,22.9697,82996.0,23403,269,2,1
brainsaw|2019/11/01 11:33:00,brainsaw,sjones,2019/11/01 11:33:00,2019/11/01 20:38:36,2019,32730.0,9.0917,32736.0,20972,214,1,1
neurovision|2019/11/05 16:47:57,neurovision,isogai,2019/11/05 16:47:57,2019/11/06 01:14:28,2019,30384.0,8.44,30391.0,12455,265,1,1
neurovision|2019/11/06 14:25:34,neurovision,sjones,2019/11/06 14:25:34,2019/11/07 08:29:05,2019,64999.0,18.0553,65011.0,35400,300,1,3
brainsaw|2019/11/06 15:24:48,brainsaw,sjones,2019/11/06 15:24:48,2019/11/07 09:59:33,2019,66862.0,18.5728,66885.0,79920,270,1,3
brainsaw|2019/11/07 11:11:40,brainsaw,mrsic_flogel,2019/11/07 11:11:40,2019/11/08 17:19:44,2019,108476.0,30.1322,108484.0,137365,331,1,3
neurovision|2019/11/08 11:32:13,neurovision,isogai,2019/11/08 11:32:13,2019/11/09 02:07:10,2019,52486.0,14.5794,52497.0,24500,250,1,2
brainsaw|2019/11/11 11:44:24,brainsaw,branco,2019/11/11 11:44:24,2019/11/12 09:56:40,2019,79923.0,22.2008,79936.0,62400,300,1,3
neurovision|2019/11/11 17:04:25,neurovision,mrsic_flogel,2019/11/11 17:04:25,2019/11/12 21:03:22,2019,100706.0,27.9739,100737.0,57300,300,1,3
brainsaw|2019/11/12 18:02:13,brainsaw,mrsic_flogel,2019/11/12 18:02:13,2019/11/13 00:04:49,2019,21755.0,6.0431,21756.0,11400,120,1,1
brainsaw|2019/11/13 11:27:18,brainsaw,margrie,2019/11/13 11:27:18,2019/11/13 21:04:24,2019,34618.0,9.6161,34626.0,28034,262,1,1
brainsaw|2019/11/14 11:50:11,brainsaw,margrie,2019/11/14 11:50:11,2019/11/14 21:23:03,2019,34344.0,9.54,34372.0,28890,270,1,1
brainsaw|2019/11/15 13:17:38,brainsaw,margrie,2019/11/15 13:17:38,2019/11/16 07:51:12,2019,66805.0,18.5569,66814.0,63600,240,1,2
brainsaw|2019/11/16 16:34:59,brainsaw,okeefe,2019/11/16 16:34:59,2019/11/17 22:33:42,2019,107567.0,29.8797,107923.0,208510,290,2,2
brainsaw|2019/11/19 12:39:45,brainsaw,margrie,2019/11/19 12:39:45,2019/11/20 07:14:43,2019,66126.0,18.3683,66898.0,61101,279,2,2
neurovision|2019/11/19 12:46:04,neurovision,mrsic_flogel,2019/11/19 12:46:04,2019/11/20 16:13:31,2019,98835.0,27.4542,98847.0,20460,110,1,5
brainsaw|2019/11/20 11:19:15,brainsaw,margrie,2019/11/20 11:19:15,2019/11/20 20:44:22,2019,33889.0,9.4136,33907.0,34364,242,1,1
neurovision|2019/11/20 17:53:48,neurovision,mrsic_flogel,2019/11/20 17:53:48,2019/11/22 00:22:33,2019,109713.0,30.4758,109725.0,66900,300,1,2
brainsaw|2019/11/21 12:25:09,brainsaw,mrsic_flogel,2019/11/21 12:25:09,2019/11/22 15:43:52,2019,98310.0,27.3083,98323.0,77979,187,1,4
neurovision|2019/11/22 10:41:02,neurovision,mrsic_flogel,2019/11/22 10:41:02,2019/11/23 22:01:10,2019,127197.0,35.3325,127208.0,79050,310,1,4
neurovision|2019/11/25 13:30:14,neurovision,mrsic_flogel,2019/11/25 13:30:14,2019/11/26 21:21:28,2019,114656.0,31.8489,114674.0,71544,264,1,4
brainsaw|2019/11/26 11:26:47,brainsaw,branco,2019/11/26 11:26:47,2019/11/27 09:58:48,2019,81092.0,22.5256,81121.0,65240,280,1,2
brainsaw|2019/11/27 14:16:39,brainsaw,mrsic_flogel,2019/11/27 14:16:39,2019/11/28 04:08:07,2019,49880.0,13.8556,49888.0,88950,150,1,4
brainsaw|2019/11/29 15:29:10,brainsaw,margrie,2019/11/29 15:29:10,2019/11/29 23:13:31,2019,27854.0,7.7372,27861.0,33660,220,1,1
brainsaw|2019/12/02 11:16:55,brainsaw,sjones,2019/12/02 11:16:55,2019/12/02 21:46:14,2019,37732.0,10.4811,37759.0,20900,220,1,1
neurovision|2019/12/02 12:08:52,neurovision,mrsic_flogel,2019/12/02 12:08:52,2019/12/03 16:42:39,2019,102793.0,28.5536,102827.0,62100,300,1,4
brainsaw|2019/12/03 14:17:59,brainsaw,sjones,2019/12/03 14:17:59,2019/12/04 06:07:52,2019,56966.0,15.8239,56993.0,106200,200,1,4
neurovision|2019/12/03 17:49:06,neurovision,mrsic_flogel,2019/12/03 17:49:06,2019/12/04 17:10:01,2019,84046.0,23.3461,84055.0,17500,100,1,5
brainsaw|2019/12/04 12:31:02,brainsaw,margrie,2019/12/04 12:31:02,2019/12/05 05:32:30,2019,61262.0,17.0172,61288.0,56980,220,1,2
neurovision|2019/12/04 17:48:52,neurovision,mrsic_flogel,2019/12/04 17:48:52,2019/12/05 10:28:53,2019,60000.0,16.6667,60001.0,11760,120,1,3
neurovision|2019/12/05 18:48:58,neurovision,mrsic_flogel,2019/12/05 18:48:58,2019/12/07 21:37:46,2019,182917.0,50.8103,182928.0,38250,150,1,7
brainsaw|2019/12/09 12:03:49,brainsaw,margrie,2019/12/09 12:03:49,2019/12/10 10:15:14,2019,79845.0,22.1792,79885.0,77542,283,1,3
brainsaw|2019/12/10 12:25:56,brainsaw,margrie,2019/12/10 12:25:56,2019/12/10 20:30:17,2019,29034.0,8.065,29061.0,35800,200,1,1
neurovision|2019/12/10 12:34:27,neurovision,mrsic_flogel,2019/12/10 12:34:27,2019/12/11 17:23:37,2019,103728.0,28.8133,103750.0,62700,300,1,4
brainsaw|2019/12/11 13:26:09,brainsaw,margrie,2019/12/11 13:26:09,2019/12/12 08:55:37,2019,70151.0,19.4864,70168.0,57540,210,1,2
neurovision|2019/12/12 15:35:21,neurovision,mrsic_flogel,2019/12/12 15:35:21,2019/12/13 21:51:55,2019,108957.0,30.2658,108994.0,66900,300,1,4
brainsaw|2019/12/14 16:39:34,brainsaw,mrsic_flogel,2019/12/14 16:39:34,2019/12/16 02:40:42,2019,122433.0,34.0092,122468.0,43800,200,1,2
brainsaw|2019/12/16 11:28:46,brainsaw,branco,2019/12/16 11:28:46,2019/12/16 18:42:05,2019,25953.0,7.2092,25999.0,28400,200,1,1
neurovision|2019/12/17 16:17:55,neurovision,mrsic_flogel,2019/12/17 16:17:55,2019/12/18 20:50:11,2019,102700.0,28.5278,102736.0,62100,300,1,4
brainsaw|2019/12/19 15:50:13,brainsaw,margrie,2019/12/19 15:50:13,2019/12/20 02:37:25,2019,38846.0,10.7906,38832.0,27090,210,1,1
brainsaw|2019/12/20 14:17:44,brainsaw,margrie,2019/12/20 14:17:44,2019/12/20 23:47:28,2019,34187.0,9.4964,34184.0,22470,210,1,1
brainsaw|2019/12/21 14:39:33,brainsaw,margrie,2019/12/21 14:39:33,2019/12/22 22:02:54,2019,112995.0,31.3875,113001.0,87990,210,1,3
brainsaw|2020/01/06 10:55:50,brainsaw,isogai,2020/01/06 10:55:50,2020/01/06 17:29:23,2020,23617.0,6.5603,23613.0,30960,240,1,1
neurovision|2020/01/07 14:07:04,neurovision,mrsic_flogel,2020/01/07 14:07:04,2020/01/08 16:20:04,2020,94372.0,26.2144,94380.0,19600,112,1,5
brainsaw|2020/01/07 16:37:55,brainsaw,isogai,2020/01/07 16:37:55,2020/01/08 00:37:36,2020,28774.0,7.9928,28781.0,30960,240,1,1
brainsaw|2020/01/08 11:32:44,brainsaw,branco,2020/01/08 11:32:44,2020/01/09 05:18:59,2020,63960.0,17.7667,63975.0,49920,240,1,2
neurovision|2020/01/08 17:15:49,neurovision,mrsic_flogel,2020/01/08 17:15:49,2020/01/09 10:54:32,2020,63524.0,17.6456,63523.0,12519,117,1,3
brainsaw|2020/01/09 11:07:22,brainsaw,branco,2020/01/09 11:07:22,2020/01/10 10:43:37,2020,84966.0,23.6017,84975.0,70148,247,1,2
neurovision|2020/01/09 12:17:36,neurovision,mrsic_flogel,2020/01/09 12:17:36,2020/01/11 01:42:13,2020,134697.0,37.4158,134677.0,82950,350,1,3
brainsaw|2020/01/10 11:16:20,brainsaw,sjones,2020/01/10 11:16:20,2020/01/11 15:21:42,2020,100819.0,28.0053,101122.0,118907,271,2,4
brainsaw|2020/01/11 18:59:50,brainsaw,margrie,2020/01/11 18:59:50,2020/01/12 09:39:21,2020,52791.0,14.6642,52771.0,41200,200,1,2
brainsaw|2020/01/12 11:47:59,brainsaw,margrie,2020/01/12 11:47:59,2020/01/13 10:01:04,2020,79967.0,22.2131,79985.0,66297,231,1,3
brainsaw|2020/01/13 12:15:16,brainsaw,margrie,2020/01/13 12:15:16,2020/01/14 13:08:41,2020,89606.0,24.8906,89605.0,78396,188,1,2
neurovision|2020/01/13 16:08:50,neurovision,mrsic_flogel,2020/01/13 16:08:50,2020/01/14 20:56:46,2020,103671.0,28.7975,103676.0,21480,120,1,5
brainsaw|2020/01/14 13:54:45,brainsaw,margrie,2020/01/14 13:54:45,2020/01/15 02:29:20,2020,45265.0,12.5736,45275.0,36335,169,1,2
brainsaw|2020/01/15 12:16:19,brainsaw,isogai,2020/01/15 12:16:19,2020/01/16 00:26:38,2020,43804.0,12.1678,43819.0,65190,246,1,2
neurovision|2020/01/15 16:59:18,neurovision,murray,2020/01/15 16:59:18,2020/01/16 02:26:18,2020,34021.0,9.4503,34020.0,15340,260,1,4
brainsaw|2020/01/17 13:46:27,brainsaw,margrie,2020/01/17 13:46:27,2020/01/18 07:14:22,2020,62869.0,17.4636,62875.0,49440,240,1,2
brainsaw|2020/01/19 12:30:12,brainsaw,margrie,2020/01/19 12:30:12,2020/01/20 07:38:46,2020,68905.0,19.1403,68914.0,57540,210,1,2
neurovision|2020/01/19 20:30:34,neurovision,mrsic_flogel,2020/01/19 20:30:34,2020/01/20 23:33:08,2020,97330.0,27.0361,97354.0,19596,138,1,4
brainsaw|2020/01/20 11:40:02,brainsaw,branco,2020/01/20 11:40:02,2020/01/21 11:43:41,2020,86607.0,24.0575,86619.0,68100,300,1,2
brainsaw|2020/01/21 12:51:29,brainsaw,margrie,2020/01/21 12:51:29,2020/01/21 22:01:27,2020,32991.0,9.1642,32998.0,51300,180,1,2
neurovision|2020/01/21 15:06:26,neurovision,murray,2020/01/21 15:06:26,2020/01/22 08:01:22,2020,60904.0,16.9178,60896.0,15141,309,1,3
brainsaw|2020/01/21 22:37:03,brainsaw,margrie,2020/01/21 22:37:03,2020/01/22 08:19:51,2020,34959.0,9.7108,34968.0,56520,180,1,2
neurovision|2020/01/22 12:32:36,neurovision,mrsic_flogel,2020/01/22 12:32:36,2020/01/23 20:12:27,2020,113984.0,31.6622,113991.0,71100,300,1,4
brainsaw|2020/01/22 13:10:55,brainsaw,margrie,2020/01/22 13:10:55,2020/01/23 05:59:17,2020,60502.0,16.8061,60502.0,96580,220,1,3
brainsaw|2020/01/23 11:41:14,brainsaw,isogai,2020/01/23 11:41:14,2020/01/24 02:24:08,2020,52968.0,14.7133,52974.0,79236,284,1,2
neurovision|2020/01/24 11:16:49,neurovision,isogai,2020/01/24 11:16:49,2020/01/25 09:28:43,2020,79883.0,22.1897,79914.0,45090,270,1,4
brainsaw|2020/01/24 16:23:29,brainsaw,okeefe,2020/01/24 16:23:29,2020/01/25 09:57:23,2020,63214.0,17.5594,63234.0,94185,315,1,1
brainsaw|2020/01/25 14:48:51,brainsaw,margrie,2020/01/25 14:48:51,2020/01/26 06:26:18,2020,56231.0,15.6197,56247.0,45150,210,1,2
brainsaw|2020/01/26 12:43:06,brainsaw,margrie,2020/01/26 12:43:06,2020/01/26 20:43:02,2020,28787.0,7.9964,28796.0,14820,195,1,1
brainsaw|2020/01/29 10:29:38,brainsaw,isogai,2020/01/29 10:29:38,2020/01/29 19:24:47,2020,32085.0,8.9125,32109.0,24075,225,1,1
brainsaw|2020/01/30 15:04:25,brainsaw,margrie,2020/01/30 15:04:25,2020/01/31 11:08:11,2020,72213.0,20.0592,72226.0,104640,240,1,3
brainsaw|2020/01/31 12:05:23,brainsaw,margrie,2020/01/31 12:05:23,2020/02/01 04:25:46,2020,58827.0,16.3408,58823.0,82940,260,1,2
brainsaw|2020/02/01 14:19:22,brainsaw,okeefe,2020/02/01 14:19:22,2020/02/02 06:57:01,2020,59848.0,16.6244,59859.0,89700,300,1,1
brainsaw|2020/02/02 13:44:33,brainsaw,margrie,2020/02/02 13:44:33,2020/02/03 07:32:25,2020,64084.0,17.8011,64072.0,52290,210,1,2
brainsaw|2020/02/03 11:25:02,brainsaw,branco,2020/02/03 11:25:02,2020/02/04 07:50:09,2020,73504.0,20.4178,73507.0,6420,60,1,2
brainsaw|2020/02/04 11:54:34,brainsaw,margrie,2020/02/04 11:54:34,2020/02/05 02:34:40,2020,52788.0,14.6633,52806.0,45150,210,1,2
brainsaw|2020/02/05 13:54:37,brainsaw,margrie,2020/02/05 13:54:37,2020/02/06 06:04:35,2020,58200.0,16.1667,58198.0,46592,208,1,2
brainsaw|2020/02/06 11:11:51,brainsaw,branco,2020/02/06 11:11:51,2020/02/07 08:44:12,2020,77536.0,21.5378,77541.0,64500,300,1,2
neurovision|2020/02/06 15:45:25,neurovision,mrsic_flogel,2020/02/06 15:45:25,2020/02/07 22:34:29,2020,110936.0,30.8156,110944.0,22920,120,1,5
brainsaw|2020/02/07 13:54:52,brainsaw,margrie,2020/02/07 13:54:52,2020/02/08 07:43:09,2020,64092.0,17.8033,64097.0,51792,208,1,2
brainsaw|2020/02/08 11:15:23,brainsaw,okeefe,2020/02/08 11:15:23,2020/02/09 05:27:55,2020,65554.0,18.2094,65552.0,100485,315,1,1
brainsaw|2020/02/09 11:45:31,brainsaw,okeefe,2020/02/09 11:45:31,2020/02/10 05:06:56,2020,62479.0,17.3553,62485.0,95700,300,1,1
brainsaw|2020/02/10 10:34:46,brainsaw,mrsic_flogel,2020/02/10 10:34:46,2020/02/11 01:16:30,2020,52892.0,14.6922,52904.0,79989,273,1,2
neurovision|2020/02/10 11:37:08,neurovision,mrsic_flogel,2020/02/10 11:37:08,2020/02/11 19:24:47,2020,114454.0,31.7928,114459.0,71100,300,1,4
brainsaw|2020/02/11 11:15:12,brainsaw,sjones,2020/02/11 11:15:12,2020/02/12 02:27:45,2020,54727.0,15.2019,54753.0,21400,200,1,1
neurovision|2020/02/11 20:12:10,neurovision,mrsic_flogel,2020/02/11 20:12:10,2020/02/13 06:39:39,2020,124037.0,34.4547,124049.0,77025,325,1,4
brainsaw|2020/02/12 11:39:18,brainsaw,okeefe,2020/02/12 11:39:18,2020/02/13 08:42:59,2020,75817.0,21.0603,75821.0,98612,277,1,1
neurovision|2020/02/13 11:39:32,neurovision,sjones,2020/02/13 11:39:32,2020/02/14 05:51:02,2020,65458.0,18.1828,65490.0,38410,230,1,3
brainsaw|2020/02/14 13:59:23,brainsaw,margrie,2020/02/14 13:59:23,2020/02/15 01:05:52,2020,39957.0,11.0992,39989.0,27090,210,1,1
brainsaw|2020/02/15 15:23:31,brainsaw,margrie,2020/02/15 15:23:31,2020/02/16 06:18:42,2020,53712.0,14.92,53711.0,42579,171,1,1
brainsaw|2020/02/17 11:18:39,brainsaw,mrsic_flogel,2020/02/17 11:18:39,2020/02/17 17:46:44,2020,23286.0,6.4683,23285.0,26427,69,1,4
neurovision|2020/02/17 12:11:19,neurovision,mrsic_flogel,2020/02/17 12:11:19,2020/02/18 12:35:49,2020,87835.0,24.3986,87870.0,53820,260,1,4
brainsaw|2020/02/17 19:01:24,brainsaw,mrsic_flogel,2020/02/17 19:01:24,2020/02/17 22:05:02,2020,11015.0,3.0597,11018.0,6500,100,1,1
brainsaw|2020/02/18 11:48:11,brainsaw,mrsic_flogel,2020/02/18 11:48:11,2020/02/18 23:33:19,2020,42303.0,11.7508,42308.0,44900,100,1,4
brainsaw|2020/02/19 00:00:49,brainsaw,mrsic_flogel,2020/02/19 00:00:49,2020/02/19 03:21:55,2020,12057.0,3.3492,12066.0,7600,100,1,1
neurovision|2020/02/19 10:22:24,neurovision,mrsic_flogel,2020/02/19 10:22:24,2020/02/20 09:39:06,2020,83782.0,23.2728,83802.0,51129,247,1,4
brainsaw|2020/02/19 11:40:14,brainsaw,okeefe,2020/02/19 11:40:14,2020/02/20 04:11:24,2020,59458.0,16.5161,59470.0,83700,300,1,1
neurovision|2020/02/20 10:58:27,neurovision,margrie,2020/02/20 10:58:27,2020/02/21 07:57:49,2020,75565.0,20.9903,75562.0,46420,211,1,4
brainsaw|2020/02/22 16:22:17,brainsaw,margrie,2020/02/22 16:22:17,2020/02/23 20:53:22,2020,102658.0,28.5161,102665.0,132000,240,1,4
neurovision|2020/02/24 11:34:15,neurovision,mrsic_flogel,2020/02/24 11:34:15,2020/02/25 13:58:33,2020,95025.0,26.3958,95058.0,57960,280,1,4
brainsaw|2020/02/25 17:01:06,brainsaw,sjones,2020/02/25 17:01:06,2020/02/26 03:21:14,2020,37198.0,10.3328,37208.0,17400,200,1,1
neurovision|2020/02/26 09:17:38,neurovision,histology,2020/02/26 09:17:38,2020/02/26 21:24:21,2020,43568.0,12.1022,43603.0,16380,420,1,4
brainsaw|2020/02/26 14:35:28,brainsaw,margrie,2020/02/26 14:35:28,2020/02/28 09:30:57,2020,154167.0,42.8242,154529.0,113760,240,2,4
brainsaw|2020/02/29 16:06:53,brainsaw,margrie,2020/02/29 16:06:53,2020/03/01 00:17:27,2020,29421.0,8.1725,29434.0,26680,230,1,1
brainsaw|2020/03/02 10:23:59,brainsaw,mrsic_flogel,2020/03/02 10:23:59,2020/03/02 22:46:09,2020,44509.0,12.3636,44530.0,45250,250,1,1
neurovision|2020/03/02 15:31:04,neurovision,mrsic_flogel,2020/03/02 15:31:04,2020/03/03 15:27:56,2020,86208.0,23.9467,86212.0,52371,253,1,4
brainsaw|2020/03/03 10:59:26,brainsaw,mrsic_flogel,2020/03/03 10:59:26,2020/03/03 18:41:26,2020,27723.0,7.7008,27720.0,19890,130,1,1
brainsaw|2020/03/04 10:28:54,brainsaw,mrsic_flogel,2020/03/04 10:28:54,2020/03/05 04:47:05,2020,65879.0,18.2997,65891.0,71760,240,1,3
brainsaw|2020/03/05 11:23:58,brainsaw,mrsic_flogel,2020/03/05 11:23:58,2020/03/06 10:15:59,2020,82317.0,22.8658,82321.0,79750,250,1,3
neurovision|2020/03/06 12:03:55,neurovision,sjones,2020/03/06 12:03:55,2020/03/06 20:16:10,2020,29506.0,8.1961,29535.0,12220,260,1,1
brainsaw|2020/03/07 15:04:20,brainsaw,margrie,2020/03/07 15:04:20,2020/03/08 16:32:36,2020,91691.0,25.4697,91696.0,53800,200,1,2
brainsaw|2020/03/09 10:17:32,brainsaw,branco,2020/03/09 10:17:32,2020/03/09 14:33:24,2020,15347.0,4.2631,15352.0,1485,27,1,1
neurovision|2020/03/09 14:39:47,neurovision,margrie,2020/03/09 14:39:47,2020/03/10 05:39:42,2020,53963.0,14.9897,53995.0,31080,280,1,2
brainsaw|2020/03/10 12:20:04,brainsaw,branco,2020/03/10 12:20:04,2020/03/11 11:24:23,2020,83045.0,23.0681,83059.0,92560,260,1,3
neurovision|2020/03/10 17:30:25,neurovision,mrsic_flogel,2020/03/10 17:30:25,2020/03/11 17:19:53,2020,85754.0,23.8206,85768.0,52371,253,1,4
brainsaw|2020/03/11 13:23:12,brainsaw,branco,2020/03/11 13:23:12,2020/03/12 04:06:28,2020,52994.0,14.7206,52996.0,55900,260,1,2
brainsaw|2020/03/12 12:21:53,brainsaw,margrie,2020/03/12 12:21:53,2020/03/13 05:10:54,2020,60532.0,16.8144,60541.0,65780,220,1,2
brainsaw|2020/03/13 15:35:39,brainsaw,margrie,2020/03/13 15:35:39,2020/03/14 08:49:46,2020,62038.0,17.2328,62047.0,89040,210,1,4
brainsaw|2020/03/15 18:53:22,brainsaw,margrie,2020/03/15 18:53:22,2020/03/16 18:35:30,2020,85319.0,23.6997,85328.0,86920,205,1,4
brainsaw|2020/03/16 19:41:03,brainsaw,mrsic_flogel,2020/03/16 19:41:03,2020/03/17 09:34:10,2020,49984.0,13.8844,49987.0,42400,100,1,4
brainsaw|2020/03/17 11:48:57,brainsaw,margrie,2020/03/17 11:48:57,2020/03/18 12:33:25,2020,89055.0,24.7375,89068.0,88090,230,1,3
brainsaw|2020/03/19 11:08:17,brainsaw,branco,2020/03/19 11:08:17,2020/03/20 06:04:50,2020,68190.0,18.9417,68193.0,73800,300,1,1
brainsaw|2020/03/20 10:31:25,brainsaw,branco,2020/03/20 10:31:25,2020/03/21 04:27:30,2020,64556.0,17.9322,64565.0,69900,300,1,2
neurovision|2020/05/24 13:01:37,neurovision,mrsic_flogel,2020/05/24 13:01:37,2020/05/24 21:00:15,2020,28711.0,7.9753,28718.0,14420,140,1,2
brainsaw|2020/05/24 14:35:23,brainsaw,mrsic_flogel,2020/05/24 14:35:23,2020/05/24 20:19:53,2020,20677.0,5.7436,20670.0,19092,148,1,1
brainsaw|2020/05/26 22:23:39,brainsaw,mrsic_flogel,2020/05/26 22:23:39,2020/05/27 04:45:00,2020,22863.0,6.3508,22881.0,25145,235,1,1
brainsaw|2020/05/31 20:33:43,brainsaw,mrsic_flogel,2020/05/31 20:33:43,2020/06/01 02:41:52,2020,22075.0,6.1319,22089.0,0,130,1,1
brainsaw|2020/06/01 13:20:34,brainsaw,mrsic_flogel,2020/06/01 13:20:34,2020/06/02 10:15:59,2020,75299.0,20.9164,75325.0,0,140,1,5
neurovision|2020/06/01 14:33:11,neurovision,mrsic_flogel,2020/06/01 14:33:11,2020/06/02 12:02:07,2020,77322.0,21.4783,77336.0,14980,140,1,3
brainsaw|2020/06/02 12:12:03,brainsaw,mrsic_flogel,2020/06/02 12:12:03,2020/06/02 18:48:43,2020,23790.0,6.6083,23800.0,0,140,1,1
brainsaw|2020/06/02 19:34:22,brainsaw,mrsic_flogel,2020/06/02 19:34:22,2020/06/03 02:31:54,2020,25041.0,6.9558,25052.0,0,270,1,1
brainsaw|2020/06/03 09:48:06,brainsaw,sjones,2020/06/03 09:48:06,2020/06/03 16:14:55,2020,23187.0,6.4408,23209.0,0,270,1,1
neurovision|2020/06/03 12:10:20,neurovision,sjones,2020/06/03 12:10:20,2020/06/03 20:50:27,2020,31202.0,8.6672,31207.0,13250,250,1,1
brainsaw|2020/06/03 18:11:21,brainsaw,sjones,2020/06/03 18:11:21,2020/06/04 03:44:06,2020,34355.0,9.5431,34365.0,0,240,1,1
brainsaw|2020/06/04 16:37:37,brainsaw,mrsic_flogel,2020/06/04 16:37:37,2020/06/05 08:24:18,2020,56116.0,15.5878,56801.0,0,114,2,5
neurovision|2020/06/05 08:49:37,neurovision,sjones,2020/06/05 08:49:37,2020/06/05 18:19:07,2020,34155.0,9.4875,34170.0,15500,250,1,1
brainsaw|2020/06/05 09:12:17,brainsaw,sjones,2020/06/05 09:12:17,2020/06/05 15:26:20,2020,22426.0,6.2294,22443.0,0,210,1,1
brainsaw|2020/06/06 12:45:48,brainsaw,mrsic_flogel,2020/06/06 12:45:48,2020/06/07 02:32:17,2020,49575.0,13.7708,49589.0,61275,285,1,2
brainsaw|2020/06/09 09:16:03,brainsaw,sjones,2020/06/09 09:16:03,2020/06/09 16:41:08,2020,26699.0,7.4164,26705.0,34750,250,1,1
neurovision|2020/06/09 09:25:01,neurovision,sjones,2020/06/09 09:25:01,2020/06/09 19:03:54,2020,34715.0,9.6431,34733.0,16560,240,1,1
brainsaw|2020/06/09 17:49:12,brainsaw,sjones,2020/06/09 17:49:12,2020/06/10 11:29:42,2020,63603.0,17.6675,63630.0,23750,250,1,1
neurovision|2020/06/10 15:06:49,neurovision,sjones,2020/06/10 15:06:49,2020/06/10 23:55:43,2020,31688.0,8.8022,31734.0,12720,240,1,1
brainsaw|2020/06/10 15:17:52,brainsaw,mrsic_flogel,2020/06/10 15:17:52,2020/06/11 07:09:31,2020,57086.0,15.8572,57099.0,45216,144,1,1
brainsaw|2020/06/11 12:48:00,brainsaw,sjones,2020/06/11 12:48:00,2020/06/12 09:07:09,2020,73168.0,20.3244,73149.0,29000,250,1,1
brainsaw|2020/06/15 13:11:36,brainsaw,margrie,2020/06/15 13:11:36,2020/06/16 00:25:22,2020,40408.0,11.2244,40426.0,12720,240,1,1
brainsaw|2020/06/16 09:52:50,brainsaw,sjones,2020/06/16 09:52:50,2020/06/17 02:42:59,2020,60570.0,16.825,60609.0,24182,226,1,1
brainsaw|2020/06/17 13:55:53,brainsaw,margrie,2020/06/17 13:55:53,2020/06/18 17:15:46,2020,98357.0,27.3214,98393.0,41170,230,1,1
neurovision|2020/06/18 17:38:19,neurovision,akrami,2020/06/18 17:38:19,2020/06/19 05:10:58,2020,41539.0,11.5386,41559.0,16196,177,1,1
brainsaw|2020/06/18 19:13:40,brainsaw,sjones,2020/06/18 19:13:40,2020/06/19 03:56:54,2020,31390.0,8.7194,31394.0,32665,235,1,1
brainsaw|2020/06/19 11:39:40,brainsaw,sjones,2020/06/19 11:39:40,2020/06/19 23:27:22,2020,42443.0,11.7897,42462.0,33640,290,1,1
brainsaw|2020/06/20 16:40:49,brainsaw,margrie,2020/06/20 16:40:49,2020/06/22 14:35:05,2020,35548.0,9.8744,165256.0,26780,260,2,1
neurovision|2020/06/22 15:19:40,neurovision,akrami,2020/06/22 15:19:40,2020/06/23 01:26:29,2020,36384.0,10.1067,36409.0,21441,255,1,1
brainsaw|2020/06/23 10:18:18,brainsaw,sjones,2020/06/23 10:18:18,2020/06/23 12:15:22,2020,7021.0,1.9503,7024.0,9702,77,1,1
brainsaw|2020/06/23 12:41:16,brainsaw,sjones,2020/06/23 12:41:16,2020/06/24 02:36:33,2020,48858.0,13.5717,50117.0,27000,250,2,1
brainsaw|2020/06/24 10:26:00,brainsaw,sjones,2020/06/24 10:26:00,2020/06/24 23:33:58,2020,47263.0,13.1286,47278.0,25920,240,1,1
brainsaw|2020/06/25 10:01:28,brainsaw,sjones,2020/06/25 10:01:28,2020/06/25 22:51:20,2020,46167.0,12.8242,46192.0,25920,240,1,1
brainsaw|2020/06/26 12:21:48,brainsaw,mrsic_flogel,2020/06/26 12:21:48,2020/06/27 05:18:37,2020,60092.0,16.6922,61009.0,38304,126,5,1
brainsaw|2020/06/30 10:07:12,brainsaw,sjones,2020/06/30 10:07:12,2020/06/30 23:46:24,2020,49134.0,13.6483,49152.0,28080,240,1,1
brainsaw|2020/07/03 13:12:15,brainsaw,mrsic_flogel,2020/07/03 13:12:15,2020/07/04 10:22:28,2020,76199.0,21.1664,76213.0,48960,153,1,4
neurovision|2020/07/07 12:20:24,neurovision,mrsic_flogel,2020/07/07 12:20:24,2020/07/08 12:39:14,2020,87514.0,24.3094,87530.0,54080,260,1,5
brainsaw|2020/07/07 17:45:06,brainsaw,margrie,2020/07/07 17:45:06,2020/07/08 02:48:02,2020,32565.0,9.0458,32576.0,18480,210,1,1
brainsaw|2020/07/08 12:53:25,brainsaw,margrie,2020/07/08 12:53:25,2020/07/08 21:39:47,2020,31580.0,8.7722,31582.0,18480,210,1,1
neurovision|2020/07/08 20:02:30,neurovision,mrsic_flogel,2020/07/08 20:02:30,2020/07/09 10:36:16,2020,52423.0,14.5619,52426.0,10120,115,1,3
brainsaw|2020/07/09 18:00:59,brainsaw,margrie,2020/07/09 18:00:59,2020/07/10 10:25:38,2020,59075.0,16.4097,59079.0,18480,210,1,1
brainsaw|2020/07/10 18:17:36,brainsaw,margrie,2020/07/10 18:17:36,2020/07/11 03:32:53,2020,33310.0,9.2528,33317.0,18480,210,1,1
brainsaw|2020/07/13 14:25:39,brainsaw,margrie,2020/07/13 14:25:39,2020/07/14 08:50:18,2020,66148.0,18.3744,66279.0,108066,299,2,1
neurovision|2020/07/14 09:56:50,neurovision,mrsic_flogel,2020/07/14 09:56:50,2020/07/15 10:25:34,2020,88121.0,24.4781,88124.0,54080,260,1,5
brainsaw|2020/07/14 17:34:50,brainsaw,margrie,2020/07/14 17:34:50,2020/07/15 08:07:18,2020,52351.0,14.5419,52348.0,43470,210,1,1
brainsaw|2020/07/15 12:15:16,brainsaw,margrie,2020/07/15 12:15:16,2020/07/17 01:52:26,2020,118469.0,32.9081,135430.0,18432,241,8,1
neurovision|2020/07/15 12:36:03,neurovision,mrsic_flogel,2020/07/15 12:36:03,2020/07/16 13:02:05,2020,87934.0,24.4261,87962.0,54080,260,1,5
neurovision|2020/07/20 22:23:23,neurovision,mrsic_flogel,2020/07/20 22:23:23,2020/07/21 06:33:43,2020,29385.0,8.1625,29420.0,5200,130,1,1
brainsaw|2020/07/21 10:54:32,brainsaw,margrie,2020/07/21 10:54:32,2020/07/21 21:58:37,2020,39744.0,11.04,39845.0,24508,304,2,1
brainsaw|2020/07/22 11:58:25,brainsaw,okeefe,2020/07/22 11:58:25,2020/07/23 09:28:43,2020,77408.0,21.5022,77418.0,142101,277,1,1
neurovision|2020/07/22 12:37:25,neurovision,mrsic_flogel,2020/07/22 12:37:25,2020/07/23 14:37:33,2020,93597.0,25.9992,93608.0,58240,260,1,4
brainsaw|2020/07/23 10:37:50,brainsaw,mrsic_flogel,2020/07/23 10:37:50,2020/07/24 07:37:23,2020,75569.0,20.9914,75573.0,49500,150,1,5
brainsaw|2020/07/24 11:33:48,brainsaw,mrsic_flogel,2020/07/24 11:33:48,2020/07/25 06:03:28,2020,66566.0,18.4906,66580.0,100188,207,1,4
brainsaw|2020/07/25 11:20:31,brainsaw,mrsic_flogel,2020/07/25 11:20:31,2020/07/25 19:36:39,2020,29761.0,8.2669,29768.0,26460,147,1,3
brainsaw|2020/07/25 21:10:12,brainsaw,mrsic_flogel,2020/07/25 21:10:12,2020/07/26 18:10:27,2020,75609.0,21.0025,75615.0,50784,92,1,7
brainsaw|2020/07/27 13:54:29,brainsaw,mrsic_flogel,2020/07/27 13:54:29,2020/07/28 00:46:26,2020,39116.0,10.8656,39117.0,21820,150,1,3
neurovision|2020/07/28 10:14:26,neurovision,mrsic_flogel,2020/07/28 10:14:26,2020/07/29 10:36:32,2020,87714.0,24.365,87726.0,54080,260,1,5
brainsaw|2020/07/30 16:16:13,brainsaw,mrsic_flogel,2020/07/30 16:16:13,2020/07/31 03:20:07,2020,39827.0,11.0631,39834.0,49647,201,1,3
brainsaw|2020/08/01 21:23:09,brainsaw,mrsic_flogel,2020/08/01 21:23:09,2020/08/03 10:17:52,2020,132865.0,36.9069,132883.0,88872,168,1,7
brainsaw|2020/08/03 12:32:29,brainsaw,margrie,2020/08/03 12:32:29,2020/08/04 07:01:43,2020,66554.0,18.4872,66554.0,100375,275,1,1
brainsaw|2020/08/04 16:40:28,brainsaw,margrie,2020/08/04 16:40:28,2020/08/05 00:40:58,2020,28811.0,8.0031,28830.0,21120,220,1,1
brainsaw|2020/08/05 11:06:17,brainsaw,margrie,2020/08/05 11:06:17,2020/08/05 19:13:27,2020,29213.0,8.1147,29230.0,21120,220,1,1
neurovision|2020/08/05 13:47:49,neurovision,mrsic_flogel,2020/08/05 13:47:49,2020/08/06 14:09:08,2020,87663.0,24.3508,87679.0,54080,260,1,4
brainsaw|2020/08/07 13:31:10,brainsaw,margrie,2020/08/07 13:31:10,2020/08/08 06:54:00,2020,62554.0,17.3761,62570.0,60500,220,1,1
brainsaw|2020/08/10 12:05:17,brainsaw,margrie,2020/08/10 12:05:17,2020/08/11 04:59:40,2020,60862.0,16.9061,60863.0,60500,220,1,1
brainsaw|2020/08/12 11:03:38,brainsaw,margrie,2020/08/12 11:03:38,2020/08/13 02:26:23,2020,55363.0,15.3786,55365.0,83160,210,1,1
brainsaw|2020/08/13 12:05:40,brainsaw,margrie,2020/08/13 12:05:40,2020/08/13 23:35:19,2020,41368.0,11.4911,41379.0,49680,230,1,1
neurovision|2020/08/18 12:27:15,neurovision,mrsic_flogel,2020/08/18 12:27:15,2020/08/19 11:50:40,2020,84196.0,23.3878,84205.0,51792,249,1,5
brainsaw|2020/08/19 11:02:12,brainsaw,mrsic_flogel,2020/08/19 11:02:12,2020/08/19 20:11:26,2020,32949.0,9.1525,32954.0,17670,100,1,1
neurovision|2020/08/19 15:30:33,neurovision,mrsic_flogel,2020/08/19 15:30:33,2020/08/20 15:51:44,2020,87660.0,24.35,87671.0,54080,260,1,5
brainsaw|2020/08/20 12:33:47,brainsaw,margrie,2020/08/20 12:33:47,2020/08/20 16:28:41,2020,14092.0,3.9144,14094.0,9240,110,1,1
brainsaw|2020/08/21 14:54:38,brainsaw,mrsic_flogel,2020/08/21 14:54:38,2020/08/22 12:45:40,2020,78647.0,21.8464,78662.0,51051,150,1,1
brainsaw|2020/08/27 12:15:18,brainsaw,margrie,2020/08/27 12:15:18,2020/08/27 18:07:05,2020,21102.0,5.8617,21107.0,13323,190,1,1
brainsaw|2020/08/28 08:28:33,brainsaw,margrie,2020/08/28 08:28:33,2020/08/28 16:57:40,2020,30525.0,8.4792,30547.0,12960,240,1,1
brainsaw|2020/08/30 16:57:35,brainsaw,margrie,2020/08/30 16:57:35,2020/08/31 09:31:28,2020,59627.0,16.5631,59633.0,18480,210,1,1
brainsaw|2020/08/31 15:43:40,brainsaw,margrie,2020/08/31 15:43:40,2020/09/01 01:22:39,2020,34718.0,9.6439,34739.0,20160,210,1,1
brainsaw|2020/09/01 10:06:59,brainsaw,sjones,2020/09/01 10:06:59,2020/09/02 03:55:29,2020,64105.0,17.8069,64110.0,43320,190,1,1
neurovision|2020/09/01 13:13:09,neurovision,mrsic_flogel,2020/09/01 13:13:09,2020/09/02 15:28:59,2020,94527.0,26.2575,94550.0,58240,280,1,5
brainsaw|2020/09/02 11:42:13,brainsaw,mrsic_flogel,2020/09/02 11:42:13,2020/09/03 06:56:11,2020,69227.0,19.2297,69238.0,46415,150,1,1
brainsaw|2020/09/06 15:58:09,brainsaw,margrie,2020/09/06 15:58:09,2020/09/07 00:05:29,2020,29231.0,8.1197,29240.0,26412,200,1,1
brainsaw|2020/09/07 12:10:56,brainsaw,sjones,2020/09/07 12:10:56,2020/09/08 02:47:35,2020,52583.0,14.6064,52599.0,67419,240,1,1
brainsaw|2020/09/08 10:08:37,brainsaw,sjones,2020/09/08 10:08:37,2020/09/08 19:36:08,2020,34035.0,9.4542,34051.0,23311,240,1,1
neurovision|2020/09/08 12:22:28,neurovision,mrsic_flogel,2020/09/08 12:22:28,2020/09/09 14:44:10,2020,94877.0,26.3547,94902.0,58240,280,1,5
brainsaw|2020/09/08 20:32:27,brainsaw,mrsic_flogel,2020/09/08 20:32:27,2020/09/09 02:35:35,2020,21784.0,6.0511,21788.0,12056,137,1,1
brainsaw|2020/09/10 11:38:34,brainsaw,sjones,2020/09/10 11:38:34,2020/09/10 17:58:22,2020,22762.0,6.3228,22788.0,18424,300,1,1
neurovision|2020/09/11 11:15:51,neurovision,sjones,2020/09/11 11:15:51,2020/09/11 19:53:01,2020,31008.0,8.6133,31030.0,9138,250,1,1
brainsaw|2020/09/11 12:11:00,brainsaw,sjones,2020/09/11 12:11:00,2020/09/11 18:33:53,2020,22952.0,6.3756,22973.0,17115,268,1,1
neurovision|2020/09/14 16:43:15,neurovision,mrsic_flogel,2020/09/14 16:43:15,2020/09/15 06:50:17,2020,50811.0,14.1142,50822.0,17603,120,1,5
brainsaw|2020/09/14 18:10:19,brainsaw,mrsic_flogel,2020/09/14 18:10:19,2020/09/15 07:58:39,2020,49690.0,13.8028,49700.0,41074,130,1,5
brainsaw|2020/09/15 13:33:39,brainsaw,mrsic_flogel,2020/09/15 13:33:39,2020/09/16 05:21:46,2020,56876.0,15.7989,56887.0,35409,155,1,4
brainsaw|2020/09/16 10:47:51,brainsaw,sjones,2020/09/16 10:47:51,2020/09/16 16:55:01,2020,19983.0,5.5508,22030.0,24971,240,2,1
brainsaw|2020/09/16 18:26:43,brainsaw,margrie,2020/09/16 18:26:43,2020/09/17 04:37:21,2020,36607.0,10.1686,36638.0,22680,210,1,1
brainsaw|2020/09/17 10:49:10,brainsaw,mrsic_flogel,2020/09/17 10:49:10,2020/09/17 22:27:45,2020,41906.0,11.6406,41915.0,26659,109,1,4
brainsaw|2020/09/18 10:39:23,brainsaw,mrsic_flogel,2020/09/18 10:39:23,2020/09/18 23:28:34,2020,46071.0,12.7975,46151.0,25439,104,1,1
neurovision|2020/09/18 11:31:50,neurovision,mrsic_flogel,2020/09/18 11:31:50,2020/09/19 05:44:30,2020,65551.0,18.2086,65560.0,22865,300,1,3
brainsaw|2020/09/19 13:13:53,brainsaw,mrsic_flogel,2020/09/19 13:13:53,2020/09/20 04:46:57,2020,55977.0,15.5492,55984.0,36004,150,1,1
neurovision|2020/09/21 10:45:10,neurovision,margrie,2020/09/21 10:45:10,2020/09/21 23:26:50,2020,45688.0,12.6911,45700.0,21064,275,1,2
brainsaw|2020/09/21 16:32:14,brainsaw,mrsic_flogel,2020/09/21 16:32:14,2020/09/22 03:06:32,2020,38047.0,10.5686,38058.0,25394,88,1,5
neurovision|2020/09/22 13:46:09,neurovision,mrsic_flogel,2020/09/22 13:46:09,2020/09/23 16:06:44,2020,94806.0,26.335,94835.0,58240,280,1,5
brainsaw|2020/09/22 15:49:09,brainsaw,margrie;mrsic_flogel,2020/09/22 15:49:09,2020/09/23 04:44:04,2020,46471.0,12.9086,46495.0,77072,275,1,3
brainsaw|2020/09/23 10:59:08,brainsaw,sjones,2020/09/23 10:59:08,2020/09/23 16:58:27,2020,21538.0,5.9828,21559.0,27200,290,1,1
neurovision|2020/09/23 18:14:22,neurovision,mrsic_flogel,2020/09/23 18:14:22,2020/09/25 10:18:02,2020,144197.0,40.0547,144220.0,53664,258,1,4
brainsaw|2020/09/23 19:04:23,brainsaw,margrie,2020/09/23 19:04:23,2020/09/24 08:09:17,2020,47066.0,13.0739,47094.0,50400,210,1,2
brainsaw|2020/09/24 11:40:06,brainsaw,margrie,2020/09/24 11:40:06,2020/09/24 18:11:59,2020,23497.0,6.5269,23513.0,22795,153,1,2
brainsaw|2020/09/24 18:47:01,brainsaw,margrie,2020/09/24 18:47:01,2020/09/25 10:45:37,2020,57499.0,15.9719,57516.0,57097,210,1,1
neurovision|2020/09/25 15:34:38,neurovision,mrsic_flogel,2020/09/25 15:34:38,2020/09/26 09:28:33,2020,64408.0,17.8911,64435.0,21581,305,1,3
brainsaw|2020/09/28 10:45:33,brainsaw,branco,2020/09/28 10:45:33,2020/09/29 02:14:28,2020,55706.0,15.4739,55735.0,53460,270,1,2
brainsaw|2020/09/29 11:09:59,brainsaw,branco,2020/09/29 11:09:59,2020/09/29 20:04:04,2020,32036.0,8.8989,32045.0,26730,270,1,1
neurovision|2020/09/29 12:23:55,neurovision,mrsic_flogel,2020/09/29 12:23:55,2020/09/30 14:30:18,2020,93963.0,26.1008,93983.0,58240,280,1,5
brainsaw|2020/09/30 13:39:00,brainsaw,margrie,2020/09/30 13:39:00,2020/09/30 21:43:17,2020,29037.0,8.0658,29057.0,27190,200,1,2
brainsaw|2020/09/30 22:18:34,brainsaw,mrsic_flogel,2020/09/30 22:18:34,2020/10/01 08:26:39,2020,36469.0,10.1303,36485.0,44194,140,1,5
brainsaw|2020/10/01 19:30:40,brainsaw,margrie,2020/10/01 19:30:40,2020/10/02 02:52:34,2020,26488.0,7.3578,26514.0,29359,210,1,2
neurovision|2020/10/01 21:11:48,neurovision,mrsic_flogel,2020/10/01 21:11:48,2020/10/02 07:08:39,2020,35779.0,9.9386,35811.0,6458,150,1,1
neurovision|2020/10/02 17:03:57,neurovision,branco;sjones,2020/10/02 17:03:57,2020/10/04 11:59:39,2020,153628.0,42.6744,154542.0,56100,300,2,4
brainsaw|2020/10/04 12:37:24,brainsaw,margrie,2020/10/04 12:37:24,2020/10/04 21:20:23,2020,31351.0,8.7086,31379.0,28798,200,1,2
brainsaw|2020/10/05 09:28:08,brainsaw,sjones,2020/10/05 09:28:08,2020/10/05 21:10:31,2020,42118.0,11.6994,42143.0,19875,280,1,1
neurovision|2020/10/05 11:05:19,neurovision,mrsic_flogel,2020/10/05 11:05:19,2020/10/05 21:47:39,2020,38515.0,10.6986,38540.0,19159,264,1,3
brainsaw|2020/10/06 11:18:02,brainsaw,sjones,2020/10/06 11:18:02,2020/10/06 19:53:36,2020,30895.0,8.5819,30934.0,18614,300,1,1
neurovision|2020/10/06 11:52:18,neurovision,sjones,2020/10/06 11:52:18,2020/10/06 20:59:33,2020,32802.0,9.1117,32835.0,9869,300,1,1
brainsaw|2020/10/08 19:10:35,brainsaw,mrsic_flogel,2020/10/08 19:10:35,2020/10/09 19:24:59,2020,87257.0,24.2381,87264.0,58049,146,1,5
neurovision|2020/10/08 19:21:53,neurovision,sjones,2020/10/08 19:21:53,2020/10/09 02:12:52,2020,24646.0,6.8461,24659.0,9226,240,1,1
neurovision|2020/10/09 12:16:17,neurovision,margrie,2020/10/09 12:16:17,2020/10/09 23:24:52,2020,40092.0,11.1367,40115.0,19450,275,1,2
neurovision|2020/10/11 14:26:08,neurovision,mrsic_flogel,2020/10/11 14:26:08,2020/10/12 12:51:29,2020,80708.0,22.4189,80721.0,16307,121,1,4
brainsaw|2020/10/11 14:35:39,brainsaw,mrsic_flogel,2020/10/11 14:35:39,2020/10/12 06:16:19,2020,56430.0,15.675,56440.0,36313,150,1,4
brainsaw|2020/10/12 11:26:15,brainsaw,margrie,2020/10/12 11:26:15,2020/10/12 20:48:07,2020,33682.0,9.3561,33712.0,53887,300,1,2
neurovision|2020/10/12 14:46:18,neurovision,sjones,2020/10/12 14:46:18,2020/10/13 02:31:52,2020,42318.0,11.755,42334.0,23497,200,1,3
brainsaw|2020/10/13 11:25:43,brainsaw,mrsic_flogel,2020/10/13 11:25:43,2020/10/14 08:31:06,2020,75888.0,21.08,75923.0,147971,300,1,5
neurovision|2020/10/13 13:00:09,neurovision,mrsic_flogel,2020/10/13 13:00:09,2020/10/14 15:03:34,2020,93773.0,26.0481,93805.0,58240,280,1,5
brainsaw|2020/10/14 11:42:57,brainsaw,sjones,2020/10/14 11:42:57,2020/10/14 20:39:56,2020,32180.0,8.9389,32219.0,17053,267,1,1
neurovision|2020/10/14 16:00:25,neurovision,mrsic_flogel,2020/10/14 16:00:25,2020/10/15 18:04:14,2020,93802.0,26.0561,93829.0,58240,280,1,5
brainsaw|2020/10/14 20:55:46,brainsaw,mrsic_flogel,2020/10/14 20:55:46,2020/10/15 05:06:10,2020,29412.0,8.17,29424.0,14872,200,1,1
brainsaw|2020/10/15 08:53:57,brainsaw,sjones,2020/10/15 08:53:57,2020/10/15 16:39:14,2020,27890.0,7.7472,27917.0,13083,221,1,1
brainsaw|2020/10/15 17:47:30,brainsaw,sjones,2020/10/15 17:47:30,2020/10/16 00:25:47,2020,23869.0,6.6303,23897.0,12509,235,1,1
brainsaw|2020/10/16 10:33:07,brainsaw,sjones,2020/10/16 10:33:07,2020/10/16 20:49:41,2020,36777.0,10.2158,36994.0,16809,312,2,1
brainsaw|2020/10/19 14:36:22,brainsaw,margrie,2020/10/19 14:36:22,2020/10/19 20:52:15,2020,22521.0,6.2558,22553.0,20240,230,1,1
brainsaw|2020/10/20 09:09:14,brainsaw,mrsic_flogel,2020/10/20 09:09:14,2020/10/21 09:57:12,2020,89260.0,24.7944,89278.0,59295,140,1,6
neurovision|2020/10/20 11:43:13,neurovision,mrsic_flogel,2020/10/20 11:43:13,2020/10/21 05:27:06,2020,63796.0,17.7211,63833.0,34730,280,1,5
neurovision|2020/10/21 12:07:18,neurovision,mrsic_flogel,2020/10/21 12:07:18,2020/10/22 18:09:04,2020,108087.0,30.0242,108106.0,67200,300,1,4
brainsaw|2020/10/21 14:47:03,brainsaw,branco,2020/10/21 14:47:03,2020/10/21 19:41:08,2020,17633.0,4.8981,17645.0,13860,140,1,1
brainsaw|2020/10/21 22:02:07,brainsaw,mrsic_flogel,2020/10/21 22:02:07,2020/10/22 02:16:45,2020,15265.0,4.2403,15278.0,8048,100,1,1
brainsaw|2020/10/22 21:28:24,brainsaw,mrsic_flogel,2020/10/22 21:28:24,2020/10/23 09:24:49,2020,42977.0,11.9381,42985.0,29198,79,1,5
brainsaw|2020/10/23 10:44:37,brainsaw,sjones,2020/10/23 10:44:37,2020/10/23 20:41:46,2020,35794.0,9.9428,35829.0,14175,253,1,1
neurovision|2020/10/23 14:25:26,neurovision,sjones,2020/10/23 14:25:26,2020/10/23 19:57:28,2020,19907.0,5.5297,19922.0,5202,169,1,1
brainsaw|2020/10/23 22:17:40,brainsaw,mrsic_flogel,2020/10/23 22:17:40,2020/10/24 03:33:03,2020,18909.0,5.2525,18923.0,9749,120,1,1
brainsaw|2020/10/26 11:04:57,brainsaw,sjones,2020/10/26 11:04:57,2020/10/26 20:56:44,2020,35480.0,9.8556,35507.0,14547,256,1,1
brainsaw|2020/10/28 19:50:40,brainsaw,mrsic_flogel,2020/10/28 19:50:40,2020/10/29 05:57:41,2020,36409.0,10.1136,36421.0,23566,150,1,2
neurovision|2020/10/29 09:50:43,neurovision,sjones,2020/10/29 09:50:43,2020/10/29 23:03:00,2020,47512.0,13.1978,47537.0,25930,220,1,3
brainsaw|2020/10/29 11:50:21,brainsaw,branco,2020/10/29 11:50:21,2020/10/29 23:13:18,2020,40954.0,11.3761,40977.0,39600,200,1,2
neurovision|2020/11/03 10:48:46,neurovision,mrsic_flogel,2020/11/03 10:48:46,2020/11/04 05:26:46,2020,67057.0,18.6269,67080.0,36077,300,1,5
brainsaw|2020/11/03 14:56:25,brainsaw,margrie,2020/11/03 14:56:25,2020/11/04 07:30:46,2020,59654.0,16.5706,59661.0,16940,220,1,1
neurovision|2020/11/04 10:49:23,neurovision,mrsic_flogel,2020/11/04 10:49:23,2020/11/05 04:43:59,2020,64462.0,17.9061,64476.0,35184,278,1,5
brainsaw|2020/11/04 11:40:18,brainsaw,margrie,2020/11/04 11:40:18,2020/11/04 16:46:02,2020,18331.0,5.0919,18344.0,11790,151,1,1
brainsaw|2020/11/04 18:37:39,brainsaw,margrie,2020/11/04 18:37:39,2020/11/04 23:53:03,2020,18908.0,5.2522,18924.0,11491,167,1,1
brainsaw|2020/11/05 09:49:21,brainsaw,branco,2020/11/05 09:49:21,2020/11/06 00:35:31,2020,53136.0,14.76,53170.0,47520,240,1,2
neurovision|2020/11/05 19:02:33,neurovision,mrsic_flogel,2020/11/05 19:02:33,2020/11/06 05:13:37,2020,36647.0,10.1797,36664.0,12679,150,1,2
brainsaw|2020/11/06 08:11:42,brainsaw,sjones,2020/11/06 08:11:42,2020/11/06 13:17:37,2020,18335.0,5.0931,18355.0,9349,185,1,1
brainsaw|2020/11/06 14:05:27,brainsaw,sjones,2020/11/06 14:05:27,2020/11/06 20:21:57,2020,22564.0,6.2678,22590.0,12154,215,1,1
neurovision|2020/11/06 17:37:23,neurovision,mrsic_flogel,2020/11/06 17:37:23,2020/11/07 09:51:13,2020,58386.0,16.2183,58430.0,30132,292,1,4
brainsaw|2020/11/07 12:20:35,brainsaw,sjones,2020/11/07 12:20:35,2020/11/07 21:15:03,2020,32055.0,8.9042,32068.0,24131,174,1,1
brainsaw|2020/11/08 11:40:33,brainsaw,mrsic_flogel,2020/11/08 11:40:33,2020/11/09 04:09:46,2020,59341.0,16.4836,59353.0,38996,150,1,3
brainsaw|2020/11/09 10:28:58,brainsaw,sjones,2020/11/09 10:28:58,2020/11/09 15:23:41,2020,17658.0,4.905,17683.0,17137,205,1,1
neurovision|2020/11/09 10:44:35,neurovision,mrsic_flogel,2020/11/09 10:44:35,2020/11/10 02:22:46,2020,56257.0,15.6269,56291.0,29189,276,1,5
brainsaw|2020/11/09 19:11:34,brainsaw,mrsic_flogel,2020/11/09 19:11:34,2020/11/10 06:45:12,2020,41592.0,11.5533,41618.0,30976,250,1,2
neurovision|2020/11/10 10:22:46,neurovision,sjones,2020/11/10 10:22:46,2020/11/10 18:42:08,2020,29940.0,8.3167,29962.0,10372,274,1,1
brainsaw|2020/11/10 16:05:19,brainsaw,mrsic_flogel,2020/11/10 16:05:19,2020/11/11 10:30:43,2020,66311.0,18.4197,66324.0,45464,137,1,4
neurovision|2020/11/10 19:42:20,neurovision,mrsic_flogel,2020/11/10 19:42:20,2020/11/11 09:24:10,2020,45469.0,12.6303,49310.0,8952,91,3,3
neurovision|2020/11/11 10:54:03,neurovision,sjones,2020/11/11 10:54:03,2020/11/11 19:01:00,2020,29181.0,8.1058,29217.0,9870,262,1,1
brainsaw|2020/11/11 11:49:12,brainsaw,sjones,2020/11/11 11:49:12,2020/11/12 06:40:22,2020,67839.0,18.8442,67870.0,17415,280,1,1
neurovision|2020/11/11 19:43:54,neurovision,mrsic_flogel,2020/11/11 19:43:54,2020/11/12 14:22:22,2020,67097.0,18.6381,67108.0,13330,106,1,4
brainsaw|2020/11/12 08:48:43,brainsaw,margrie,2020/11/12 08:48:43,2020/11/12 20:47:12,2020,43095.0,11.9708,43109.0,33380,250,1,2
neurovision|2020/11/12 15:34:50,neurovision,mrsic_flogel,2020/11/12 15:34:50,2020/11/13 00:14:55,2020,31160.0,8.6556,31205.0,8931,217,1,1
brainsaw|2020/11/13 07:55:38,brainsaw,margrie,2020/11/13 07:55:38,2020/11/13 19:15:59,2020,40794.0,11.3317,40821.0,30277,255,1,2
neurovision|2020/11/13 13:51:56,neurovision,sjones,2020/11/13 13:51:56,2020/11/14 01:39:10,2020,42404.0,11.7789,42434.0,20550,200,1,3
brainsaw|2020/11/16 08:31:23,brainsaw,margrie,2020/11/16 08:31:23,2020/11/17 02:09:47,2020,63486.0,17.635,63504.0,48472,255,1,3
neurovision|2020/11/16 11:33:16,neurovision,sjones,2020/11/16 11:33:16,2020/11/16 23:31:21,2020,43059.0,11.9608,43085.0,21815,200,1,3
neurovision|2020/11/17 11:06:52,neurovision,mrsic_flogel,2020/11/17 11:06:52,2020/11/18 04:07:30,2020,61198.0,16.9994,61238.0,30967,316,1,5
brainsaw|2020/11/17 12:29:50,brainsaw,mrsic_flogel,2020/11/17 12:29:50,2020/11/17 23:48:12,2020,40680.0,11.3,40702.0,62100,150,1,3
brainsaw|2020/11/18 12:06:40,brainsaw,margrie,2020/11/18 12:06:40,2020/11/18 18:09:56,2020,21781.0,6.0503,21796.0,20240,230,1,1
brainsaw|2020/11/19 14:56:43,brainsaw,mrsic_flogel,2020/11/19 14:56:43,2020/11/20 05:15:51,2020,51031.0,14.1753,51548.0,78718,183,2,7
brainsaw|2020/11/20 13:53:57,brainsaw,sjones,2020/11/20 13:53:57,2020/11/20 18:18:40,2020,15862.0,4.4061,15883.0,15988,200,1,1
brainsaw|2020/11/21 15:00:54,brainsaw,mrsic_flogel,2020/11/21 15:00:54,2020/11/22 06:38:33,2020,56244.0,15.6233,56259.0,36551,150,1,3
brainsaw|2020/11/24 12:55:33,brainsaw,sjones,2020/11/24 12:55:33,2020/11/24 17:59:54,2020,18242.0,5.0672,18261.0,20817,224,1,1
brainsaw|2020/11/25 15:37:14,brainsaw,sjones,2020/11/25 15:37:14,2020/11/25 20:32:26,2020,17694.0,4.915,17712.0,24677,193,1,1
brainsaw|2020/11/26 14:11:15,brainsaw,mrsic_flogel,2020/11/26 14:11:15,2020/11/26 18:01:40,2020,13821.0,3.8392,13825.0,11169,150,1,1
brainsaw|2020/11/27 11:22:45,brainsaw,mrsic_flogel,2020/11/27 11:22:45,2020/11/27 20:20:13,2020,32207.0,8.9464,32248.0,33864,320,1,1
brainsaw|2020/11/27 21:09:09,brainsaw,mrsic_flogel,2020/11/27 21:09:09,2020/11/28 08:28:54,2020,40766.0,11.3239,40785.0,23381,150,1,3
brainsaw|2020/11/28 11:14:12,brainsaw,margrie,2020/11/28 11:14:12,2020/11/28 20:37:47,2020,33793.0,9.3869,33815.0,49358,275,1,2
brainsaw|2020/11/30 11:06:22,brainsaw,branco,2020/11/30 11:06:22,2020/12/01 03:24:09,2020,58643.0,16.2897,58667.0,54000,250,1,2
brainsaw|2020/12/01 11:13:14,brainsaw,mrsic_flogel,2020/12/01 11:13:14,2020/12/01 23:31:45,2020,44278.0,12.2994,44311.0,55859,320,1,2
brainsaw|2020/12/02 10:47:21,brainsaw,mrsic_flogel,2020/12/02 10:47:21,2020/12/02 18:28:08,2020,27620.0,7.6722,27647.0,26998,310,1,1
brainsaw|2020/12/03 12:07:27,brainsaw,branco,2020/12/03 12:07:27,2020/12/04 03:21:37,2020,54820.0,15.2278,54850.0,49500,250,1,2
brainsaw|2020/12/04 10:48:41,brainsaw,okeefe,2020/12/04 10:48:41,2020/12/04 13:26:13,2020,9442.0,2.6228,9452.0,10991,110,1,1
brainsaw|2020/12/04 16:59:34,brainsaw,okeefe,2020/12/04 16:59:34,2020/12/05 04:59:32,2020,43154.0,11.9872,43198.0,63071,300,1,2
brainsaw|2020/12/06 13:35:23,brainsaw,sjones,2020/12/06 13:35:23,2020/12/07 00:25:56,2020,39011.0,10.8364,39033.0,27244,225,1,2
brainsaw|2020/12/07 11:02:15,brainsaw,okeefe,2020/12/07 11:02:15,2020/12/07 18:47:28,2020,27890.0,7.7472,27913.0,44314,209,1,2
brainsaw|2020/12/07 19:57:12,brainsaw,mrsic_flogel,2020/12/07 19:57:12,2020/12/08 08:40:38,2020,45795.0,12.7208,45806.0,28248,123,1,3
brainsaw|2020/12/08 10:27:27,brainsaw,sjones,2020/12/08 10:27:27,2020/12/09 00:06:22,2020,49093.0,13.6369,49135.0,36363,286,1,2
brainsaw|2020/12/09 10:17:28,brainsaw,margrie,2020/12/09 10:17:28,2020/12/10 00:26:23,2020,50901.0,14.1392,50935.0,38389,297,1,2
brainsaw|2020/12/10 08:39:45,brainsaw,branco,2020/12/10 08:39:45,2020/12/10 16:44:50,2020,29081.0,8.0781,29105.0,20000,250,1,1
brainsaw|2020/12/11 10:18:47,brainsaw,mrsic_flogel,2020/12/11 10:18:47,2020/12/11 17:34:17,2020,26094.0,7.2483,26130.0,24333,289,1,1
brainsaw|2020/12/11 18:39:51,brainsaw,mrsic_flogel,2020/12/11 18:39:51,2020/12/12 10:09:41,2020,55786.0,15.4961,55790.0,36802,116,1,5
brainsaw|2020/12/12 12:46:31,brainsaw,mrsic_flogel,2020/12/12 12:46:31,2020/12/13 05:49:31,2020,61357.0,17.0436,61380.0,98354,175,1,6
brainsaw|2020/12/13 13:17:28,brainsaw,mrsic_flogel,2020/12/13 13:17:28,2020/12/14 04:11:49,2020,52438.0,14.5661,53661.0,72689,330,2,3
brainsaw|2020/12/14 10:45:10,brainsaw,sjones,2020/12/14 10:45:10,2020/12/14 15:03:47,2020,15088.0,4.1911,15517.0,14878,166,2,1
brainsaw|2020/12/14 15:57:16,brainsaw,sjones,2020/12/14 15:57:16,2020/12/14 21:33:13,2020,20140.0,5.5944,20157.0,21472,200,1,2
brainsaw|2020/12/14 22:44:14,brainsaw,mrsic_flogel,2020/12/14 22:44:14,2020/12/15 11:13:37,2020,44953.0,12.4869,44963.0,30346,95,1,5
brainsaw|2020/12/15 12:12:23,brainsaw,margrie,2020/12/15 12:12:23,2020/12/15 18:22:21,2020,22177.0,6.1603,22198.0,29570,200,1,2
brainsaw|2020/12/15 19:55:11,brainsaw,sjones,2020/12/15 19:55:11,2020/12/16 03:26:11,2020,27038.0,7.5106,27060.0,30314,250,1,2
brainsaw|2020/12/16 11:39:22,brainsaw,sjones,2020/12/16 11:39:22,2020/12/16 17:24:26,2020,20679.0,5.7442,20704.0,14394,250,1,1
brainsaw|2020/12/16 21:41:59,brainsaw,mrsic_flogel,2020/12/16 21:41:59,2020/12/17 09:27:20,2020,42313.0,11.7536,42321.0,28581,90,1,5
brainsaw|2020/12/17 10:10:08,brainsaw,margrie,2020/12/17 10:10:08,2020/12/17 15:39:04,2020,19719.0,5.4775,19736.0,13366,200,1,1
brainsaw|2020/12/17 17:17:23,brainsaw,branco,2020/12/17 17:17:23,2020/12/18 07:28:08,2020,51027.0,14.1742,51045.0,46750,250,1,2
brainsaw|2020/12/18 21:43:36,brainsaw,mrsic_flogel,2020/12/18 21:43:36,2020/12/19 14:09:35,2020,59132.0,16.4256,59159.0,76947,260,1,4
brainsaw|2020/12/21 12:54:48,brainsaw,sjones,2020/12/21 12:54:48,2020/12/22 00:25:03,2020,41398.0,11.4994,41415.0,16584,290,1,1
brainsaw|2020/12/22 12:15:54,brainsaw,sjones,2020/12/22 12:15:54,2020/12/23 04:16:49,2020,57634.0,16.0094,57655.0,34649,200,1,2
brainsaw|2021/01/04 18:40:23,brainsaw,margrie,2021/01/04 18:40:23,2021/01/05 01:29:10,2021,24512.0,6.8089,24527.0,50204,140,1,4
brainsaw|2021/01/05 11:44:09,brainsaw,sjones,2021/01/05 11:44:09,2021/01/05 16:47:18,2021,18174.0,5.0483,18189.0,14238,221,1,1
brainsaw|2021/01/07 12:38:16,brainsaw,sjones,2021/01/07 12:38:16,2021/01/07 18:25:13,2021,20796.0,5.7767,20817.0,15365,260,1,1
brainsaw|2021/01/09 12:46:48,brainsaw,sjones,2021/01/09 12:46:48,2021/01/09 23:47:09,2021,39598.0,10.9994,39621.0,17755,200,1,1
brainsaw|2021/01/12 12:20:16,brainsaw,branco,2021/01/12 12:20:16,2021/01/13 07:45:16,2021,69885.0,19.4125,69900.0,71060,220,1,3
brainsaw|2021/01/13 11:39:23,brainsaw,branco,2021/01/13 11:39:23,2021/01/14 09:01:19,2021,76896.0,21.36,76916.0,82280,220,1,4
brainsaw|2021/01/15 11:32:13,brainsaw,sjones,2021/01/15 11:32:13,2021/01/15 19:39:41,2021,29208.0,8.1133,29248.0,26810,292,1,1
brainsaw|2021/01/17 16:35:37,brainsaw,margrie,2021/01/17 16:35:37,2021/01/18 01:09:52,2021,30834.0,8.565,30855.0,42206,200,1,3
brainsaw|2021/01/18 14:39:20,brainsaw,branco,2021/01/18 14:39:20,2021/01/19 06:16:52,2021,56212.0,15.6144,56252.0,21000,300,1,1
brainsaw|2021/01/19 11:09:30,brainsaw,sjones,2021/01/19 11:09:30,2021/01/19 20:52:01,2021,34917.0,9.6992,34951.0,21823,320,1,1
brainsaw|2021/01/20 13:23:26,brainsaw,mrsic_flogel,2021/01/20 13:23:26,2021/01/21 09:34:42,2021,72440.0,20.1222,72676.0,49564,161,1,5
neurovision|2021/01/20 16:59:56,neurovision,sjones,2021/01/20 16:59:56,2021/01/21 06:51:55,2021,49840.0,13.8444,49919.0,15072,314,1,1
brainsaw|2021/01/21 11:09:00,brainsaw,margrie,2021/01/21 11:09:00,2021/01/21 18:07:14,2021,25071.0,6.9642,25094.0,15160,240,1,1
brainsaw|2021/01/22 12:00:57,brainsaw,sjones,2021/01/22 12:00:57,2021/01/22 19:03:06,2021,25302.0,7.0283,25329.0,22236,320,1,1
brainsaw|2021/01/23 11:15:19,brainsaw,mrsic_flogel,2021/01/23 11:15:19,2021/01/23 23:21:08,2021,43248.0,12.0133,43549.0,31307,367,2,1
brainsaw|2021/01/24 11:46:09,brainsaw,mrsic_flogel,2021/01/24 11:46:09,2021/01/25 02:00:27,2021,51088.0,14.1911,51258.0,59250,430,2,1
neurovision|2021/01/24 12:45:21,neurovision,mrsic_flogel,2021/01/24 12:45:21,2021/01/25 14:13:54,2021,91676.0,25.4656,91713.0,54315,213,1,3
brainsaw|2021/01/25 13:00:52,brainsaw,branco,2021/01/25 13:00:52,2021/01/25 21:13:06,2021,29521.0,8.2003,29534.0,22000,250,1,1
brainsaw|2021/01/26 12:00:46,brainsaw,murray,2021/01/26 12:00:46,2021/01/26 21:05:14,2021,32633.0,9.0647,32668.0,19819,287,1,1
brainsaw|2021/01/27 12:11:45,brainsaw,murray,2021/01/27 12:11:45,2021/01/27 20:26:48,2021,29670.0,8.2417,29703.0,15837,229,1,1
brainsaw|2021/01/28 11:45:47,brainsaw,murray,2021/01/28 11:45:47,2021/01/28 19:49:42,2021,29000.0,8.0556,29035.0,14647,233,1,1
neurovision|2021/01/28 15:41:22,neurovision,mrsic_flogel,2021/01/28 15:41:22,2021/01/29 14:40:14,2021,82702.0,22.9728,82732.0,29250,250,1,2
brainsaw|2021/01/29 12:02:06,brainsaw,murray,2021/01/29 12:02:06,2021/01/29 19:48:14,2021,27928.0,7.7578,27968.0,16801,250,1,1
neurovision|2021/01/30 11:55:37,neurovision,mrsic_flogel,2021/01/30 11:55:37,2021/01/31 12:50:59,2021,61447.0,17.0686,89722.0,23808,186,2,2
brainsaw|2021/01/30 11:59:02,brainsaw,mrsic_flogel,2021/01/30 11:59:02,2021/01/30 19:48:26,2021,28148.0,7.8189,28164.0,22694,314,1,1
brainsaw|2021/01/31 12:48:19,brainsaw,mrsic_flogel,2021/01/31 12:48:19,2021/01/31 23:06:44,2021,37068.0,10.2967,37105.0,29502,419,1,1
brainsaw|2021/02/01 12:24:51,brainsaw,branco,2021/02/01 12:24:51,2021/02/02 03:30:32,2021,54314.0,15.0872,54341.0,21000,300,1,1
neurovision|2021/02/01 17:03:23,neurovision,akrami,2021/02/01 17:03:23,2021/02/02 11:14:07,2021,65391.0,18.1642,65444.0,24840,230,1,1
neurovision|2021/02/02 13:37:23,neurovision,mrsic_flogel,2021/02/02 13:37:23,2021/02/03 17:04:00,2021,98762.0,27.4339,98797.0,57344,256,1,3
brainsaw|2021/02/02 14:37:47,brainsaw,margrie,2021/02/02 14:37:47,2021/02/03 09:21:00,2021,67373.0,18.7147,67393.0,118465,215,1,3
brainsaw|2021/02/03 13:42:46,brainsaw,margrie,2021/02/03 13:42:46,2021/02/03 20:26:39,2021,24213.0,6.7258,24233.0,22080,230,1,1
neurovision|2021/02/03 18:27:57,neurovision,mrsic_flogel,2021/02/03 18:27:57,2021/02/04 10:20:17,2021,57108.0,15.8633,57140.0,19840,248,1,1
neurovision|2021/02/04 11:10:54,neurovision,mrsic_flogel,2021/02/04 11:10:54,2021/02/05 08:09:34,2021,75475.0,20.9653,75520.0,16412,194,1,3
brainsaw|2021/02/04 12:51:07,brainsaw,margrie,2021/02/04 12:51:07,2021/02/04 18:51:34,2021,21595.0,5.9986,21627.0,15507,240,1,1
brainsaw|2021/02/05 10:58:57,brainsaw,mrsic_flogel,2021/02/05 10:58:57,2021/02/05 20:19:05,2021,33588.0,9.33,33608.0,31833,240,1,1
neurovision|2021/02/05 14:01:07,neurovision,mrsic_flogel,2021/02/05 14:01:07,2021/02/07 07:56:55,2021,143215.0,39.7819,150948.0,64890,267,2,13
brainsaw|2021/02/06 12:27:17,brainsaw,margrie,2021/02/06 12:27:17,2021/02/06 22:27:03,2021,35966.0,9.9906,35986.0,29104,204,1,2
brainsaw|2021/02/07 15:53:18,brainsaw,margrie,2021/02/07 15:53:18,2021/02/07 21:16:24,2021,19370.0,5.3806,19386.0,14096,230,1,1
brainsaw|2021/02/08 11:01:18,brainsaw,mrsic_flogel,2021/02/08 11:01:18,2021/02/09 10:14:31,2021,83567.0,23.2131,83593.0,55239,204,1,1
brainsaw|2021/02/09 11:24:42,brainsaw,mrsic_flogel,2021/02/09 11:24:42,2021/02/10 02:18:41,2021,52621.0,14.6169,53639.0,53473,238,2,3
neurovision|2021/02/09 11:54:04,neurovision,mrsic_flogel,2021/02/09 11:54:04,2021/02/10 08:36:39,2021,74542.0,20.7061,74555.0,6111,120,1,1
brainsaw|2021/02/10 11:35:16,brainsaw,murray,2021/02/10 11:35:16,2021/02/10 22:34:36,2021,39543.0,10.9842,39560.0,26162,184,1,2
neurovision|2021/02/10 11:53:10,neurovision,sjones,2021/02/10 11:53:10,2021/02/10 21:36:14,2021,34959.0,9.7108,34984.0,11581,314,1,1
brainsaw|2021/02/11 11:43:20,brainsaw,mrsic_flogel,2021/02/11 11:43:20,2021/02/12 02:38:32,2021,53686.0,14.9128,53712.0,45782,232,1,3
neurovision|2021/02/11 12:05:03,neurovision,mrsic_flogel,2021/02/11 12:05:03,2021/02/11 23:04:48,2021,39553.0,10.9869,39585.0,10836,300,1,1
brainsaw|2021/02/12 11:47:38,brainsaw,mrsic_flogel,2021/02/12 11:47:38,2021/02/13 06:18:32,2021,66627.0,18.5075,66654.0,73248,218,1,2
neurovision|2021/02/12 14:36:44,neurovision,mrsic_flogel,2021/02/12 14:36:44,2021/02/13 11:06:18,2021,73736.0,20.4822,73774.0,55800,309,1,7
brainsaw|2021/02/13 14:10:43,brainsaw,mrsic_flogel,2021/02/13 14:10:43,2021/02/13 22:25:10,2021,29611.0,8.2253,29667.0,18758,337,1,1
neurovision|2021/02/13 16:17:55,neurovision,mrsic_flogel,2021/02/13 16:17:55,2021/02/14 12:31:05,2021,72771.0,20.2142,72790.0,56267,298,1,7
brainsaw|2021/02/15 11:35:05,brainsaw,mrsic_flogel,2021/02/15 11:35:05,2021/02/16 01:36:02,2021,50439.0,14.0108,50457.0,46124,220,1,3
neurovision|2021/02/15 12:53:41,neurovision,mrsic_flogel,2021/02/15 12:53:41,2021/02/16 14:00:10,2021,90357.0,25.0992,90389.0,86400,320,1,5
brainsaw|2021/02/16 13:38:10,brainsaw,mrsic_flogel,2021/02/16 13:38:10,2021/02/17 03:30:03,2021,49885.0,13.8569,49913.0,45943,215,1,3
neurovision|2021/02/17 12:07:09,neurovision,sjones,2021/02/17 12:07:09,2021/02/17 23:27:38,2021,34648.0,9.6244,40829.0,10593,297,3,1
brainsaw|2021/02/17 17:24:57,brainsaw,mrsic_flogel,2021/02/17 17:24:57,2021/02/17 22:10:36,2021,17124.0,4.7567,17139.0,28725,175,1,3
neurovision|2021/02/18 11:17:10,neurovision,sjones,2021/02/18 11:17:10,2021/02/18 21:11:03,2021,35603.0,9.8897,35633.0,11073,314,1,1
brainsaw|2021/02/18 11:23:09,brainsaw,mrsic_flogel,2021/02/18 11:23:09,2021/02/19 04:36:05,2021,61975.0,17.2153,61976.0,19823,150,1,2
brainsaw|2021/02/18 13:57:48,brainsaw,mrsic_flogel,2021/02/18 13:57:48,2021/02/19 05:59:40,2021,57674.0,16.0206,57712.0,19581,300,1,1
neurovision|2021/02/19 11:02:01,neurovision,sjones,2021/02/19 11:02:01,2021/02/19 15:15:05,2021,15166.0,4.2128,15184.0,5838,155,1,1
brainsaw|2021/02/19 14:40:23,brainsaw,mrsic_flogel,2021/02/19 14:40:23,2021/02/20 12:05:55,2021,77105.0,21.4181,77132.0,36953,270,1,2
brainsaw|2021/02/20 14:51:35,brainsaw,mrsic_flogel,2021/02/20 14:51:35,2021/02/20 23:17:16,2021,30323.0,8.4231,30341.0,27397,190,1,2
neurovision|2021/02/20 15:03:33,neurovision,mrsic_flogel,2021/02/20 15:03:33,2021/02/22 01:13:38,2021,122581.0,34.0503,123005.0,27489,175,1,4
brainsaw|2021/02/22 14:56:43,brainsaw,margrie,2021/02/22 14:56:43,2021/02/23 01:39:55,2021,38569.0,10.7136,38592.0,29993,230,1,2
neurovision|2021/02/23 10:40:12,neurovision,sjones,2021/02/23 10:40:12,2021/02/23 20:27:57,2021,35237.0,9.7881,35265.0,11299,314,1,1
brainsaw|2021/02/23 14:09:28,brainsaw,margrie,2021/02/23 14:09:28,2021/02/24 06:39:15,2021,59365.0,16.4903,59387.0,45417,250,1,3
brainsaw|2021/02/24 10:11:55,brainsaw,mrsic_flogel,2021/02/24 10:11:55,2021/02/24 13:15:09,2021,10983.0,3.0508,10994.0,10622,126,1,1
neurovision|2021/02/24 11:04:08,neurovision,sjones,2021/02/24 11:04:08,2021/02/24 19:58:19,2021,32024.0,8.8956,32051.0,10520,293,1,1
brainsaw|2021/02/24 14:11:09,brainsaw,mrsic_flogel,2021/02/24 14:11:09,2021/02/24 20:41:53,2021,23430.0,6.5083,23444.0,23033,156,1,2
brainsaw|2021/02/24 22:05:12,brainsaw,mrsic_flogel,2021/02/24 22:05:12,2021/02/25 09:09:26,2021,39832.0,11.0644,39854.0,44746,134,1,4
neurovision|2021/02/25 10:42:06,neurovision,sjones,2021/02/25 10:42:06,2021/02/25 19:44:48,2021,32532.0,9.0367,32562.0,10796,271,1,1
brainsaw|2021/02/25 14:49:55,brainsaw,mrsic_flogel,2021/02/25 14:49:55,2021/02/26 04:23:43,2021,48807.0,13.5575,48828.0,54818,161,1,3
brainsaw|2021/02/26 11:18:21,brainsaw,mrsic_flogel,2021/02/26 11:18:21,2021/02/27 01:41:04,2021,51750.0,14.375,51763.0,54976,198,1,4
neurovision|2021/02/26 11:41:21,neurovision,mrsic_flogel,2021/02/26 11:41:21,2021/02/27 17:10:29,2021,106135.0,29.4819,106148.0,57888,257,1,7
brainsaw|2021/02/27 11:41:30,brainsaw,mrsic_flogel,2021/02/27 11:41:30,2021/02/28 01:10:49,2021,48537.0,13.4825,48559.0,32359,212,1,2
neurovision|2021/02/27 18:13:27,neurovision,sjones,2021/02/27 18:13:27,2021/02/27 23:03:30,2021,17385.0,4.8292,17403.0,4904,130,1,1
brainsaw|2021/02/28 13:00:43,brainsaw,margrie,2021/02/28 13:00:43,2021/03/01 00:53:47,2021,42756.0,11.8767,42784.0,33103,242,1,2
neurovision|2021/02/28 13:00:51,neurovision,sjones,2021/02/28 13:00:51,2021/02/28 17:47:19,2021,17172.0,4.77,17188.0,4713,144,1,1
neurovision|2021/02/28 18:14:09,neurovision,sjones,2021/02/28 18:14:09,2021/02/28 22:44:57,2021,16227.0,4.5075,16248.0,4135,150,1,1
neurovision|2021/03/01 10:46:50,neurovision,sjones,2021/03/01 10:46:50,2021/03/01 19:10:44,2021,30204.0,8.39,30234.0,10261,257,1,1
brainsaw|2021/03/01 14:47:15,brainsaw,margrie,2021/03/01 14:47:15,2021/03/02 02:27:54,2021,42016.0,11.6711,42039.0,33018,230,1,2
brainsaw|2021/03/02 13:01:58,brainsaw,branco,2021/03/02 13:01:58,2021/03/02 21:23:05,2021,30041.0,8.3447,30067.0,22000,250,1,1
brainsaw|2021/03/03 11:00:14,brainsaw,margrie,2021/03/03 11:00:14,2021/03/03 18:05:55,2021,25512.0,7.0867,25541.0,16012,230,1,1
brainsaw|2021/03/03 19:22:50,brainsaw,margrie,2021/03/03 19:22:50,2021/03/04 16:15:18,2021,75123.0,20.8675,75148.0,63561,240,1,4
neurovision|2021/03/04 17:19:31,neurovision,mrsic_flogel,2021/03/04 17:19:31,2021/03/05 10:27:21,2021,61648.0,17.1244,61670.0,72655,250,1,6
brainsaw|2021/03/04 19:15:33,brainsaw,margrie,2021/03/04 19:15:33,2021/03/05 03:11:00,2021,28502.0,7.9172,28527.0,39617,220,1,2
neurovision|2021/03/05 18:53:10,neurovision,mrsic_flogel,2021/03/05 18:53:10,2021/03/06 05:52:45,2021,39553.0,10.9869,39575.0,45774,250,1,4
neurovision|2021/03/06 15:34:43,neurovision,mrsic_flogel,2021/03/06 15:34:43,2021/03/06 23:07:34,2021,27148.0,7.5411,27171.0,23297,209,1,2
brainsaw|2021/03/07 14:45:44,brainsaw,margrie,2021/03/07 14:45:44,2021/03/07 21:15:42,2021,23384.0,6.4956,23398.0,12166,210,1,1
brainsaw|2021/03/08 09:08:02,brainsaw,sjones,2021/03/08 09:08:02,2021/03/08 21:57:01,2021,46112.0,12.8089,46139.0,34639,290,1,2
neurovision|2021/03/08 13:22:55,neurovision,mrsic_flogel,2021/03/08 13:22:55,2021/03/09 18:57:08,2021,53026.0,14.7294,106453.0,104606,261,2,1
brainsaw|2021/03/09 08:41:13,brainsaw,sjones,2021/03/09 08:41:13,2021/03/09 15:25:00,2021,24211.0,6.7253,24227.0,25621,194,1,1
brainsaw|2021/03/09 15:48:43,brainsaw,sjones,2021/03/09 15:48:43,2021/03/10 05:54:48,2021,50736.0,14.0933,50765.0,39179,319,1,2
brainsaw|2021/03/10 10:53:41,brainsaw,branco,2021/03/10 10:53:41,2021/03/10 14:50:18,2021,14178.0,3.9383,14197.0,14906,160,1,1
neurovision|2021/03/10 11:57:39,neurovision,murray,2021/03/10 11:57:39,2021/03/11 02:05:30,2021,48512.0,13.4756,50871.0,31436,234,3,2
brainsaw|2021/03/10 16:47:16,brainsaw,branco,2021/03/10 16:47:16,2021/03/11 02:26:29,2021,34717.0,9.6436,34753.0,21228,300,1,1
brainsaw|2021/03/11 16:58:34,brainsaw,branco,2021/03/11 16:58:34,2021/03/12 02:16:02,2021,33411.0,9.2808,33448.0,19188,300,1,1
neurovision|2021/03/11 20:02:25,neurovision,mrsic_flogel,2021/03/11 20:02:25,2021/03/12 05:47:17,2021,35069.0,9.7414,35092.0,24954,230,1,1
neurovision|2021/03/12 10:31:23,neurovision,branco,2021/03/12 10:31:23,2021/03/12 16:23:47,2021,21117.0,5.8658,21144.0,15854,300,1,1
brainsaw|2021/03/12 12:31:44,brainsaw,mrsic_flogel,2021/03/12 12:31:44,2021/03/13 06:18:48,2021,63997.0,17.7769,64024.0,62324,250,1,4
brainsaw|2021/03/13 13:45:40,brainsaw,mrsic_flogel,2021/03/13 13:45:40,2021/03/14 04:19:07,2021,52384.0,14.5511,52407.0,49286,220,1,2
neurovision|2021/03/13 13:47:04,neurovision,mrsic_flogel,2021/03/13 13:47:04,2021/03/13 23:06:20,2021,33541.0,9.3169,33556.0,30877,215,1,2
brainsaw|2021/03/14 13:11:33,brainsaw,sjones,2021/03/14 13:11:33,2021/03/15 11:20:17,2021,79679.0,22.1331,79724.0,30195,228,1,1
brainsaw|2021/03/15 13:27:49,brainsaw,sjones,2021/03/15 13:27:49,2021/03/15 18:40:15,2021,18721.0,5.2003,18746.0,14574,226,1,1
brainsaw|2021/03/16 12:08:58,brainsaw,mrsic_flogel,2021/03/16 12:08:58,2021/03/16 22:01:54,2021,35559.0,9.8775,35576.0,29023,225,1,2
neurovision|2021/03/16 12:28:03,neurovision,sjones,2021/03/16 12:28:03,2021/03/17 13:41:00,2021,24350.0,6.7639,90777.0,39181,149,2,5
brainsaw|2021/03/16 17:32:07,brainsaw,murray,2021/03/16 17:32:07,2021/03/16 22:21:25,2021,17356.0,4.8211,17358.0,10727,255,1,1
brainsaw|2021/03/17 11:19:49,brainsaw,margrie,2021/03/17 11:19:49,2021/03/17 18:46:34,2021,26787.0,7.4408,26805.0,16209,169,1,1
brainsaw|2021/03/17 20:43:48,brainsaw,margrie,2021/03/17 20:43:48,2021/03/18 16:10:02,2021,69956.0,19.4322,69974.0,46043,198,1,2
neurovision|2021/03/18 10:31:09,neurovision,sjones,2021/03/18 10:31:09,2021/03/18 22:02:08,2021,41436.0,11.51,41459.0,65195,240,1,6
brainsaw|2021/03/18 17:46:30,brainsaw,margrie,2021/03/18 17:46:30,2021/03/19 10:54:19,2021,60994.0,16.9428,61669.0,18433,210,2,1
neurovision|2021/03/19 14:06:18,neurovision,sjones,2021/03/19 14:06:18,2021/03/20 04:14:16,2021,50849.0,14.1247,50878.0,30661,300,1,2
brainsaw|2021/03/19 17:45:19,brainsaw,sjones,2021/03/19 17:45:19,2021/03/20 01:52:41,2021,29211.0,8.1142,29242.0,12293,213,1,1
brainsaw|2021/03/20 13:21:08,brainsaw,mrsic_flogel,2021/03/20 13:21:08,2021/03/20 21:24:46,2021,28996.0,8.0544,29018.0,42336,196,1,1
neurovision|2021/03/20 15:04:51,neurovision,mrsic_flogel,2021/03/20 15:04:51,2021/03/22 23:05:01,2021,50402.0,14.0006,201610.0,30794,336,5,2
brainsaw|2021/03/21 14:10:44,brainsaw,branco,2021/03/21 14:10:44,2021/03/22 08:08:15,2021,64616.0,17.9489,64651.0,56100,300,1,2
brainsaw|2021/03/22 12:08:37,brainsaw,branco,2021/03/22 12:08:37,2021/03/23 02:33:25,2021,51868.0,14.4078,51888.0,44000,250,1,2
brainsaw|2021/03/23 11:16:35,brainsaw,sjones,2021/03/23 11:16:35,2021/03/23 21:22:14,2021,36307.0,10.0853,36339.0,27759,300,1,1
neurovision|2021/03/23 15:49:20,neurovision,mrsic_flogel,2021/03/23 15:49:20,2021/03/24 00:14:58,2021,30304.0,8.4178,30338.0,39877,299,1,5
brainsaw|2021/03/24 12:02:04,brainsaw,branco,2021/03/24 12:02:04,2021/03/25 02:16:12,2021,51231.0,14.2308,51248.0,29365,250,1,2
neurovision|2021/03/24 12:28:16,neurovision,mrsic_flogel,2021/03/24 12:28:16,2021/03/24 22:12:07,2021,35000.0,9.7222,35031.0,53761,310,1,5
brainsaw|2021/03/25 11:41:20,brainsaw,sjones,2021/03/25 11:41:20,2021/03/26 05:56:20,2021,65668.0,18.2411,65700.0,35283,300,1,2
neurovision|2021/03/25 15:47:54,neurovision,mrsic_flogel,2021/03/25 15:47:54,2021/03/26 03:14:46,2021,41189.0,11.4414,41212.0,50160,220,1,1
neurovision|2021/03/26 10:47:30,neurovision,sjones,2021/03/26 10:47:30,2021/03/27 05:36:29,2021,67703.0,18.8064,67739.0,14617,289,1,1
brainsaw|2021/03/27 16:47:46,brainsaw,margrie,2021/03/27 16:47:46,2021/03/27 22:44:18,2021,21373.0,5.9369,21392.0,13400,210,1,1
brainsaw|2021/03/28 11:56:05,brainsaw,margrie,2021/03/28 11:56:05,2021/03/28 17:11:51,2021,18926.0,5.2572,18946.0,12157,181,1,1
brainsaw|2021/03/28 18:27:29,brainsaw,margrie,2021/03/28 18:27:29,2021/03/29 07:11:07,2021,45796.0,12.7211,45818.0,15770,211,1,1
neurovision|2021/03/29 12:12:12,neurovision,branco,2021/03/29 12:12:12,2021/03/29 23:07:35,2021,39145.0,10.8736,39323.0,23129,201,1,3
brainsaw|2021/03/29 14:48:55,brainsaw,mrsic_flogel,2021/03/29 14:48:55,2021/03/30 00:20:34,2021,34283.0,9.5231,34299.0,32080,240,1,2
brainsaw|2021/03/30 10:52:31,brainsaw,mrsic_flogel,2021/03/30 10:52:31,2021/03/30 18:34:55,2021,27715.0,7.6986,27744.0,26116,275,1,1
neurovision|2021/03/30 12:24:25,neurovision,histology,2021/03/30 12:24:25,2021/03/30 18:07:27,2021,17631.0,4.8975,20582.0,13974,320,2,1
neurovision|2021/03/30 18:35:27,neurovision,mrsic_flogel,2021/03/30 18:35:27,2021/03/31 03:03:55,2021,30482.0,8.4672,30508.0,41118,289,1,5
brainsaw|2021/03/31 10:50:02,brainsaw,mrsic_flogel,2021/03/31 10:50:02,2021/03/31 21:31:30,2021,38462.0,10.6839,38488.0,52480,275,1,2
neurovision|2021/03/31 13:13:31,neurovision,histology,2021/03/31 13:13:31,2021/03/31 19:02:17,2021,20886.0,5.8017,20926.0,22942,320,1,1
brainsaw|2021/04/01 11:29:18,brainsaw,branco,2021/04/01 11:29:18,2021/04/01 22:11:28,2021,38489.0,10.6914,38530.0,29700,300,1,1
neurovision|2021/04/01 12:02:38,neurovision,branco,2021/04/01 12:02:38,2021/04/01 21:30:31,2021,34036.0,9.4544,34073.0,20000,250,1,1
neurovision|2021/04/02 11:24:42,neurovision,mrsic_flogel,2021/04/02 11:24:42,2021/04/03 01:05:29,2021,49223.0,13.6731,49247.0,56200,275,1,4
brainsaw|2021/04/02 11:35:19,brainsaw,mrsic_flogel,2021/04/02 11:35:19,2021/04/03 06:02:57,2021,66425.0,18.4514,66458.0,116581,275,1,4
brainsaw|2021/04/03 12:03:35,brainsaw,margrie,2021/04/03 12:03:35,2021/04/04 07:02:22,2021,68310.0,18.975,68327.0,19069,235,1,1
neurovision|2021/04/03 13:48:47,neurovision,mrsic_flogel,2021/04/03 13:48:47,2021/04/03 23:35:17,2021,35172.0,9.77,35190.0,22231,220,1,2
brainsaw|2021/04/04 16:23:46,brainsaw,margrie,2021/04/04 16:23:46,2021/04/04 22:51:36,2021,23247.0,6.4575,23270.0,15102,210,1,1
neurovision|2021/04/05 16:06:50,neurovision,mrsic_flogel,2021/04/05 16:06:50,2021/04/05 22:00:51,2021,20984.0,5.8289,21241.0,9169,204,2,1
brainsaw|2021/04/06 11:46:54,brainsaw,margrie,2021/04/06 11:46:54,2021/04/07 08:47:40,2021,75632.0,21.0089,75646.0,62452,204,1,4
neurovision|2021/04/06 18:53:43,neurovision,mrsic_flogel,2021/04/06 18:53:43,2021/04/07 05:04:21,2021,36628.0,10.1744,36638.0,32927,230,1,3
brainsaw|2021/04/07 11:11:09,brainsaw,sjones,2021/04/07 11:11:09,2021/04/07 15:37:39,2021,15773.0,4.3814,15990.0,12867,230,2,1
neurovision|2021/04/07 13:04:11,neurovision,mrsic_flogel,2021/04/07 13:04:11,2021/04/07 22:24:15,2021,33572.0,9.3256,33604.0,44146,278,1,5
brainsaw|2021/04/07 18:56:06,brainsaw,mrsic_flogel,2021/04/07 18:56:06,2021/04/08 00:48:57,2021,21146.0,5.8739,21171.0,21431,220,1,1
neurovision|2021/04/08 14:55:51,neurovision,histology;mrsic_flogel,2021/04/08 14:55:51,2021/04/09 07:05:45,2021,58164.0,16.1567,58194.0,114156,302,1,5
brainsaw|2021/04/08 15:58:33,brainsaw,margrie,2021/04/08 15:58:33,2021/04/09 08:29:57,2021,59466.0,16.5183,59484.0,44678,213,1,3
brainsaw|2021/04/09 10:03:48,brainsaw,sjones,2021/04/09 10:03:48,2021/04/09 16:05:03,2021,21647.0,6.0131,21675.0,19855,258,1,1
neurovision|2021/04/09 13:45:46,neurovision,mrsic_flogel,2021/04/09 13:45:46,2021/04/10 03:21:02,2021,48894.0,13.5817,48916.0,33637,220,1,3
neurovision|2021/04/10 13:57:33,neurovision,mrsic_flogel,2021/04/10 13:57:33,2021/04/11 02:36:42,2021,45514.0,12.6428,45549.0,17445,332,1,1
brainsaw|2021/04/10 17:02:22,brainsaw,margrie,2021/04/10 17:02:22,2021/04/10 22:59:12,2021,21395.0,5.9431,21410.0,13359,200,1,1
brainsaw|2021/04/11 10:12:25,brainsaw,sjones,2021/04/11 10:12:25,2021/04/11 18:06:14,2021,28404.0,7.89,28429.0,19747,262,1,1
neurovision|2021/04/11 13:31:23,neurovision,mrsic_flogel,2021/04/11 13:31:23,2021/04/12 04:44:35,2021,54777.0,15.2158,54792.0,33982,220,1,3
brainsaw|2021/04/12 09:16:28,brainsaw,sjones,2021/04/12 09:16:28,2021/04/12 16:14:03,2021,25033.0,6.9536,25055.0,16264,245,1,1
neurovision|2021/04/12 14:06:44,neurovision,mrsic_flogel,2021/04/12 14:06:44,2021/04/12 21:43:00,2021,27362.0,7.6006,27376.0,38368,225,1,3
brainsaw|2021/04/13 10:51:37,brainsaw,sjones,2021/04/13 10:51:37,2021/04/13 19:39:41,2021,31646.0,8.7906,31684.0,20007,306,1,1
neurovision|2021/04/13 13:26:29,neurovision,mrsic_flogel,2021/04/13 13:26:29,2021/04/14 06:01:09,2021,59654.0,16.5706,59680.0,44536,230,1,4
brainsaw|2021/04/14 14:51:52,brainsaw,margrie,2021/04/14 14:51:52,2021/04/15 02:37:48,2021,42331.0,11.7586,42356.0,13849,210,1,1
brainsaw|2021/04/15 12:55:29,brainsaw,branco,2021/04/15 12:55:29,2021/04/16 04:42:27,2021,56798.0,15.7772,56818.0,49500,250,1,2
brainsaw|2021/04/16 14:08:27,brainsaw,mrsic_flogel,2021/04/16 14:08:27,2021/04/17 00:48:51,2021,38408.0,10.6689,38424.0,66946,210,1,3
brainsaw|2021/04/17 13:38:27,brainsaw,margrie,2021/04/17 13:38:27,2021/04/18 05:20:16,2021,56487.0,15.6908,56509.0,57115,220,1,4
brainsaw|2021/04/18 15:40:22,brainsaw,branco,2021/04/18 15:40:22,2021/04/19 00:53:21,2021,33155.0,9.2097,33179.0,24750,250,1,1
neurovision|2021/04/19 12:31:02,neurovision,mrsic_flogel,2021/04/19 12:31:02,2021/04/19 18:22:27,2021,21064.0,5.8511,21085.0,12959,250,1,1
brainsaw|2021/04/19 14:23:11,brainsaw,mrsic_flogel,2021/04/19 14:23:11,2021/04/19 21:52:33,2021,26939.0,7.4831,26962.0,24327,247,1,1
brainsaw|2021/04/20 11:50:51,brainsaw,mrsic_flogel,2021/04/20 11:50:51,2021/04/21 05:57:48,2021,65198.0,18.1106,65217.0,34170,230,1,2
neurovision|2021/04/21 10:58:28,neurovision,mrsic_flogel,2021/04/21 10:58:28,2021/04/21 18:37:53,2021,27533.0,7.6481,27565.0,13398,246,1,1
brainsaw|2021/04/21 11:54:33,brainsaw,mrsic_flogel,2021/04/21 11:54:33,2021/04/21 23:31:56,2021,41814.0,11.615,41843.0,53803,260,1,2
brainsaw|2021/04/22 11:57:02,brainsaw,sjones,2021/04/22 11:57:02,2021/04/22 17:44:19,2021,20812.0,5.7811,20837.0,18331,300,1,1
neurovision|2021/04/22 14:57:12,neurovision,histology,2021/04/22 14:57:12,2021/04/23 02:49:59,2021,42741.0,11.8725,42767.0,81168,305,1,1
brainsaw|2021/04/22 21:50:31,brainsaw,mrsic_flogel,2021/04/22 21:50:31,2021/04/23 03:11:31,2021,19241.0,5.3447,19260.0,16815,230,1,1
brainsaw|2021/04/23 11:43:40,brainsaw,okeefe,2021/04/23 11:43:40,2021/04/23 22:05:43,2021,37299.0,10.3608,37323.0,55250,250,1,1
neurovision|2021/04/23 14:13:23,neurovision,histology;mrsic_flogel,2021/04/23 14:13:23,2021/04/23 22:09:56,2021,28576.0,7.9378,28593.0,35119,270,1,4
brainsaw|2021/04/24 19:44:42,brainsaw,mrsic_flogel,2021/04/24 19:44:42,2021/04/25 19:23:02,2021,85066.0,23.6294,85100.0,104811,217,1,3
neurovision|2021/04/26 11:06:31,neurovision,mrsic_flogel,2021/04/26 11:06:31,2021/04/26 19:03:29,2021,28599.0,7.9442,28618.0,31718,270,1,2
brainsaw|2021/04/26 13:34:30,brainsaw,branco,2021/04/26 13:34:30,2021/04/27 05:01:24,2021,55579.0,15.4386,55614.0,49500,250,1,2
neurovision|2021/04/26 20:49:43,neurovision,mrsic_flogel,2021/04/26 20:49:43,2021/04/27 01:57:41,2021,18453.0,5.1258,18478.0,14967,212,1,1
brainsaw|2021/04/27 11:16:57,brainsaw,mrsic_flogel,2021/04/27 11:16:57,2021/04/28 04:32:51,2021,62140.0,17.2611,62154.0,17961,270,1,1
neurovision|2021/04/28 12:49:54,neurovision,histology,2021/04/28 12:49:54,2021/04/28 19:50:59,2021,25227.0,7.0075,25265.0,21960,309,1,1
neurovision|2021/04/28 22:10:51,neurovision,mrsic_flogel,2021/04/28 22:10:51,2021/04/29 05:12:04,2021,25265.0,7.0181,25273.0,24753,140,1,4
brainsaw|2021/04/29 10:41:14,brainsaw,sjones,2021/04/29 10:41:14,2021/04/30 04:07:31,2021,62731.0,17.4253,62777.0,20650,251,1,1
neurovision|2021/04/29 12:55:19,neurovision,mrsic_flogel,2021/04/29 12:55:19,2021/04/30 02:57:05,2021,50480.0,14.0222,50506.0,65192,325,1,7
brainsaw|2021/04/30 10:31:07,brainsaw,sjones,2021/04/30 10:31:07,2021/04/30 21:57:25,2021,41145.0,11.4292,41178.0,69281,300,1,4
neurovision|2021/04/30 11:26:02,neurovision,mrsic_flogel,2021/04/30 11:26:02,2021/05/01 01:47:51,2021,51678.0,14.355,51709.0,30704,275,1,2
neurovision|2021/05/01 13:33:04,neurovision,sjones,2021/05/01 13:33:04,2021/05/02 11:09:42,2021,77770.0,21.6028,77798.0,25190,300,1,2
brainsaw|2021/05/01 15:22:25,brainsaw,mrsic_flogel,2021/05/01 15:22:25,2021/05/02 05:07:23,2021,49469.0,13.7414,49498.0,38861,321,1,2
brainsaw|2021/05/02 12:45:23,brainsaw,sjones,2021/05/02 12:45:23,2021/05/02 22:16:01,2021,34206.0,9.5017,34238.0,19396,340,1,1
brainsaw|2021/05/03 11:59:39,brainsaw,mrsic_flogel,2021/05/03 11:59:39,2021/05/03 17:37:35,2021,20264.0,5.6289,20276.0,10395,132,1,1
brainsaw|2021/05/03 18:14:47,brainsaw,sjones,2021/05/03 18:14:47,2021/05/03 22:35:36,2021,15628.0,4.3411,15649.0,11103,243,1,1
brainsaw|2021/05/04 11:04:44,brainsaw,margrie,2021/05/04 11:04:44,2021/05/04 23:29:40,2021,44667.0,12.4075,44696.0,82329,285,1,4
brainsaw|2021/05/05 10:42:59,brainsaw,margrie,2021/05/05 10:42:59,2021/05/06 04:12:59,2021,62963.0,17.4897,63000.0,61386,265,1,4
neurovision|2021/05/05 12:37:34,neurovision,histology,2021/05/05 12:37:34,2021/05/05 18:24:24,2021,20776.0,5.7711,20810.0,11566,340,1,1
neurovision|2021/05/06 12:36:09,neurovision,mrsic_flogel,2021/05/06 12:36:09,2021/05/07 07:50:54,2021,69263.0,19.2397,69285.0,118742,334,1,7
brainsaw|2021/05/07 12:47:01,brainsaw,mrsic_flogel,2021/05/07 12:47:01,2021/05/08 03:41:42,2021,53650.0,14.9028,53681.0,40209,303,1,2
neurovision|2021/05/10 11:15:29,neurovision,margrie,2021/05/10 11:15:29,2021/05/11 01:44:26,2021,51183.0,14.2175,52137.0,27967,339,2,2
neurovision|2021/05/11 12:37:26,neurovision,margrie,2021/05/11 12:37:26,2021/05/12 02:54:04,2021,51358.0,14.2661,51398.0,27266,350,1,2
neurovision|2021/05/12 14:39:08,neurovision,mrsic_flogel,2021/05/12 14:39:08,2021/05/13 08:28:58,2021,64163.0,17.8231,64190.0,122550,258,1,7
brainsaw|2021/05/12 15:05:08,brainsaw,mrsic_flogel,2021/05/12 15:05:08,2021/05/13 05:52:47,2021,53248.0,14.7911,53259.0,34714,250,1,4
brainsaw|2021/05/13 11:48:24,brainsaw,mrsic_flogel,2021/05/13 11:48:24,2021/05/14 02:45:52,2021,53822.0,14.9506,53848.0,37286,260,1,4
neurovision|2021/05/13 17:05:25,neurovision,histology;mrsic_flogel,2021/05/13 17:05:25,2021/05/14 00:57:22,2021,28289.0,7.8581,28317.0,25660,348,1,3
neurovision|2021/05/14 09:36:59,neurovision,sjones,2021/05/14 09:36:59,2021/05/14 12:53:58,2021,11799.0,3.2775,11819.0,10243,200,1,1
brainsaw|2021/05/14 12:02:42,brainsaw,margrie,2021/05/14 12:02:42,2021/05/15 00:54:10,2021,46261.0,12.8503,46288.0,50272,256,1,1
brainsaw|2021/05/15 13:43:00,brainsaw,mrsic_flogel,2021/05/15 13:43:00,2021/05/16 04:57:37,2021,54844.0,15.2344,54877.0,71593,335,1,1
brainsaw|2021/05/16 11:35:35,brainsaw,sjones,2021/05/16 11:35:35,2021/05/17 01:37:56,2021,50512.0,14.0311,50541.0,16559,327,1,1
neurovision|2021/05/17 13:15:35,neurovision,mrsic_flogel,2021/05/17 13:15:35,2021/05/18 04:28:21,2021,54738.0,15.205,54766.0,30091,344,1,2
brainsaw|2021/05/17 14:06:21,brainsaw,sjones,2021/05/17 14:06:21,2021/05/18 00:06:44,2021,36005.0,10.0014,36023.0,34937,200,1,2
brainsaw|2021/05/18 13:49:00,brainsaw,mrsic_flogel,2021/05/18 13:49:00,2021/05/18 19:16:38,2021,19632.0,5.4533,19658.0,12904,250,1,1
brainsaw|2021/05/19 10:44:54,brainsaw,margrie,2021/05/19 10:44:54,2021/05/20 02:04:50,2021,55167.0,15.3242,55196.0,31452,325,1,2
neurovision|2021/05/20 11:35:27,neurovision,histology,2021/05/20 11:35:27,2021/05/20 18:46:23,2021,25827.0,7.1742,25856.0,27540,340,1,1
brainsaw|2021/05/20 19:31:46,brainsaw,mrsic_flogel,2021/05/20 19:31:46,2021/05/21 01:41:01,2021,22131.0,6.1475,22155.0,12365,220,1,1
brainsaw|2021/05/21 17:11:42,brainsaw,mrsic_flogel,2021/05/21 17:11:42,2021/05/21 22:23:12,2021,18673.0,5.1869,18690.0,11456,208,1,1
brainsaw|2021/05/24 11:09:02,brainsaw,margrie,2021/05/24 11:09:02,2021/05/25 02:25:16,2021,54952.0,15.2644,54974.0,54351,270,1,4
brainsaw|2021/05/26 10:30:28,brainsaw,margrie,2021/05/26 10:30:28,2021/05/26 15:55:50,2021,19502.0,5.4172,19522.0,16312,221,1,1
neurovision|2021/05/26 14:25:49,neurovision,mrsic_flogel,2021/05/26 14:25:49,2021/05/27 03:54:35,2021,48500.0,13.4722,48526.0,86400,320,1,5
brainsaw|2021/05/26 17:42:20,brainsaw,margrie,2021/05/26 17:42:20,2021/05/27 07:49:52,2021,50828.0,14.1189,50852.0,47437,270,1,3
brainsaw|2021/05/28 12:21:57,brainsaw,sjones,2021/05/28 12:21:57,2021/05/28 18:10:23,2021,20884.0,5.8011,20906.0,12823,236,1,1
brainsaw|2021/05/31 15:35:30,brainsaw,sjones,2021/05/31 15:35:30,2021/05/31 21:32:34,2021,21409.0,5.9469,21424.0,13389,241,1,1
brainsaw|2021/06/01 11:58:23,brainsaw,histology,2021/06/01 11:58:23,2021/06/01 22:04:35,2021,36344.0,10.0956,36372.0,36063,276,1,1
brainsaw|2021/06/02 14:52:40,brainsaw,sjones,2021/06/02 14:52:40,2021/06/02 20:56:32,2021,21812.0,6.0589,21832.0,14520,251,1,1
neurovision|2021/06/02 15:47:24,neurovision,histology;mrsic_flogel,2021/06/02 15:47:24,2021/06/03 13:08:07,2021,76821.0,21.3392,76843.0,151000,302,1,7
brainsaw|2021/06/03 09:48:21,brainsaw,sjones,2021/06/03 09:48:21,2021/06/03 12:51:03,2021,10943.0,3.0397,10962.0,11306,150,1,1
neurovision|2021/06/04 11:26:35,neurovision,sjones,2021/06/04 11:26:35,2021/06/04 18:41:58,2021,26067.0,7.2408,26123.0,13863,257,1,1
brainsaw|2021/06/04 23:58:39,brainsaw,mrsic_flogel,2021/06/04 23:58:39,2021/06/05 06:21:40,2021,22949.0,6.3747,22981.0,17043,268,1,1
brainsaw|2021/06/05 17:30:57,brainsaw,mrsic_flogel,2021/06/05 17:30:57,2021/06/06 09:38:30,2021,58045.0,16.1236,58053.0,52920,140,1,5
brainsaw|2021/06/06 14:08:42,brainsaw,mrsic_flogel,2021/06/06 14:08:42,2021/06/06 21:22:00,2021,25983.0,7.2175,25998.0,17784,140,1,3
neurovision|2021/06/06 21:53:24,neurovision,mrsic_flogel,2021/06/06 21:53:24,2021/06/07 09:37:58,2021,42253.0,11.7369,42274.0,48001,197,1,4
neurovision|2021/06/07 11:43:59,neurovision,sjones,2021/06/07 11:43:59,2021/06/07 20:02:10,2021,29862.0,8.295,29891.0,15366,332,1,1
brainsaw|2021/06/07 15:04:17,brainsaw,sjones,2021/06/07 15:04:17,2021/06/07 22:45:44,2021,27667.0,7.6853,27687.0,16094,316,1,1
neurovision|2021/06/08 11:21:40,neurovision,mrsic_flogel,2021/06/08 11:21:40,2021/06/08 18:18:46,2021,25010.0,6.9472,25026.0,15335,303,1,1
brainsaw|2021/06/08 12:49:41,brainsaw,branco,2021/06/08 12:49:41,2021/06/08 21:11:46,2021,30106.0,8.3628,30125.0,22400,280,1,1
brainsaw|2021/06/09 11:09:48,brainsaw,sjones,2021/06/09 11:09:48,2021/06/09 23:38:02,2021,44864.0,12.4622,44894.0,36322,333,1,2
brainsaw|2021/06/10 11:22:40,brainsaw,mrsic_flogel,2021/06/10 11:22:40,2021/06/10 19:28:10,2021,29100.0,8.0833,29130.0,17829,297,1,1
brainsaw|2021/06/11 09:26:03,brainsaw,sjones,2021/06/11 09:26:03,2021/06/11 14:46:58,2021,19238.0,5.3439,19255.0,14946,250,1,1
neurovision|2021/06/11 11:06:17,neurovision,mrsic_flogel,2021/06/11 11:06:17,2021/06/11 20:38:07,2021,34295.0,9.5264,34310.0,50856,243,1,4
brainsaw|2021/06/11 22:26:13,brainsaw,mrsic_flogel,2021/06/11 22:26:13,2021/06/12 04:50:51,2021,23059.0,6.4053,23078.0,16003,275,1,1
brainsaw|2021/06/12 14:36:51,brainsaw,mrsic_flogel,2021/06/12 14:36:51,2021/06/13 03:51:42,2021,47672.0,13.2422,47691.0,53890,259,1,4
neurovision|2021/06/14 11:09:29,neurovision,mrsic_flogel,2021/06/14 11:09:29,2021/06/14 18:22:43,2021,25952.0,7.2089,25994.0,25495,283,1,2
brainsaw|2021/06/14 11:27:32,brainsaw,mrsic_flogel,2021/06/14 11:27:32,2021/06/14 23:40:03,2021,43917.0,12.1992,43951.0,38699,348,1,2
neurovision|2021/06/15 11:25:48,neurovision,mrsic_flogel,2021/06/15 11:25:48,2021/06/15 21:57:34,2021,37882.0,10.5228,37906.0,28666,283,1,2
brainsaw|2021/06/15 12:37:08,brainsaw,mrsic_flogel,2021/06/15 12:37:08,2021/06/16 03:57:52,2021,55211.0,15.3364,55244.0,68792,314,1,4
neurovision|2021/06/16 11:15:27,neurovision,mrsic_flogel,2021/06/16 11:15:27,2021/06/16 23:10:03,2021,42840.0,11.9,42876.0,48789,276,1,4
brainsaw|2021/06/16 12:11:29,brainsaw,margrie,2021/06/16 12:11:29,2021/06/16 22:52:55,2021,38467.0,10.6853,38486.0,38715,260,1,3
neurovision|2021/06/17 07:38:56,neurovision,sjones,2021/06/17 07:38:56,2021/06/17 13:49:16,2021,22212.0,6.17,22220.0,14408,128,1,1
brainsaw|2021/06/17 11:40:05,brainsaw,margrie,2021/06/17 11:40:05,2021/06/17 22:29:35,2021,38960.0,10.8222,38970.0,38171,260,1,3
brainsaw|2021/06/18 14:06:44,brainsaw,mrsic_flogel,2021/06/18 14:06:44,2021/06/18 23:49:15,2021,34931.0,9.7031,34951.0,24103,180,1,3
neurovision|2021/06/19 18:07:31,neurovision,mrsic_flogel,2021/06/19 18:07:31,2021/06/20 09:33:13,2021,55518.0,15.4217,55542.0,34621,218,1,2
brainsaw|2021/06/20 13:15:22,brainsaw,sjones,2021/06/20 13:15:22,2021/06/20 18:39:51,2021,19448.0,5.4022,19469.0,11780,235,1,1
neurovision|2021/06/20 16:27:37,neurovision,mrsic_flogel,2021/06/20 16:27:37,2021/06/20 23:07:22,2021,23959.0,6.6553,23985.0,20135,257,1,1
neurovision|2021/06/21 11:19:49,neurovision,margrie,2021/06/21 11:19:49,2021/06/21 17:41:05,2021,22845.0,6.3458,22876.0,17802,272,1,1
brainsaw|2021/06/21 14:22:30,brainsaw,mrsic_flogel,2021/06/21 14:22:30,2021/06/22 00:11:22,2021,35299.0,9.8053,35332.0,29812,270,1,2
neurovision|2021/06/21 19:25:55,neurovision,mrsic_flogel,2021/06/21 19:25:55,2021/06/22 08:37:50,2021,47494.0,13.1928,47515.0,74034,227,1,4
brainsaw|2021/06/22 11:14:55,brainsaw,margrie,2021/06/22 11:14:55,2021/06/22 21:29:27,2021,36856.0,10.2378,36872.0,12471,244,1,1
neurovision|2021/06/22 14:33:24,neurovision,mrsic_flogel,2021/06/22 14:33:24,2021/06/23 07:03:40,2021,59384.0,16.4956,59416.0,108741,304,1,7
brainsaw|2021/06/23 11:11:40,brainsaw,margrie,2021/06/23 11:11:40,2021/06/23 22:30:40,2021,40714.0,11.3094,40740.0,13976,233,1,1
neurovision|2021/06/23 11:34:05,neurovision,margrie,2021/06/23 11:34:05,2021/06/23 21:16:33,2021,34914.0,9.6983,34948.0,19270,291,1,1
neurovision|2021/06/23 22:10:44,neurovision,mrsic_flogel,2021/06/23 22:10:44,2021/06/24 11:02:36,2021,46291.0,12.8586,46312.0,71682,321,1,3
brainsaw|2021/06/23 23:18:11,brainsaw,mrsic_flogel,2021/06/23 23:18:11,2021/06/24 11:47:31,2021,44245.0,12.2903,44960.0,40162,160,2,5
neurovision|2021/06/24 12:51:37,neurovision,mrsic_flogel,2021/06/24 12:51:37,2021/06/25 05:01:47,2021,58168.0,16.1578,58210.0,101307,305,1,7
brainsaw|2021/06/24 16:41:58,brainsaw,mrsic_flogel,2021/06/24 16:41:58,2021/06/25 08:46:57,2021,57891.0,16.0808,57899.0,53347,175,1,6
neurovision|2021/06/25 11:05:57,neurovision,histology;mrsic_flogel,2021/06/25 11:05:57,2021/06/26 05:28:20,2021,66105.0,18.3625,66143.0,109428,352,1,7
brainsaw|2021/06/25 16:14:18,brainsaw,margrie,2021/06/25 16:14:18,2021/06/25 22:25:54,2021,22279.0,6.1886,22296.0,21495,200,1,2
neurovision|2021/06/26 15:12:04,neurovision,sjones,2021/06/26 15:12:04,2021/06/27 16:10:37,2021,89867.0,24.9631,89913.0,43091,302,1,1
brainsaw|2021/06/26 15:47:37,brainsaw,mrsic_flogel,2021/06/26 15:47:37,2021/06/27 07:35:28,2021,56848.0,15.7911,56871.0,47340,329,1,3
brainsaw|2021/06/27 13:16:40,brainsaw,mrsic_flogel,2021/06/27 13:16:40,2021/06/28 00:43:49,2021,31808.0,8.8356,41229.0,29975,287,2,2
brainsaw|2021/06/28 11:10:20,brainsaw,mrsic_flogel,2021/06/28 11:10:20,2021/06/28 23:03:22,2021,42742.0,11.8728,42782.0,64361,279,1,4
brainsaw|2021/06/30 12:19:07,brainsaw,margrie,2021/06/30 12:19:07,2021/06/30 19:00:29,2021,24071.0,6.6864,24082.0,29292,260,1,2
brainsaw|2021/07/02 13:13:37,brainsaw,mrsic_flogel,2021/07/02 13:13:37,2021/07/03 05:44:22,2021,59408.0,16.5022,59445.0,73166,384,1,5
brainsaw|2021/07/03 16:51:46,brainsaw,mrsic_flogel,2021/07/03 16:51:46,2021/07/04 08:09:52,2021,55045.0,15.2903,55086.0,62658,337,1,4
brainsaw|2021/07/04 15:49:37,brainsaw,mrsic_flogel,2021/07/04 15:49:37,2021/07/05 08:45:13,2021,60905.0,16.9181,60936.0,81360,356,1,5
brainsaw|2021/07/05 14:06:36,brainsaw,mrsic_flogel,2021/07/05 14:06:36,2021/07/06 03:05:34,2021,46708.0,12.9744,46738.0,51983,323,1,4
brainsaw|2021/07/06 14:27:38,brainsaw,margrie,2021/07/06 14:27:38,2021/07/07 03:01:35,2021,45225.0,12.5625,45237.0,44259,270,1,3
brainsaw|2021/07/08 14:16:22,brainsaw,margrie,2021/07/08 14:16:22,2021/07/08 21:03:37,2021,24420.0,6.7833,24435.0,29187,260,1,2
brainsaw|2021/07/10 16:04:29,brainsaw,sjones,2021/07/10 16:04:29,2021/07/10 21:37:25,2021,19954.0,5.5428,19976.0,13071,300,1,1
brainsaw|2021/07/11 14:04:11,brainsaw,sjones,2021/07/11 14:04:11,2021/07/11 18:41:13,2021,16609.0,4.6136,16622.0,12117,229,1,1
brainsaw|2021/07/12 10:38:34,brainsaw,okeefe,2021/07/12 10:38:34,2021/07/13 00:30:39,2021,49898.0,13.8606,49925.0,39431,318,1,1
brainsaw|2021/07/13 11:49:33,brainsaw,mrsic_flogel,2021/07/13 11:49:33,2021/07/14 07:48:36,2021,71916.0,19.9767,71943.0,103768,316,1,6
brainsaw|2021/07/14 11:07:50,brainsaw,margrie,2021/07/14 11:07:50,2021/07/14 21:17:09,2021,36531.0,10.1475,36559.0,36153,311,1,2
brainsaw|2021/07/15 13:29:30,brainsaw,mrsic_flogel,2021/07/15 13:29:30,2021/07/16 23:18:18,2021,121639.0,33.7886,121728.0,47663,364,1,3
brainsaw|2021/07/17 10:40:12,brainsaw,sjones,2021/07/17 10:40:12,2021/07/17 16:22:30,2021,20527.0,5.7019,20538.0,16979,250,1,1
brainsaw|2021/07/18 14:27:13,brainsaw,mrsic_flogel,2021/07/18 14:27:13,2021/07/19 03:56:55,2021,48550.0,13.4861,48582.0,32782,334,1,2
brainsaw|2021/07/19 17:43:04,brainsaw,mrsic_flogel,2021/07/19 17:43:04,2021/07/20 03:52:16,2021,36518.0,10.1439,36552.0,30323,342,1,2
brainsaw|2021/07/20 12:55:46,brainsaw,mrsic_flogel,2021/07/20 12:55:46,2021/07/20 21:46:01,2021,31788.0,8.83,31815.0,31869,277,1,3
brainsaw|2021/07/21 15:57:53,brainsaw,branco,2021/07/21 15:57:53,2021/07/22 00:22:24,2021,30250.0,8.4028,30271.0,24750,250,1,1
neurovision|2021/07/22 11:27:45,neurovision,margrie,2021/07/22 11:27:45,2021/07/22 23:36:23,2021,30648.0,8.5133,43718.0,32943,314,2,2
brainsaw|2021/07/22 11:57:24,brainsaw,sjones,2021/07/22 11:57:24,2021/07/22 18:39:23,2021,24096.0,6.6933,24119.0,15183,270,1,1
brainsaw|2021/07/23 11:37:14,brainsaw,sjones,2021/07/23 11:37:14,2021/07/24 00:10:35,2021,45174.0,12.5483,45201.0,11347,213,1,1
neurovision|2021/07/23 17:37:32,neurovision,mrsic_flogel,2021/07/23 17:37:32,2021/07/24 04:16:44,2021,38313.0,10.6425,38352.0,35973,342,1,2
brainsaw|2021/07/24 09:49:34,brainsaw,mrsic_flogel,2021/07/24 09:49:34,2021/07/25 02:47:34,2021,61058.0,16.9606,61080.0,69892,275,1,4
neurovision|2021/07/24 14:25:00,neurovision,mrsic_flogel,2021/07/24 14:25:00,2021/07/25 04:54:22,2021,52155.0,14.4875,52162.0,37563,140,1,5
brainsaw|2021/07/26 11:32:44,brainsaw,sjones,2021/07/26 11:32:44,2021/07/26 18:20:41,2021,24455.0,6.7931,24477.0,15074,274,1,1
neurovision|2021/07/26 11:52:40,neurovision,sjones,2021/07/26 11:52:40,2021/07/26 18:55:23,2021,25338.0,7.0383,25363.0,19391,320,1,1
neurovision|2021/07/27 11:32:41,neurovision,margrie,2021/07/27 11:32:41,2021/07/28 09:23:54,2021,78645.0,21.8458,78673.0,29020,258,1,2
brainsaw|2021/07/27 12:38:04,brainsaw,mrsic_flogel,2021/07/27 12:38:04,2021/07/28 00:02:50,2021,41056.0,11.4044,41086.0,15842,307,1,1
neurovision|2021/07/28 10:17:17,neurovision,margrie,2021/07/28 10:17:17,2021/07/29 00:56:26,2021,52716.0,14.6433,52749.0,16051,292,1,1
brainsaw|2021/07/28 14:00:15,brainsaw,branco,2021/07/28 14:00:15,2021/07/28 20:10:01,2021,22159.0,6.1553,22186.0,17500,250,1,1
brainsaw|2021/07/29 11:03:46,brainsaw,margrie,2021/07/29 11:03:46,2021/07/29 16:53:39,2021,20972.0,5.8256,20993.0,14567,207,1,1
neurovision|2021/07/29 11:25:36,neurovision,sjones,2021/07/29 11:25:36,2021/07/29 18:41:49,2021,26140.0,7.2611,26173.0,17903,300,1,1
brainsaw|2021/07/30 12:16:44,brainsaw,margrie,2021/07/30 12:16:44,2021/07/30 18:05:04,2021,20864.0,5.7956,20900.0,14352,208,1,1
brainsaw|2021/08/02 11:13:05,brainsaw,margrie,2021/08/02 11:13:05,2021/08/02 17:15:26,2021,21713.0,6.0314,21741.0,13343,246,1,1
neurovision|2021/08/02 13:17:39,neurovision,mrsic_flogel,2021/08/02 13:17:39,2021/08/02 23:38:45,2021,37225.0,10.3403,37266.0,54069,265,1,4
neurovision|2021/08/03 12:00:44,neurovision,mrsic_flogel,2021/08/03 12:00:44,2021/08/04 02:43:55,2021,52966.0,14.7128,52991.0,58346,292,1,5
brainsaw|2021/08/04 09:43:22,brainsaw,sjones,2021/08/04 09:43:22,2021/08/05 05:49:10,2021,69944.0,19.4289,72348.0,88168,190,3,6
neurovision|2021/08/04 11:56:54,neurovision,mrsic_flogel,2021/08/04 11:56:54,2021/08/05 05:32:38,2021,62561.0,17.3781,63344.0,96333,314,2,6
neurovision|2021/08/05 10:14:50,neurovision,sjones,2021/08/05 10:14:50,2021/08/06 09:11:16,2021,82562.0,22.9339,82586.0,89948,250,1,5
brainsaw|2021/08/05 15:43:27,brainsaw,mrsic_flogel,2021/08/05 15:43:27,2021/08/05 23:52:06,2021,29280.0,8.1333,29319.0,16671,324,1,1
brainsaw|2021/08/06 12:31:32,brainsaw,sjones,2021/08/06 12:31:32,2021/08/06 16:40:15,2021,14899.0,4.1386,14923.0,11421,200,1,1
neurovision|2021/08/06 15:06:48,neurovision,histology;mrsic_flogel,2021/08/06 15:06:48,2021/08/07 07:20:46,2021,58404.0,16.2233,58438.0,94401,334,1,7
brainsaw|2021/08/06 19:01:01,brainsaw,sjones,2021/08/06 19:01:01,2021/08/07 02:57:39,2021,28556.0,7.9322,28598.0,16404,309,1,1
brainsaw|2021/08/07 10:27:53,brainsaw,mrsic_flogel,2021/08/07 10:27:53,2021/08/07 20:37:10,2021,36533.0,10.1481,36557.0,43571,264,1,3
brainsaw|2021/08/08 15:10:03,brainsaw,sjones,2021/08/08 15:10:03,2021/08/08 22:01:26,2021,24651.0,6.8475,24683.0,15504,326,1,1
neurovision|2021/08/09 11:30:13,neurovision,mrsic_flogel,2021/08/09 11:30:13,2021/08/09 23:25:58,2021,42922.0,11.9228,42945.0,64440,273,1,4
brainsaw|2021/08/09 11:51:17,brainsaw,akrami,2021/08/09 11:51:17,2021/08/10 03:49:35,2021,57457.0,15.9603,57498.0,57733,455,1,1
neurovision|2021/08/10 11:19:50,neurovision,mrsic_flogel,2021/08/10 11:19:50,2021/08/11 01:07:47,2021,49646.0,13.7906,49677.0,67863,346,1,4
brainsaw|2021/08/11 11:13:32,brainsaw,mrsic_flogel,2021/08/11 11:13:32,2021/08/12 00:23:48,2021,47386.0,13.1628,47416.0,68755,350,1,4
neurovision|2021/08/11 13:09:12,neurovision,mrsic_flogel,2021/08/11 13:09:12,2021/08/12 03:14:16,2021,50681.0,14.0781,50704.0,72794,378,1,4
brainsaw|2021/08/12 12:23:22,brainsaw,sjones,2021/08/12 12:23:22,2021/08/12 19:01:27,2021,23867.0,6.6297,23885.0,14738,267,1,1
neurovision|2021/08/12 16:52:38,neurovision,mrsic_flogel,2021/08/12 16:52:38,2021/08/13 06:59:04,2021,50759.0,14.0997,50786.0,73758,303,1,7
neurovision|2021/08/13 17:56:58,neurovision,mrsic_flogel,2021/08/13 17:56:58,2021/08/14 18:35:30,2021,88680.0,24.6333,88712.0,191268,322,1,7
brainsaw|2021/08/13 18:39:43,brainsaw,sjones,2021/08/13 18:39:43,2021/08/14 04:01:32,2021,33679.0,9.3553,33709.0,26649,330,1,2
brainsaw|2021/08/16 15:02:03,brainsaw,sjones,2021/08/16 15:02:03,2021/08/17 02:10:44,2021,40095.0,11.1375,40121.0,30873,300,1,2
neurovision|2021/08/16 15:40:54,neurovision,sjones,2021/08/16 15:40:54,2021/08/17 06:53:04,2021,54703.0,15.1953,54730.0,33061,300,1,2
neurovision|2021/08/17 11:52:37,neurovision,sjones,2021/08/17 11:52:37,2021/08/17 23:15:45,2021,40954.0,11.3761,40988.0,67004,300,1,4
brainsaw|2021/08/18 12:31:45,brainsaw,mrsic_flogel,2021/08/18 12:31:45,2021/08/19 09:40:38,2021,76074.0,21.1317,76133.0,112671,347,1,6
neurovision|2021/08/18 15:40:59,neurovision,histology;mrsic_flogel,2021/08/18 15:40:59,2021/08/19 05:49:29,2021,50887.0,14.1353,50910.0,83828,313,1,7
brainsaw|2021/08/19 11:21:27,brainsaw,mrsic_flogel,2021/08/19 11:21:27,2021/08/19 17:35:16,2021,22413.0,6.2258,22429.0,15829,121,1,3
neurovision|2021/08/19 17:43:14,neurovision,mrsic_flogel,2021/08/19 17:43:14,2021/08/20 04:19:22,2021,38133.0,10.5925,38168.0,57035,305,1,5
brainsaw|2021/08/19 18:13:37,brainsaw,mrsic_flogel,2021/08/19 18:13:37,2021/08/20 05:00:07,2021,38774.0,10.7706,38790.0,30611,164,1,4
brainsaw|2021/08/20 11:58:31,brainsaw,mrsic_flogel,2021/08/20 11:58:31,2021/08/20 19:59:14,2021,28826.0,8.0072,28843.0,22980,118,1,4
brainsaw|2021/08/20 20:45:33,brainsaw,mrsic_flogel,2021/08/20 20:45:33,2021/08/21 09:08:37,2021,44569.0,12.3803,44584.0,37139,160,1,5
neurovision|2021/08/22 10:22:36,neurovision,mrsic_flogel,2021/08/22 10:22:36,2021/08/23 04:39:23,2021,65784.0,18.2733,65807.0,105132,275,1,6
brainsaw|2021/08/22 12:13:29,brainsaw,mrsic_flogel,2021/08/22 12:13:29,2021/08/23 06:06:54,2021,64390.0,17.8861,64405.0,92005,269,1,6
brainsaw|2021/08/23 12:20:17,brainsaw,sjones,2021/08/23 12:20:17,2021/08/24 03:10:04,2021,53355.0,14.8208,53387.0,31900,300,1,2
neurovision|2021/08/23 12:33:01,neurovision,sjones,2021/08/23 12:33:01,2021/08/24 09:48:19,2021,76491.0,21.2475,76518.0,31450,269,1,2
neurovision|2021/08/24 10:47:15,neurovision,mrsic_flogel,2021/08/24 10:47:15,2021/08/24 21:26:11,2021,38304.0,10.64,38336.0,41363,275,1,2
brainsaw|2021/08/24 11:44:24,brainsaw,mrsic_flogel,2021/08/24 11:44:24,2021/08/24 17:27:09,2021,20553.0,5.7092,20565.0,14276,113,1,3
brainsaw|2021/08/24 18:31:05,brainsaw,mrsic_flogel,2021/08/24 18:31:05,2021/08/25 09:58:59,2021,55666.0,15.4628,55674.0,51076,132,1,7
brainsaw|2021/08/25 13:18:18,brainsaw,sjones,2021/08/25 13:18:18,2021/08/25 20:58:06,2021,27554.0,7.6539,27588.0,16736,300,1,1
neurovision|2021/08/25 17:00:10,neurovision,mrsic_flogel,2021/08/25 17:00:10,2021/08/26 11:30:35,2021,66595.0,18.4986,66625.0,133446,305,1,7
brainsaw|2021/08/26 14:02:57,brainsaw,sjones,2021/08/26 14:02:57,2021/08/26 20:52:31,2021,24537.0,6.8158,24574.0,13194,290,1,1
brainsaw|2021/08/27 11:09:30,brainsaw,branco,2021/08/27 11:09:30,2021/08/27 18:40:18,2021,27029.0,7.5081,27048.0,22500,250,1,1
neurovision|2021/08/30 11:02:57,neurovision,mrsic_flogel,2021/08/30 11:02:57,2021/08/30 21:30:08,2021,33733.0,9.3703,37631.0,39901,357,2,2
brainsaw|2021/08/30 11:18:57,brainsaw,murray,2021/08/30 11:18:57,2021/08/30 20:56:47,2021,34635.0,9.6208,34670.0,26000,325,1,3
neurovision|2021/08/31 11:47:53,neurovision,murray,2021/08/31 11:47:53,2021/09/01 00:48:12,2021,46555.0,12.9319,46819.0,39000,300,2,4
brainsaw|2021/09/01 16:12:56,brainsaw,murray,2021/09/01 16:12:56,2021/09/02 02:13:51,2021,36026.0,10.0072,36055.0,49140,252,1,7
neurovision|2021/09/02 13:44:43,neurovision,mrsic_flogel,2021/09/02 13:44:43,2021/09/03 13:00:18,2021,83711.0,23.2531,83735.0,178640,290,1,7
brainsaw|2021/09/02 15:23:49,brainsaw,sjones,2021/09/02 15:23:49,2021/09/02 21:36:39,2021,22023.0,6.1175,22370.0,21763,255,2,1
brainsaw|2021/09/03 14:01:44,brainsaw,sjones,2021/09/03 14:01:44,2021/09/03 19:28:10,2021,19564.0,5.4344,19586.0,14863,251,1,1
brainsaw|2021/09/04 13:32:14,brainsaw,sjones,2021/09/04 13:32:14,2021/09/04 19:19:12,2021,20784.0,5.7733,20818.0,14376,255,1,1
brainsaw|2021/09/05 13:57:10,brainsaw,sjones,2021/09/05 13:57:10,2021/09/05 19:37:54,2021,20427.0,5.6742,20444.0,13442,253,1,1
brainsaw|2021/09/06 12:09:46,brainsaw,margrie,2021/09/06 12:09:46,2021/09/06 19:24:14,2021,26048.0,7.2356,26068.0,12721,220,1,1
brainsaw|2021/09/07 11:49:33,brainsaw,margrie,2021/09/07 11:49:33,2021/09/07 15:41:58,2021,13926.0,3.8683,13945.0,11557,187,1,1
brainsaw|2021/09/07 16:12:06,brainsaw,margrie,2021/09/07 16:12:06,2021/09/07 23:08:49,2021,24977.0,6.9381,25003.0,11497,210,1,1
brainsaw|2021/09/08 10:29:02,brainsaw,margrie,2021/09/08 10:29:02,2021/09/08 17:12:48,2021,24196.0,6.7211,24226.0,14282,270,1,1
neurovision|2021/09/08 10:51:28,neurovision,margrie,2021/09/08 10:51:28,2021/09/08 21:12:14,2021,37221.0,10.3392,37246.0,51374,260,1,4
brainsaw|2021/09/10 14:48:20,brainsaw,margrie,2021/09/10 14:48:20,2021/09/11 02:05:38,2021,40610.0,11.2806,40638.0,29075,268,1,2
brainsaw|2021/09/11 14:34:17,brainsaw,margrie,2021/09/11 14:34:17,2021/09/11 19:08:03,2021,16407.0,4.5575,16426.0,11138,210,1,1
neurovision|2021/09/12 15:47:12,neurovision,mrsic_flogel,2021/09/12 15:47:12,2021/09/12 22:52:51,2021,25513.0,7.0869,25539.0,32622,245,1,2
brainsaw|2021/09/12 17:23:35,brainsaw,mrsic_flogel,2021/09/12 17:23:35,2021/09/13 08:37:14,2021,54798.0,15.2217,54819.0,64541,308,1,4
neurovision|2021/09/13 10:30:04,neurovision,murray,2021/09/13 10:30:04,2021/09/13 21:00:57,2021,37737.0,10.4825,37853.0,55488,204,1,6
brainsaw|2021/09/13 12:06:53,brainsaw,margrie,2021/09/13 12:06:53,2021/09/13 21:54:59,2021,35268.0,9.7967,35286.0,10788,210,1,1
brainsaw|2021/09/14 11:07:33,brainsaw,margrie,2021/09/14 11:07:33,2021/09/14 17:29:01,2021,22866.0,6.3517,22888.0,13331,263,1,1
neurovision|2021/09/14 11:11:16,neurovision,mrsic_flogel,2021/09/14 11:11:16,2021/09/15 00:58:21,2021,49587.0,13.7742,49625.0,76011,302,1,7
brainsaw|2021/09/15 11:24:26,brainsaw,murray,2021/09/15 11:24:26,2021/09/15 21:40:15,2021,36902.0,10.2506,36949.0,32747,318,1,2
neurovision|2021/09/15 11:40:18,neurovision,mrsic_flogel,2021/09/15 11:40:18,2021/09/16 08:32:22,2021,75076.0,20.8544,75124.0,115176,365,1,6
brainsaw|2021/09/16 13:08:05,brainsaw,mrsic_flogel,2021/09/16 13:08:05,2021/09/17 05:33:52,2021,59103.0,16.4175,59147.0,61585,301,1,5
neurovision|2021/09/16 18:30:24,neurovision,mrsic_flogel,2021/09/16 18:30:24,2021/09/17 05:55:50,2021,41098.0,11.4161,41126.0,59155,293,1,4
brainsaw|2021/09/17 12:25:02,brainsaw,sjones,2021/09/17 12:25:02,2021/09/17 15:13:01,2021,10059.0,2.7942,10079.0,6302,134,1,1
neurovision|2021/09/17 13:02:39,neurovision,mrsic_flogel,2021/09/17 13:02:39,2021/09/19 17:06:30,2021,38703.0,10.7508,187431.0,40953,219,12,3
brainsaw|2021/09/17 15:35:30,brainsaw,sjones,2021/09/17 15:35:30,2021/09/17 18:17:47,2021,9708.0,2.6967,9737.0,6696,141,1,1
brainsaw|2021/09/17 18:51:15,brainsaw,sjones,2021/09/17 18:51:15,2021/09/18 00:06:34,2021,18886.0,5.2461,18919.0,10992,261,1,1
brainsaw|2021/09/20 10:01:38,brainsaw,margrie,2021/09/20 10:01:38,2021/09/20 20:03:33,2021,36084.0,10.0233,36115.0,27503,269,1,2
neurovision|2021/09/20 11:35:18,neurovision,margrie,2021/09/20 11:35:18,2021/09/20 16:00:03,2021,15735.0,4.3708,15885.0,11682,224,2,1
brainsaw|2021/09/21 11:00:14,brainsaw,akrami,2021/09/21 11:00:14,2021/09/22 10:43:58,2021,85396.0,23.7211,85424.0,42582,461,1,1
neurovision|2021/09/21 18:27:51,neurovision,mrsic_flogel,2021/09/21 18:27:51,2021/09/22 03:13:38,2021,31526.0,8.7572,31547.0,27923,336,1,3
brainsaw|2021/09/22 13:28:48,brainsaw,branco,2021/09/22 13:28:48,2021/09/23 07:42:41,2021,65606.0,18.2239,65633.0,47250,250,1,2
neurovision|2021/09/22 15:20:20,neurovision,akrami,2021/09/22 15:20:20,2021/09/23 13:04:22,2021,78176.0,21.7156,78242.0,50504,484,1,1
brainsaw|2021/09/23 14:16:16,brainsaw,mrsic_flogel,2021/09/23 14:16:16,2021/09/24 06:10:06,2021,57186.0,15.885,57230.0,59678,344,1,3
neurovision|2021/09/23 17:48:22,neurovision,mrsic_flogel,2021/09/23 17:48:22,2021/09/24 07:07:41,2021,47925.0,13.3125,47959.0,71625,316,1,4
neurovision|2021/09/24 13:54:10,neurovision,sjones,2021/09/24 13:54:10,2021/09/24 18:19:53,2021,15923.0,4.4231,15943.0,10457,238,1,1
neurovision|2021/09/25 10:54:57,neurovision,sjones,2021/09/25 10:54:57,2021/09/25 15:30:57,2021,16537.0,4.5936,16560.0,12186,224,1,1
brainsaw|2021/09/25 13:33:25,brainsaw,mrsic_flogel,2021/09/25 13:33:25,2021/09/26 03:26:41,2021,49963.0,13.8786,49996.0,73078,316,1,4
brainsaw|2021/09/27 11:07:18,brainsaw,murray,2021/09/27 11:07:18,2021/09/28 02:37:50,2021,55811.0,15.5031,55832.0,59306,309,1,3
neurovision|2021/09/27 11:35:25,neurovision,mrsic_flogel,2021/09/27 11:35:25,2021/09/27 23:53:25,2021,44249.0,12.2914,44280.0,68008,319,1,4
brainsaw|2021/09/28 10:45:39,brainsaw,margrie,2021/09/28 10:45:39,2021/09/28 18:39:32,2021,27395.0,7.6097,28433.0,13601,266,4,1
neurovision|2021/09/28 11:31:21,neurovision,murray,2021/09/28 11:31:21,2021/09/29 08:38:28,2021,73716.0,20.4767,76027.0,31122,133,1,5
neurovision|2021/09/29 10:40:56,neurovision,margrie,2021/09/29 10:40:56,2021/09/29 15:47:38,2021,18384.0,5.1067,18402.0,9065,132,1,1
brainsaw|2021/09/29 12:12:46,brainsaw,margrie,2021/09/29 12:12:46,2021/09/29 17:18:24,2021,18318.0,5.0883,18338.0,10995,210,1,1
neurovision|2021/09/29 18:48:15,neurovision,murray,2021/09/29 18:48:15,2021/09/29 20:53:50,2021,7525.0,2.0903,7535.0,2424,80,1,1
brainsaw|2021/09/29 19:17:35,brainsaw,margrie,2021/09/29 19:17:35,2021/09/30 01:46:13,2021,23296.0,6.4711,23318.0,11312,210,1,1
neurovision|2021/09/30 11:05:51,neurovision,mrsic_flogel,2021/09/30 11:05:51,2021/10/01 02:14:45,2021,54515.0,15.1431,54534.0,85970,281,1,2
brainsaw|2021/09/30 11:21:49,brainsaw,branco,2021/09/30 11:21:49,2021/09/30 20:32:32,2021,33021.0,9.1725,33043.0,27000,250,1,1
brainsaw|2021/10/01 16:58:28,brainsaw,sjones,2021/10/01 16:58:28,2021/10/02 00:01:33,2021,25366.0,7.0461,25385.0,37215,172,1,2
brainsaw|2021/10/02 00:29:23,brainsaw,mrsic_flogel,2021/10/02 00:29:23,2021/10/02 10:45:14,2021,36929.0,10.2581,36951.0,44261,247,1,3
brainsaw|2021/10/03 16:21:08,brainsaw,mrsic_flogel,2021/10/03 16:21:08,2021/10/04 04:43:00,2021,44481.0,12.3558,44512.0,36724,324,1,2
brainsaw|2021/10/04 17:24:15,brainsaw,sjones,2021/10/04 17:24:15,2021/10/05 02:26:23,2021,32507.0,9.0297,32528.0,22754,219,1,1
brainsaw|2021/10/05 18:39:02,brainsaw,sjones,2021/10/05 18:39:02,2021/10/06 04:46:46,2021,36439.0,10.1219,36464.0,39949,292,1,3
brainsaw|2021/10/06 13:02:55,brainsaw,margrie,2021/10/06 13:02:55,2021/10/06 18:55:09,2021,21114.0,5.865,21134.0,14546,200,1,1
brainsaw|2021/10/07 13:49:13,brainsaw,sjones,2021/10/07 13:49:13,2021/10/07 23:51:31,2021,36105.0,10.0292,36138.0,18639,357,1,1
brainsaw|2021/10/08 11:48:54,brainsaw,margrie,2021/10/08 11:48:54,2021/10/08 22:49:35,2021,39596.0,10.9989,39641.0,14173,219,1,1
brainsaw|2021/10/09 14:22:22,brainsaw,margrie,2021/10/09 14:22:22,2021/10/10 02:50:04,2021,44845.0,12.4569,44862.0,45019,194,1,4
brainsaw|2021/10/11 12:20:33,brainsaw,akrami,2021/10/11 12:20:33,2021/10/12 09:19:59,2021,75529.0,20.9803,75566.0,45770,424,1,1
brainsaw|2021/10/12 09:57:47,brainsaw,mrsic_flogel,2021/10/12 09:57:47,2021/10/12 23:57:40,2021,50359.0,13.9886,50393.0,65407,331,1,3
organgrinder|2021/10/12 10:50:34,organgrinder,murray,2021/10/12 10:50:34,2021/10/12 14:21:27,2021,12362.0,3.4339,12653.0,3328,127,3,6
organgrinder|2021/10/13 10:42:45,organgrinder,akrami,2021/10/13 10:42:45,2021/10/14 04:04:55,2021,62502.0,17.3617,62530.0,40379,474,1,1
brainsaw|2021/10/13 13:52:54,brainsaw,mrsic_flogel,2021/10/13 13:52:54,2021/10/14 02:36:16,2021,45773.0,12.7147,45802.0,64968,313,1,4
organgrinder|2021/10/14 11:08:16,organgrinder,akrami,2021/10/14 11:08:16,2021/10/15 11:54:53,2021,89182.0,24.7728,89197.0,61951,349,1,2
brainsaw|2021/10/14 13:52:02,brainsaw,mrsic_flogel,2021/10/14 13:52:02,2021/10/15 06:33:17,2021,60035.0,16.6764,60075.0,67156,335,1,4
brainsaw|2021/10/15 17:28:13,brainsaw,mrsic_flogel,2021/10/15 17:28:13,2021/10/16 08:07:14,2021,52697.0,14.6381,52741.0,57688,312,1,4
brainsaw|2021/10/18 09:29:47,brainsaw,murray,2021/10/18 09:29:47,2021/10/18 14:24:41,2021,15064.0,4.1844,17694.0,4868,146,3,6
organgrinder|2021/10/18 14:57:12,organgrinder,akrami,2021/10/18 14:57:12,2021/10/19 19:22:40,2021,102315.0,28.4208,102328.0,50235,277,1,2
brainsaw|2021/10/19 09:44:22,brainsaw,murray,2021/10/19 09:44:22,2021/10/20 07:57:47,2021,79962.0,22.2117,80005.0,121601,311,1,3
brainsaw|2021/10/20 16:31:23,brainsaw,sjones,2021/10/20 16:31:23,2021/10/20 18:06:36,2021,5694.0,1.5817,5713.0,3999,77,1,1
brainsaw|2021/10/20 18:30:38,brainsaw,sjones,2021/10/20 18:30:38,2021/10/21 01:27:04,2021,24958.0,6.9328,24986.0,12434,294,1,1
organgrinder|2021/10/21 12:04:25,organgrinder,akrami,2021/10/21 12:04:25,2021/10/22 13:40:59,2021,92191.0,25.6086,92194.0,52935,281,1,2
brainsaw|2021/10/21 18:07:59,brainsaw,sjones,2021/10/21 18:07:59,2021/10/22 00:27:44,2021,22759.0,6.3219,22785.0,11315,247,1,1
brainsaw|2021/10/23 16:47:13,brainsaw,margrie,2021/10/23 16:47:13,2021/10/24 01:44:14,2021,32198.0,8.9439,32221.0,11140,210,1,1
brainsaw|2021/10/24 12:12:09,brainsaw,mrsic_flogel,2021/10/24 12:12:09,2021/10/25 00:48:23,2021,45351.0,12.5975,45374.0,49236,327,1,3
brainsaw|2021/10/25 11:08:04,brainsaw,margrie,2021/10/25 11:08:04,2021/10/25 22:45:21,2021,41810.0,11.6139,41837.0,17191,231,1,1
brainsaw|2021/10/26 12:49:09,brainsaw,sjones,2021/10/26 12:49:09,2021/10/27 02:13:29,2021,48234.0,13.3983,48260.0,41035,316,1,2
brainsaw|2021/10/27 13:50:45,brainsaw,mrsic_flogel,2021/10/27 13:50:45,2021/10/28 08:09:43,2021,65895.0,18.3042,65938.0,72239,296,1,7
brainsaw|2021/10/28 10:44:02,brainsaw,margrie,2021/10/28 10:44:02,2021/10/28 18:32:41,2021,28098.0,7.805,28119.0,11698,220,1,1
brainsaw|2021/10/31 16:17:44,brainsaw,mrsic_flogel,2021/10/31 16:17:44,2021/11/01 06:22:25,2021,50642.0,14.0672,50681.0,50984,378,1,3
brainsaw|2021/11/01 14:15:56,brainsaw,branco,2021/11/01 14:15:56,2021/11/01 22:06:04,2021,28189.0,7.8303,28208.0,22000,250,1,1
brainsaw|2021/11/02 12:12:16,brainsaw,margrie,2021/11/02 12:12:16,2021/11/02 21:58:21,2021,35134.0,9.7594,35165.0,47736,234,1,2
neurovision|2021/11/02 13:35:49,neurovision,sjones,2021/11/02 13:35:49,2021/11/02 17:13:24,2021,13016.0,3.6156,13055.0,16493,123,1,2
neurovision|2021/11/03 11:36:01,neurovision,mrsic_flogel,2021/11/03 11:36:01,2021/11/04 07:33:31,2021,71829.0,19.9525,71850.0,108996,338,1,6
brainsaw|2021/11/03 15:34:24,brainsaw,margrie,2021/11/03 15:34:24,2021/11/03 21:00:15,2021,19531.0,5.4253,19551.0,12440,210,1,1
neurovision|2021/11/04 11:46:29,neurovision,sjones,2021/11/04 11:46:29,2021/11/04 16:30:50,2021,17037.0,4.7325,17061.0,16419,184,1,2
brainsaw|2021/11/04 12:55:07,brainsaw,mrsic_flogel,2021/11/04 12:55:07,2021/11/05 03:33:29,2021,52664.0,14.6289,52702.0,73984,300,1,7
neurovision|2021/11/05 10:59:17,neurovision,mrsic_flogel,2021/11/05 10:59:17,2021/11/06 03:30:31,2021,59447.0,16.5131,59474.0,98245,317,1,6
brainsaw|2021/11/05 11:29:42,brainsaw,mrsic_flogel,2021/11/05 11:29:42,2021/11/06 09:42:19,2021,79931.0,22.2031,79957.0,107322,339,1,6
brainsaw|2021/11/06 15:09:04,brainsaw,margrie,2021/11/06 15:09:04,2021/11/07 03:15:26,2021,43562.0,12.1006,43582.0,30135,201,1,1
neurovision|2021/11/06 18:11:03,neurovision,sjones,2021/11/06 18:11:03,2021/11/06 21:58:25,2021,13629.0,3.7858,13642.0,8847,166,1,1
brainsaw|2021/11/08 11:30:43,brainsaw,branco,2021/11/08 11:30:43,2021/11/08 18:11:16,2021,23997.0,6.6658,24033.0,24750,250,1,1
brainsaw|2021/11/09 14:49:24,brainsaw,sjones,2021/11/09 14:49:24,2021/11/09 23:25:27,2021,30922.0,8.5894,30963.0,14855,250,1,1
brainsaw|2021/11/10 09:22:14,brainsaw,mrsic_flogel,2021/11/10 09:22:14,2021/11/10 14:48:55,2021,19582.0,5.4394,19601.0,15021,298,1,2
neurovision|2021/11/10 13:26:18,neurovision,mrsic_flogel,2021/11/10 13:26:18,2021/11/11 05:47:33,2021,58846.0,16.3461,58875.0,36547,320,1,2
brainsaw|2021/11/10 17:38:23,brainsaw,sjones,2021/11/10 17:38:23,2021/11/11 02:12:10,2021,30800.0,8.5556,30827.0,16922,282,1,1
brainsaw|2021/11/11 12:12:00,brainsaw,mrsic_flogel,2021/11/11 12:12:00,2021/11/12 03:52:18,2021,56390.0,15.6639,56418.0,75308,307,1,4
brainsaw|2021/11/12 13:53:40,brainsaw,mrsic_flogel,2021/11/12 13:53:40,2021/11/13 05:37:21,2021,56577.0,15.7158,56621.0,64932,334,1,4
brainsaw|2021/11/15 17:32:52,brainsaw,margrie,2021/11/15 17:32:52,2021/11/16 00:31:36,2021,25099.0,6.9719,25124.0,19655,210,1,1
neurovision|2021/11/16 11:48:06,neurovision,sjones,2021/11/16 11:48:06,2021/11/16 15:29:42,2021,13287.0,3.6908,13296.0,18013,129,1,2
brainsaw|2021/11/16 17:22:09,brainsaw,sjones,2021/11/16 17:22:09,2021/11/17 02:44:51,2021,33729.0,9.3692,33762.0,17634,280,1,1
brainsaw|2021/11/17 14:17:08,brainsaw,mrsic_flogel,2021/11/17 14:17:08,2021/11/18 05:41:25,2021,55428.0,15.3967,55457.0,68126,329,1,4
neurovision|2021/11/19 11:25:56,neurovision,sjones,2021/11/19 11:25:56,2021/11/19 15:04:15,2021,13088.0,3.6356,13099.0,20206,147,1,2
brainsaw|2021/11/19 13:31:09,brainsaw,mrsic_flogel,2021/11/19 13:31:09,2021/11/20 03:41:00,2021,50963.0,14.1564,50991.0,49865,297,1,3
organgrinder|2021/11/19 15:17:20,organgrinder,margrie,2021/11/19 15:17:20,2021/11/20 03:27:52,2021,43825.0,12.1736,43832.0,41871,240,1,2
brainsaw|2021/11/20 16:19:34,brainsaw,mrsic_flogel,2021/11/20 16:19:34,2021/11/22 05:58:38,2021,135518.0,37.6439,135544.0,79161,352,1,4
neurovision|2021/11/22 17:54:32,neurovision,mrsic_flogel,2021/11/22 17:54:32,2021/11/23 00:37:50,2021,24173.0,6.7147,24198.0,33342,301,1,3
brainsaw|2021/11/23 12:10:05,brainsaw,sjones,2021/11/23 12:10:05,2021/11/24 01:41:48,2021,48673.0,13.5203,48703.0,79064,230,1,5
neurovision|2021/11/23 12:29:04,neurovision,mrsic_flogel,2021/11/23 12:29:04,2021/11/24 09:48:59,2021,76777.0,21.3269,76795.0,107883,275,1,5
brainsaw|2021/11/24 12:00:41,brainsaw,mrsic_flogel,2021/11/24 12:00:41,2021/11/25 11:20:37,2021,83953.0,23.3203,83996.0,100819,275,1,6
neurovision|2021/11/24 14:44:10,neurovision,sjones,2021/11/24 14:44:10,2021/11/24 19:38:42,2021,17658.0,4.905,17672.0,14933,213,1,1
brainsaw|2021/11/25 12:10:08,brainsaw,mrsic_flogel,2021/11/25 12:10:08,2021/11/26 03:54:10,2021,56607.0,15.7242,56642.0,17237,339,1,1
neurovision|2021/11/26 14:10:05,neurovision,sjones,2021/11/26 14:10:05,2021/11/26 20:29:06,2021,22710.0,6.3083,22741.0,17794,266,1,1
brainsaw|2021/11/28 18:43:17,brainsaw,margrie,2021/11/28 18:43:17,2021/11/29 00:12:14,2021,19718.0,5.4772,19737.0,13442,210,1,1
brainsaw|2021/11/29 13:32:22,brainsaw,sjones,2021/11/29 13:32:22,2021/11/29 19:05:45,2021,19980.0,5.55,20003.0,12337,265,1,1
brainsaw|2021/11/30 11:36:48,brainsaw,sjones,2021/11/30 11:36:48,2021/12/01 02:10:27,2021,51914.0,14.4206,52419.0,37859,298,2,3
brainsaw|2021/12/01 09:59:01,brainsaw,mrsic_flogel,2021/12/01 09:59:01,2021/12/01 22:11:11,2021,43899.0,12.1942,43930.0,46134,302,1,4
brainsaw|2021/12/03 14:30:45,brainsaw,mrsic_flogel,2021/12/03 14:30:45,2021/12/04 04:28:35,2021,50254.0,13.9594,50270.0,58633,308,1,4
neurovision|2021/12/04 10:38:59,neurovision,mrsic_flogel,2021/12/04 10:38:59,2021/12/05 05:49:48,2021,69027.0,19.1742,69049.0,84684,362,1,5
brainsaw|2021/12/04 15:12:23,brainsaw,margrie,2021/12/04 15:12:23,2021/12/05 01:05:12,2021,35543.0,9.8731,35569.0,24394,253,1,2
neurovision|2021/12/06 10:36:35,neurovision,murray,2021/12/06 10:36:35,2021/12/07 12:49:55,2021,81581.0,22.6614,94400.0,46944,163,4,6
brainsaw|2021/12/06 12:51:03,brainsaw,branco,2021/12/06 12:51:03,2021/12/06 21:48:59,2021,32250.0,8.9583,32276.0,22000,250,1,1
neurovision|2021/12/07 14:03:02,neurovision,murray,2021/12/07 14:03:02,2021/12/07 23:22:19,2021,33382.0,9.2728,33557.0,12925,172,1,6
brainsaw|2021/12/07 15:52:03,brainsaw,sjones,2021/12/07 15:52:03,2021/12/07 22:19:14,2021,23212.0,6.4478,23231.0,12898,281,1,1
neurovision|2021/12/08 09:48:02,neurovision,akrami,2021/12/08 09:48:02,2021/12/08 23:50:11,2021,50500.0,14.0278,50529.0,38331,362,1,1
brainsaw|2021/12/08 12:02:22,brainsaw,sjones,2021/12/08 12:02:22,2021/12/08 20:50:54,2021,31678.0,8.7994,31712.0,21924,324,1,1
brainsaw|2021/12/08 22:09:53,brainsaw,mrsic_flogel,2021/12/08 22:09:53,2021/12/09 14:44:30,2021,59645.0,16.5681,59677.0,60344,269,1,4
brainsaw|2021/12/09 15:09:39,brainsaw,sjones,2021/12/09 15:09:39,2021/12/09 23:55:48,2021,31541.0,8.7614,31569.0,15016,282,1,1
neurovision|2021/12/09 15:17:57,neurovision,sjones,2021/12/09 15:17:57,2021/12/10 05:11:08,2021,49959.0,13.8775,49991.0,57322,252,1,5
neurovision|2021/12/11 18:03:58,neurovision,mrsic_flogel,2021/12/11 18:03:58,2021/12/12 14:05:52,2021,72083.0,20.0231,72114.0,63950,327,1,3
brainsaw|2021/12/11 19:24:04,brainsaw,sjones,2021/12/11 19:24:04,2021/12/12 01:33:39,2021,22158.0,6.155,22175.0,12579,258,1,1
neurovision|2021/12/13 08:32:23,neurovision,murray,2021/12/13 08:32:23,2021/12/13 14:39:35,2021,19265.0,5.3514,22032.0,6219,147,2,6
brainsaw|2021/12/13 18:32:21,brainsaw,margrie,2021/12/13 18:32:21,2021/12/14 02:00:25,2021,26864.0,7.4622,26884.0,12710,247,1,1
neurovision|2021/12/14 09:51:41,neurovision,sjones,2021/12/14 09:51:41,2021/12/15 00:37:00,2021,53098.0,14.7494,53119.0,70321,300,1,4
brainsaw|2021/12/14 14:12:39,brainsaw,mrsic_flogel,2021/12/14 14:12:39,2021/12/15 05:35:40,2021,55342.0,15.3728,55381.0,68908,327,1,4
brainsaw|2021/12/15 11:43:29,brainsaw,sjones,2021/12/15 11:43:29,2021/12/15 19:12:11,2021,26889.0,7.4692,26922.0,18509,272,1,1
neurovision|2021/12/15 14:15:19,neurovision,sjones,2021/12/15 14:15:19,2021/12/16 01:44:33,2021,41339.0,11.4831,41354.0,35324,300,1,2
brainsaw|2021/12/15 19:44:22,brainsaw,mrsic_flogel,2021/12/15 19:44:22,2021/12/16 11:49:12,2021,57862.0,16.0728,57890.0,65374,330,1,4
brainsaw|2021/12/16 15:33:27,brainsaw,mrsic_flogel,2021/12/16 15:33:27,2021/12/17 10:05:46,2021,66703.0,18.5286,66739.0,93072,315,1,5
neurovision|2021/12/16 16:51:59,neurovision,mrsic_flogel,2021/12/16 16:51:59,2021/12/17 09:58:25,2021,61556.0,17.0989,61586.0,77161,292,1,7
brainsaw|2021/12/17 13:25:27,brainsaw,margrie,2021/12/17 13:25:27,2021/12/18 00:53:05,2021,41242.0,11.4561,41258.0,17078,188,1,1
neurovision|2021/12/17 13:27:14,neurovision,mrsic_flogel,2021/12/17 13:27:14,2021/12/18 07:10:46,2021,63551.0,17.6531,63812.0,82824,295,2,5
brainsaw|2021/12/18 18:17:53,brainsaw,mrsic_flogel,2021/12/18 18:17:53,2021/12/19 07:23:05,2021,47080.0,13.0778,47112.0,64388,307,1,4
neurovision|2021/12/19 10:49:37,neurovision,mrsic_flogel,2021/12/19 10:49:37,2021/12/20 05:21:30,2021,66690.0,18.525,66713.0,85604,300,1,5
brainsaw|2021/12/19 12:22:29,brainsaw,sjones,2021/12/19 12:22:29,2021/12/19 21:43:01,2021,33600.0,9.3333,33632.0,24178,329,1,1
neurovision|2021/12/20 09:42:32,neurovision,mrsic_flogel,2021/12/20 09:42:32,2021/12/20 19:05:41,2021,33769.0,9.3803,33789.0,43003,199,1,3
brainsaw|2021/12/20 12:20:02,brainsaw,akrami,2021/12/20 12:20:02,2021/12/21 02:40:29,2021,51589.0,14.3303,51627.0,37422,387,1,1
neurovision|2021/12/21 10:00:21,neurovision,mrsic_flogel,2021/12/21 10:00:21,2021/12/21 18:35:39,2021,30894.0,8.5817,30918.0,33297,307,1,2
brainsaw|2021/12/26 11:00:48,brainsaw,mrsic_flogel,2021/12/26 11:00:48,2021/12/27 07:52:16,2021,75071.0,20.8531,75088.0,81934,300,1,1
brainsaw|2021/12/27 17:45:22,brainsaw,mrsic_flogel,2021/12/27 17:45:22,2021/12/28 04:00:33,2021,36882.0,10.245,36911.0,28611,250,1,1
brainsaw|2021/12/30 19:22:55,brainsaw,sjones,2021/12/30 19:22:55,2021/12/31 01:05:51,2021,20557.0,5.7103,20576.0,14131,209,1,1
neurovision|2021/12/30 19:23:55,neurovision,sjones,2021/12/30 19:23:55,2021/12/31 02:01:54,2021,23870.0,6.6306,23879.0,14877,259,1,1
brainsaw|2021/12/31 13:47:26,brainsaw,sjones,2021/12/31 13:47:26,2021/12/31 20:49:43,2021,25316.0,7.0322,25337.0,12913,258,1,1
brainsaw|2022/01/04 15:22:04,brainsaw,margrie,2022/01/04 15:22:04,2022/01/05 00:09:19,2022,31613.0,8.7814,31635.0,23460,210,1,2
neurovision|2022/01/04 17:53:24,neurovision,mrsic_flogel,2022/01/04 17:53:24,2022/01/05 12:11:38,2022,65862.0,18.295,65894.0,81425,329,1,6
brainsaw|2022/01/05 15:20:24,brainsaw,sjones,2022/01/05 15:20:24,2022/01/05 21:59:22,2022,23918.0,6.6439,23938.0,11859,246,1,1
neurovision|2022/01/05 18:06:57,neurovision,mrsic_flogel,2022/01/05 18:06:57,2022/01/06 11:04:50,2022,61048.0,16.9578,61073.0,77276,294,1,7
neurovision|2022/01/06 11:26:20,neurovision,mrsic_flogel,2022/01/06 11:26:20,2022/01/06 18:41:18,2022,26076.0,7.2433,26098.0,27810,286,1,3
brainsaw|2022/01/06 17:10:28,brainsaw,margrie,2022/01/06 17:10:28,2022/01/07 01:47:23,2022,30998.0,8.6106,31015.0,20275,210,1,2
neurovision|2022/01/06 19:27:46,neurovision,mrsic_flogel,2022/01/06 19:27:46,2022/01/07 12:03:29,2022,59720.0,16.5889,59743.0,67847,325,1,6
brainsaw|2022/01/07 13:55:03,brainsaw,sjones,2022/01/07 13:55:03,2022/01/08 02:20:38,2022,44706.0,12.4183,44735.0,35110,285,1,3
neurovision|2022/01/07 14:30:04,neurovision,sjones,2022/01/07 14:30:04,2022/01/07 21:13:04,2022,23634.0,6.565,24180.0,15899,275,2,1
brainsaw|2022/01/09 13:17:51,brainsaw,mrsic_flogel,2022/01/09 13:17:51,2022/01/10 04:04:09,2022,53146.0,14.7628,53178.0,33177,329,1,1
brainsaw|2022/01/10 15:05:23,brainsaw,sjones,2022/01/10 15:05:23,2022/01/11 04:41:49,2022,48946.0,13.5961,48986.0,49376,329,1,2
neurovision|2022/01/11 18:16:28,neurovision,mrsic_flogel,2022/01/11 18:16:28,2022/01/11 23:20:13,2022,18204.0,5.0567,18225.0,13589,267,1,1
neurovision|2022/01/12 17:47:13,neurovision,mrsic_flogel,2022/01/12 17:47:13,2022/01/13 11:45:30,2022,64671.0,17.9642,64697.0,79636,326,1,7
brainsaw|2022/01/13 13:34:50,brainsaw,mrsic_flogel,2022/01/13 13:34:50,2022/01/14 13:35:54,2022,86430.0,24.0083,86464.0,36862,371,1,2
neurovision|2022/01/13 18:21:34,neurovision,histology;mrsic_flogel,2022/01/13 18:21:34,2022/01/14 13:22:02,2022,68412.0,19.0033,68428.0,86379,320,1,7
organgrinder|2022/01/14 16:28:24,organgrinder,margrie,2022/01/14 16:28:24,2022/01/14 23:56:43,2022,26893.0,7.4703,26899.0,12850,185,1,2
brainsaw|2022/01/14 16:55:02,brainsaw,mrsic_flogel,2022/01/14 16:55:02,2022/01/15 07:48:48,2022,53601.0,14.8892,53626.0,34742,333,1,2
brainsaw|2022/01/15 19:37:24,brainsaw,mrsic_flogel,2022/01/15 19:37:24,2022/01/16 13:13:12,2022,63314.0,17.5872,63348.0,69058,353,1,4
brainsaw|2022/01/18 12:10:49,brainsaw,mrsic_flogel,2022/01/18 12:10:49,2022/01/19 10:12:26,2022,79263.0,22.0175,79297.0,91218,257,1,3
neurovision|2022/01/18 18:51:00,neurovision,mrsic_flogel,2022/01/18 18:51:00,2022/01/19 14:37:57,2022,71189.0,19.7747,71217.0,89790,325,1,7
brainsaw|2022/01/19 16:32:13,brainsaw,margrie,2022/01/19 16:32:13,2022/01/20 08:32:47,2022,57606.0,16.0017,57634.0,40037,277,1,3
neurovision|2022/01/20 14:47:59,neurovision,sjones,2022/01/20 14:47:59,2022/01/21 10:20:05,2022,70301.0,19.5281,70326.0,93184,192,1,5
neurovision|2022/01/21 11:07:01,neurovision,sjones,2022/01/21 11:07:01,2022/01/22 02:44:35,2022,56240.0,15.6222,56254.0,97637,250,1,5
neurovision|2022/01/22 14:15:46,neurovision,mrsic_flogel,2022/01/22 14:15:46,2022/01/23 04:45:09,2022,52147.0,14.4853,52163.0,36263,356,1,2
brainsaw|2022/01/22 15:06:30,brainsaw,mrsic_flogel,2022/01/22 15:06:30,2022/01/23 10:20:47,2022,69235.0,19.2319,69257.0,45329,280,1,4
brainsaw|2022/01/23 17:30:12,brainsaw,mrsic_flogel,2022/01/23 17:30:12,2022/01/24 19:45:33,2022,94473.0,26.2425,94521.0,34392,362,1,2
neurovision|2022/01/24 12:01:51,neurovision,margrie,2022/01/24 12:01:51,2022/01/24 23:43:28,2022,42075.0,11.6875,42097.0,52439,270,1,4
brainsaw|2022/01/25 11:34:52,brainsaw,mrsic_flogel,2022/01/25 11:34:52,2022/01/26 10:37:14,2022,82916.0,23.0322,82942.0,31166,292,1,2
organgrinder|2022/01/25 15:46:28,organgrinder,akrami,2022/01/25 15:46:28,2022/01/26 13:31:01,2022,78225.0,21.7292,78273.0,31021,335,1,1
neurovision|2022/01/25 18:22:01,neurovision,histology;mrsic_flogel,2022/01/25 18:22:01,2022/01/26 13:05:54,2022,67411.0,18.7253,67433.0,84624,330,1,7
organgrinder|2022/01/26 15:40:45,organgrinder,akrami,2022/01/26 15:40:45,2022/01/27 22:44:32,2022,111817.0,31.0603,111827.0,32755,365,1,1
brainsaw|2022/01/26 16:10:58,brainsaw,akrami,2022/01/26 16:10:58,2022/01/26 23:42:31,2022,27062.0,7.5172,27093.0,21249,167,1,1
neurovision|2022/01/26 18:38:30,neurovision,mrsic_flogel,2022/01/26 18:38:30,2022/01/27 00:47:24,2022,22108.0,6.1411,22134.0,13729,311,1,1
brainsaw|2022/01/27 12:15:07,brainsaw,branco,2022/01/27 12:15:07,2022/01/27 19:23:37,2022,25691.0,7.1364,25710.0,18501,250,1,1
neurovision|2022/01/27 13:36:11,neurovision,sjones,2022/01/27 13:36:11,2022/01/27 23:00:58,2022,33870.0,9.4083,33887.0,51200,220,1,4
brainsaw|2022/01/28 11:06:46,brainsaw,margrie,2022/01/28 11:06:46,2022/01/29 05:34:06,2022,66428.0,18.4522,66440.0,51167,260,1,4
brainsaw|2022/01/29 17:22:30,brainsaw,sjones,2022/01/29 17:22:30,2022/01/30 00:48:09,2022,26703.0,7.4175,26739.0,14801,249,1,1
neurovision|2022/01/29 17:29:54,neurovision,sjones,2022/01/29 17:29:54,2022/01/30 00:26:59,2022,25005.0,6.9458,25025.0,14000,262,1,1
brainsaw|2022/01/31 13:28:32,brainsaw,mrsic_flogel,2022/01/31 13:28:32,2022/02/01 04:44:54,2022,54945.0,15.2625,54982.0,52291,344,1,3
organgrinder|2022/02/01 15:14:15,organgrinder,okeefe,2022/02/01 15:14:15,2022/02/01 23:33:56,2022,29970.0,8.325,29981.0,12959,335,1,1
neurovision|2022/02/01 18:28:13,neurovision,histology;mrsic_flogel,2022/02/01 18:28:13,2022/02/02 02:28:17,2022,28766.0,7.9906,28804.0,28898,338,1,3
brainsaw|2022/02/02 12:49:45,brainsaw,mrsic_flogel,2022/02/02 12:49:45,2022/02/03 04:49:50,2022,57572.0,15.9922,57605.0,63171,303,1,4
neurovision|2022/02/02 18:44:11,neurovision,mrsic_flogel,2022/02/02 18:44:11,2022/02/03 01:04:07,2022,22769.0,6.3247,22796.0,13134,312,1,1
brainsaw|2022/02/05 16:00:31,brainsaw,mrsic_flogel,2022/02/05 16:00:31,2022/02/06 09:29:37,2022,62908.0,17.4744,62946.0,68842,328,1,3
brainsaw|2022/02/08 15:16:38,brainsaw,sjones,2022/02/08 15:16:38,2022/02/08 16:51:07,2022,5653.0,1.5703,5669.0,5530,87,1,1
brainsaw|2022/02/09 13:41:49,brainsaw,margrie,2022/02/09 13:41:49,2022/02/10 01:51:26,2022,43751.0,12.1531,43777.0,39549,240,1,3
brainsaw|2022/02/10 13:42:38,brainsaw,mrsic_flogel,2022/02/10 13:42:38,2022/02/11 06:46:35,2022,61399.0,17.0553,61437.0,70489,342,1,4
neurovision|2022/02/10 14:24:27,neurovision,mrsic_flogel,2022/02/10 14:24:27,2022/02/11 04:36:04,2022,51073.0,14.1869,51097.0,72182,291,1,4
neurovision|2022/02/11 09:49:32,neurovision,mrsic_flogel,2022/02/11 09:49:32,2022/02/12 04:51:02,2022,68468.0,19.0189,68490.0,94851,300,1,6
brainsaw|2022/02/11 12:14:03,brainsaw,mrsic_flogel,2022/02/11 12:14:03,2022/02/12 09:08:14,2022,75218.0,20.8939,75251.0,96992,335,1,5
neurovision|2022/02/12 14:55:41,neurovision,sjones,2022/02/12 14:55:41,2022/02/13 03:26:51,2022,44794.0,12.4428,45070.0,38756,270,2,3
organgrinder|2022/02/14 10:59:51,organgrinder,okeefe,2022/02/14 10:59:51,2022/02/14 19:32:19,2022,30738.0,8.5383,30748.0,24553,312,1,2
neurovision|2022/02/14 14:38:45,neurovision,sjones,2022/02/14 14:38:45,2022/02/14 23:18:36,2022,31172.0,8.6589,31191.0,33037,242,1,3
brainsaw|2022/02/14 14:44:24,brainsaw,margrie,2022/02/14 14:44:24,2022/02/14 23:23:58,2022,31148.0,8.6522,31174.0,14130,273,1,1
organgrinder|2022/02/15 11:04:02,organgrinder,okeefe,2022/02/15 11:04:02,2022/02/16 02:58:10,2022,57241.0,15.9003,57248.0,52001,353,1,4
brainsaw|2022/02/15 14:31:24,brainsaw,margrie,2022/02/15 14:31:24,2022/02/15 23:37:07,2022,32715.0,9.0875,32743.0,14526,301,1,1
neurovision|2022/02/15 18:31:11,neurovision,mrsic_flogel,2022/02/15 18:31:11,2022/02/16 11:13:48,2022,60142.0,16.7061,60157.0,86089,275,1,1
organgrinder|2022/02/16 10:48:40,organgrinder,okeefe,2022/02/16 10:48:40,2022/02/17 04:23:26,2022,63288.0,17.58,63286.0,54139,385,1,4
brainsaw|2022/02/16 14:17:52,brainsaw,margrie,2022/02/16 14:17:52,2022/02/17 05:03:19,2022,53080.0,14.7444,53127.0,30295,342,1,2
neurovision|2022/02/16 18:16:15,neurovision,mrsic_flogel,2022/02/16 18:16:15,2022/02/17 00:54:36,2022,23884.0,6.6344,23901.0,13214,307,1,1
organgrinder|2022/02/17 11:26:05,organgrinder,okeefe,2022/02/17 11:26:05,2022/02/18 02:27:24,2022,54081.0,15.0225,54079.0,57849,362,1,4
brainsaw|2022/02/17 12:07:47,brainsaw,margrie,2022/02/17 12:07:47,2022/02/17 21:04:29,2022,32170.0,8.9361,32202.0,13713,201,1,1
neurovision|2022/02/17 14:05:02,neurovision,akrami,2022/02/17 14:05:02,2022/02/18 04:46:48,2022,52870.0,14.6861,52906.0,38879,383,1,1
organgrinder|2022/02/18 11:02:11,organgrinder,okeefe,2022/02/18 11:02:11,2022/03/02 00:27:48,2022,58390.0,16.2194,998737.0,53167,369,3,4
brainsaw|2022/02/18 14:00:11,brainsaw,mrsic_flogel,2022/02/18 14:00:11,2022/02/19 06:47:55,2022,60431.0,16.7864,60464.0,52748,341,1,3
brainsaw|2022/02/19 16:57:02,brainsaw,mrsic_flogel,2022/02/19 16:57:02,2022/02/20 02:49:12,2022,35500.0,9.8611,35530.0,17756,321,1,1
neurovision|2022/02/21 09:42:21,neurovision,mrsic_flogel,2022/02/21 09:42:21,2022/02/22 07:49:42,2022,79616.0,22.1156,79641.0,81690,282,1,6
brainsaw|2022/02/21 14:22:48,brainsaw,sjones,2022/02/21 14:22:48,2022/02/21 21:27:21,2022,25444.0,7.0678,25473.0,22685,222,1,2
brainsaw|2022/02/22 11:14:33,brainsaw,sjones,2022/02/22 11:14:33,2022/02/22 20:37:42,2022,33754.0,9.3761,33789.0,16265,287,1,1
neurovision|2022/02/22 18:29:46,neurovision,mrsic_flogel,2022/02/22 18:29:46,2022/02/23 06:33:27,2022,43396.0,12.0544,43421.0,50444,293,1,5
brainsaw|2022/02/23 10:54:12,brainsaw,sjones,2022/02/23 10:54:12,2022/02/23 22:31:31,2022,41812.0,11.6144,41839.0,35170,347,1,2
neurovision|2022/02/23 18:18:34,neurovision,mrsic_flogel,2022/02/23 18:18:34,2022/02/23 21:35:20,2022,11790.0,3.275,11806.0,7914,156,1,1
neurovision|2022/02/24 12:14:43,neurovision,mrsic_flogel,2022/02/24 12:14:43,2022/02/24 20:23:38,2022,29310.0,8.1417,29335.0,26487,269,1,2
neurovision|2022/02/27 12:15:01,neurovision,sjones,2022/02/27 12:15:01,2022/02/27 17:34:40,2022,19171.0,5.3253,19179.0,12895,243,1,1
brainsaw|2022/02/27 17:07:07,brainsaw,mrsic_flogel,2022/02/27 17:07:07,2022/02/28 03:03:15,2022,35744.0,9.9289,35768.0,15509,305,1,1
neurovision|2022/02/28 11:01:43,neurovision,mrsic_flogel,2022/02/28 11:01:43,2022/03/01 07:25:34,2022,73407.0,20.3908,73431.0,99041,337,1,6
brainsaw|2022/02/28 11:56:50,brainsaw,margrie,2022/02/28 11:56:50,2022/03/01 06:32:03,2022,66874.0,18.5761,66913.0,44161,241,1,5
neurovision|2022/03/01 10:25:09,neurovision,mrsic_flogel,2022/03/01 10:25:09,2022/03/01 16:13:41,2022,20884.0,5.8011,20912.0,22216,225,1,1
neurovision|2022/03/01 18:22:45,neurovision,histology;mrsic_flogel,2022/03/01 18:22:45,2022/03/02 15:39:29,2022,76575.0,21.2708,76604.0,88016,335,1,7
brainsaw|2022/03/02 12:45:43,brainsaw,branco,2022/03/02 12:45:43,2022/03/02 17:56:33,2022,18628.0,5.1744,18650.0,15425,212,1,1
brainsaw|2022/03/02 18:00:58,brainsaw,branco,2022/03/02 18:00:58,2022/03/02 20:29:00,2022,8873.0,2.4647,8882.0,5260,120,1,1
neurovision|2022/03/02 18:58:13,neurovision,mrsic_flogel,2022/03/02 18:58:13,2022/03/03 06:56:46,2022,43080.0,11.9667,43113.0,42719,303,1,4
brainsaw|2022/03/03 10:41:15,brainsaw,margrie,2022/03/03 10:41:15,2022/03/04 00:49:31,2022,50869.0,14.1303,50896.0,24046,260,1,2
brainsaw|2022/03/04 10:15:22,brainsaw,margrie,2022/03/04 10:15:22,2022/03/05 06:03:09,2022,71231.0,19.7864,71267.0,35099,247,1,3
neurovision|2022/03/04 11:06:37,neurovision,mrsic_flogel,2022/03/04 11:06:37,2022/03/04 20:19:30,2022,32660.0,9.0722,33173.0,29541,280,3,2
brainsaw|2022/03/06 12:53:21,brainsaw,mrsic_flogel,2022/03/06 12:53:21,2022/03/07 07:26:11,2022,66739.0,18.5386,66770.0,76696,332,1,4
brainsaw|2022/03/07 12:02:50,brainsaw,mrsic_flogel,2022/03/07 12:02:50,2022/03/08 03:00:21,2022,53818.0,14.9494,53851.0,56955,300,1,3
brainsaw|2022/03/08 13:59:08,brainsaw,sjones,2022/03/08 13:59:08,2022/03/09 00:40:42,2022,38467.0,10.6853,38494.0,30481,310,1,2
neurovision|2022/03/15 19:34:23,neurovision,histology;mrsic_flogel,2022/03/15 19:34:23,2022/03/16 14:22:30,2022,67648.0,18.7911,67687.0,77490,320,1,7
brainsaw|2022/03/16 18:30:30,brainsaw,sjones,2022/03/16 18:30:30,2022/03/17 13:05:59,2022,24708.0,6.8633,66929.0,18437,242,3,1
neurovision|2022/03/16 18:38:05,neurovision,mrsic_flogel,2022/03/16 18:38:05,2022/03/17 02:13:00,2022,27266.0,7.5739,27295.0,29569,294,1,3
neurovision|2022/03/17 15:18:14,neurovision,sjones,2022/03/17 15:18:14,2022/03/18 02:20:09,2022,39698.0,11.0272,39715.0,51765,250,1,4
neurovision|2022/03/18 10:42:08,neurovision,sjones,2022/03/18 10:42:08,2022/03/18 22:17:28,2022,41699.0,11.5831,41720.0,59639,283,1,4
neurovision|2022/03/21 18:28:58,neurovision,mrsic_flogel,2022/03/21 18:28:58,2022/03/21 21:15:21,2022,9961.0,2.7669,9983.0,6383,120,1,1
neurovision|2022/03/22 11:03:09,neurovision,mrsic_flogel,2022/03/22 11:03:09,2022/03/22 14:14:53,2022,11481.0,3.1892,11504.0,7123,150,1,1
brainsaw|2022/03/22 12:15:24,brainsaw,mrsic_flogel,2022/03/22 12:15:24,2022/03/22 16:48:11,2022,16358.0,4.5439,16367.0,17727,93,1,4
organgrinder|2022/03/22 15:12:46,organgrinder,okeefe,2022/03/22 15:12:46,2022/03/23 08:00:29,2022,60444.0,16.79,60463.0,46077,447,1,1
neurovision|2022/03/22 16:01:28,neurovision,mrsic_flogel,2022/03/22 16:01:28,2022/03/22 19:24:55,2022,12196.0,3.3878,12207.0,6950,157,1,1
brainsaw|2022/03/22 16:55:10,brainsaw,mrsic_flogel,2022/03/22 16:55:10,2022/03/22 23:43:05,2022,24427.0,6.7853,24475.0,26999,143,1,8
neurovision|2022/03/23 13:16:23,neurovision,mrsic_flogel,2022/03/23 13:16:23,2022/03/24 02:52:40,2022,48942.0,13.595,48977.0,49932,321,1,5
brainsaw|2022/03/25 12:30:25,brainsaw,mrsic_flogel,2022/03/25 12:30:25,2022/03/25 21:05:31,2022,30883.0,8.5786,30906.0,19532,329,1,1
brainsaw|2022/03/27 13:10:30,brainsaw,mrsic_flogel,2022/03/27 13:10:30,2022/03/27 22:50:57,2022,34794.0,9.665,34827.0,19264,341,1,1
neurovision|2022/03/28 11:01:37,neurovision,mrsic_flogel,2022/03/28 11:01:37,2022/03/28 18:13:48,2022,25911.0,7.1975,25931.0,26389,228,1,2
neurovision|2022/03/28 19:00:37,neurovision,mrsic_flogel,2022/03/28 19:00:37,2022/03/29 11:25:55,2022,58548.0,16.2633,59118.0,65677,229,2,5
brainsaw|2022/03/29 16:56:35,brainsaw,sjones,2022/03/29 16:56:35,2022/03/30 00:16:50,2022,26397.0,7.3325,26415.0,13270,276,1,1
neurovision|2022/03/31 10:40:16,neurovision,mrsic_flogel,2022/03/31 10:40:16,2022/03/31 23:13:52,2022,45185.0,12.5514,45216.0,51378,258,1,4
brainsaw|2022/03/31 11:32:08,brainsaw,margrie,2022/03/31 11:32:08,2022/03/31 23:39:40,2022,43605.0,12.1125,43652.0,35142,354,1,2
brainsaw|2022/04/04 12:25:17,brainsaw,mrsic_flogel,2022/04/04 12:25:17,2022/04/05 06:10:43,2022,63888.0,17.7467,63926.0,66998,339,1,4
neurovision|2022/04/05 18:32:05,neurovision,mrsic_flogel,2022/04/05 18:32:05,2022/04/06 11:54:47,2022,62533.0,17.3703,62562.0,80235,259,1,7
neurovision|2022/04/06 14:28:25,neurovision,sjones,2022/04/06 14:28:25,2022/04/06 20:57:24,2022,23311.0,6.4753,23339.0,12372,231,1,1
brainsaw|2022/04/06 17:58:36,brainsaw,mrsic_flogel,2022/04/06 17:58:36,2022/04/07 05:54:35,2022,42923.0,11.9231,42959.0,40185,306,1,4
organgrinder|2022/04/07 14:44:24,organgrinder,margrie,2022/04/07 14:44:24,2022/04/08 04:10:01,2022,48324.0,13.4233,48337.0,50666,308,1,1
brainsaw|2022/04/07 15:59:45,brainsaw,akrami,2022/04/07 15:59:45,2022/04/08 03:27:28,2022,41238.0,11.455,41263.0,36827,371,1,1
brainsaw|2022/04/11 17:41:19,brainsaw,sjones,2022/04/11 17:41:19,2022/04/12 01:17:56,2022,27365.0,7.6014,27397.0,13938,292,1,1
brainsaw|2022/04/12 12:20:44,brainsaw,mrsic_flogel,2022/04/12 12:20:44,2022/04/12 23:49:48,2022,41311.0,11.4753,41344.0,31615,300,1,2
brainsaw|2022/04/13 15:07:47,brainsaw,sjones,2022/04/13 15:07:47,2022/04/13 23:18:55,2022,29442.0,8.1783,29468.0,14268,314,1,1
brainsaw|2022/04/14 11:04:58,brainsaw,mrsic_flogel,2022/04/14 11:04:58,2022/04/15 08:11:34,2022,75939.0,21.0942,75996.0,102197,346,1,6
brainsaw|2022/04/16 10:26:47,brainsaw,mrsic_flogel,2022/04/16 10:26:47,2022/04/17 03:28:10,2022,61233.0,17.0092,61283.0,77799,294,1,6
brainsaw|2022/04/19 17:09:10,brainsaw,sjones,2022/04/19 17:09:10,2022/04/19 23:55:05,2022,24335.0,6.7597,24355.0,11758,265,1,1
brainsaw|2022/04/20 17:26:48,brainsaw,sjones,2022/04/20 17:26:48,2022/04/21 00:20:43,2022,24813.0,6.8925,24835.0,12098,263,1,1
brainsaw|2022/04/21 10:09:32,brainsaw,akrami,2022/04/21 10:09:32,2022/04/21 23:42:36,2022,48743.0,13.5397,48784.0,33120,377,1,1
neurovision|2022/04/22 18:18:52,neurovision,mrsic_flogel,2022/04/22 18:18:52,2022/04/23 06:28:37,2022,43767.0,12.1575,43785.0,44135,327,1,4
brainsaw|2022/04/25 17:53:53,brainsaw,sjones,2022/04/25 17:53:53,2022/04/26 00:56:12,2022,25314.0,7.0317,25339.0,12418,280,1,1
neurovision|2022/04/27 09:21:14,neurovision,mrsic_flogel,2022/04/27 09:21:14,2022/04/27 22:55:01,2022,48809.0,13.5581,48827.0,54616,263,1,4
brainsaw|2022/04/27 11:18:17,brainsaw,margrie,2022/04/27 11:18:17,2022/04/28 01:30:01,2022,51077.0,14.1881,51104.0,24874,260,1,1
brainsaw|2022/04/28 09:58:12,brainsaw,margrie,2022/04/28 09:58:12,2022/04/28 17:56:05,2022,28651.0,7.9586,28673.0,19831,150,1,1
brainsaw|2022/04/29 12:00:31,brainsaw,sjones,2022/04/29 12:00:31,2022/04/29 19:02:47,2022,25317.0,7.0325,25336.0,21179,214,1,2
neurovision|2022/05/01 11:38:12,neurovision,mrsic_flogel,2022/05/01 11:38:12,2022/05/02 00:47:04,2022,47307.0,13.1408,47332.0,70951,279,1,4
brainsaw|2022/05/01 12:36:04,brainsaw,mrsic_flogel,2022/05/01 12:36:04,2022/05/01 21:33:28,2022,32214.0,8.9483,32244.0,19818,346,1,1
brainsaw|2022/05/02 15:52:23,brainsaw,sjones,2022/05/02 15:52:23,2022/05/02 23:27:16,2022,27266.0,7.5739,27293.0,11639,289,1,1
brainsaw|2022/05/03 12:02:47,brainsaw,mrsic_flogel,2022/05/03 12:02:47,2022/05/03 20:28:16,2022,30296.0,8.4156,30329.0,16650,315,1,1
neurovision|2022/05/03 18:10:20,neurovision,mrsic_flogel,2022/05/03 18:10:20,2022/05/04 04:11:20,2022,36021.0,10.0058,36060.0,36737,268,1,4
brainsaw|2022/05/04 10:31:51,brainsaw,mrsic_flogel,2022/05/04 10:31:51,2022/05/04 17:22:14,2022,24592.0,6.8311,24623.0,16346,255,1,1
brainsaw|2022/05/04 17:50:41,brainsaw,sjones,2022/05/04 17:50:41,2022/05/05 00:33:11,2022,24134.0,6.7039,24150.0,12949,266,1,1
brainsaw|2022/05/05 12:41:24,brainsaw,branco,2022/05/05 12:41:24,2022/05/05 20:56:08,2022,29657.0,8.2381,29684.0,18825,300,1,1
neurovision|2022/05/05 13:48:45,neurovision,mrsic_flogel,2022/05/05 13:48:45,2022/05/06 08:41:11,2022,67913.0,18.8647,67946.0,97645,324,1,6
neurovision|2022/05/06 11:48:42,neurovision,mrsic_flogel,2022/05/06 11:48:42,2022/05/07 06:50:18,2022,68471.0,19.0197,68496.0,92373,331,1,6
brainsaw|2022/05/06 12:03:30,brainsaw,mrsic_flogel,2022/05/06 12:03:30,2022/05/07 09:49:33,2022,78333.0,21.7592,78363.0,105350,325,1,6
brainsaw|2022/05/10 16:57:28,brainsaw,sjones,2022/05/10 16:57:28,2022/05/11 03:57:58,2022,39609.0,11.0025,39630.0,14395,316,1,1
brainsaw|2022/05/12 17:24:20,brainsaw,sjones,2022/05/12 17:24:20,2022/05/13 05:29:04,2022,43446.0,12.0683,43484.0,43440,300,1,4
brainsaw|2022/05/16 13:00:52,brainsaw,sjones,2022/05/16 13:00:52,2022/05/17 00:20:42,2022,40765.0,11.3236,40790.0,15171,317,1,1
brainsaw|2022/05/17 13:34:25,brainsaw,sjones,2022/05/17 13:34:25,2022/05/18 00:19:54,2022,38699.0,10.7497,38729.0,16233,291,1,1
brainsaw|2022/05/18 09:16:55,brainsaw,sjones,2022/05/18 09:16:55,2022/05/18 20:17:58,2022,39644.0,11.0122,39663.0,36055,208,1,3
neurovision|2022/05/18 09:34:30,neurovision,mrsic_flogel,2022/05/18 09:34:30,2022/05/18 21:45:59,2022,43851.0,12.1808,43889.0,42422,266,1,3
brainsaw|2022/05/18 20:49:51,brainsaw,mrsic_flogel,2022/05/18 20:49:51,2022/05/19 14:45:10,2022,64439.0,17.8997,64519.0,67724,264,1,4
brainsaw|2022/05/19 16:32:00,brainsaw,mrsic_flogel,2022/05/19 16:32:00,2022/05/20 03:59:28,2022,41215.0,11.4486,41248.0,32495,324,1,2
neurovision|2022/05/20 11:32:32,neurovision,mrsic_flogel,2022/05/20 11:32:32,2022/05/21 00:07:15,2022,45259.0,12.5719,45283.0,51893,346,1,3
brainsaw|2022/05/23 11:12:37,brainsaw,sjones,2022/05/23 11:12:37,2022/05/23 19:54:39,2022,31293.0,8.6925,31322.0,17946,306,1,1
neurovision|2022/05/23 17:00:09,neurovision,sjones,2022/05/23 17:00:09,2022/05/24 08:45:21,2022,56705.0,15.7514,56712.0,100629,211,1,6
neurovision|2022/05/24 09:16:11,neurovision,mrsic_flogel,2022/05/24 09:16:11,2022/05/24 18:02:03,2022,31540.0,8.7611,31552.0,30490,288,1,2
organgrinder|2022/05/24 11:45:21,organgrinder,mrsic_flogel,2022/05/24 11:45:21,2022/05/25 00:00:54,2022,44123.0,12.2564,44133.0,38455,321,1,3
brainsaw|2022/05/24 14:53:15,brainsaw,sjones,2022/05/24 14:53:15,2022/05/25 01:37:27,2022,38628.0,10.73,38652.0,14501,304,1,1
brainsaw|2022/05/25 10:21:08,brainsaw,okeefe,2022/05/25 10:21:08,2022/05/26 08:17:19,2022,78950.0,21.9306,78971.0,87457,319,1,2
neurovision|2022/05/25 11:19:48,neurovision,sjones,2022/05/25 11:19:48,2022/05/25 19:42:15,2022,30135.0,8.3708,30147.0,27889,246,1,2
brainsaw|2022/05/26 09:41:45,brainsaw,okeefe,2022/05/26 09:41:45,2022/05/27 04:16:17,2022,66844.0,18.5678,66872.0,77633,296,1,2
neurovision|2022/05/26 10:10:28,neurovision,sjones,2022/05/26 10:10:28,2022/05/26 20:16:24,2022,36338.0,10.0939,36356.0,50746,247,1,4
brainsaw|2022/05/30 12:04:27,brainsaw,margrie,2022/05/30 12:04:27,2022/05/30 20:43:43,2022,31138.0,8.6494,31156.0,11923,230,1,1
brainsaw|2022/05/31 11:34:33,brainsaw,margrie,2022/05/31 11:34:33,2022/05/31 23:27:32,2022,42759.0,11.8775,42779.0,26466,260,1,2
neurovision|2022/05/31 17:46:42,neurovision,mrsic_flogel,2022/05/31 17:46:42,2022/06/01 13:34:20,2022,71235.0,19.7875,71258.0,87117,299,1,7
brainsaw|2022/06/01 11:06:16,brainsaw,margrie,2022/06/01 11:06:16,2022/06/01 16:20:06,2022,18818.0,5.2272,18830.0,11320,210,1,1
neurovision|2022/06/01 17:54:03,neurovision,mrsic_flogel,2022/06/01 17:54:03,2022/06/02 13:17:15,2022,69767.0,19.3797,69792.0,82773,292,1,8
brainsaw|2022/06/02 12:00:50,brainsaw,sjones,2022/06/02 12:00:50,2022/06/03 01:04:07,2022,46968.0,13.0467,46997.0,41612,363,1,2
brainsaw|2022/06/03 16:16:06,brainsaw,mrsic_flogel,2022/06/03 16:16:06,2022/06/04 11:05:19,2022,67715.0,18.8097,67753.0,76289,361,1,4
brainsaw|2022/06/04 13:36:44,brainsaw,mrsic_flogel,2022/06/04 13:36:44,2022/06/05 02:39:26,2022,46932.0,13.0367,46962.0,38416,335,1,2
neurovision|2022/06/05 11:25:48,neurovision,mrsic_flogel,2022/06/05 11:25:48,2022/06/06 07:22:17,2022,71764.0,19.9344,71789.0,99713,317,1,6
brainsaw|2022/06/05 13:30:48,brainsaw,mrsic_flogel,2022/06/05 13:30:48,2022/06/05 22:25:21,2022,32047.0,8.9019,32073.0,16492,319,1,1
brainsaw|2022/06/06 21:23:05,brainsaw,sjones,2022/06/06 21:23:05,2022/06/07 10:25:11,2022,46908.0,13.03,46926.0,44285,200,1,2
brainsaw|2022/06/07 11:39:14,brainsaw,margrie,2022/06/07 11:39:14,2022/06/08 03:23:48,2022,56655.0,15.7375,56674.0,18300,250,1,1
neurovision|2022/06/07 12:10:14,neurovision,histology,2022/06/07 12:10:14,2022/06/08 02:49:46,2022,52747.0,14.6519,52772.0,55383,288,1,1
neurovision|2022/06/08 11:36:28,neurovision,mrsic_flogel,2022/06/08 11:36:28,2022/06/09 10:04:55,2022,80880.0,22.4667,80907.0,105477,338,1,6
brainsaw|2022/06/08 11:56:35,brainsaw,mrsic_flogel,2022/06/08 11:56:35,2022/06/09 14:08:44,2022,94304.0,26.1956,94329.0,84793,252,1,5
organgrinder|2022/06/09 11:42:01,organgrinder,margrie,2022/06/09 11:42:01,2022/06/11 01:26:58,2022,117729.0,32.7025,135897.0,28567,186,2,3
brainsaw|2022/06/09 17:30:25,brainsaw,margrie,2022/06/09 17:30:25,2022/06/10 09:52:22,2022,58894.0,16.3594,58917.0,49093,268,1,4
brainsaw|2022/06/10 14:37:46,brainsaw,margrie,2022/06/10 14:37:46,2022/06/11 00:48:13,2022,36614.0,10.1706,36627.0,21421,171,1,2
brainsaw|2022/06/13 12:48:57,brainsaw,mrsic_flogel,2022/06/13 12:48:57,2022/06/14 05:54:35,2022,61497.0,17.0825,61538.0,55745,351,1,3
brainsaw|2022/06/14 12:05:09,brainsaw,margrie,2022/06/14 12:05:09,2022/06/15 02:26:45,2022,51669.0,14.3525,51696.0,30421,228,1,2
neurovision|2022/06/14 12:48:57,neurovision,mrsic_flogel,2022/06/14 12:48:57,2022/06/15 13:54:39,2022,90321.0,25.0892,90342.0,112513,312,1,9
brainsaw|2022/06/15 12:41:47,brainsaw,mrsic_flogel,2022/06/15 12:41:47,2022/06/16 09:35:20,2022,75196.0,20.8878,75213.0,90640,269,1,4
organgrinder|2022/06/16 11:36:38,organgrinder,margrie,2022/06/16 11:36:38,2022/06/17 05:19:11,2022,63747.0,17.7075,63753.0,16003,300,1,1
neurovision|2022/06/19 13:30:50,neurovision,mrsic_flogel,2022/06/19 13:30:50,2022/06/19 20:49:05,2022,26287.0,7.3019,26295.0,17334,267,1,1
brainsaw|2022/06/20 14:11:51,brainsaw,margrie,2022/06/20 14:11:51,2022/06/20 19:52:47,2022,20434.0,5.6761,20456.0,12012,210,1,1
brainsaw|2022/06/21 13:53:34,brainsaw,margrie,2022/06/21 13:53:34,2022/06/22 00:44:12,2022,39017.0,10.8381,39038.0,48808,190,1,4
organgrinder|2022/06/22 14:45:16,organgrinder,branco,2022/06/22 14:45:16,2022/06/22 22:37:51,2022,28348.0,7.8744,28355.0,12900,250,1,1
neurovision|2022/06/22 19:07:51,neurovision,akrami,2022/06/22 19:07:51,2022/06/23 10:00:29,2022,53531.0,14.8697,53558.0,39715,387,1,1
brainsaw|2022/06/23 13:46:09,brainsaw,margrie,2022/06/23 13:46:09,2022/06/23 19:59:44,2022,22392.0,6.22,22415.0,12698,210,1,1
neurovision|2022/06/23 16:38:22,neurovision,akrami,2022/06/23 16:38:22,2022/06/23 22:43:24,2022,21891.0,6.0808,21902.0,20433,136,1,1
brainsaw|2022/06/24 12:17:20,brainsaw,mrsic_flogel,2022/06/24 12:17:20,2022/06/25 03:08:50,2022,53450.0,14.8472,53490.0,39942,324,1,2
neurovision|2022/06/26 10:06:13,neurovision,mrsic_flogel,2022/06/26 10:06:13,2022/06/26 22:08:31,2022,43307.0,12.0297,43338.0,51191,245,1,4
brainsaw|2022/06/27 12:01:02,brainsaw,margrie,2022/06/27 12:01:02,2022/06/27 21:05:42,2022,32649.0,9.0692,32680.0,25465,250,1,2
neurovision|2022/06/28 18:18:18,neurovision,mrsic_flogel,2022/06/28 18:18:18,2022/06/29 01:55:02,2022,27379.0,7.6053,27404.0,29100,311,1,3
brainsaw|2022/06/29 14:35:31,brainsaw,mrsic_flogel,2022/06/29 14:35:31,2022/06/30 07:01:06,2022,59103.0,16.4175,59135.0,36194,342,1,2
brainsaw|2022/06/30 12:33:07,brainsaw,margrie,2022/06/30 12:33:07,2022/07/01 10:32:32,2022,79141.0,21.9836,79165.0,27304,250,1,2
neurovision|2022/06/30 15:19:38,neurovision,mrsic_flogel,2022/06/30 15:19:38,2022/07/01 00:44:56,2022,33900.0,9.4167,33918.0,19153,354,1,1
brainsaw|2022/07/01 13:51:36,brainsaw,margrie,2022/07/01 13:51:36,2022/07/01 19:52:25,2022,21631.0,6.0086,21649.0,13400,210,1,1
brainsaw|2022/07/02 16:05:53,brainsaw,mrsic_flogel,2022/07/02 16:05:53,2022/07/03 07:48:46,2022,56529.0,15.7025,56573.0,63767,305,1,4
neurovision|2022/07/03 11:12:39,neurovision,mrsic_flogel,2022/07/03 11:12:39,2022/07/04 04:06:36,2022,60814.0,16.8928,60837.0,57416,383,1,2
brainsaw|2022/07/03 15:51:04,brainsaw,mrsic_flogel,2022/07/03 15:51:04,2022/07/04 10:40:40,2022,67752.0,18.82,67776.0,56580,222,1,4
neurovision|2022/07/04 12:02:50,neurovision,mrsic_flogel,2022/07/04 12:02:50,2022/07/04 20:15:33,2022,29542.0,8.2061,29563.0,18393,362,1,1
organgrinder|2022/07/04 13:31:44,organgrinder,akrami,2022/07/04 13:31:44,2022/07/05 08:23:04,2022,67866.0,18.8517,67880.0,39115,409,1,1
organgrinder|2022/07/05 11:36:25,organgrinder,margrie,2022/07/05 11:36:25,2022/07/06 14:07:21,2022,95447.0,26.5131,95456.0,23466,250,1,2
brainsaw|2022/07/05 11:46:32,brainsaw,margrie,2022/07/05 11:46:32,2022/07/06 01:30:32,2022,49410.0,13.725,49440.0,40561,250,1,3
neurovision|2022/07/05 18:34:30,neurovision,mrsic_flogel,2022/07/05 18:34:30,2022/07/06 02:00:03,2022,26703.0,7.4175,26733.0,30529,305,1,3
neurovision|2022/07/06 13:23:36,neurovision,histology;mrsic_flogel,2022/07/06 13:23:36,2022/07/06 22:34:29,2022,33022.0,9.1728,33053.0,30844,372,1,3
brainsaw|2022/07/06 14:31:37,brainsaw,mrsic_flogel,2022/07/06 14:31:37,2022/07/07 07:11:57,2022,59991.0,16.6642,60020.0,64966,250,1,4
organgrinder|2022/07/06 16:19:48,organgrinder,margrie,2022/07/06 16:19:48,2022/07/07 18:56:55,2022,95821.0,26.6169,95827.0,26764,250,1,2
neurovision|2022/07/07 11:37:21,neurovision,histology;mrsic_flogel,2022/07/07 11:37:21,2022/07/07 20:47:27,2022,32972.0,9.1589,33006.0,31955,370,1,3
brainsaw|2022/07/07 14:29:42,brainsaw,sjones,2022/07/07 14:29:42,2022/07/07 23:44:31,2022,33268.0,9.2411,33289.0,27263,271,1,2
neurovision|2022/07/08 10:22:39,neurovision,mrsic_flogel,2022/07/08 10:22:39,2022/07/09 05:31:07,2022,68873.0,19.1314,68908.0,86896,271,1,6
brainsaw|2022/07/08 10:57:57,brainsaw,mrsic_flogel,2022/07/08 10:57:57,2022/07/08 22:57:59,2022,43169.0,11.9914,43202.0,17159,309,1,1
brainsaw|2022/07/11 09:45:49,brainsaw,mrsic_flogel,2022/07/11 09:45:49,2022/07/11 23:35:53,2022,49791.0,13.8308,49804.0,57785,250,1,4
neurovision|2022/07/11 18:09:06,neurovision,mrsic_flogel,2022/07/11 18:09:06,2022/07/12 03:25:22,2022,33344.0,9.2622,33376.0,29294,314,1,3
brainsaw|2022/07/12 10:19:08,brainsaw,akrami,2022/07/12 10:19:08,2022/07/12 16:45:14,2022,23133.0,6.4258,23166.0,21939,170,1,1
neurovision|2022/07/12 12:53:27,neurovision,mrsic_flogel,2022/07/12 12:53:27,2022/07/12 19:03:48,2022,22192.0,6.1644,22221.0,13454,293,1,1
neurovision|2022/07/12 19:34:17,neurovision,mrsic_flogel,2022/07/12 19:34:17,2022/07/13 01:42:50,2022,22080.0,6.1333,22113.0,15030,298,1,1
brainsaw|2022/07/13 09:44:58,brainsaw,akrami,2022/07/13 09:44:58,2022/07/13 12:59:11,2022,11648.0,3.2356,11653.0,11056,88,1,1
neurovision|2022/07/13 10:25:00,neurovision,histology,2022/07/13 10:25:00,2022/07/13 18:06:22,2022,27646.0,7.6794,27682.0,16680,372,1,1
brainsaw|2022/07/14 12:46:18,brainsaw,mrsic_flogel,2022/07/14 12:46:18,2022/07/15 09:54:54,2022,76085.0,21.1347,76116.0,72275,360,1,4
neurovision|2022/07/14 15:01:28,neurovision,mrsic_flogel,2022/07/14 15:01:28,2022/07/15 00:09:20,2022,32855.0,9.1264,32872.0,17074,346,1,1
brainsaw|2022/07/15 11:11:31,brainsaw,mrsic_flogel,2022/07/15 11:11:31,2022/07/16 01:29:51,2022,51484.0,14.3011,51500.0,58988,250,1,4
neurovision|2022/07/15 19:11:02,neurovision,mrsic_flogel,2022/07/15 19:11:02,2022/07/16 03:10:33,2022,28743.0,7.9842,28771.0,27341,311,1,3
brainsaw|2022/07/16 14:51:20,brainsaw,mrsic_flogel,2022/07/16 14:51:20,2022/07/17 05:31:18,2022,52774.0,14.6594,52798.0,44592,338,1,3
brainsaw|2022/07/17 12:09:38,brainsaw,mrsic_flogel,2022/07/17 12:09:38,2022/07/18 03:02:59,2022,53584.0,14.8844,53601.0,64176,250,1,4
neurovision|2022/07/18 10:07:05,neurovision,mrsic_flogel,2022/07/18 10:07:05,2022/07/19 02:49:22,2022,60101.0,16.6947,60137.0,72350,276,1,5
brainsaw|2022/07/18 10:20:22,brainsaw,mrsic_flogel,2022/07/18 10:20:22,2022/07/19 03:58:50,2022,63483.0,17.6342,63508.0,65672,350,1,4
brainsaw|2022/07/19 13:59:30,brainsaw,margrie,2022/07/19 13:59:30,2022/07/19 21:35:41,2022,27356.0,7.5989,27371.0,23627,210,1,2
brainsaw|2022/07/20 10:46:36,brainsaw,mrsic_flogel,2022/07/20 10:46:36,2022/07/21 02:40:45,2022,57222.0,15.895,57249.0,64029,300,1,4
neurovision|2022/07/20 13:40:22,neurovision,mrsic_flogel,2022/07/20 13:40:22,2022/07/20 22:21:19,2022,31241.0,8.6781,31257.0,31007,329,1,4
brainsaw|2022/07/21 10:05:49,brainsaw,okeefe,2022/07/21 10:05:49,2022/07/22 09:46:45,2022,85234.0,23.6761,85256.0,114805,242,1,2
neurovision|2022/07/22 18:17:50,neurovision,histology;mrsic_flogel,2022/07/22 18:17:50,2022/07/23 05:19:53,2022,39688.0,11.0244,39723.0,31290,410,1,3
brainsaw|2022/07/23 13:11:17,brainsaw,mrsic_flogel,2022/07/23 13:11:17,2022/07/24 06:56:33,2022,63890.0,17.7472,63916.0,50008,382,1,3
brainsaw|2022/07/25 17:20:35,brainsaw,sjones,2022/07/25 17:20:35,2022/07/26 09:40:42,2022,58772.0,16.3256,58807.0,49019,272,1,4
neurovision|2022/07/26 11:47:52,neurovision,mrsic_flogel,2022/07/26 11:47:52,2022/07/27 03:05:23,2022,55020.0,15.2833,55051.0,55912,314,1,4
brainsaw|2022/07/26 12:55:09,brainsaw,sjones,2022/07/26 12:55:09,2022/07/26 19:20:43,2022,23112.0,6.42,23134.0,23195,171,1,2
brainsaw|2022/07/27 15:01:54,brainsaw,sjones,2022/07/27 15:01:54,2022/07/28 03:23:18,2022,44448.0,12.3467,44484.0,27850,304,1,2
brainsaw|2022/07/28 11:02:36,brainsaw,okeefe,2022/07/28 11:02:36,2022/07/29 07:44:22,2022,74464.0,20.6844,74506.0,84193,334,1,2
brainsaw|2022/07/29 12:32:27,brainsaw,sjones,2022/07/29 12:32:27,2022/07/29 20:17:18,2022,27861.0,7.7392,27891.0,13965,291,1,1
neurovision|2022/07/29 16:11:18,neurovision,mrsic_flogel,2022/07/29 16:11:18,2022/07/30 07:45:48,2022,56021.0,15.5614,56070.0,44897,361,1,4
brainsaw|2022/08/01 10:18:53,brainsaw,mrsic_flogel,2022/08/01 10:18:53,2022/08/02 03:44:48,2022,62717.0,17.4214,62755.0,68779,333,1,4
brainsaw|2022/08/02 13:42:39,brainsaw,sjones,2022/08/02 13:42:39,2022/08/03 05:30:35,2022,56854.0,15.7928,56876.0,18647,337,1,1
brainsaw|2022/08/03 12:33:01,brainsaw,sjones,2022/08/03 12:33:01,2022/08/03 21:18:56,2022,31529.0,8.7581,31555.0,17902,322,1,1
brainsaw|2022/08/04 12:08:24,brainsaw,sjones,2022/08/04 12:08:24,2022/08/04 23:59:05,2022,29600.0,8.2222,42641.0,18337,339,2,1
neurovision|2022/08/04 12:20:16,neurovision,sjones,2022/08/04 12:20:16,2022/08/04 21:08:49,2022,31683.0,8.8008,31713.0,19410,338,1,1
neurovision|2022/08/05 09:55:35,neurovision,mrsic_flogel,2022/08/05 09:55:35,2022/08/06 00:57:00,2022,54071.0,15.0197,54085.0,68808,302,1,4
brainsaw|2022/08/05 11:52:10,brainsaw,sjones,2022/08/05 11:52:10,2022/08/05 20:54:12,2022,32493.0,9.0258,32522.0,18484,330,1,1
brainsaw|2022/08/06 12:23:27,brainsaw,mrsic_flogel,2022/08/06 12:23:27,2022/08/07 11:11:38,2022,82057.0,22.7936,82091.0,88068,346,1,5
brainsaw|2022/08/08 11:59:22,brainsaw,sjones,2022/08/08 11:59:22,2022/08/08 20:32:05,2022,30728.0,8.5356,30763.0,17584,337,1,1
neurovision|2022/08/08 12:06:24,neurovision,sjones,2022/08/08 12:06:24,2022/08/08 16:32:53,2022,15901.0,4.4169,15989.0,10715,159,1,1
brainsaw|2022/08/09 12:00:46,brainsaw,sjones,2022/08/09 12:00:46,2022/08/09 15:24:31,2022,12208.0,3.3911,12225.0,6626,162,1,1
brainsaw|2022/08/09 17:23:37,brainsaw,sjones,2022/08/09 17:23:37,2022/08/10 05:14:50,2022,42643.0,11.8453,42673.0,38968,304,1,3
brainsaw|2022/08/10 11:42:17,brainsaw,sjones,2022/08/10 11:42:17,2022/08/10 20:18:07,2022,30918.0,8.5883,30950.0,18125,337,1,1
organgrinder|2022/08/11 12:05:48,organgrinder,margrie,2022/08/11 12:05:48,2022/08/11 15:35:00,2022,12550.0,3.4861,12552.0,5958,110,1,1
brainsaw|2022/08/11 12:53:29,brainsaw,sjones,2022/08/11 12:53:29,2022/08/11 22:38:26,2022,35071.0,9.7419,35097.0,24986,290,1,2
organgrinder|2022/08/11 16:01:39,organgrinder,margrie,2022/08/11 16:01:39,2022/08/11 22:36:25,2022,23682.0,6.5783,23686.0,10539,220,1,1
brainsaw|2022/08/12 09:31:29,brainsaw,sjones,2022/08/12 09:31:29,2022/08/12 18:14:46,2022,31357.0,8.7103,31397.0,17818,347,1,1
brainsaw|2022/08/12 19:06:49,brainsaw,sjones,2022/08/12 19:06:49,2022/08/13 05:25:56,2022,37119.0,10.3108,37147.0,30196,252,1,3
brainsaw|2022/08/13 12:15:10,brainsaw,mrsic_flogel,2022/08/13 12:15:10,2022/08/13 15:36:13,2022,12033.0,3.3425,12063.0,12501,71,1,4
brainsaw|2022/08/14 15:56:44,brainsaw,mrsic_flogel,2022/08/14 15:56:44,2022/08/15 04:08:34,2022,41208.0,11.4467,43910.0,40425,266,2,3
brainsaw|2022/08/15 08:48:59,brainsaw,mrsic_flogel,2022/08/15 08:48:59,2022/08/16 08:22:35,2022,84779.0,23.5497,84816.0,92942,335,1,6
organgrinder|2022/08/15 14:54:07,organgrinder,akrami,2022/08/15 14:54:07,2022/08/16 14:00:24,2022,83167.0,23.1019,83177.0,59304,212,1,5
brainsaw|2022/08/16 17:33:32,brainsaw,sjones,2022/08/16 17:33:32,2022/08/17 03:27:25,2022,35603.0,9.8897,35633.0,15411,316,1,1
brainsaw|2022/08/18 11:48:39,brainsaw,margrie,2022/08/18 11:48:39,2022/08/19 01:25:19,2022,48977.0,13.6047,49000.0,27316,230,1,2
brainsaw|2022/08/19 12:31:16,brainsaw,branco,2022/08/19 12:31:16,2022/08/20 00:10:09,2022,41904.0,11.64,41933.0,36918,300,1,2
brainsaw|2022/08/22 11:29:07,brainsaw,isogai,2022/08/22 11:29:07,2022/08/22 22:40:08,2022,40211.0,11.1697,40261.0,17319,351,1,1
neurovision|2022/08/23 11:13:18,neurovision,isogai,2022/08/23 11:13:18,2022/08/24 01:09:32,2022,50141.0,13.9281,50174.0,18217,350,1,1
brainsaw|2022/08/23 11:49:18,brainsaw,margrie,2022/08/23 11:49:18,2022/08/23 18:43:39,2022,24840.0,6.9,24861.0,12811,230,1,1
organgrinder|2022/08/23 14:03:06,organgrinder,margrie,2022/08/23 14:03:06,2022/08/24 07:36:49,2022,63215.0,17.5597,63223.0,25096,230,1,2
brainsaw|2022/08/24 11:22:16,brainsaw,isogai,2022/08/24 11:22:16,2022/08/25 05:49:29,2022,50990.0,14.1639,66433.0,35481,374,2,2
neurovision|2022/08/24 14:37:07,neurovision,akrami,2022/08/24 14:37:07,2022/08/26 01:15:44,2022,64176.0,17.8267,124717.0,39991,379,2,1
organgrinder|2022/08/25 11:13:46,organgrinder,isogai,2022/08/25 11:13:46,2022/08/26 07:43:44,2022,73776.0,20.4933,73798.0,34171,386,1,1
neurovision|2022/08/26 16:26:07,neurovision,histology;mrsic_flogel,2022/08/26 16:26:07,2022/08/27 03:57:54,2022,41479.0,11.5219,41507.0,31185,367,1,3
brainsaw|2022/08/26 16:40:00,brainsaw,mrsic_flogel,2022/08/26 16:40:00,2022/08/27 14:18:24,2022,77868.0,21.63,77904.0,58457,300,1,4
brainsaw|2022/08/30 16:08:11,brainsaw,akrami,2022/08/30 16:08:11,2022/08/31 08:56:31,2022,60466.0,16.7961,60500.0,44570,420,1,1
organgrinder|2022/08/31 12:05:45,organgrinder,akrami,2022/08/31 12:05:45,2022/09/01 05:36:20,2022,63023.0,17.5064,63035.0,35208,400,1,1
brainsaw|2022/08/31 15:47:56,brainsaw,sjones,2022/08/31 15:47:56,2022/09/01 08:09:03,2022,58834.0,16.3428,58867.0,42049,334,1,3
neurovision|2022/08/31 16:03:45,neurovision,mrsic_flogel,2022/08/31 16:03:45,2022/09/01 12:39:22,2022,74105.0,20.5847,74137.0,59869,318,1,5
brainsaw|2022/09/01 14:59:48,brainsaw,margrie,2022/09/01 14:59:48,2022/09/01 15:37:06,2022,2237.0,0.6214,2238.0,2054,30,1,1
brainsaw|2022/09/01 18:58:30,brainsaw,mrsic_flogel,2022/09/01 18:58:30,2022/09/01 21:58:58,2022,10808.0,3.0022,10828.0,1980,77,1,1
brainsaw|2022/09/02 14:57:01,brainsaw,sjones,2022/09/02 14:57:01,2022/09/03 00:00:44,2022,32589.0,9.0525,32623.0,17394,332,1,1
brainsaw|2022/09/03 12:49:19,brainsaw,mrsic_flogel,2022/09/03 12:49:19,2022/09/04 07:11:51,2022,66125.0,18.3681,66152.0,39907,340,1,2
brainsaw|2022/09/05 11:46:33,brainsaw,margrie,2022/09/05 11:46:33,2022/09/05 12:47:21,2022,3644.0,1.0122,3648.0,3952,30,1,2
brainsaw|2022/09/05 14:26:39,brainsaw,sjones,2022/09/05 14:26:39,2022/09/05 23:53:30,2022,33989.0,9.4414,34011.0,17580,335,1,1
organgrinder|2022/09/06 11:19:03,organgrinder,margrie,2022/09/06 11:19:03,2022/09/06 21:58:07,2022,38316.0,10.6433,38344.0,11551,246,1,1
brainsaw|2022/09/06 11:41:37,brainsaw,sjones,2022/09/06 11:41:37,2022/09/06 21:51:54,2022,36579.0,10.1608,36617.0,19369,352,1,1
organgrinder|2022/09/07 11:17:37,organgrinder,mrsic_flogel,2022/09/07 11:17:37,2022/09/08 07:52:03,2022,74050.0,20.5694,74066.0,26222,336,1,1
neurovision|2022/09/07 11:53:33,neurovision,mrsic_flogel,2022/09/07 11:53:33,2022/09/07 16:42:28,2022,14535.0,4.0375,17335.0,5755,154,2,1
brainsaw|2022/09/07 12:19:44,brainsaw,sjones,2022/09/07 12:19:44,2022/09/07 23:27:36,2022,40043.0,11.1231,40072.0,19987,362,1,1
neurovision|2022/09/08 11:48:44,neurovision,akrami,2022/09/08 11:48:44,2022/09/09 07:25:36,2022,70593.0,19.6092,70612.0,42362,382,1,1
brainsaw|2022/09/08 12:23:09,brainsaw,sjones,2022/09/08 12:23:09,2022/09/08 23:00:16,2022,38187.0,10.6075,38227.0,19399,338,1,1
brainsaw|2022/09/09 10:04:44,brainsaw,sjones,2022/09/09 10:04:44,2022/09/09 20:51:00,2022,38739.0,10.7608,38776.0,18374,348,1,1
organgrinder|2022/09/09 15:28:52,organgrinder,mrsic_flogel,2022/09/09 15:28:52,2022/09/11 06:11:36,2022,139217.0,38.6714,139364.0,51959,330,1,2
brainsaw|2022/09/11 13:27:43,brainsaw,mrsic_flogel,2022/09/11 13:27:43,2022/09/12 04:51:20,2022,55398.0,15.3883,55417.0,40975,362,1,1
brainsaw|2022/09/12 12:20:00,brainsaw,sjones,2022/09/12 12:20:00,2022/09/13 06:29:14,2022,65335.0,18.1486,65354.0,56289,353,1,3
neurovision|2022/09/13 12:22:36,neurovision,mrsic_flogel,2022/09/13 12:22:36,2022/09/13 16:01:34,2022,13124.0,3.6456,13138.0,6880,148,1,1
organgrinder|2022/09/13 15:45:28,organgrinder,akrami,2022/09/13 15:45:28,2022/09/14 16:19:38,2022,88435.0,24.5653,88450.0,55548,353,1,1
neurovision|2022/09/13 18:43:24,neurovision,mrsic_flogel,2022/09/13 18:43:24,2022/09/14 03:53:26,2022,32972.0,9.1589,33002.0,35628,305,1,3
neurovision|2022/09/14 09:58:14,neurovision,mrsic_flogel,2022/09/14 09:58:14,2022/09/14 13:18:11,2022,11984.0,3.3289,11997.0,6518,150,1,1
brainsaw|2022/09/14 12:21:42,brainsaw,mrsic_flogel,2022/09/14 12:21:42,2022/09/14 21:02:36,2022,31226.0,8.6739,31254.0,17874,354,1,1
neurovision|2022/09/14 14:28:44,neurovision,mrsic_flogel,2022/09/14 14:28:44,2022/09/14 17:46:29,2022,11853.0,3.2925,11865.0,6343,150,1,1
neurovision|2022/09/14 19:20:07,neurovision,mrsic_flogel,2022/09/14 19:20:07,2022/09/15 00:24:28,2022,18229.0,5.0636,18261.0,13440,244,1,1
organgrinder|2022/09/15 10:55:20,organgrinder,akrami,2022/09/15 10:55:20,2022/09/16 03:56:28,2022,61255.0,17.0153,61268.0,35691,396,1,1
brainsaw|2022/09/15 11:16:57,brainsaw,histology;okeefe,2022/09/15 11:16:57,2022/09/16 07:05:34,2022,71299.0,19.8053,71317.0,81324,295,1,2
neurovision|2022/09/15 15:50:00,neurovision,isogai,2022/09/15 15:50:00,2022/09/16 03:21:53,2022,41484.0,11.5233,41513.0,19195,339,1,1
brainsaw|2022/09/20 16:40:49,brainsaw,sjones,2022/09/20 16:40:49,2022/09/20 23:50:04,2022,25733.0,7.1481,25755.0,11855,252,1,1
neurovision|2022/09/20 18:17:09,neurovision,mrsic_flogel,2022/09/20 18:17:09,2022/09/21 12:27:13,2022,65387.0,18.1631,65404.0,83665,319,1,7
brainsaw|2022/09/21 08:14:49,brainsaw,mrsic_flogel,2022/09/21 08:14:49,2022/09/22 08:44:43,2022,88173.0,24.4925,88194.0,119307,266,1,6
neurovision|2022/09/21 14:24:32,neurovision,mrsic_flogel,2022/09/21 14:24:32,2022/09/21 17:50:29,2022,12351.0,3.4308,12357.0,6825,146,1,1
neurovision|2022/09/21 18:13:50,neurovision,mrsic_flogel,2022/09/21 18:13:50,2022/09/21 21:34:48,2022,12044.0,3.3456,12058.0,6600,148,1,1
brainsaw|2022/09/22 11:57:30,brainsaw,margrie,2022/09/22 11:57:30,2022/09/23 03:21:12,2022,55389.0,15.3858,55422.0,48030,260,1,4
brainsaw|2022/09/23 12:36:16,brainsaw,branco,2022/09/23 12:36:16,2022/09/24 00:25:16,2022,42520.0,11.8111,42540.0,37682,300,1,2
brainsaw|2022/09/26 09:38:54,brainsaw,mrsic_flogel,2022/09/26 09:38:54,2022/09/26 18:47:22,2022,32868.0,9.13,32908.0,30968,300,1,2
brainsaw|2022/09/27 12:47:39,brainsaw,mrsic_flogel,2022/09/27 12:47:39,2022/09/27 22:05:55,2022,33468.0,9.2967,33496.0,21855,346,1,1
neurovision|2022/09/27 18:22:33,neurovision,mrsic_flogel,2022/09/27 18:22:33,2022/09/28 02:12:35,2022,28185.0,7.8292,28202.0,28976,302,1,3
neurovision|2022/09/28 09:18:20,neurovision,mrsic_flogel,2022/09/28 09:18:20,2022/09/28 12:47:26,2022,12519.0,3.4775,12546.0,6937,162,1,1
brainsaw|2022/09/28 10:59:29,brainsaw,okeefe,2022/09/28 10:59:29,2022/09/29 06:46:17,2022,71186.0,19.7739,71208.0,92616,269,1,2
neurovision|2022/09/28 13:08:18,neurovision,mrsic_flogel,2022/09/28 13:08:18,2022/09/28 16:21:03,2022,11555.0,3.2097,11565.0,6725,148,1,1
neurovision|2022/09/28 17:10:47,neurovision,mrsic_flogel,2022/09/28 17:10:47,2022/09/28 20:32:29,2022,12086.0,3.3572,12102.0,7310,150,1,1
brainsaw|2022/09/29 10:17:12,brainsaw,okeefe,2022/09/29 10:17:12,2022/09/29 23:36:53,2022,47960.0,13.3222,47981.0,50495,275,1,1
neurovision|2022/09/29 15:03:16,neurovision,isogai,2022/09/29 15:03:16,2022/09/30 05:36:36,2022,52378.0,14.5494,52400.0,40734,368,1,2
brainsaw|2022/09/30 12:05:32,brainsaw,margrie,2022/09/30 12:05:32,2022/09/30 15:58:10,2022,13950.0,3.875,13958.0,10112,150,1,1
brainsaw|2022/10/01 12:05:50,brainsaw,mrsic_flogel,2022/10/01 12:05:50,2022/10/02 06:33:01,2022,66409.0,18.4469,66431.0,56968,316,1,4
brainsaw|2022/10/02 14:03:50,brainsaw,sjones,2022/10/02 14:03:50,2022/10/03 06:29:35,2022,59114.0,16.4206,59145.0,83450,298,1,4
brainsaw|2022/10/03 12:47:50,brainsaw,mrsic_flogel,2022/10/03 12:47:50,2022/10/04 00:03:57,2022,40453.0,11.2369,40567.0,25845,367,2,1
brainsaw|2022/10/04 11:31:18,brainsaw,margrie,2022/10/04 11:31:18,2022/10/04 21:02:50,2022,34279.0,9.5219,34292.0,14184,241,1,1
neurovision|2022/10/04 18:25:31,neurovision,mrsic_flogel,2022/10/04 18:25:31,2022/10/05 07:59:37,2022,48820.0,13.5611,48846.0,57336,335,1,5
neurovision|2022/10/05 14:01:08,neurovision,mrsic_flogel,2022/10/05 14:01:08,2022/10/06 05:02:35,2022,54055.0,15.0153,54087.0,58415,337,1,5
brainsaw|2022/10/06 13:39:22,brainsaw,mrsic_flogel,2022/10/06 13:39:22,2022/10/06 23:35:10,2022,35712.0,9.92,35748.0,19110,362,1,1
neurovision|2022/10/07 14:55:42,neurovision,mrsic_flogel,2022/10/07 14:55:42,2022/10/08 17:41:52,2022,96341.0,26.7614,96370.0,37263,335,1,2
brainsaw|2022/10/08 16:16:33,brainsaw,mrsic_flogel,2022/10/08 16:16:33,2022/10/11 01:35:55,2022,69834.0,19.3983,206362.0,69412,357,2,4
organgrinder|2022/10/11 11:37:05,organgrinder,mrsic_flogel,2022/10/11 11:37:05,2022/10/11 23:17:30,2022,42015.0,11.6708,42025.0,30754,374,1,2
brainsaw|2022/10/11 17:09:43,brainsaw,isogai,2022/10/11 17:09:43,2022/10/12 08:57:29,2022,56824.0,15.7844,56866.0,40287,378,1,2
neurovision|2022/10/11 18:11:13,neurovision,mrsic_flogel,2022/10/11 18:11:13,2022/10/12 09:03:41,2022,53518.0,14.8661,53548.0,74808,324,1,3
neurovision|2022/10/12 12:01:27,neurovision,mrsic_flogel,2022/10/12 12:01:27,2022/10/12 15:21:53,2022,12005.0,3.3347,12026.0,7067,151,1,1
neurovision|2022/10/12 17:20:51,neurovision,mrsic_flogel,2022/10/12 17:20:51,2022/10/12 20:42:31,2022,12082.0,3.3561,12100.0,6380,148,1,1
brainsaw|2022/10/14 15:14:39,brainsaw,mrsic_flogel,2022/10/14 15:14:39,2022/10/14 22:27:44,2022,25956.0,7.21,25985.0,13960,310,1,1
brainsaw|2022/10/17 17:10:01,brainsaw,branco,2022/10/17 17:10:01,2022/10/17 23:41:36,2022,23476.0,6.5211,23495.0,19298,300,1,1
brainsaw|2022/10/18 15:27:59,brainsaw,mrsic_flogel,2022/10/18 15:27:59,2022/10/19 04:15:51,2022,46040.0,12.7889,46072.0,49725,300,1,4
brainsaw|2022/10/19 13:11:48,brainsaw,mrsic_flogel,2022/10/19 13:11:48,2022/10/20 13:30:52,2022,87524.0,24.3122,87544.0,139553,337,1,4
neurovision|2022/10/20 11:41:23,neurovision,isogai,2022/10/20 11:41:23,2022/10/20 22:44:39,2022,39773.0,11.0481,39796.0,49338,314,1,3
brainsaw|2022/10/20 14:56:24,brainsaw,akrami,2022/10/20 14:56:24,2022/10/21 00:59:31,2022,36170.0,10.0472,36187.0,28967,276,1,1
brainsaw|2022/10/24 16:22:27,brainsaw,margrie,2022/10/24 16:22:27,2022/10/25 07:24:18,2022,54100.0,15.0278,54111.0,38451,240,1,3
brainsaw|2022/10/25 11:19:37,brainsaw,margrie,2022/10/25 11:19:37,2022/10/25 21:52:57,2022,37972.0,10.5478,38000.0,25171,240,1,2
brainsaw|2022/10/26 14:54:48,brainsaw,margrie,2022/10/26 14:54:48,2022/10/26 23:29:40,2022,30863.0,8.5731,30892.0,14766,270,1,1
brainsaw|2022/10/28 14:33:07,brainsaw,branco;margrie,2022/10/28 14:33:07,2022/10/29 00:56:59,2022,37404.0,10.39,37432.0,34080,250,1,2
organgrinder|2022/10/28 16:39:24,organgrinder,isogai,2022/10/28 16:39:24,2022/10/29 00:56:13,2022,29796.0,8.2767,29809.0,26377,297,1,2
brainsaw|2022/10/29 18:43:35,brainsaw,mrsic_flogel,2022/10/29 18:43:35,2022/10/30 04:31:41,2022,38718.0,10.755,35286.0,28842,265,1,2
organgrinder|2022/10/31 11:04:36,organgrinder,isogai,2022/10/31 11:04:36,2022/10/31 23:35:42,2022,45049.0,12.5136,45066.0,15618,301,1,1
brainsaw|2022/10/31 11:51:17,brainsaw,margrie,2022/10/31 11:51:17,2022/10/31 16:07:45,2022,15364.0,4.2678,15388.0,4440,151,1,1
neurovision|2022/10/31 13:19:46,neurovision,isogai,2022/10/31 13:19:46,2022/11/01 01:09:58,2022,42593.0,11.8314,42612.0,18878,316,1,1
brainsaw|2022/10/31 18:20:05,brainsaw,margrie,2022/10/31 18:20:05,2022/11/01 00:46:25,2022,23162.0,6.4339,23180.0,5296,189,1,1
brainsaw|2022/11/01 11:09:36,brainsaw,isogai,2022/11/01 11:09:36,2022/11/02 05:34:03,2022,66237.0,18.3992,66267.0,39851,392,1,2
neurovision|2022/11/01 12:42:13,neurovision,isogai,2022/11/01 12:42:13,2022/11/02 02:47:34,2022,50691.0,14.0808,50721.0,36566,355,1,2
organgrinder|2022/11/02 11:18:07,organgrinder,isogai,2022/11/02 11:18:07,2022/11/03 03:50:17,2022,59522.0,16.5339,59530.0,60095,390,1,1
neurovision|2022/11/03 11:31:39,neurovision,mrsic_flogel,2022/11/03 11:31:39,2022/11/03 17:54:19,2022,22948.0,6.3744,22960.0,14750,307,1,1
neurovision|2022/11/03 18:25:45,neurovision,mrsic_flogel,2022/11/03 18:25:45,2022/11/04 16:20:19,2022,78851.0,21.9031,78874.0,86544,319,1,7
neurovision|2022/11/04 18:52:01,neurovision,mrsic_flogel,2022/11/04 18:52:01,2022/11/05 16:34:53,2022,78145.0,21.7069,78172.0,72592,355,1,8
brainsaw|2022/11/07 11:11:41,brainsaw,mrsic_flogel,2022/11/07 11:11:41,2022/11/08 11:13:56,2022,86491.0,24.0253,86535.0,52700,273,1,4
brainsaw|2022/11/08 13:53:33,brainsaw,mrsic_flogel,2022/11/08 13:53:33,2022/11/09 05:36:40,2022,56558.0,15.7106,56587.0,45086,365,1,2
brainsaw|2022/11/09 14:52:13,brainsaw,margrie,2022/11/09 14:52:13,2022/11/10 02:00:06,2022,40047.0,11.1242,40073.0,33857,270,1,2
organgrinder|2022/11/09 16:24:52,organgrinder,margrie,2022/11/09 16:24:52,2022/11/10 06:55:03,2022,52202.0,14.5006,52211.0,10830,202,1,1
brainsaw|2022/11/10 11:44:20,brainsaw,margrie,2022/11/10 11:44:20,2022/11/10 16:49:36,2022,18288.0,5.08,18316.0,4064,145,1,1
brainsaw|2022/11/10 18:42:24,brainsaw,margrie,2022/11/10 18:42:24,2022/11/10 23:39:12,2022,17777.0,4.9381,17808.0,4162,146,1,1
brainsaw|2022/11/11 11:50:27,brainsaw,margrie,2022/11/11 11:50:27,2022/11/11 22:55:56,2022,39908.0,11.0856,39929.0,21718,201,1,2
neurovision|2022/11/14 11:16:11,neurovision,branco,2022/11/14 11:16:11,2022/11/14 16:54:29,2022,20276.0,5.6322,20298.0,12698,244,1,1
brainsaw|2022/11/14 11:39:15,brainsaw,margrie,2022/11/14 11:39:15,2022/11/14 15:47:51,2022,14882.0,4.1339,14916.0,3563,124,1,1
organgrinder|2022/11/14 11:50:10,organgrinder,branco,2022/11/14 11:50:10,2022/11/14 17:47:44,2022,21450.0,5.9583,21454.0,8900,233,1,1
brainsaw|2022/11/14 19:18:34,brainsaw,margrie,2022/11/14 19:18:34,2022/11/15 01:00:44,2022,20517.0,5.6992,20530.0,5109,163,1,1
brainsaw|2022/11/15 11:19:26,brainsaw,branco,2022/11/15 11:19:26,2022/11/16 08:54:22,2022,77664.0,21.5733,77696.0,69855,313,1,4
brainsaw|2022/11/16 09:57:58,brainsaw,mrsic_flogel,2022/11/16 09:57:58,2022/11/17 01:44:15,2022,56751.0,15.7642,56777.0,58507,300,1,4
neurovision|2022/11/16 16:58:37,neurovision,mrsic_flogel,2022/11/16 16:58:37,2022/11/16 21:29:53,2022,16270.0,4.5194,16276.0,13513,204,1,1
brainsaw|2022/11/17 11:48:49,brainsaw,sjones,2022/11/17 11:48:49,2022/11/18 00:23:33,2022,45240.0,12.5667,45284.0,36008,347,1,2
brainsaw|2022/11/18 13:09:25,brainsaw,mrsic_flogel,2022/11/18 13:09:25,2022/11/19 01:56:47,2022,46013.0,12.7814,46042.0,47734,306,1,3
organgrinder|2022/11/21 12:41:25,organgrinder,margrie,2022/11/21 12:41:25,2022/11/22 00:22:53,2022,42074.0,11.6872,42088.0,25161,306,1,2
brainsaw|2022/11/22 12:04:59,brainsaw,sjones,2022/11/22 12:04:59,2022/11/23 08:06:11,2022,71349.0,19.8192,72072.0,55472,349,3,3
brainsaw|2022/11/23 15:40:33,brainsaw,margrie,2022/11/23 15:40:33,2022/11/23 23:11:55,2022,27055.0,7.5153,27082.0,15141,276,1,1
organgrinder|2022/11/23 15:55:03,organgrinder,margrie,2022/11/23 15:55:03,2022/11/24 00:17:40,2022,30149.0,8.3747,30157.0,24043,240,1,2
brainsaw|2022/11/28 13:06:23,brainsaw,mrsic_flogel,2022/11/28 13:06:23,2022/11/28 22:36:29,2022,34174.0,9.4928,34206.0,18936,366,1,1
brainsaw|2022/11/29 12:10:46,brainsaw,mrsic_flogel,2022/11/29 12:10:46,2022/11/29 23:10:44,2022,39570.0,10.9917,39598.0,20615,381,1,1
brainsaw|2022/11/30 10:17:47,brainsaw,mrsic_flogel,2022/11/30 10:17:47,2022/12/01 03:50:39,2022,63150.0,17.5417,63172.0,63930,300,1,4
neurovision|2022/11/30 13:22:28,neurovision,mrsic_flogel,2022/11/30 13:22:28,2022/11/30 19:02:21,2022,20376.0,5.66,20393.0,17245,292,1,1
organgrinder|2022/12/01 12:32:55,organgrinder,margrie,2022/12/01 12:32:55,2022/12/02 04:11:41,2022,56302.0,15.6394,56326.0,40763,367,1,3
brainsaw|2022/12/02 17:14:45,brainsaw,margrie,2022/12/02 17:14:45,2022/12/03 03:27:54,2022,36767.0,10.2131,36789.0,36683,237,1,3
neurovision|2022/12/05 20:48:08,neurovision,isogai,2022/12/05 20:48:08,2022/12/06 13:05:00,2022,58590.0,16.275,58612.0,41422,307,1,2
brainsaw|2022/12/06 15:35:28,brainsaw,branco,2022/12/06 15:35:28,2022/12/06 22:56:20,2022,26431.0,7.3419,26452.0,17299,270,1,1
neurovision|2022/12/06 18:24:57,neurovision,mrsic_flogel,2022/12/06 18:24:57,2022/12/07 05:16:50,2022,39065.0,10.8514,39113.0,29289,326,1,3
brainsaw|2022/12/07 14:31:46,brainsaw,branco,2022/12/07 14:31:46,2022/12/08 05:47:42,2022,54922.0,15.2561,54956.0,42301,384,1,2
neurovision|2022/12/07 17:32:09,neurovision,mrsic_flogel,2022/12/07 17:32:09,2022/12/08 06:41:35,2022,47345.0,13.1514,47366.0,42326,313,1,4
organgrinder|2022/12/08 10:33:29,organgrinder,branco,2022/12/08 10:33:29,2022/12/09 18:26:45,2022,55810.0,15.5028,114796.0,58310,327,2,4
brainsaw|2022/12/08 13:58:27,brainsaw,margrie,2022/12/08 13:58:27,2022/12/09 03:47:39,2022,49729.0,13.8136,49752.0,29717,267,1,2
organgrinder|2022/12/11 16:44:54,organgrinder,margrie,2022/12/11 16:44:54,2022/12/12 07:09:31,2022,51875.0,14.4097,51877.0,36903,342,1,3
neurovision|2022/12/12 15:41:31,neurovision,mrsic_flogel,2022/12/12 15:41:31,2022/12/13 07:27:18,2022,56723.0,15.7564,56747.0,77122,312,1,6
brainsaw|2022/12/13 09:13:41,brainsaw,mrsic_flogel,2022/12/13 09:13:41,2022/12/13 17:01:39,2022,28047.0,7.7908,28078.0,18060,301,1,1
neurovision|2022/12/13 15:39:34,neurovision,isogai,2022/12/13 15:39:34,2022/12/14 00:26:15,2022,31578.0,8.7717,31601.0,16768,320,1,1
brainsaw|2022/12/13 17:37:48,brainsaw,sjones,2022/12/13 17:37:48,2022/12/14 05:43:12,2022,43476.0,12.0767,43524.0,45900,289,1,4
brainsaw|2022/12/14 09:28:28,brainsaw,mrsic_flogel,2022/12/14 09:28:28,2022/12/14 16:14:13,2022,24329.0,6.7581,24345.0,15021,250,1,1
neurovision|2022/12/14 12:24:18,neurovision,margrie,2022/12/14 12:24:18,2022/12/14 23:43:23,2022,40730.0,11.3139,40745.0,17711,323,1,1
brainsaw|2022/12/14 16:37:33,brainsaw,mrsic_flogel,2022/12/14 16:37:33,2022/12/15 05:54:29,2022,47780.0,13.2722,47816.0,39708,354,1,2
brainsaw|2022/12/18 09:42:34,brainsaw,mrsic_flogel,2022/12/18 09:42:34,2022/12/18 22:56:41,2022,47615.0,13.2264,47647.0,46259,330,1,3
brainsaw|2022/12/19 17:28:13,brainsaw,isogai,2022/12/19 17:28:13,2022/12/20 09:26:35,2022,57478.0,15.9661,57502.0,76396,361,1,4
brainsaw|2022/12/20 10:43:42,brainsaw,okeefe,2022/12/20 10:43:42,2022/12/21 06:48:35,2022,72259.0,20.0719,72293.0,84575,298,1,2
neurovision|2022/12/20 12:55:44,neurovision,mrsic_flogel,2022/12/20 12:55:44,2022/12/20 19:35:01,2022,23923.0,6.6453,23957.0,14628,321,1,1
brainsaw|2022/12/21 13:36:23,brainsaw,margrie,2022/12/21 13:36:23,2022/12/22 04:40:22,2022,54217.0,15.0603,54239.0,58734,210,1,4
neurovision|2022/12/22 12:04:16,neurovision,mrsic_flogel,2022/12/22 12:04:16,2022/12/22 18:07:11,2022,21745.0,6.0403,21775.0,15149,321,1,1
brainsaw|2022/12/22 12:57:03,brainsaw,margrie,2022/12/22 12:57:03,2022/12/23 02:13:01,2022,47734.0,13.2594,47758.0,27273,274,1,2
neurovision|2022/12/22 18:45:33,neurovision,mrsic_flogel,2022/12/22 18:45:33,2022/12/23 11:18:18,2022,59538.0,16.5383,59565.0,68517,343,1,5
brainsaw|2022/12/23 17:12:38,brainsaw,mrsic_flogel,2022/12/23 17:12:38,2022/12/24 09:54:03,2022,60052.0,16.6811,60085.0,61523,373,1,3
brainsaw|2022/12/28 14:19:46,brainsaw,mrsic_flogel,2022/12/28 14:19:46,2022/12/28 23:54:10,2022,34441.0,9.5669,34464.0,20357,354,1,1
brainsaw|2023/01/02 13:03:12,brainsaw,sjones,2023/01/02 13:03:12,2023/01/02 21:13:10,2023,29365.0,8.1569,29398.0,13822,316,1,1
brainsaw|2023/01/03 15:33:27,brainsaw,sjones,2023/01/03 15:33:27,2023/01/03 23:55:35,2023,30100.0,8.3611,30128.0,14123,314,1,1
neurovision|2023/01/03 15:44:27,neurovision,sjones,2023/01/03 15:44:27,2023/01/03 22:28:44,2023,24231.0,6.7308,24257.0,13794,251,1,1
brainsaw|2023/01/04 13:21:37,brainsaw,margrie,2023/01/04 13:21:37,2023/01/05 05:51:29,2023,59372.0,16.4922,59392.0,50669,268,1,4
brainsaw|2023/01/06 15:20:32,brainsaw,mrsic_flogel,2023/01/06 15:20:32,2023/01/07 01:11:08,2023,35403.0,9.8342,35436.0,18487,351,1,1
brainsaw|2023/01/07 13:23:58,brainsaw,mrsic_flogel,2023/01/07 13:23:58,2023/01/08 07:44:54,2023,66032.0,18.3422,66056.0,82769,314,1,3
brainsaw|2023/01/08 15:12:25,brainsaw,mrsic_flogel,2023/01/08 15:12:25,2023/01/09 03:57:44,2023,45881.0,12.7447,45919.0,28539,298,1,2
brainsaw|2023/01/09 13:18:25,brainsaw,mrsic_flogel,2023/01/09 13:18:25,2023/01/10 08:07:11,2023,67700.0,18.8056,67726.0,18770,360,1,1
neurovision|2023/01/09 15:47:55,neurovision,branco,2023/01/09 15:47:55,2023/01/09 19:16:17,2023,12491.0,3.4697,12502.0,8894,155,1,1
neurovision|2023/01/10 13:17:40,neurovision,sjones,2023/01/10 13:17:40,2023/01/10 20:52:40,2023,27273.0,7.5758,27300.0,20106,343,1,1
brainsaw|2023/01/10 13:20:35,brainsaw,mrsic_flogel,2023/01/10 13:20:35,2023/01/11 00:42:59,2023,40919.0,11.3664,40944.0,18596,343,1,1
neurovision|2023/01/11 14:02:01,neurovision,sjones,2023/01/11 14:02:01,2023/01/11 21:32:17,2023,26988.0,7.4967,27016.0,19341,343,1,1
brainsaw|2023/01/11 14:50:04,brainsaw,margrie,2023/01/11 14:50:04,2023/01/12 02:37:58,2023,42451.0,11.7919,42474.0,12160,240,1,1
brainsaw|2023/01/12 10:27:50,brainsaw,margrie,2023/01/12 10:27:50,2023/01/12 11:58:14,2023,5419.0,1.5053,5424.0,4281,64,1,1
neurovision|2023/01/12 15:06:41,neurovision,sjones,2023/01/12 15:06:41,2023/01/12 22:18:40,2023,25899.0,7.1942,25919.0,20277,318,1,1
brainsaw|2023/01/12 15:08:47,brainsaw,margrie,2023/01/12 15:08:47,2023/01/13 08:19:30,2023,61827.0,17.1742,61843.0,40197,250,1,3
neurovision|2023/01/13 13:06:40,neurovision,sjones,2023/01/13 13:06:40,2023/01/13 17:45:01,2023,16684.0,4.6344,16701.0,13249,204,1,1
brainsaw|2023/01/13 14:24:20,brainsaw,sjones,2023/01/13 14:24:20,2023/01/13 18:40:05,2023,15337.0,4.2603,15345.0,5988,129,1,1
neurovision|2023/01/14 14:46:56,neurovision,mrsic_flogel,2023/01/14 14:46:56,2023/01/15 03:34:01,2023,46002.0,12.7783,46025.0,30509,289,1,2
brainsaw|2023/01/14 16:48:28,brainsaw,mrsic_flogel,2023/01/14 16:48:28,2023/01/15 05:17:18,2023,44905.0,12.4736,44930.0,26551,282,1,2
brainsaw|2023/01/16 14:50:38,brainsaw,akrami,2023/01/16 14:50:38,2023/01/17 01:08:13,2023,37016.0,10.2822,37055.0,29118,277,1,1
neurovision|2023/01/17 09:29:17,neurovision,branco,2023/01/17 09:29:17,2023/01/17 13:45:53,2023,15371.0,4.2697,15396.0,10114,177,1,1
brainsaw|2023/01/17 14:45:14,brainsaw,branco,2023/01/17 14:45:14,2023/01/17 19:40:27,2023,17692.0,4.9144,17713.0,8266,169,1,1
neurovision|2023/01/17 15:49:18,neurovision,branco,2023/01/17 15:49:18,2023/01/17 20:03:39,2023,15235.0,4.2319,15261.0,7988,194,1,1
brainsaw|2023/01/18 13:22:28,brainsaw,margrie,2023/01/18 13:22:28,2023/01/18 23:02:22,2023,34774.0,9.6594,34794.0,25247,210,1,1
brainsaw|2023/01/19 10:28:32,brainsaw,okeefe,2023/01/19 10:28:32,2023/01/20 09:46:28,2023,83854.0,23.2928,83876.0,131107,309,1,2
neurovision|2023/01/19 12:40:32,neurovision,mrsic_flogel,2023/01/19 12:40:32,2023/01/19 18:55:22,2023,22467.0,6.2408,22490.0,14242,302,1,1
brainsaw|2023/01/20 10:56:55,brainsaw,mrsic_flogel,2023/01/20 10:56:55,2023/01/21 04:37:53,2023,63644.0,17.6789,63658.0,73349,250,1,5
neurovision|2023/01/20 11:02:10,neurovision,mrsic_flogel,2023/01/20 11:02:10,2023/01/20 19:42:19,2023,31191.0,8.6642,31209.0,32948,250,1,2
brainsaw|2023/01/23 11:52:46,brainsaw,margrie,2023/01/23 11:52:46,2023/01/23 15:39:13,2023,13575.0,3.7708,13587.0,10459,128,1,1
brainsaw|2023/01/24 10:41:45,brainsaw,margrie,2023/01/24 10:41:45,2023/01/24 17:40:09,2023,25078.0,6.9661,25104.0,13517,247,1,1
neurovision|2023/01/24 18:18:16,neurovision,mrsic_flogel,2023/01/24 18:18:16,2023/01/25 06:12:05,2023,42804.0,11.89,42829.0,43345,321,1,4
brainsaw|2023/01/25 11:16:52,brainsaw,branco,2023/01/25 11:16:52,2023/01/25 19:21:00,2023,29011.0,8.0586,29048.0,17448,320,1,1
neurovision|2023/01/25 14:59:12,neurovision,mrsic_flogel,2023/01/25 14:59:12,2023/01/25 23:30:20,2023,30627.0,8.5075,30668.0,28994,307,1,3
brainsaw|2023/01/26 11:36:08,brainsaw,margrie,2023/01/26 11:36:08,2023/01/26 16:49:09,2023,18762.0,5.2117,18781.0,12227,210,1,1
brainsaw|2023/01/27 10:15:30,brainsaw,mrsic_flogel,2023/01/27 10:15:30,2023/01/28 00:24:32,2023,50920.0,14.1444,50942.0,43726,250,1,3
neurovision|2023/01/27 16:04:45,neurovision,branco,2023/01/27 16:04:45,2023/01/27 23:58:39,2023,28410.0,7.8917,28434.0,19149,356,1,1
neurovision|2023/01/30 10:57:55,neurovision,akrami,2023/01/30 10:57:55,2023/01/31 03:38:09,2023,59981.0,16.6614,60014.0,40307,440,1,1
brainsaw|2023/01/30 14:50:35,brainsaw,branco,2023/01/30 14:50:35,2023/01/30 22:52:41,2023,28899.0,8.0275,28926.0,16344,320,1,1
neurovision|2023/02/01 13:15:19,neurovision,akrami,2023/02/01 13:15:19,2023/02/02 05:52:34,2023,59797.0,16.6103,59835.0,39679,425,1,1
brainsaw|2023/02/02 16:58:24,brainsaw,akrami,2023/02/02 16:58:24,2023/02/03 09:33:40,2023,59688.0,16.58,59716.0,42949,397,1,1
neurovision|2023/02/02 18:41:05,neurovision,mrsic_flogel,2023/02/02 18:41:05,2023/02/03 11:53:53,2023,61950.0,17.2083,61968.0,68872,276,1,6
brainsaw|2023/02/03 12:57:28,brainsaw,margrie,2023/02/03 12:57:28,2023/02/03 17:59:27,2023,18098.0,5.0272,18119.0,12384,210,1,1
neurovision|2023/02/03 15:15:59,neurovision,akrami,2023/02/03 15:15:59,2023/02/04 07:35:36,2023,58748.0,16.3189,58777.0,44170,388,1,1
brainsaw|2023/02/04 20:25:08,brainsaw,mrsic_flogel;murray,2023/02/04 20:25:08,2023/02/05 19:15:21,2023,82176.0,22.8267,82213.0,74742,397,1,4
brainsaw|2023/02/06 10:33:27,brainsaw,okeefe,2023/02/06 10:33:27,2023/02/07 12:10:40,2023,92207.0,25.6131,92233.0,120081,305,1,2
neurovision|2023/02/06 11:38:32,neurovision,branco,2023/02/06 11:38:32,2023/02/06 19:53:40,2023,29682.0,8.245,29708.0,17034,321,1,1
neurovision|2023/02/07 11:26:44,neurovision,branco,2023/02/07 11:26:44,2023/02/07 21:52:43,2023,37533.0,10.4258,37559.0,18985,320,1,1
neurovision|2023/02/08 11:51:34,neurovision,mrsic_flogel,2023/02/08 11:51:34,2023/02/09 00:23:14,2023,45068.0,12.5189,45100.0,54322,356,1,3
organgrinder|2023/02/08 16:22:09,organgrinder,branco,2023/02/08 16:22:09,2023/02/08 23:59:55,2023,27458.0,7.6272,27466.0,14121,343,1,1
brainsaw|2023/02/08 20:15:36,brainsaw,mrsic_flogel,2023/02/08 20:15:36,2023/02/09 08:15:47,2023,43177.0,11.9936,43211.0,11347,211,1,1
organgrinder|2023/02/09 11:04:40,organgrinder,branco,2023/02/09 11:04:40,2023/02/09 21:05:41,2023,36059.0,10.0164,36061.0,14339,320,1,1
neurovision|2023/02/09 11:41:36,neurovision,mrsic_flogel,2023/02/09 11:41:36,2023/02/09 15:16:25,2023,12862.0,3.5728,12889.0,7393,155,1,1
brainsaw|2023/02/09 12:59:28,brainsaw,branco,2023/02/09 12:59:28,2023/02/09 23:56:09,2023,39381.0,10.9392,39401.0,31029,250,1,2
neurovision|2023/02/09 18:25:55,neurovision,mrsic_flogel,2023/02/09 18:25:55,2023/02/09 22:15:06,2023,13731.0,3.8142,13751.0,7699,162,1,1
brainsaw|2023/02/10 18:59:20,brainsaw,mrsic_flogel,2023/02/10 18:59:20,2023/02/11 00:36:22,2023,20189.0,5.6081,20222.0,10943,182,1,1
brainsaw|2023/02/12 16:46:56,brainsaw,mrsic_flogel,2023/02/12 16:46:56,2023/02/13 14:25:10,2023,77597.0,21.5547,77894.0,78240,372,3,4
neurovision|2023/02/13 11:17:48,neurovision,branco,2023/02/13 11:17:48,2023/02/14 02:13:07,2023,53682.0,14.9117,53719.0,36996,320,1,2
brainsaw|2023/02/13 15:06:14,brainsaw,margrie,2023/02/13 15:06:14,2023/02/14 07:08:06,2023,57684.0,16.0233,57712.0,37188,270,1,3
brainsaw|2023/02/14 10:52:04,brainsaw,margrie,2023/02/14 10:52:04,2023/02/14 23:27:50,2023,45324.0,12.59,45346.0,13154,271,1,1
organgrinder|2023/02/14 11:09:22,organgrinder,branco,2023/02/14 11:09:22,2023/02/14 23:25:36,2023,44160.0,12.2667,44174.0,25980,320,1,2
brainsaw|2023/02/15 10:27:44,brainsaw,margrie,2023/02/15 10:27:44,2023/02/16 01:14:23,2023,53160.0,14.7667,53199.0,27806,278,1,2
neurovision|2023/02/16 16:51:39,neurovision,mrsic_flogel,2023/02/16 16:51:39,2023/02/17 05:24:05,2023,45126.0,12.535,45146.0,31515,389,1,3
brainsaw|2023/02/17 13:43:08,brainsaw,mrsic_flogel,2023/02/17 13:43:08,2023/02/18 08:37:10,2023,67996.0,18.8878,68042.0,72905,374,1,4
organgrinder|2023/02/20 10:57:19,organgrinder,mrsic_flogel,2023/02/20 10:57:19,2023/02/20 18:59:15,2023,28903.0,8.0286,28916.0,12999,311,1,1
brainsaw|2023/02/20 12:19:19,brainsaw,margrie,2023/02/20 12:19:19,2023/02/21 08:34:22,2023,72881.0,20.2447,72903.0,53241,267,1,4
brainsaw|2023/02/21 09:32:21,brainsaw,mrsic_flogel,2023/02/21 09:32:21,2023/02/22 05:47:45,2023,72895.0,20.2486,72924.0,78235,250,1,5
neurovision|2023/02/21 10:59:56,neurovision,mrsic_flogel,2023/02/21 10:59:56,2023/02/21 14:47:21,2023,13631.0,3.7864,13645.0,9012,153,1,1
organgrinder|2023/02/21 11:50:37,organgrinder,branco,2023/02/21 11:50:37,2023/02/21 22:15:26,2023,37471.0,10.4086,37489.0,14179,320,1,1
neurovision|2023/02/21 18:09:09,neurovision,mrsic_flogel,2023/02/21 18:09:09,2023/02/22 07:17:01,2023,47253.0,13.1258,47272.0,46254,330,1,4
brainsaw|2023/02/22 11:40:20,brainsaw,mrsic_flogel,2023/02/22 11:40:20,2023/02/22 23:10:09,2023,41364.0,11.49,41389.0,14546,239,1,1
organgrinder|2023/02/22 13:50:41,organgrinder,isogai,2023/02/22 13:50:41,2023/02/22 22:34:33,2023,31425.0,8.7292,31432.0,22476,269,1,1
brainsaw|2023/02/23 11:17:51,brainsaw,mrsic_flogel,2023/02/23 11:17:51,2023/02/24 01:01:10,2023,49061.0,13.6281,49399.0,27730,294,2,2
organgrinder|2023/02/23 17:03:44,organgrinder,isogai,2023/02/23 17:03:44,2023/02/24 08:24:37,2023,55238.0,15.3439,55253.0,44776,286,1,2
neurovision|2023/02/23 18:29:25,neurovision,mrsic_flogel,2023/02/23 18:29:25,2023/02/24 07:38:25,2023,47318.0,13.1439,47340.0,41902,311,1,4
neurovision|2023/02/24 11:13:24,neurovision,mrsic_flogel,2023/02/24 11:13:24,2023/02/24 23:43:50,2023,45011.0,12.5031,45026.0,50112,334,1,3
neurovision|2023/02/25 14:44:57,neurovision,mrsic_flogel,2023/02/25 14:44:57,2023/02/27 17:51:12,2023,183916.0,51.0878,183975.0,86856,374,1,4
brainsaw|2023/02/27 11:19:32,brainsaw,mrsic_flogel,2023/02/27 11:19:32,2023/02/28 17:50:22,2023,109825.0,30.5069,109850.0,49611,350,1,3
organgrinder|2023/02/28 13:21:57,organgrinder,branco,2023/02/28 13:21:57,2023/03/01 00:01:40,2023,38361.0,10.6558,38383.0,13562,320,1,1
brainsaw|2023/03/01 14:08:44,brainsaw,mrsic_flogel,2023/03/01 14:08:44,2023/03/02 07:23:54,2023,62091.0,17.2475,62110.0,61424,300,1,4
neurovision|2023/03/01 15:25:09,neurovision,mrsic_flogel,2023/03/01 15:25:09,2023/03/02 07:25:30,2023,57579.0,15.9942,57621.0,57021,330,1,5
neurovision|2023/03/02 14:12:48,neurovision,mrsic_flogel,2023/03/02 14:12:48,2023/03/02 20:42:32,2023,23353.0,6.4869,23384.0,14421,316,1,1
brainsaw|2023/03/02 15:12:01,brainsaw,branco,2023/03/02 15:12:01,2023/03/03 01:39:13,2023,37606.0,10.4461,37632.0,27626,240,1,2
organgrinder|2023/03/03 11:14:24,organgrinder,mrsic_flogel,2023/03/03 11:14:24,2023/03/05 00:44:00,2023,134945.0,37.4847,134976.0,77043,344,1,3
brainsaw|2023/03/03 12:10:13,brainsaw,sjones,2023/03/03 12:10:13,2023/03/04 05:47:09,2023,63376.0,17.6044,63416.0,29994,500,1,1
brainsaw|2023/03/04 11:24:39,brainsaw,mrsic_flogel,2023/03/04 11:24:39,2023/03/04 21:19:48,2023,35669.0,9.9081,35709.0,29149,252,1,2
brainsaw|2023/03/04 22:23:15,brainsaw,mrsic_flogel,2023/03/04 22:23:15,2023/03/05 15:31:09,2023,61642.0,17.1228,61674.0,58822,287,1,4
neurovision|2023/03/06 11:23:12,neurovision,mrsic_flogel,2023/03/06 11:23:12,2023/03/07 05:26:36,2023,64990.0,18.0528,65004.0,80998,250,1,5
brainsaw|2023/03/07 11:43:33,brainsaw,mrsic_flogel,2023/03/07 11:43:33,2023/03/08 08:05:33,2023,73293.0,20.3592,73320.0,58957,250,1,4
brainsaw|2023/03/08 11:17:17,brainsaw,mrsic_flogel,2023/03/08 11:17:17,2023/03/09 09:31:47,2023,80043.0,22.2342,80070.0,66401,300,1,4
organgrinder|2023/03/08 14:49:25,organgrinder,branco,2023/03/08 14:49:25,2023/03/08 23:18:11,2023,30518.0,8.4772,30526.0,11888,290,1,1
brainsaw|2023/03/09 12:53:36,brainsaw,mrsic_flogel,2023/03/09 12:53:36,2023/03/10 10:09:20,2023,76530.0,21.2583,76544.0,63776,285,1,4
neurovision|2023/03/09 18:48:44,neurovision,mrsic_flogel,2023/03/09 18:48:44,2023/03/10 10:22:45,2023,56013.0,15.5592,56041.0,34913,393,1,3
neurovision|2023/03/10 11:14:26,neurovision,mrsic_flogel,2023/03/10 11:14:26,2023/03/11 08:42:24,2023,77259.0,21.4608,77278.0,96672,250,1,6
brainsaw|2023/03/10 11:47:05,brainsaw,sjones,2023/03/10 11:47:05,2023/03/10 22:33:23,2023,38750.0,10.7639,38778.0,15094,308,1,1
organgrinder|2023/03/10 14:00:39,organgrinder,branco,2023/03/10 14:00:39,2023/03/11 02:02:20,2023,43296.0,12.0267,43301.0,24361,343,1,2
brainsaw|2023/03/13 10:58:15,brainsaw,mrsic_flogel,2023/03/13 10:58:15,2023/03/14 03:59:20,2023,61223.0,17.0064,61265.0,59798,329,1,4
organgrinder|2023/03/13 16:24:01,organgrinder,isogai,2023/03/13 16:24:01,2023/03/14 07:20:17,2023,53745.0,14.9292,53776.0,45404,305,1,2
brainsaw|2023/03/14 11:33:44,brainsaw,sjones,2023/03/14 11:33:44,2023/03/15 09:50:18,2023,80144.0,22.2622,80194.0,63885,468,1,2
organgrinder|2023/03/14 14:46:58,organgrinder,isogai,2023/03/14 14:46:58,2023/03/16 20:59:33,2023,31665.0,8.7958,195155.0,21321,286,2,1
brainsaw|2023/03/15 11:08:53,brainsaw,sjones,2023/03/15 11:08:53,2023/03/16 02:56:46,2023,56825.0,15.7847,56873.0,33340,328,1,2
neurovision|2023/03/15 13:19:20,neurovision,mrsic_flogel,2023/03/15 13:19:20,2023/03/16 08:45:26,2023,69943.0,19.4286,69966.0,89237,341,1,7
brainsaw|2023/03/16 11:02:27,brainsaw,mrsic_flogel,2023/03/16 11:02:27,2023/03/17 02:33:15,2023,55812.0,15.5033,55848.0,46832,313,1,3
brainsaw|2023/03/17 10:28:35,brainsaw,mrsic_flogel,2023/03/17 10:28:35,2023/03/17 21:04:07,2023,38092.0,10.5811,38132.0,18259,314,1,1
organgrinder|2023/03/17 15:38:17,organgrinder,isogai,2023/03/17 15:38:17,2023/03/18 00:32:26,2023,32024.0,8.8956,32049.0,22152,282,1,1
neurovision|2023/03/17 17:16:29,neurovision,mrsic_flogel,2023/03/17 17:16:29,2023/03/18 06:38:32,2023,48096.0,13.36,48123.0,55513,264,1,4
brainsaw|2023/03/18 11:34:37,brainsaw,mrsic_flogel,2023/03/18 11:34:37,2023/03/19 10:35:58,2023,82858.0,23.0161,82881.0,70104,300,1,4
organgrinder|2023/03/19 15:04:29,organgrinder,isogai,2023/03/19 15:04:29,2023/03/20 04:52:51,2023,49674.0,13.7983,49702.0,22655,294,1,1
brainsaw|2023/03/19 17:27:09,brainsaw,mrsic_flogel,2023/03/19 17:27:09,2023/03/20 05:03:34,2023,41750.0,11.5972,41785.0,32555,318,1,2
neurovision|2023/03/20 11:51:01,neurovision,mrsic_flogel,2023/03/20 11:51:01,2023/03/21 03:22:10,2023,55823.0,15.5064,55869.0,15972,263,1,1
brainsaw|2023/03/20 13:09:19,brainsaw,mrsic_flogel,2023/03/20 13:09:19,2023/03/21 10:12:52,2023,75774.0,21.0483,75813.0,56555,194,1,4
brainsaw|2023/03/21 11:22:25,brainsaw,mrsic_flogel,2023/03/21 11:22:25,2023/03/21 22:58:37,2023,41741.0,11.5947,41772.0,30676,251,1,2
organgrinder|2023/03/21 11:42:49,organgrinder,isogai,2023/03/21 11:42:49,2023/03/22 01:42:54,2023,50371.0,13.9919,50405.0,23147,287,1,1
brainsaw|2023/03/22 10:09:32,brainsaw,mrsic_flogel,2023/03/22 10:09:32,2023/03/23 09:28:25,2023,83911.0,23.3086,83933.0,89437,236,1,6
organgrinder|2023/03/22 11:22:25,organgrinder,mrsic_flogel,2023/03/22 11:22:25,2023/03/23 02:45:14,2023,55364.0,15.3789,55369.0,50886,346,1,4
neurovision|2023/03/22 14:30:22,neurovision,isogai,2023/03/22 14:30:22,2023/03/23 00:41:02,2023,35704.0,9.9178,36640.0,34267,300,2,2
neurovision|2023/03/23 11:23:18,neurovision,mrsic_flogel,2023/03/23 11:23:18,2023/03/24 04:42:43,2023,62337.0,17.3158,62365.0,62345,318,1,4
organgrinder|2023/03/23 12:52:27,organgrinder,branco,2023/03/23 12:52:27,2023/03/23 22:27:08,2023,34467.0,9.5742,34481.0,14106,302,1,1
brainsaw|2023/03/23 13:30:44,brainsaw,mrsic_flogel,2023/03/23 13:30:44,2023/03/24 07:16:25,2023,63921.0,17.7558,63941.0,66736,300,1,4
neurovision|2023/03/24 15:32:00,neurovision,isogai,2023/03/24 15:32:00,2023/03/24 23:53:57,2023,30102.0,8.3617,30117.0,31041,272,1,2
brainsaw|2023/03/24 16:49:56,brainsaw,mrsic_flogel,2023/03/24 16:49:56,2023/03/25 13:29:36,2023,74356.0,20.6544,74380.0,30558,264,1,2
organgrinder|2023/03/24 17:28:46,organgrinder,isogai,2023/03/24 17:28:46,2023/03/25 07:36:58,2023,50851.0,14.1253,50892.0,23301,295,1,1
organgrinder|2023/03/25 18:14:27,organgrinder,isogai,2023/03/25 18:14:27,2023/03/26 07:35:28,2023,48035.0,13.3431,48061.0,20314,287,1,1
neurovision|2023/03/26 15:26:29,neurovision,sjones,2023/03/26 15:26:29,2023/03/26 23:09:25,2023,27748.0,7.7078,27776.0,13067,320,1,1
organgrinder|2023/03/26 16:40:35,organgrinder,branco,2023/03/26 16:40:35,2023/03/27 02:29:13,2023,35312.0,9.8089,35318.0,13446,337,1,1
brainsaw|2023/03/27 11:06:52,brainsaw,mrsic_flogel,2023/03/27 11:06:52,2023/03/27 21:36:53,2023,37774.0,10.4928,37801.0,17964,338,1,1
organgrinder|2023/03/27 13:46:28,organgrinder,mrsic_flogel,2023/03/27 13:46:28,2023/03/28 05:55:41,2023,58145.0,16.1514,58153.0,10918,203,1,1
neurovision|2023/03/27 14:55:56,neurovision,branco,2023/03/27 14:55:56,2023/03/28 09:42:25,2023,67569.0,18.7692,67589.0,86335,295,1,5
organgrinder|2023/03/28 11:06:19,organgrinder,mrsic_flogel,2023/03/28 11:06:19,2023/03/29 03:33:21,2023,58563.0,16.2675,59222.0,12458,245,2,1
brainsaw|2023/03/28 11:46:55,brainsaw,mrsic_flogel,2023/03/28 11:46:55,2023/03/29 03:13:49,2023,55577.0,15.4381,55614.0,34239,339,1,2
neurovision|2023/03/28 11:50:36,neurovision,mrsic_flogel,2023/03/28 11:50:36,2023/03/29 01:08:45,2023,47868.0,13.2967,47889.0,18252,312,1,1
brainsaw|2023/03/29 09:30:32,brainsaw,mrsic_flogel,2023/03/29 09:30:32,2023/03/30 09:25:07,2023,86055.0,23.9042,86075.0,34125,345,1,2
neurovision|2023/03/29 11:11:10,neurovision,mrsic_flogel,2023/03/29 11:11:10,2023/03/30 00:38:38,2023,48419.0,13.4497,48448.0,34952,339,1,2
organgrinder|2023/03/29 18:22:43,organgrinder,branco,2023/03/29 18:22:43,2023/03/30 04:27:17,2023,36275.0,10.0764,36274.0,13156,335,1,1
brainsaw|2023/03/30 13:10:02,brainsaw,mrsic_flogel,2023/03/30 13:10:02,2023/03/31 12:44:43,2023,84831.0,23.5642,84881.0,33652,274,1,2
neurovision|2023/03/30 16:44:58,neurovision,mrsic_flogel,2023/03/30 16:44:58,2023/03/31 02:06:11,2023,33640.0,9.3444,33673.0,12074,208,1,1
brainsaw|2023/03/31 13:23:16,brainsaw,mrsic_flogel,2023/03/31 13:23:16,2023/04/01 03:54:50,2023,52243.0,14.5119,52294.0,16393,299,1,1
neurovision|2023/03/31 17:40:08,neurovision,isogai,2023/03/31 17:40:08,2023/04/01 07:46:23,2023,50740.0,14.0944,50775.0,19791,303,1,1
brainsaw|2023/04/02 11:08:09,brainsaw,akrami,2023/04/02 11:08:09,2023/04/03 04:01:06,2023,60737.0,16.8714,60777.0,39842,446,1,1
neurovision|2023/04/02 13:00:22,neurovision,mrsic_flogel,2023/04/02 13:00:22,2023/04/03 20:50:17,2023,114560.0,31.8222,114595.0,68219,338,1,4
organgrinder|2023/04/03 13:53:37,organgrinder,mrsic_flogel,2023/04/03 13:53:37,2023/04/04 01:57:58,2023,43442.0,12.0672,43461.0,35711,316,1,3
brainsaw|2023/04/03 15:21:25,brainsaw,branco,2023/04/03 15:21:25,2023/04/04 01:37:35,2023,36946.0,10.2628,36970.0,34579,250,1,2
brainsaw|2023/04/04 10:36:02,brainsaw,branco,2023/04/04 10:36:02,2023/04/04 22:58:31,2023,36204.0,10.0567,44549.0,19669,340,2,1
neurovision|2023/04/04 18:45:43,neurovision,mrsic_flogel,2023/04/04 18:45:43,2023/04/05 12:38:48,2023,64365.0,17.8792,64385.0,59380,333,1,5
brainsaw|2023/04/05 11:26:53,brainsaw,mrsic_flogel,2023/04/05 11:26:53,2023/04/06 11:23:24,2023,86160.0,23.9333,86191.0,31320,375,1,2
brainsaw|2023/04/06 12:23:30,brainsaw,mrsic_flogel,2023/04/06 12:23:30,2023/04/07 11:46:14,2023,84132.0,23.37,84164.0,31978,323,1,2
neurovision|2023/04/06 17:38:31,neurovision,isogai,2023/04/06 17:38:31,2023/04/07 00:46:51,2023,25686.0,7.135,25700.0,41397,152,1,3
brainsaw|2023/04/07 13:09:04,brainsaw,mrsic_flogel,2023/04/07 13:09:04,2023/04/08 12:12:36,2023,82923.0,23.0342,83012.0,32135,306,1,2
brainsaw|2023/04/10 12:52:54,brainsaw,mrsic_flogel,2023/04/10 12:52:54,2023/04/11 11:03:41,2023,79813.0,22.1703,79847.0,29505,308,1,2
brainsaw|2023/04/11 13:10:30,brainsaw,mrsic_flogel,2023/04/11 13:10:30,2023/04/12 02:43:36,2023,48758.0,13.5439,48786.0,14418,310,1,1
brainsaw|2023/04/12 13:44:11,brainsaw,sjones,2023/04/12 13:44:11,2023/04/12 17:23:13,2023,13124.0,3.6456,13142.0,6203,125,1,1
brainsaw|2023/04/12 19:06:25,brainsaw,mrsic_flogel,2023/04/12 19:06:25,2023/04/13 10:30:52,2023,55441.0,15.4003,55467.0,63551,270,1,4
brainsaw|2023/04/13 17:53:39,brainsaw,mrsic_flogel,2023/04/13 17:53:39,2023/04/14 06:58:45,2023,47084.0,13.0789,47106.0,56839,200,1,4
brainsaw|2023/04/14 10:16:12,brainsaw,mrsic_flogel,2023/04/14 10:16:12,2023/04/15 06:01:37,2023,71102.0,19.7506,71125.0,99349,250,1,6
brainsaw|2023/04/18 13:30:26,brainsaw,margrie,2023/04/18 13:30:26,2023/04/18 20:01:49,2023,23466.0,6.5183,23483.0,23074,210,1,2
neurovision|2023/04/19 13:12:43,neurovision,mrsic_flogel,2023/04/19 13:12:43,2023/04/19 18:32:54,2023,19206.0,5.335,19211.0,861,90,1,1
neurovision|2023/04/21 09:58:01,neurovision,mrsic_flogel,2023/04/21 09:58:01,2023/04/21 19:02:53,2023,32681.0,9.0781,32692.0,34675,250,1,2
organgrinder|2023/04/24 16:11:31,organgrinder,branco,2023/04/24 16:11:31,2023/04/25 01:50:59,2023,34762.0,9.6561,34768.0,11709,316,1,1
brainsaw|2023/04/25 09:56:14,brainsaw,mrsic_flogel,2023/04/25 09:56:14,2023/04/25 17:01:39,2023,25509.0,7.0858,25525.0,14172,242,1,1
brainsaw|2023/04/25 18:26:40,brainsaw,branco,2023/04/25 18:26:40,2023/04/26 05:58:30,2023,41487.0,11.5242,41510.0,19265,375,1,1
brainsaw|2023/04/26 14:40:02,brainsaw,sjones,2023/04/26 14:40:02,2023/04/26 17:53:19,2023,11590.0,3.2194,11597.0,5361,108,1,1
organgrinder|2023/04/27 11:50:48,organgrinder,mrsic_flogel,2023/04/27 11:50:48,2023/04/29 20:36:09,2023,204300.0,56.75,204321.0,143754,211,1,1
brainsaw|2023/04/27 13:48:30,brainsaw,branco,2023/04/27 13:48:30,2023/04/28 03:12:54,2023,48238.0,13.3994,48264.0,32334,275,1,2
neurovision|2023/04/28 10:48:48,neurovision,mrsic_flogel,2023/04/28 10:48:48,2023/04/29 03:13:57,2023,58977.0,16.3825,59109.0,65706,277,1,4
brainsaw|2023/04/28 10:50:40,brainsaw,mrsic_flogel,2023/04/28 10:50:40,2023/04/29 02:30:51,2023,56367.0,15.6575,56411.0,31615,328,1,2
brainsaw|2023/04/29 12:18:27,brainsaw,margrie,2023/04/29 12:18:27,2023/04/29 18:29:16,2023,22233.0,6.1758,22249.0,12754,210,1,1
brainsaw|2023/05/01 09:41:08,brainsaw,mrsic_flogel,2023/05/01 09:41:08,2023/05/02 03:58:18,2023,65816.0,18.2822,65830.0,87273,250,1,6
brainsaw|2023/05/02 12:11:17,brainsaw,mrsic_flogel,2023/05/02 12:11:17,2023/05/04 07:00:44,2023,154134.0,42.815,154167.0,61060,375,1,3
neurovision|2023/05/02 12:37:04,neurovision,mrsic_flogel,2023/05/02 12:37:04,2023/05/04 21:15:16,2023,203846.0,56.6239,203892.0,79942,373,1,4
organgrinder|2023/05/02 16:14:10,organgrinder,branco,2023/05/02 16:14:10,2023/05/03 00:32:31,2023,29891.0,8.3031,29901.0,10975,257,1,1
organgrinder|2023/05/03 15:47:48,organgrinder,branco,2023/05/03 15:47:48,2023/05/04 01:13:36,2023,33944.0,9.4289,33948.0,11272,311,1,1
organgrinder|2023/05/04 11:28:35,organgrinder,mrsic_flogel,2023/05/04 11:28:35,2023/05/06 01:25:19,2023,136096.0,37.8044,136604.0,99002,200,3,1
neurovision|2023/05/07 14:00:46,neurovision,mrsic_flogel,2023/05/07 14:00:46,2023/05/09 14:17:22,2023,170534.0,47.3706,173796.0,67481,342,2,4
brainsaw|2023/05/08 09:55:16,brainsaw,mrsic_flogel,2023/05/08 09:55:16,2023/05/08 23:03:51,2023,47288.0,13.1356,47315.0,58340,250,1,4
organgrinder|2023/05/08 11:35:10,organgrinder,akrami,2023/05/08 11:35:10,2023/05/09 14:30:23,2023,96881.0,26.9114,96913.0,58824,372,1,1
brainsaw|2023/05/09 11:39:11,brainsaw,mrsic_flogel,2023/05/09 11:39:11,2023/05/09 23:06:20,2023,41212.0,11.4478,41229.0,34297,267,1,2
organgrinder|2023/05/10 11:50:09,organgrinder,mrsic_flogel,2023/05/10 11:50:09,2023/05/12 20:25:20,2023,154783.0,42.9953,203711.0,102684,297,2,1
neurovision|2023/05/11 12:36:25,neurovision,mrsic_flogel,2023/05/11 12:36:25,2023/05/11 23:48:24,2023,40295.0,11.1931,40319.0,43718,266,1,3
brainsaw|2023/05/12 14:49:23,brainsaw,mrsic_flogel,2023/05/12 14:49:23,2023/05/13 09:22:44,2023,66775.0,18.5486,66801.0,65799,315,1,4
brainsaw|2023/05/14 11:53:38,brainsaw,sjones,2023/05/14 11:53:38,2023/05/15 02:30:20,2023,52574.0,14.6039,52602.0,14873,288,1,1
brainsaw|2023/05/15 12:37:37,brainsaw,margrie,2023/05/15 12:37:37,2023/05/16 01:16:23,2023,45508.0,12.6411,45526.0,37532,220,1,3
brainsaw|2023/05/16 16:14:41,brainsaw,sjones,2023/05/16 16:14:41,2023/05/16 20:35:51,2023,15661.0,4.3503,15670.0,7025,157,1,1
organgrinder|2023/05/16 19:39:53,organgrinder,isogai,2023/05/16 19:39:53,2023/05/18 01:19:18,2023,105278.0,29.2439,106765.0,24648,308,2,1
neurovision|2023/05/17 18:03:23,neurovision,mrsic_flogel,2023/05/17 18:03:23,2023/05/18 03:03:31,2023,32362.0,8.9894,32408.0,15687,382,1,1
brainsaw|2023/05/17 20:14:04,brainsaw,sjones,2023/05/17 20:14:04,2023/05/17 23:11:34,2023,10639.0,2.9553,10650.0,4284,105,1,1
brainsaw|2023/05/18 13:22:54,brainsaw,mrsic_flogel,2023/05/18 13:22:54,2023/05/19 00:27:23,2023,39830.0,11.0639,39869.0,13971,281,1,1
brainsaw|2023/05/22 14:45:40,brainsaw,branco,2023/05/22 14:45:40,2023/05/22 21:46:39,2023,25246.0,7.0128,25259.0,15997,250,1,1
organgrinder|2023/05/23 11:46:01,organgrinder,mrsic_flogel,2023/05/23 11:46:01,2023/05/23 23:50:48,2023,43464.0,12.0733,43487.0,14170,291,1,1
neurovision|2023/05/23 19:29:54,neurovision,mrsic_flogel,2023/05/23 19:29:54,2023/05/24 16:39:50,2023,76170.0,21.1583,76196.0,87785,315,1,7
organgrinder|2023/05/25 17:27:20,organgrinder,branco,2023/05/25 17:27:20,2023/05/26 13:58:22,2023,73846.0,20.5128,73862.0,16471,323,1,1
brainsaw|2023/05/26 16:37:51,brainsaw,mrsic_flogel,2023/05/26 16:37:51,2023/05/27 06:49:38,2023,51062.0,14.1839,51107.0,30610,317,1,2
brainsaw|2023/05/29 14:17:35,brainsaw,sjones,2023/05/29 14:17:35,2023/05/29 18:48:30,2023,16241.0,4.5114,16255.0,7274,156,1,1
brainsaw|2023/05/29 19:36:42,brainsaw,sjones,2023/05/29 19:36:42,2023/05/29 23:39:01,2023,14529.0,4.0358,14539.0,5543,130,1,1
neurovision|2023/05/30 12:27:30,neurovision,mrsic_flogel,2023/05/30 12:27:30,2023/05/30 19:00:46,2023,23575.0,6.5486,23596.0,15118,297,1,1
brainsaw|2023/05/30 15:14:14,brainsaw,sjones,2023/05/30 15:14:14,2023/05/30 19:41:12,2023,16005.0,4.4458,16018.0,6553,156,1,1
neurovision|2023/05/31 10:29:14,neurovision,sjones,2023/05/31 10:29:14,2023/05/31 19:17:24,2023,31664.0,8.7956,31690.0,16188,298,1,1
neurovision|2023/06/01 09:37:20,neurovision,sjones,2023/06/01 09:37:20,2023/06/02 04:31:11,2023,68012.0,18.8922,68031.0,59522,318,1,2
brainsaw|2023/06/01 11:52:24,brainsaw,margrie,2023/06/01 11:52:24,2023/06/02 00:14:19,2023,44481.0,12.3558,44515.0,41483,260,1,3
organgrinder|2023/06/01 12:42:53,organgrinder,branco,2023/06/01 12:42:53,2023/06/02 06:09:28,2023,62781.0,17.4392,62795.0,17584,321,1,1
neurovision|2023/06/02 09:42:58,neurovision,sjones,2023/06/02 09:42:58,2023/06/02 23:34:13,2023,49852.0,13.8478,49875.0,34936,328,1,1
brainsaw|2023/06/02 15:26:06,brainsaw,margrie,2023/06/02 15:26:06,2023/06/02 23:38:08,2023,29506.0,8.1961,29522.0,7445,113,1,1
neurovision|2023/06/03 11:07:16,neurovision,sjones,2023/06/03 11:07:16,2023/06/04 01:44:32,2023,52618.0,14.6161,52636.0,36074,344,1,3
neurovision|2023/06/04 14:37:48,neurovision,branco,2023/06/04 14:37:48,2023/06/05 07:27:56,2023,60580.0,16.8278,60608.0,19131,315,1,1
organgrinder|2023/06/04 14:55:32,organgrinder,branco,2023/06/04 14:55:32,2023/06/05 12:12:41,2023,76614.0,21.2817,76629.0,16004,271,1,1
brainsaw|2023/06/05 09:53:52,brainsaw,mrsic_flogel,2023/06/05 09:53:52,2023/06/06 06:35:22,2023,74477.0,20.6881,74490.0,88283,243,1,6
organgrinder|2023/06/05 15:02:59,organgrinder,branco,2023/06/05 15:02:59,2023/06/06 09:36:44,2023,66811.0,18.5586,66825.0,78952,287,1,6
neurovision|2023/06/05 15:30:45,neurovision,mrsic_flogel,2023/06/05 15:30:45,2023/06/06 05:04:37,2023,48810.0,13.5583,48832.0,46478,317,1,4
neurovision|2023/06/06 15:10:10,neurovision,mrsic_flogel,2023/06/06 15:10:10,2023/06/06 21:06:49,2023,21382.0,5.9394,21399.0,14430,304,1,1
brainsaw|2023/06/07 13:35:48,brainsaw,margrie,2023/06/07 13:35:48,2023/06/07 19:29:35,2023,21210.0,5.8917,21227.0,11568,210,1,1
neurovision|2023/06/07 18:05:16,neurovision,mrsic_flogel,2023/06/07 18:05:16,2023/06/08 02:30:39,2023,30311.0,8.4197,30323.0,28830,311,1,3
brainsaw|2023/06/08 10:09:38,brainsaw,mrsic_flogel,2023/06/08 10:09:38,2023/06/08 22:39:26,2023,44959.0,12.4886,44988.0,56440,243,1,5
neurovision|2023/06/08 11:45:51,neurovision,branco,2023/06/08 11:45:51,2023/06/09 02:46:32,2023,54010.0,15.0028,54041.0,72502,357,1,4
organgrinder|2023/06/08 18:51:20,organgrinder,branco,2023/06/08 18:51:20,2023/06/09 09:49:29,2023,53874.0,14.965,53889.0,56292,336,1,4
brainsaw|2023/06/09 16:32:26,brainsaw,mrsic_flogel,2023/06/09 16:32:26,2023/06/10 02:04:02,2023,34266.0,9.5183,34296.0,13074,251,1,1
organgrinder|2023/06/10 13:37:36,organgrinder,isogai,2023/06/10 13:37:36,2023/06/10 22:54:12,2023,33065.0,9.1847,33396.0,17199,318,2,1
neurovision|2023/06/11 16:00:49,neurovision,isogai,2023/06/11 16:00:49,2023/06/12 01:20:37,2023,32659.0,9.0719,33588.0,19938,298,2,1
brainsaw|2023/06/12 10:40:19,brainsaw,margrie,2023/06/12 10:40:19,2023/06/12 20:46:30,2023,36347.0,10.0964,36371.0,30956,249,1,2
neurovision|2023/06/12 12:00:32,neurovision,isogai,2023/06/12 12:00:32,2023/06/12 21:00:17,2023,32350.0,8.9861,32385.0,20184,289,1,1
neurovision|2023/06/13 11:14:06,neurovision,akrami,2023/06/13 11:14:06,2023/06/14 04:33:14,2023,62326.0,17.3128,62348.0,46971,403,1,1
organgrinder|2023/06/13 12:10:07,organgrinder,akrami,2023/06/13 12:10:07,2023/06/14 09:23:17,2023,76382.0,21.2172,76390.0,44657,404,1,1
brainsaw|2023/06/13 19:01:27,brainsaw,mrsic_flogel,2023/06/13 19:01:27,2023/06/14 05:06:32,2023,36286.0,10.0794,36305.0,17292,320,1,1
brainsaw|2023/06/14 09:45:44,brainsaw,mrsic_flogel,2023/06/14 09:45:44,2023/06/15 00:07:29,2023,51684.0,14.3567,51705.0,69183,250,1,5
neurovision|2023/06/14 11:20:44,neurovision,mrsic_flogel,2023/06/14 11:20:44,2023/06/14 18:24:21,2023,25396.0,7.0544,25417.0,30062,250,1,2
brainsaw|2023/06/15 09:45:54,brainsaw,mrsic_flogel,2023/06/15 09:45:54,2023/06/16 05:47:19,2023,72076.0,20.0211,72085.0,110566,250,1,6
neurovision|2023/06/15 13:31:34,neurovision,mrsic_flogel,2023/06/15 13:31:34,2023/06/16 13:12:14,2023,85224.0,23.6733,85240.0,66500,250,1,4
neurovision|2023/06/16 14:48:22,neurovision,mrsic_flogel,2023/06/16 14:48:22,2023/06/17 08:58:54,2023,65404.0,18.1678,65432.0,65547,311,1,4
brainsaw|2023/06/16 15:20:40,brainsaw,branco,2023/06/16 15:20:40,2023/06/17 03:14:23,2023,42801.0,11.8892,42823.0,29967,270,1,2
neurovision|2023/06/17 13:07:10,neurovision,isogai,2023/06/17 13:07:10,2023/06/17 20:57:02,2023,28169.0,7.8247,28192.0,15570,310,1,1
neurovision|2023/06/18 14:26:49,neurovision,isogai,2023/06/18 14:26:49,2023/06/18 22:57:56,2023,30637.0,8.5103,30667.0,17002,312,1,1
neurovision|2023/06/19 11:26:25,neurovision,akrami,2023/06/19 11:26:25,2023/06/20 02:23:47,2023,53816.0,14.9489,53842.0,41423,393,1,1
brainsaw|2023/06/20 10:27:31,brainsaw,okeefe,2023/06/20 10:27:31,2023/06/21 07:31:05,2023,75785.0,21.0514,75814.0,72135,312,1,2
neurovision|2023/06/20 18:01:51,neurovision,mrsic_flogel,2023/06/20 18:01:51,2023/06/21 02:51:49,2023,31785.0,8.8292,31798.0,29703,306,1,3
brainsaw|2023/06/21 11:04:41,brainsaw,mrsic_flogel,2023/06/21 11:04:41,2023/06/21 21:05:04,2023,35999.0,9.9997,36023.0,14449,298,1,1
neurovision|2023/06/21 13:48:18,neurovision,mrsic_flogel,2023/06/21 13:48:18,2023/06/21 21:12:48,2023,26647.0,7.4019,26670.0,14960,321,1,1
organgrinder|2023/06/22 20:02:15,organgrinder,branco,2023/06/22 20:02:15,2023/06/23 06:21:44,2023,37152.0,10.32,37169.0,16457,304,1,1
brainsaw|2023/06/23 11:24:04,brainsaw,akrami,2023/06/23 11:24:04,2023/06/24 04:49:51,2023,62699.0,17.4164,62747.0,44759,403,1,1
organgrinder|2023/06/23 13:57:15,organgrinder,akrami,2023/06/23 13:57:15,2023/06/24 12:44:25,2023,82006.0,22.7794,82030.0,54361,430,1,1
organgrinder|2023/06/25 19:46:21,organgrinder,branco,2023/06/25 19:46:21,2023/06/26 03:24:28,2023,27473.0,7.6314,27487.0,12510,282,1,1
organgrinder|2023/06/26 13:14:15,organgrinder,isogai,2023/06/26 13:14:15,2023/06/26 23:57:04,2023,38550.0,10.7083,38569.0,24891,295,1,1
brainsaw|2023/06/27 12:38:05,brainsaw,sjones,2023/06/27 12:38:05,2023/06/28 05:21:34,2023,60184.0,16.7178,60209.0,56020,363,1,3
neurovision|2023/06/27 16:02:35,neurovision,mrsic_flogel,2023/06/27 16:02:35,2023/06/28 03:34:49,2023,41515.0,11.5319,41534.0,36392,310,1,3
brainsaw|2023/06/28 10:54:13,brainsaw,sjones,2023/06/28 10:54:13,2023/06/28 21:57:59,2023,39801.0,11.0558,39826.0,17841,345,1,1
neurovision|2023/06/28 12:26:49,neurovision,mrsic_flogel,2023/06/28 12:26:49,2023/06/28 19:12:36,2023,24313.0,6.7536,24347.0,14628,318,1,1
neurovision|2023/06/29 09:35:08,neurovision,mrsic_flogel,2023/06/29 09:35:08,2023/06/29 16:00:30,2023,23092.0,6.4144,23122.0,13959,313,1,1
brainsaw|2023/06/29 11:02:21,brainsaw,sjones,2023/06/29 11:02:21,2023/06/30 04:02:44,2023,61191.0,16.9975,61223.0,16379,345,1,1
neurovision|2023/06/29 16:50:27,neurovision,mrsic_flogel,2023/06/29 16:50:27,2023/06/29 23:25:18,2023,23677.0,6.5769,23691.0,14578,290,1,1
neurovision|2023/06/30 09:54:52,neurovision,mrsic_flogel,2023/06/30 09:54:52,2023/06/30 16:26:10,2023,23456.0,6.5156,23478.0,13542,306,1,1
brainsaw|2023/06/30 12:20:26,brainsaw,sjones,2023/06/30 12:20:26,2023/07/01 07:57:18,2023,70593.0,19.6092,70612.0,37316,342,1,2
neurovision|2023/06/30 17:45:52,neurovision,mrsic_flogel,2023/06/30 17:45:52,2023/07/01 03:00:52,2023,33280.0,9.2444,33300.0,33211,305,1,3
brainsaw|2023/07/01 11:26:43,brainsaw,sjones,2023/07/01 11:26:43,2023/07/02 03:41:26,2023,58453.0,16.2369,58483.0,16649,338,1,1
organgrinder|2023/07/01 13:40:49,organgrinder,isogai,2023/07/01 13:40:49,2023/07/02 00:02:54,2023,37292.0,10.3589,37325.0,25412,291,1,1
brainsaw|2023/07/02 11:40:15,brainsaw,sjones,2023/07/02 11:40:15,2023/07/03 00:24:09,2023,45813.0,12.7258,45834.0,31093,313,1,2
brainsaw|2023/07/03 15:40:08,brainsaw,branco,2023/07/03 15:40:08,2023/07/04 08:18:44,2023,59904.0,16.64,59916.0,19494,251,1,1
brainsaw|2023/07/04 11:24:11,brainsaw,sjones,2023/07/04 11:24:11,2023/07/05 01:35:11,2023,51026.0,14.1739,51060.0,36584,372,1,2
neurovision|2023/07/04 14:34:44,neurovision,mrsic_flogel,2023/07/04 14:34:44,2023/07/05 21:14:57,2023,110390.0,30.6639,110413.0,63819,394,1,4
organgrinder|2023/07/05 09:35:38,organgrinder,sjones,2023/07/05 09:35:38,2023/07/05 23:21:17,2023,49533.0,13.7592,49539.0,28551,328,1,2
brainsaw|2023/07/05 11:05:11,brainsaw,mrsic_flogel,2023/07/05 11:05:11,2023/07/06 01:47:17,2023,52884.0,14.69,52926.0,32755,333,1,2
organgrinder|2023/07/06 12:55:51,organgrinder,sjones,2023/07/06 12:55:51,2023/07/07 14:08:54,2023,90775.0,25.2153,90783.0,20664,341,1,1
neurovision|2023/07/06 14:56:22,neurovision,mrsic_flogel,2023/07/06 14:56:22,2023/07/06 22:03:47,2023,25616.0,7.1156,25645.0,15594,332,1,1
brainsaw|2023/07/07 10:24:41,brainsaw,mrsic_flogel,2023/07/07 10:24:41,2023/07/08 04:47:38,2023,66168.0,18.38,66177.0,60507,177,1,5
neurovision|2023/07/07 11:44:39,neurovision,mrsic_flogel,2023/07/07 11:44:39,2023/07/08 02:13:40,2023,52127.0,14.4797,52141.0,73473,250,1,5
organgrinder|2023/07/07 15:26:06,organgrinder,sjones,2023/07/07 15:26:06,2023/07/08 16:03:23,2023,88628.0,24.6189,88637.0,20115,341,1,1
brainsaw|2023/07/08 13:49:31,brainsaw,akrami,2023/07/08 13:49:31,2023/07/09 06:11:25,2023,58892.0,16.3589,58914.0,41854,391,1,1
neurovision|2023/07/08 14:16:17,neurovision,akrami,2023/07/08 14:16:17,2023/07/09 06:43:30,2023,59202.0,16.445,59233.0,46338,397,1,1
brainsaw|2023/07/10 11:12:36,brainsaw,mrsic_flogel,2023/07/10 11:12:36,2023/07/11 05:43:33,2023,66624.0,18.5067,66657.0,53811,334,1,3
neurovision|2023/07/10 11:20:57,neurovision,mrsic_flogel,2023/07/10 11:20:57,2023/07/10 17:32:10,2023,13036.0,3.6211,22273.0,8504,118,2,1
brainsaw|2023/07/11 08:46:34,brainsaw,mrsic_flogel,2023/07/11 08:46:34,2023/07/11 21:43:27,2023,46593.0,12.9425,46613.0,66810,250,1,4
neurovision|2023/07/11 09:05:37,neurovision,mrsic_flogel,2023/07/11 09:05:37,2023/07/11 16:32:56,2023,26817.0,7.4492,26839.0,16184,273,1,1
organgrinder|2023/07/11 12:48:16,organgrinder,sjones,2023/07/11 12:48:16,2023/07/11 23:52:40,2023,39840.0,11.0667,39864.0,30926,344,1,2
neurovision|2023/07/11 17:31:36,neurovision,mrsic_flogel,2023/07/11 17:31:36,2023/07/12 01:04:06,2023,27144.0,7.54,27150.0,15168,279,1,1
organgrinder|2023/07/12 09:33:43,organgrinder,sjones,2023/07/12 09:33:43,2023/07/12 16:45:27,2023,25883.0,7.1897,25904.0,14141,322,1,1
brainsaw|2023/07/12 12:12:59,brainsaw,margrie,2023/07/12 12:12:59,2023/07/13 03:12:55,2023,53952.0,14.9867,53996.0,37473,260,1,3
organgrinder|2023/07/12 17:04:47,organgrinder,sjones,2023/07/12 17:04:47,2023/07/13 02:48:53,2023,35023.0,9.7286,35046.0,25600,284,1,2
neurovision|2023/07/12 17:36:19,neurovision,mrsic_flogel,2023/07/12 17:36:19,2023/07/12 23:58:44,2023,22927.0,6.3686,22945.0,14500,301,1,1
neurovision|2023/07/13 10:27:18,neurovision,mrsic_flogel,2023/07/13 10:27:18,2023/07/13 16:36:00,2023,22100.0,6.1389,22122.0,13503,278,1,1
organgrinder|2023/07/13 13:08:20,organgrinder,mrsic_flogel,2023/07/13 13:08:20,2023/07/14 09:22:00,2023,71194.0,19.7761,72820.0,35949,325,2,2
neurovision|2023/07/13 18:40:26,neurovision,mrsic_flogel,2023/07/13 18:40:26,2023/07/14 08:35:34,2023,50084.0,13.9122,50108.0,57387,318,1,5
neurovision|2023/07/14 11:10:42,neurovision,mrsic_flogel,2023/07/14 11:10:42,2023/07/14 18:12:22,2023,25270.0,7.0194,25300.0,16652,324,1,1
organgrinder|2023/07/14 12:02:57,organgrinder,sjones,2023/07/14 12:02:57,2023/07/15 09:08:50,2023,70958.0,19.7106,75953.0,18064,289,2,1
brainsaw|2023/07/17 14:41:16,brainsaw,mrsic_flogel,2023/07/17 14:41:16,2023/07/18 10:48:22,2023,72398.0,20.1106,72426.0,51104,298,1,4
brainsaw|2023/07/18 16:01:53,brainsaw,mrsic_flogel,2023/07/18 16:01:53,2023/07/19 10:14:50,2023,65560.0,18.2111,65577.0,43905,289,1,3
organgrinder|2023/07/20 11:16:55,organgrinder,sjones,2023/07/20 11:16:55,2023/07/21 06:26:09,2023,68897.0,19.1381,68954.0,15998,330,1,1
brainsaw|2023/07/20 14:24:29,brainsaw,margrie,2023/07/20 14:24:29,2023/07/21 06:28:14,2023,57802.0,16.0561,57825.0,41285,220,1,3
neurovision|2023/07/20 14:32:49,neurovision,mrsic_flogel,2023/07/20 14:32:49,2023/07/20 19:59:02,2023,19542.0,5.4283,19573.0,14124,295,1,1
organgrinder|2023/07/21 14:57:25,organgrinder,sjones,2023/07/21 14:57:25,2023/07/22 10:20:32,2023,69752.0,19.3756,69787.0,17014,319,1,1
brainsaw|2023/07/21 17:24:12,brainsaw,branco,2023/07/21 17:24:12,2023/07/22 09:11:31,2023,56806.0,15.7794,56839.0,16112,287,1,1
brainsaw|2023/07/22 21:02:35,brainsaw,branco,2023/07/22 21:02:35,2023/07/23 11:49:06,2023,53167.0,14.7686,53191.0,14853,281,1,1
brainsaw|2023/07/23 21:29:34,brainsaw,branco,2023/07/23 21:29:34,2023/07/24 10:19:24,2023,46168.0,12.8244,46190.0,13562,224,1,1
organgrinder|2023/07/24 11:36:20,organgrinder,mrsic_flogel,2023/07/24 11:36:20,2023/07/25 06:14:47,2023,67075.0,18.6319,67107.0,62367,311,1,2
brainsaw|2023/07/24 11:47:01,brainsaw,mrsic_flogel,2023/07/24 11:47:01,2023/07/25 03:24:21,2023,56211.0,15.6142,56240.0,55084,250,1,4
brainsaw|2023/07/25 18:01:55,brainsaw,branco,2023/07/25 18:01:55,2023/07/26 08:52:00,2023,53377.0,14.8269,53405.0,15109,288,1,1
organgrinder|2023/07/26 11:15:46,organgrinder,akrami,2023/07/26 11:15:46,2023/07/27 04:51:05,2023,63299.0,17.5831,63319.0,49801,376,1,1
neurovision|2023/07/26 18:19:39,neurovision,mrsic_flogel,2023/07/26 18:19:39,2023/07/27 10:01:20,2023,56459.0,15.6831,56501.0,63646,326,1,5
organgrinder|2023/07/27 11:47:06,organgrinder,akrami,2023/07/27 11:47:06,2023/07/28 06:39:54,2023,67944.0,18.8733,67968.0,42574,361,1,1
organgrinder|2023/07/28 12:34:25,organgrinder,akrami,2023/07/28 12:34:25,2023/07/29 08:12:28,2023,70666.0,19.6294,70683.0,44078,374,1,1
brainsaw|2023/07/30 16:46:34,brainsaw,mrsic_flogel,2023/07/30 16:46:34,2023/07/31 10:21:38,2023,63285.0,17.5792,63304.0,31793,193,1,3
neurovision|2023/07/30 17:40:20,neurovision,isogai,2023/07/30 17:40:20,2023/07/31 01:44:24,2023,29012.0,8.0589,29044.0,19642,295,1,1
brainsaw|2023/07/31 18:08:10,brainsaw,mrsic_flogel,2023/07/31 18:08:10,2023/08/01 10:04:14,2023,57306.0,15.9183,57364.0,53707,283,1,4
neurovision|2023/07/31 20:43:59,neurovision,isogai,2023/07/31 20:43:59,2023/08/01 04:07:52,2023,26596.0,7.3878,26633.0,16876,279,1,1
brainsaw|2023/08/01 12:41:17,brainsaw,mrsic_flogel,2023/08/01 12:41:17,2023/08/02 07:26:13,2023,67463.0,18.7397,67496.0,64773,357,1,4
neurovision|2023/08/02 18:52:54,neurovision,mrsic_flogel,2023/08/02 18:52:54,2023/08/03 07:42:31,2023,46145.0,12.8181,46177.0,54419,319,1,5
organgrinder|2023/08/03 12:11:28,organgrinder,mrsic_flogel,2023/08/03 12:11:28,2023/08/04 05:18:35,2023,61619.0,17.1164,61627.0,18091,316,1,1
brainsaw|2023/08/03 16:30:39,brainsaw,mrsic_flogel,2023/08/03 16:30:39,2023/08/04 07:18:11,2023,53214.0,14.7817,53252.0,43163,264,1,3
neurovision|2023/08/03 18:41:13,neurovision,mrsic_flogel,2023/08/03 18:41:13,2023/08/04 06:49:15,2023,43019.0,11.9497,43682.0,52862,313,2,5
organgrinder|2023/08/04 11:37:28,organgrinder,akrami,2023/08/04 11:37:28,2023/08/05 08:18:43,2023,74448.0,20.68,74475.0,46794,397,1,1
neurovision|2023/08/04 18:14:56,neurovision,mrsic_flogel,2023/08/04 18:14:56,2023/08/05 07:32:53,2023,47283.0,13.1342,47877.0,52103,316,2,5
brainsaw|2023/08/07 16:35:28,brainsaw,mrsic_flogel,2023/08/07 16:35:28,2023/08/08 07:34:45,2023,53933.0,14.9814,53957.0,45817,267,1,3
organgrinder|2023/08/08 15:39:29,organgrinder,mrsic_flogel,2023/08/08 15:39:29,2023/08/09 16:45:26,2023,90343.0,25.0953,90357.0,89126,286,1,6
brainsaw|2023/08/08 16:55:50,brainsaw,margrie,2023/08/08 16:55:50,2023/08/09 10:59:52,2023,65020.0,18.0611,65042.0,12385,210,1,1
brainsaw|2023/08/09 12:15:52,brainsaw,mrsic_flogel,2023/08/09 12:15:52,2023/08/10 16:10:04,2023,100402.0,27.8894,100452.0,34621,345,1,2
neurovision|2023/08/10 11:56:13,neurovision,mrsic_flogel,2023/08/10 11:56:13,2023/08/12 04:07:07,2023,144610.0,40.1694,144654.0,89228,414,1,5
organgrinder|2023/08/14 11:15:14,organgrinder,akrami,2023/08/14 11:15:14,2023/08/15 14:27:48,2023,27550.0,7.6528,97954.0,17342,178,2,1
neurovision|2023/08/16 17:24:32,neurovision,mrsic_flogel,2023/08/16 17:24:32,2023/08/17 03:05:37,2023,34842.0,9.6783,34865.0,34365,320,1,3
brainsaw|2023/08/17 09:31:13,brainsaw,mrsic_flogel,2023/08/17 09:31:13,2023/08/18 07:19:36,2023,78484.0,21.8011,78503.0,89774,250,1,6
neurovision|2023/08/17 14:49:44,neurovision,mrsic_flogel,2023/08/17 14:49:44,2023/08/18 06:30:02,2023,56391.0,15.6642,56418.0,66854,313,1,5
organgrinder|2023/08/18 12:07:30,organgrinder,margrie,2023/08/18 12:07:30,2023/08/18 18:58:36,2023,24239.0,6.7331,24666.0,11863,245,2,1
brainsaw|2023/08/18 14:24:27,brainsaw,margrie,2023/08/18 14:24:27,2023/08/19 03:50:54,2023,48355.0,13.4319,48387.0,25720,194,1,2
brainsaw|2023/08/19 16:17:36,brainsaw,mrsic_flogel,2023/08/19 16:17:36,2023/08/20 22:32:50,2023,108858.0,30.2383,108914.0,30531,331,1,2
brainsaw|2023/08/21 10:13:40,brainsaw,mrsic_flogel,2023/08/21 10:13:40,2023/08/22 09:20:15,2023,83177.0,23.1047,83195.0,82148,201,1,5
neurovision|2023/08/21 10:14:27,neurovision,mrsic_flogel,2023/08/21 10:14:27,2023/08/21 23:43:56,2023,48543.0,13.4842,48569.0,64073,250,1,4
brainsaw|2023/08/22 10:56:58,brainsaw,margrie,2023/08/22 10:56:58,2023/08/23 00:05:33,2023,47270.0,13.1306,47315.0,25313,182,1,2
brainsaw|2023/08/23 11:00:35,brainsaw,margrie,2023/08/23 11:00:35,2023/08/23 23:15:47,2023,44082.0,12.245,44112.0,24125,180,1,2
neurovision|2023/08/23 17:34:32,neurovision,mrsic_flogel,2023/08/23 17:34:32,2023/08/24 03:01:42,2023,34001.0,9.4447,34030.0,29239,311,1,3
neurovision|2023/08/24 12:04:09,neurovision,mrsic_flogel,2023/08/24 12:04:09,2023/08/24 18:07:08,2023,21744.0,6.04,21779.0,15169,304,1,1
organgrinder|2023/08/24 14:54:14,organgrinder,akrami,2023/08/24 14:54:14,2023/08/25 00:42:36,2023,35275.0,9.7986,35302.0,22877,416,1,1
neurovision|2023/08/24 18:35:11,neurovision,mrsic_flogel,2023/08/24 18:35:11,2023/08/25 00:40:37,2023,21893.0,6.0814,21926.0,15300,328,1,1
neurovision|2023/08/25 14:25:11,neurovision,mrsic_flogel,2023/08/25 14:25:11,2023/08/26 08:02:27,2023,63403.0,17.6119,63436.0,69806,331,1,6
neurovision|2023/08/26 17:11:03,neurovision,mrsic_flogel,2023/08/26 17:11:03,2023/08/29 01:23:36,2023,202295.0,56.1931,202353.0,80491,370,1,4
organgrinder|2023/08/29 10:43:32,organgrinder,mrsic_flogel,2023/08/29 10:43:32,2023/08/29 23:38:16,2023,46464.0,12.9067,46484.0,42166,319,1,3
brainsaw|2023/08/29 11:22:46,brainsaw,akrami,2023/08/29 11:22:46,2023/08/30 07:37:10,2023,72821.0,20.2281,72864.0,57147,500,1,1
organgrinder|2023/08/30 10:35:18,organgrinder,mrsic_flogel,2023/08/30 10:35:18,2023/08/31 00:49:11,2023,51195.0,14.2208,51233.0,17950,323,1,1
neurovision|2023/08/30 15:09:24,neurovision,isogai,2023/08/30 15:09:24,2023/08/31 03:43:04,2023,45193.0,12.5536,45220.0,16421,260,1,1
brainsaw|2023/08/30 15:44:02,brainsaw,branco,2023/08/30 15:44:02,2023/08/31 09:23:37,2023,63539.0,17.6497,63575.0,20559,310,1,1
neurovision|2023/08/31 15:48:25,neurovision,isogai,2023/08/31 15:48:25,2023/09/01 05:15:44,2023,48420.0,13.45,48439.0,17789,252,1,1
neurovision|2023/09/01 18:29:08,neurovision,isogai,2023/09/01 18:29:08,2023/09/02 05:31:38,2023,39720.0,11.0333,39750.0,13797,217,1,1
brainsaw|2023/09/01 19:02:20,brainsaw,branco,2023/09/01 19:02:20,2023/09/02 11:21:13,2023,58703.0,16.3064,58733.0,17577,310,1,1
brainsaw|2023/09/04 14:38:58,brainsaw,branco,2023/09/04 14:38:58,2023/09/05 02:39:47,2023,43220.0,12.0056,43249.0,28875,250,1,2
neurovision|2023/09/04 17:44:41,neurovision,isogai,2023/09/04 17:44:41,2023/09/05 13:48:46,2023,71493.0,19.8592,72245.0,46632,312,2,3
brainsaw|2023/09/05 11:26:51,brainsaw,sjones,2023/09/05 11:26:51,2023/09/05 20:00:07,2023,30781.0,8.5503,30796.0,13122,275,1,1
organgrinder|2023/09/05 14:38:41,organgrinder,mrsic_flogel,2023/09/05 14:38:41,2023/09/06 07:08:33,2023,59378.0,16.4939,59392.0,16824,289,1,1
neurovision|2023/09/05 15:39:55,neurovision,isogai,2023/09/05 15:39:55,2023/09/05 23:58:17,2023,29868.0,8.2967,29902.0,19809,266,1,1
organgrinder|2023/09/06 12:19:39,organgrinder,mrsic_flogel,2023/09/06 12:19:39,2023/09/07 03:18:39,2023,53925.0,14.9792,53940.0,57371,316,1,4
brainsaw|2023/09/06 15:52:05,brainsaw,branco,2023/09/06 15:52:05,2023/09/07 13:23:49,2023,77465.0,21.5181,77504.0,115884,265,1,6
neurovision|2023/09/06 17:54:15,neurovision,mrsic_flogel,2023/09/06 17:54:15,2023/09/07 00:36:47,2023,24114.0,6.6983,24152.0,15476,309,1,1
brainsaw|2023/09/07 14:01:18,brainsaw,branco,2023/09/07 14:01:18,2023/09/08 11:54:20,2023,78683.0,21.8564,78782.0,115982,273,1,6
neurovision|2023/09/07 14:20:26,neurovision,mrsic_flogel,2023/09/07 14:20:26,2023/09/07 20:22:01,2023,21659.0,6.0164,21695.0,15392,284,1,1
neurovision|2023/09/08 15:13:39,neurovision,mrsic_flogel,2023/09/08 15:13:39,2023/09/08 20:45:58,2023,19908.0,5.53,19939.0,13848,286,1,1
neurovision|2023/09/11 13:24:36,neurovision,isogai,2023/09/11 13:24:36,2023/09/11 21:07:16,2023,27734.0,7.7039,27760.0,18472,244,1,1
brainsaw|2023/09/11 16:29:05,brainsaw,branco,2023/09/11 16:29:05,2023/09/12 08:58:22,2023,59336.0,16.4822,59357.0,18309,310,1,1
brainsaw|2023/09/12 11:34:09,brainsaw,sjones,2023/09/12 11:34:09,2023/09/12 22:38:54,2023,39854.0,11.0706,39885.0,26157,286,1,1
neurovision|2023/09/12 11:47:34,neurovision,isogai,2023/09/12 11:47:34,2023/09/12 19:16:14,2023,26904.0,7.4733,26920.0,19769,280,1,1
brainsaw|2023/09/13 11:45:48,brainsaw,sjones,2023/09/13 11:45:48,2023/09/14 04:26:59,2023,60036.0,16.6767,60071.0,49999,348,1,3
neurovision|2023/09/13 16:34:11,neurovision,mrsic_flogel,2023/09/13 16:34:11,2023/09/13 23:29:29,2023,24891.0,6.9142,24918.0,27980,266,1,3
neurovision|2023/09/14 15:37:18,neurovision,mrsic_flogel,2023/09/14 15:37:18,2023/09/15 06:16:53,2023,52753.0,14.6536,52775.0,60840,316,1,5
neurovision|2023/09/15 15:43:26,neurovision,mrsic_flogel,2023/09/15 15:43:26,2023/09/16 05:51:10,2023,50832.0,14.12,50864.0,57986,314,1,5
brainsaw|2023/09/15 23:53:36,brainsaw,branco,2023/09/15 23:53:36,2023/09/17 05:41:11,2023,107224.0,29.7844,107255.0,44387,310,1,1
brainsaw|2023/09/18 12:48:31,brainsaw,branco,2023/09/18 12:48:31,2023/09/19 04:02:37,2023,54830.0,15.2306,54846.0,15941,310,1,1
neurovision|2023/09/19 13:28:43,neurovision,isogai,2023/09/19 13:28:43,2023/09/19 22:06:19,2023,31028.0,8.6189,31056.0,19482,278,1,1
brainsaw|2023/09/19 17:59:05,brainsaw,branco,2023/09/19 17:59:05,2023/09/20 10:31:57,2023,59549.0,16.5414,59572.0,18076,310,1,1
brainsaw|2023/09/20 14:42:27,brainsaw,branco,2023/09/20 14:42:27,2023/09/21 06:59:44,2023,58616.0,16.2822,58637.0,17548,310,1,1
organgrinder|2023/09/20 15:16:40,organgrinder,okeefe,2023/09/20 15:16:40,2023/09/20 23:52:43,2023,30956.0,8.5989,30963.0,15611,340,1,1
brainsaw|2023/09/21 10:26:10,brainsaw,okeefe,2023/09/21 10:26:10,2023/09/21 17:30:41,2023,25453.0,7.0703,25471.0,14712,318,1,1
neurovision|2023/09/21 14:11:48,neurovision,akrami,2023/09/21 14:11:48,2023/09/22 07:01:25,2023,60550.0,16.8194,60577.0,51082,434,1,1
neurovision|2023/09/22 09:58:35,neurovision,mrsic_flogel,2023/09/22 09:58:35,2023/09/22 23:37:09,2023,49097.0,13.6381,49114.0,64270,250,1,4
neurovision|2023/09/23 14:52:47,neurovision,mrsic_flogel,2023/09/23 14:52:47,2023/09/25 02:06:58,2023,126816.0,35.2267,126851.0,74722,376,1,4
brainsaw|2023/09/25 09:57:19,brainsaw,okeefe,2023/09/25 09:57:19,2023/09/25 17:02:26,2023,25488.0,7.08,25507.0,14321,255,1,1
brainsaw|2023/09/25 17:34:30,brainsaw,okeefe,2023/09/25 17:34:30,2023/09/26 01:33:11,2023,28703.0,7.9731,28721.0,16024,306,1,1
neurovision|2023/09/26 09:17:53,neurovision,mrsic_flogel,2023/09/26 09:17:53,2023/09/26 22:38:55,2023,48045.0,13.3458,48062.0,53163,250,1,3
organgrinder|2023/09/26 11:12:36,organgrinder,okeefe,2023/09/26 11:12:36,2023/09/26 17:54:44,2023,24120.0,6.7,24128.0,14604,282,1,1
brainsaw|2023/09/26 17:38:45,brainsaw,branco,2023/09/26 17:38:45,2023/09/27 08:26:44,2023,53256.0,14.7933,53279.0,14592,310,1,1
organgrinder|2023/09/27 11:01:18,organgrinder,mrsic_flogel,2023/09/27 11:01:18,2023/09/28 09:51:29,2023,82204.0,22.8344,82211.0,26432,277,1,1
brainsaw|2023/09/27 11:49:04,brainsaw,branco;sjones,2023/09/27 11:49:04,2023/09/28 06:35:12,2023,67540.0,18.7611,67568.0,65178,278,1,5
neurovision|2023/09/27 17:01:45,neurovision,mrsic_flogel,2023/09/27 17:01:45,2023/09/28 07:53:26,2023,53463.0,14.8508,53501.0,34630,415,1,3
organgrinder|2023/09/28 11:31:02,organgrinder,okeefe,2023/09/28 11:31:02,2023/09/28 18:48:46,2023,26252.0,7.2922,26264.0,14501,286,1,1
brainsaw|2023/09/28 12:13:33,brainsaw,mrsic_flogel,2023/09/28 12:13:33,2023/09/28 18:59:48,2023,24343.0,6.7619,24375.0,13329,264,1,1
brainsaw|2023/09/29 10:50:38,brainsaw,sjones,2023/09/29 10:50:38,2023/09/30 06:37:24,2023,71169.0,19.7692,71206.0,18085,344,1,1
brainsaw|2023/09/30 13:20:35,brainsaw,margrie,2023/09/30 13:20:35,2023/09/30 18:36:40,2023,18946.0,5.2628,18965.0,10995,210,1,1
brainsaw|2023/10/02 15:51:56,brainsaw,branco,2023/10/02 15:51:56,2023/10/03 00:26:25,2023,30847.0,8.5686,30869.0,13947,250,1,1
brainsaw|2023/10/03 11:16:18,brainsaw,sjones,2023/10/03 11:16:18,2023/10/04 03:38:38,2023,58912.0,16.3644,58940.0,53028,348,1,3
organgrinder|2023/10/03 11:28:14,organgrinder,mrsic_flogel,2023/10/03 11:28:14,2023/10/04 12:03:20,2023,88493.0,24.5814,88506.0,58817,293,1,3
neurovision|2023/10/04 10:09:08,neurovision,mrsic_flogel,2023/10/04 10:09:08,2023/10/04 21:10:58,2023,39696.0,11.0267,39710.0,40709,300,1,2
brainsaw|2023/10/04 12:37:32,brainsaw,sjones,2023/10/04 12:37:32,2023/10/05 00:27:22,2023,42555.0,11.8208,42590.0,29446,287,1,1
neurovision|2023/10/05 09:39:33,neurovision,mrsic_flogel,2023/10/05 09:39:33,2023/10/06 04:26:01,2023,67576.0,18.7711,67588.0,91634,250,1,5
brainsaw|2023/10/05 13:50:47,brainsaw,margrie,2023/10/05 13:50:47,2023/10/05 19:54:05,2023,21776.0,6.0489,21798.0,12205,210,1,1
organgrinder|2023/10/06 10:54:41,organgrinder,mrsic_flogel,2023/10/06 10:54:41,2023/10/07 10:29:28,2023,84859.0,23.5719,84887.0,51635,323,1,3
brainsaw|2023/10/06 12:25:56,brainsaw,branco,2023/10/06 12:25:56,2023/10/07 05:17:54,2023,60691.0,16.8586,60718.0,17571,310,1,1
neurovision|2023/10/09 10:05:55,neurovision,mrsic_flogel,2023/10/09 10:05:55,2023/10/09 20:17:55,2023,36699.0,10.1942,36720.0,41318,220,1,3
brainsaw|2023/10/09 19:56:00,brainsaw,branco,2023/10/09 19:56:00,2023/10/11 04:20:51,2023,63462.0,17.6283,116691.0,17847,310,2,1
organgrinder|2023/10/10 16:16:50,organgrinder,mrsic_flogel,2023/10/10 16:16:50,2023/10/11 11:24:02,2023,68817.0,19.1158,68832.0,63589,236,1,5
brainsaw|2023/10/11 13:53:16,brainsaw,branco,2023/10/11 13:53:16,2023/10/12 06:38:22,2023,60284.0,16.7456,60306.0,50188,250,1,3
neurovision|2023/10/11 18:11:18,neurovision,mrsic_flogel,2023/10/11 18:11:18,2023/10/12 06:52:09,2023,45608.0,12.6689,45651.0,46843,319,1,4
organgrinder|2023/10/11 19:45:04,organgrinder,mrsic_flogel,2023/10/11 19:45:04,2023/10/12 06:43:02,2023,39459.0,10.9608,39478.0,35867,280,1,3
organgrinder|2023/10/12 09:47:30,organgrinder,mrsic_flogel,2023/10/12 09:47:30,2023/10/12 15:27:54,2023,20416.0,5.6711,20424.0,11731,204,1,1
brainsaw|2023/10/12 10:38:51,brainsaw,sjones,2023/10/12 10:38:51,2023/10/13 06:16:55,2023,70656.0,19.6267,70684.0,17686,324,1,1
neurovision|2023/10/12 12:29:57,neurovision,mrsic_flogel,2023/10/12 12:29:57,2023/10/12 18:55:08,2023,23086.0,6.4128,23111.0,15176,314,1,1
brainsaw|2023/10/13 09:35:30,brainsaw,margrie,2023/10/13 09:35:30,2023/10/13 17:39:48,2023,29045.0,8.0681,29058.0,20811,210,1,2
neurovision|2023/10/13 15:47:53,neurovision,mrsic_flogel,2023/10/13 15:47:53,2023/10/13 21:41:03,2023,21167.0,5.8797,21190.0,14548,263,1,1
brainsaw|2023/10/14 13:17:31,brainsaw,mrsic_flogel,2023/10/14 13:17:31,2023/10/14 22:47:54,2023,34186.0,9.4961,34223.0,15155,310,1,1
organgrinder|2023/10/16 11:30:16,organgrinder,mrsic_flogel,2023/10/16 11:30:16,2023/10/17 04:55:24,2023,62682.0,17.4117,62708.0,58770,350,1,2
brainsaw|2023/10/16 13:56:56,brainsaw,branco,2023/10/16 13:56:56,2023/10/17 06:30:07,2023,59569.0,16.5469,59591.0,16614,310,1,1
brainsaw|2023/10/17 13:40:24,brainsaw,branco,2023/10/17 13:40:24,2023/10/18 06:26:09,2023,60318.0,16.755,60345.0,15549,310,1,1
brainsaw|2023/10/18 14:28:03,brainsaw,branco,2023/10/18 14:28:03,2023/10/19 06:19:31,2023,57063.0,15.8508,57088.0,17076,307,1,1
neurovision|2023/10/18 18:16:36,neurovision,mrsic_flogel,2023/10/18 18:16:36,2023/10/19 03:12:34,2023,32125.0,8.9236,32158.0,16305,368,1,1
brainsaw|2023/10/19 11:11:17,brainsaw,okeefe,2023/10/19 11:11:17,2023/10/20 04:51:07,2023,63567.0,17.6575,63590.0,76629,285,1,2
neurovision|2023/10/19 14:01:40,neurovision,mrsic_flogel,2023/10/19 14:01:40,2023/10/19 23:48:22,2023,35178.0,9.7717,35202.0,17710,387,1,1
neurovision|2023/10/20 14:02:00,neurovision,mrsic_flogel,2023/10/20 14:02:00,2023/10/20 22:41:43,2023,31158.0,8.655,31183.0,29645,315,1,3
organgrinder|2023/10/23 11:31:13,organgrinder,mrsic_flogel,2023/10/23 11:31:13,2023/10/23 15:36:49,2023,14733.0,4.0925,14736.0,9830,155,1,1
neurovision|2023/10/23 11:52:46,neurovision,okeefe,2023/10/23 11:52:46,2023/10/23 19:43:52,2023,28250.0,7.8472,28266.0,7479,186,1,1
brainsaw|2023/10/25 13:37:44,brainsaw,sjones,2023/10/25 13:37:44,2023/10/26 15:33:10,2023,93310.0,25.9194,93326.0,94740,239,1,6
neurovision|2023/10/25 19:19:55,neurovision,mrsic_flogel,2023/10/25 19:19:55,2023/10/26 16:21:57,2023,75681.0,21.0225,75722.0,93660,330,1,7
brainsaw|2023/10/27 13:37:40,brainsaw,sjones,2023/10/27 13:37:40,2023/10/28 00:33:35,2023,39336.0,10.9267,39355.0,21183,363,1,1
neurovision|2023/10/27 17:58:18,neurovision,mrsic_flogel,2023/10/27 17:58:18,2023/10/28 14:32:35,2023,74026.0,20.5628,74057.0,80643,333,1,7
brainsaw|2023/10/28 19:47:51,brainsaw,branco,2023/10/28 19:47:51,2023/10/29 09:49:35,2023,53830.0,14.9528,50504.0,15552,291,1,1
brainsaw|2023/10/29 14:19:26,brainsaw,branco,2023/10/29 14:19:26,2023/10/30 06:09:39,2023,56983.0,15.8286,57013.0,16279,310,1,1
organgrinder|2023/10/30 14:20:02,organgrinder,margrie,2023/10/30 14:20:02,2023/10/31 10:08:19,2023,71282.0,19.8006,71297.0,54156,280,1,4
brainsaw|2023/10/30 19:18:13,brainsaw,branco,2023/10/30 19:18:13,2023/10/31 09:48:35,2023,52198.0,14.4994,52222.0,13234,218,1,1
brainsaw|2023/10/31 11:14:01,brainsaw,mrsic_flogel,2023/10/31 11:14:01,2023/10/31 22:11:39,2023,37078.0,10.2994,39458.0,13761,278,2,1
neurovision|2023/11/01 11:29:57,neurovision,sjones,2023/11/01 11:29:57,2023/11/02 00:00:06,2023,44987.0,12.4964,45009.0,59460,293,1,4
brainsaw|2023/11/01 13:24:16,brainsaw,margrie,2023/11/01 13:24:16,2023/11/01 19:18:51,2023,21253.0,5.9036,21275.0,12227,210,1,1
brainsaw|2023/11/06 13:23:20,brainsaw,branco,2023/11/06 13:23:20,2023/11/07 03:18:47,2023,50103.0,13.9175,50127.0,17965,310,1,1
brainsaw|2023/11/07 11:35:29,brainsaw,sjones,2023/11/07 11:35:29,2023/11/07 22:30:46,2023,39290.0,10.9139,39317.0,20510,383,1,1
neurovision|2023/11/07 14:36:48,neurovision,sjones,2023/11/07 14:36:48,2023/11/08 03:02:30,2023,44723.0,12.4231,44742.0,58833,292,1,4
neurovision|2023/11/08 17:23:26,neurovision,mrsic_flogel,2023/11/08 17:23:26,2023/11/09 06:56:08,2023,48730.0,13.5361,48762.0,61286,316,1,5
brainsaw|2023/11/09 17:48:32,brainsaw,branco,2023/11/09 17:48:32,2023/11/10 09:43:40,2023,57291.0,15.9142,57308.0,17316,254,1,1
neurovision|2023/11/09 18:13:51,neurovision,mrsic_flogel,2023/11/09 18:13:51,2023/11/10 15:13:47,2023,75557.0,20.9881,75596.0,94451,334,1,7
brainsaw|2023/11/10 10:35:37,brainsaw,mrsic_flogel,2023/11/10 10:35:37,2023/11/10 22:25:38,2023,42562.0,11.8228,42601.0,14912,272,1,1
organgrinder|2023/11/13 14:59:28,organgrinder,margrie,2023/11/13 14:59:28,2023/11/14 08:07:56,2023,61684.0,17.1344,61708.0,34477,265,1,2
brainsaw|2023/11/13 15:56:47,brainsaw,mrsic_flogel,2023/11/13 15:56:47,2023/11/14 07:36:44,2023,56373.0,15.6592,56397.0,57438,250,1,4
brainsaw|2023/11/14 11:36:43,brainsaw,sjones,2023/11/14 11:36:43,2023/11/14 21:01:24,2023,33856.0,9.4044,33881.0,17035,322,1,1
organgrinder|2023/11/14 19:40:14,organgrinder,mrsic_flogel,2023/11/14 19:40:14,2023/11/15 06:00:32,2023,37205.0,10.3347,37218.0,15055,190,1,1
neurovision|2023/11/14 19:40:53,neurovision,mrsic_flogel,2023/11/14 19:40:53,2023/11/15 06:34:51,2023,39224.0,10.8956,39238.0,21246,232,1,1
neurovision|2023/11/16 17:13:40,neurovision,mrsic_flogel,2023/11/16 17:13:40,2023/11/17 00:40:12,2023,26771.0,7.4364,26792.0,15929,327,1,1
neurovision|2023/11/17 16:24:33,neurovision,mrsic_flogel,2023/11/17 16:24:33,2023/11/18 16:58:14,2023,88394.0,24.5539,88421.0,75184,330,1,6
brainsaw|2023/11/17 16:39:40,brainsaw,margrie,2023/11/17 16:39:40,2023/11/17 19:48:36,2023,11325.0,3.1458,11336.0,7718,120,1,1
neurovision|2023/11/22 17:04:36,neurovision,mrsic_flogel,2023/11/22 17:04:36,2023/11/23 02:35:41,2023,34230.0,9.5083,34265.0,14991,305,1,1
organgrinder|2023/11/23 11:21:09,organgrinder,margrie,2023/11/23 11:21:09,2023/11/23 23:09:34,2023,42503.0,11.8064,42505.0,13426,200,1,1
neurovision|2023/11/23 17:05:56,neurovision,mrsic_flogel,2023/11/23 17:05:56,2023/11/24 08:15:46,2023,54563.0,15.1564,54590.0,45617,303,1,4
brainsaw|2023/11/24 11:14:14,brainsaw,mrsic_flogel,2023/11/24 11:14:14,2023/11/24 18:29:47,2023,26116.0,7.2544,26133.0,30694,136,1,3
brainsaw|2023/11/24 18:59:44,brainsaw,mrsic_flogel,2023/11/24 18:59:44,2023/11/26 07:16:12,2023,65504.0,18.1956,130588.0,76860,335,2,4
organgrinder|2023/11/27 14:01:50,organgrinder,margrie,2023/11/27 14:01:50,2023/11/28 06:54:08,2023,60731.0,16.8697,60738.0,21116,220,1,1
brainsaw|2023/11/27 15:07:08,brainsaw,akrami,2023/11/27 15:07:08,2023/11/28 07:06:36,2023,57544.0,15.9844,57568.0,46476,382,1,1
neurovision|2023/11/27 15:22:58,neurovision,akrami,2023/11/27 15:22:58,2023/11/28 06:35:31,2023,54735.0,15.2042,54753.0,40497,381,1,1
neurovision|2023/11/28 10:12:27,neurovision,akrami,2023/11/28 10:12:27,2023/11/29 01:08:21,2023,53723.0,14.9231,53754.0,38505,368,1,1
organgrinder|2023/11/28 12:02:41,organgrinder,mrsic_flogel,2023/11/28 12:02:41,2023/11/28 16:12:59,2023,15020.0,4.1722,15018.0,13478,113,1,2
brainsaw|2023/11/28 12:19:57,brainsaw,mrsic_flogel,2023/11/28 12:19:57,2023/11/28 17:06:20,2023,17174.0,4.7706,17183.0,16946,111,1,2
brainsaw|2023/11/29 10:35:40,brainsaw,mrsic_flogel,2023/11/29 10:35:40,2023/11/29 22:29:56,2023,42838.0,11.8994,42856.0,15364,277,1,1
organgrinder|2023/11/29 12:05:14,organgrinder,sjones,2023/11/29 12:05:14,2023/11/30 14:06:15,2023,93646.0,26.0128,93661.0,24376,351,1,1
organgrinder|2023/11/30 15:05:33,organgrinder,sjones,2023/11/30 15:05:33,2023/12/01 13:30:59,2023,80717.0,22.4214,80726.0,19534,316,1,1
organgrinder|2023/12/01 14:31:34,organgrinder,sjones,2023/12/01 14:31:34,2023/12/03 05:12:20,2023,139239.0,38.6775,139246.0,28727,351,1,1
brainsaw|2023/12/01 15:24:34,brainsaw,margrie,2023/12/01 15:24:34,2023/12/02 05:51:01,2023,51956.0,14.4322,51987.0,36351,272,1,3
brainsaw|2023/12/02 12:52:39,brainsaw,sjones,2023/12/02 12:52:39,2023/12/03 14:10:16,2023,91030.0,25.2861,91057.0,33283,326,1,2
brainsaw|2023/12/03 18:41:07,brainsaw,branco,2023/12/03 18:41:07,2023/12/04 10:37:47,2023,57376.0,15.9378,57400.0,16979,305,1,1
neurovision|2023/12/04 11:35:21,neurovision,mrsic_flogel,2023/12/04 11:35:21,2023/12/05 00:15:53,2023,45603.0,12.6675,45632.0,51956,313,1,3
brainsaw|2023/12/04 15:20:55,brainsaw,branco,2023/12/04 15:20:55,2023/12/05 07:48:28,2023,59234.0,16.4539,59253.0,16777,310,1,1
organgrinder|2023/12/05 09:35:50,organgrinder,mrsic_flogel,2023/12/05 09:35:50,2023/12/06 09:17:45,2023,85311.0,23.6975,85315.0,84045,227,1,5
brainsaw|2023/12/05 12:07:46,brainsaw,mrsic_flogel,2023/12/05 12:07:46,2023/12/06 05:29:52,2023,62499.0,17.3608,62526.0,17081,289,1,1
neurovision|2023/12/05 12:17:16,neurovision,mrsic_flogel,2023/12/05 12:17:16,2023/12/06 08:07:46,2023,71413.0,19.8369,71430.0,17170,284,1,1
neurovision|2023/12/06 11:06:15,neurovision,mrsic_flogel,2023/12/06 11:06:15,2023/12/06 23:05:18,2023,43126.0,11.9794,43143.0,50795,250,1,3
brainsaw|2023/12/06 11:53:35,brainsaw,mrsic_flogel,2023/12/06 11:53:35,2023/12/07 08:10:35,2023,73003.0,20.2786,73020.0,105842,227,1,6
organgrinder|2023/12/07 08:54:23,organgrinder,mrsic_flogel,2023/12/07 08:54:23,2023/12/08 10:40:40,2023,92761.0,25.7669,92777.0,27550,174,1,2
neurovision|2023/12/07 10:48:30,neurovision,margrie,2023/12/07 10:48:30,2023/12/07 11:50:41,2023,3726.0,1.035,3731.0,3388,48,1,1
neurovision|2023/12/07 13:02:02,neurovision,mrsic_flogel,2023/12/07 13:02:02,2023/12/08 03:28:16,2023,51938.0,14.4272,51974.0,62726,345,1,3
brainsaw|2023/12/07 14:00:52,brainsaw,mrsic_flogel,2023/12/07 14:00:52,2023/12/07 23:57:48,2023,35797.0,9.9436,35816.0,14400,261,1,1
brainsaw|2023/12/08 14:13:02,brainsaw,branco,2023/12/08 14:13:02,2023/12/09 06:36:18,2023,58972.0,16.3811,58996.0,17362,302,1,1
neurovision|2023/12/08 15:08:13,neurovision,mrsic_flogel,2023/12/08 15:08:13,2023/12/09 07:05:13,2023,57383.0,15.9397,57420.0,33755,314,1,2
organgrinder|2023/12/08 17:25:58,organgrinder,mrsic_flogel,2023/12/08 17:25:58,2023/12/09 06:53:27,2023,48434.0,13.4539,48449.0,53888,335,1,3
organgrinder|2023/12/09 09:23:20,organgrinder,mrsic_flogel,2023/12/09 09:23:20,2023/12/10 08:15:37,2023,82331.0,22.8697,82337.0,24711,166,1,2
brainsaw|2023/12/09 22:18:15,brainsaw,branco,2023/12/09 22:18:15,2023/12/10 18:46:03,2023,73647.0,20.4575,73668.0,18224,300,1,1
organgrinder|2023/12/10 08:53:02,organgrinder,mrsic_flogel,2023/12/10 08:53:02,2023/12/11 09:18:41,2023,87485.0,24.3014,87939.0,26190,180,2,2
neurovision|2023/12/11 09:57:05,neurovision,mrsic_flogel,2023/12/11 09:57:05,2023/12/12 03:34:02,2023,63408.0,17.6133,63417.0,94671,200,1,6
brainsaw|2023/12/11 12:07:20,brainsaw,margrie,2023/12/11 12:07:20,2023/12/11 23:28:02,2023,40803.0,11.3342,40842.0,26576,258,1,2
neurovision|2023/12/12 09:53:24,neurovision,mrsic_flogel,2023/12/12 09:53:24,2023/12/13 03:45:30,2023,64306.0,17.8628,64326.0,95716,200,1,5
brainsaw|2023/12/12 12:11:08,brainsaw,margrie,2023/12/12 12:11:08,2023/12/12 19:10:00,2023,25117.0,6.9769,25132.0,14227,231,1,1
brainsaw|2023/12/13 09:42:36,brainsaw,mrsic_flogel,2023/12/13 09:42:36,2023/12/13 14:59:48,2023,19024.0,5.2844,19032.0,18302,122,1,2
neurovision|2023/12/13 09:52:23,neurovision,mrsic_flogel,2023/12/13 09:52:23,2023/12/13 14:13:25,2023,15650.0,4.3472,15662.0,18245,129,1,2
organgrinder|2023/12/13 15:19:42,organgrinder,mrsic_flogel,2023/12/13 15:19:42,2023/12/14 00:14:08,2023,32052.0,8.9033,32066.0,14930,338,1,1
brainsaw|2023/12/13 17:08:03,brainsaw,mrsic_flogel,2023/12/13 17:08:03,2023/12/14 07:58:52,2023,53424.0,14.84,53449.0,15529,272,1,1
neurovision|2023/12/13 17:11:40,neurovision,mrsic_flogel,2023/12/13 17:11:40,2023/12/14 01:27:43,2023,29751.0,8.2642,29763.0,16935,289,1,1
organgrinder|2023/12/14 09:13:25,organgrinder,mrsic_flogel,2023/12/14 09:13:25,2023/12/15 08:47:54,2023,84865.0,23.5736,84869.0,25087,176,1,2
neurovision|2023/12/14 09:30:56,neurovision,mrsic_flogel,2023/12/14 09:30:56,2023/12/15 08:25:19,2023,82444.0,22.9011,82463.0,92274,250,1,6
brainsaw|2023/12/14 15:10:08,brainsaw,branco,2023/12/14 15:10:08,2023/12/14 23:48:39,2023,31085.0,8.6347,31111.0,15838,270,1,1
organgrinder|2023/12/15 09:17:54,organgrinder,mrsic_flogel,2023/12/15 09:17:54,2023/12/16 08:40:43,2023,84164.0,23.3789,84169.0,25221,168,1,2
brainsaw|2023/12/15 12:39:31,brainsaw,branco,2023/12/15 12:39:31,2023/12/16 15:24:43,2023,96284.0,26.7456,96312.0,100729,353,1,5
neurovision|2023/12/15 15:52:05,neurovision,mrsic_flogel,2023/12/15 15:52:05,2023/12/15 23:27:41,2023,27314.0,7.5872,27336.0,16305,281,1,1
organgrinder|2023/12/16 09:24:47,organgrinder,mrsic_flogel,2023/12/16 09:24:47,2023/12/17 09:33:17,2023,86900.0,24.1389,86910.0,25934,173,1,2
neurovision|2023/12/16 09:28:52,neurovision,mrsic_flogel,2023/12/16 09:28:52,2023/12/17 09:13:17,2023,85454.0,23.7372,85465.0,26239,134,1,2
brainsaw|2023/12/16 18:06:44,brainsaw,branco,2023/12/16 18:06:44,2023/12/17 10:14:40,2023,58052.0,16.1256,58076.0,16585,303,1,1
neurovision|2023/12/17 10:03:07,neurovision,mrsic_flogel,2023/12/17 10:03:07,2023/12/18 02:55:23,2023,60724.0,16.8678,60736.0,84582,214,1,6
neurovision|2023/12/18 09:04:26,neurovision,mrsic_flogel,2023/12/18 09:04:26,2023/12/19 03:39:58,2023,66796.0,18.5544,66932.0,18350,227,2,1
brainsaw|2023/12/18 09:09:46,brainsaw,mrsic_flogel,2023/12/18 09:09:46,2023/12/19 09:52:24,2023,85854.0,23.8483,88958.0,26727,200,2,2
organgrinder|2023/12/18 11:04:18,organgrinder,mrsic_flogel,2023/12/18 11:04:18,2023/12/19 08:17:55,2023,76409.0,21.2247,76417.0,22563,160,1,2
brainsaw|2023/12/19 11:35:34,brainsaw,margrie,2023/12/19 11:35:34,2023/12/20 01:50:31,2023,51267.0,14.2408,51297.0,37480,257,1,3
neurovision|2023/12/19 13:28:41,neurovision,mrsic_flogel,2023/12/19 13:28:41,2023/12/21 21:47:55,2023,202717.0,56.3103,202754.0,132079,422,1,7
brainsaw|2023/12/20 11:33:36,brainsaw,mrsic_flogel,2023/12/20 11:33:36,2023/12/21 06:28:59,2023,68103.0,18.9175,68123.0,51635,312,1,3
brainsaw|2023/12/21 16:14:59,brainsaw,branco,2023/12/21 16:14:59,2023/12/22 07:34:26,2023,55144.0,15.3178,55167.0,14725,300,1,1
neurovision|2023/12/22 09:58:08,neurovision,margrie,2023/12/22 09:58:08,2023/12/22 13:53:26,2023,14107.0,3.9186,14118.0,11425,210,1,1
neurovision|2023/12/22 14:33:25,neurovision,margrie,2023/12/22 14:33:25,2023/12/22 17:33:30,2023,10783.0,2.9953,10805.0,11588,148,1,1
brainsaw|2023/12/22 15:53:22,brainsaw,margrie,2023/12/22 15:53:22,2023/12/23 11:50:41,2023,71808.0,19.9467,71839.0,57535,280,1,4
neurovision|2023/12/23 14:41:19,neurovision,sjones,2023/12/23 14:41:19,2023/12/24 07:18:08,2023,59770.0,16.6028,59809.0,75460,358,1,4
brainsaw|2023/12/23 15:02:03,brainsaw,akrami,2023/12/23 15:02:03,2023/12/24 13:33:05,2023,81025.0,22.5069,81062.0,62617,484,1,1
brainsaw|2023/12/24 15:46:26,brainsaw,akrami,2023/12/24 15:46:26,2023/12/25 12:24:16,2023,74233.0,20.6203,74270.0,57657,468,1,1
brainsaw|2023/12/28 13:50:24,brainsaw,akrami,2023/12/28 13:50:24,2023/12/29 06:40:33,2023,60582.0,16.8283,60609.0,59789,297,1,4
neurovision|2023/12/31 19:38:24,neurovision,mrsic_flogel,2023/12/31 19:38:24,2024/01/01 23:03:19,2023,98665.0,27.4069,98695.0,36469,328,1,2
brainsaw|2024/01/02 12:34:00,brainsaw,margrie,2024/01/02 12:34:00,2024/01/02 22:16:59,2024,34962.0,9.7117,34979.0,25782,258,1,2
brainsaw|2024/01/03 12:04:16,brainsaw,branco,2024/01/03 12:04:16,2024/01/04 05:21:04,2024,62190.0,17.275,62208.0,18082,310,1,1
brainsaw|2024/01/04 14:31:13,brainsaw,branco,2024/01/04 14:31:13,2024/01/05 07:20:45,2024,60542.0,16.8172,60572.0,17657,310,1,1
neurovision|2024/01/05 14:17:32,neurovision,sjones,2024/01/05 14:17:32,2024/01/06 00:15:08,2024,35831.0,9.9531,35856.0,37517,359,1,2
brainsaw|2024/01/05 15:15:25,brainsaw,akrami,2024/01/05 15:15:25,2024/01/06 02:38:36,2024,40961.0,11.3781,40991.0,47750,293,1,3
brainsaw|2024/01/08 11:33:28,brainsaw,margrie,2024/01/08 11:33:28,2024/01/09 02:35:35,2024,54108.0,15.03,54127.0,29954,223,1,2
brainsaw|2024/01/09 11:31:08,brainsaw,margrie,2024/01/09 11:31:08,2024/01/09 20:42:39,2024,33067.0,9.1853,33091.0,28765,259,1,2
neurovision|2024/01/09 18:54:01,neurovision,mrsic_flogel,2024/01/09 18:54:01,2024/01/09 23:05:48,2024,15094.0,4.1928,15107.0,13373,200,1,1
neurovision|2024/01/10 10:01:04,neurovision,mrsic_flogel,2024/01/10 10:01:04,2024/01/10 22:40:47,2024,45555.0,12.6542,45583.0,58860,220,1,4
brainsaw|2024/01/10 12:27:46,brainsaw,mrsic_flogel,2024/01/10 12:27:46,2024/01/11 18:14:27,2024,45183.0,12.5508,107201.0,49362,233,2,4
brainsaw|2024/01/11 19:44:14,brainsaw,mrsic_flogel,2024/01/11 19:44:14,2024/01/12 07:43:21,2024,41592.0,11.5533,43147.0,46009,244,2,4
brainsaw|2024/01/12 11:46:01,brainsaw,margrie,2024/01/12 11:46:01,2024/01/12 15:30:58,2024,13487.0,3.7464,13497.0,7597,124,1,1
neurovision|2024/01/12 15:23:32,neurovision,mrsic_flogel,2024/01/12 15:23:32,2024/01/13 21:14:24,2024,107401.0,29.8336,107452.0,40696,350,1,2
brainsaw|2024/01/12 16:24:57,brainsaw,margrie,2024/01/12 16:24:57,2024/01/13 01:12:14,2024,31618.0,8.7828,31637.0,24875,210,1,2
brainsaw|2024/01/14 16:28:00,brainsaw,branco,2024/01/14 16:28:00,2024/01/15 08:32:27,2024,57821.0,16.0614,57867.0,17437,287,1,1
neurovision|2024/01/15 18:43:53,neurovision,mrsic_flogel,2024/01/15 18:43:53,2024/01/16 07:35:21,2024,46267.0,12.8519,46288.0,35452,333,1,2
brainsaw|2024/01/15 19:09:40,brainsaw,mrsic_flogel,2024/01/15 19:09:40,2024/01/16 08:47:59,2024,49078.0,13.6328,49099.0,62965,258,1,3
brainsaw|2024/01/16 14:39:49,brainsaw,branco,2024/01/16 14:39:49,2024/01/17 06:11:28,2024,55871.0,15.5197,55899.0,15390,300,1,1
neurovision|2024/01/16 15:41:06,neurovision,okeefe,2024/01/16 15:41:06,2024/01/16 21:55:18,2024,22430.0,6.2306,22452.0,14406,250,1,1
brainsaw|2024/01/17 12:01:26,brainsaw,margrie,2024/01/17 12:01:26,2024/01/17 19:18:27,2024,26199.0,7.2775,26221.0,14132,269,1,1
brainsaw|2024/01/19 11:45:25,brainsaw,mrsic_flogel,2024/01/19 11:45:25,2024/01/20 03:33:08,2024,56812.0,15.7811,56863.0,14698,278,1,1
brainsaw|2024/01/20 19:47:22,brainsaw,mrsic_flogel,2024/01/20 19:47:22,2024/01/21 08:04:12,2024,44179.0,12.2719,44210.0,31631,332,1,2
organgrinder|2024/01/22 11:31:24,organgrinder,okeefe,2024/01/22 11:31:24,2024/01/23 09:47:52,2024,80179.0,22.2719,80188.0,73989,333,1,2
neurovision|2024/01/22 13:27:35,neurovision,sjones,2024/01/22 13:27:35,2024/01/22 23:32:19,2024,36247.0,10.0686,36284.0,37260,360,1,2
brainsaw|2024/01/22 18:06:45,brainsaw,branco,2024/01/22 18:06:45,2024/01/23 09:25:47,2024,55102.0,15.3061,55142.0,17121,291,1,1
neurovision|2024/01/23 13:05:33,neurovision,okeefe,2024/01/23 13:05:33,2024/01/23 17:07:21,2024,14500.0,4.0278,14508.0,15170,118,1,1
brainsaw|2024/01/23 18:06:29,brainsaw,branco,2024/01/23 18:06:29,2024/01/24 09:52:28,2024,56684.0,15.7456,56759.0,16696,301,1,1
brainsaw|2024/01/24 10:27:59,brainsaw,okeefe,2024/01/24 10:27:59,2024/01/25 05:33:09,2024,68680.0,19.0778,68710.0,73742,325,1,2
brainsaw|2024/01/25 10:27:17,brainsaw,okeefe,2024/01/25 10:27:17,2024/01/26 05:29:04,2024,68489.0,19.0247,68507.0,80833,295,1,2
organgrinder|2024/01/25 15:09:07,organgrinder,akrami,2024/01/25 15:09:07,2024/01/26 12:18:37,2024,76135.0,21.1486,76170.0,46878,387,1,1
neurovision|2024/01/25 15:17:05,neurovision,mrsic_flogel,2024/01/25 15:17:05,2024/01/25 22:15:15,2024,25056.0,6.96,25090.0,17390,388,1,1
neurovision|2024/01/26 10:48:44,neurovision,mrsic_flogel,2024/01/26 10:48:44,2024/01/27 03:35:32,2024,60392.0,16.7756,60408.0,87368,220,1,6
brainsaw|2024/01/26 11:56:30,brainsaw,margrie,2024/01/26 11:56:30,2024/01/26 23:18:47,2024,40917.0,11.3658,40937.0,33159,250,1,2
organgrinder|2024/01/26 15:28:39,organgrinder,akrami,2024/01/26 15:28:39,2024/01/27 11:21:57,2024,71570.0,19.8806,71598.0,43303,383,1,1
neurovision|2024/01/27 12:50:02,neurovision,margrie,2024/01/27 12:50:02,2024/01/27 18:50:35,2024,21622.0,6.0061,21633.0,16267,210,1,1
brainsaw|2024/01/27 13:16:59,brainsaw,margrie,2024/01/27 13:16:59,2024/01/27 19:40:15,2024,22980.0,6.3833,22996.0,11713,210,1,1
organgrinder|2024/01/27 14:57:41,organgrinder,sjones,2024/01/27 14:57:41,2024/01/28 00:45:40,2024,35265.0,9.7958,35279.0,28222,343,1,2
neurovision|2024/01/28 12:18:56,neurovision,margrie,2024/01/28 12:18:56,2024/01/28 18:26:43,2024,22052.0,6.1256,22067.0,15854,210,1,1
brainsaw|2024/01/28 12:38:09,brainsaw,margrie,2024/01/28 12:38:09,2024/01/28 21:15:12,2024,30982.0,8.6061,31023.0,13105,260,1,1
organgrinder|2024/01/29 11:55:35,organgrinder,mrsic_flogel,2024/01/29 11:55:35,2024/01/30 08:55:29,2024,75587.0,20.9964,75594.0,24223,223,1,2
brainsaw|2024/01/29 17:03:12,brainsaw,mrsic_flogel,2024/01/29 17:03:12,2024/01/30 09:58:18,2024,60890.0,16.9139,60906.0,56828,243,1,4
organgrinder|2024/01/30 11:32:43,organgrinder,akrami,2024/01/30 11:32:43,2024/01/30 23:28:46,2024,42600.0,11.8333,42963.0,35268,114,1,4
brainsaw|2024/01/30 14:21:08,brainsaw,margrie,2024/01/30 14:21:08,2024/01/31 05:55:04,2024,56002.0,15.5561,56036.0,45752,300,1,3
organgrinder|2024/01/31 09:45:01,organgrinder,akrami,2024/01/31 09:45:01,2024/01/31 21:20:32,2024,41712.0,11.5867,41731.0,29389,234,1,2
neurovision|2024/01/31 18:16:08,neurovision,mrsic_flogel,2024/01/31 18:16:08,2024/02/01 01:30:55,2024,26045.0,7.2347,26087.0,15325,348,1,1
organgrinder|2024/02/01 11:03:16,organgrinder,akrami,2024/02/01 11:03:16,2024/02/02 07:10:12,2024,72397.0,20.1103,72416.0,59041,427,1,1
neurovision|2024/02/01 12:56:28,neurovision,mrsic_flogel,2024/02/01 12:56:28,2024/02/02 01:40:42,2024,45824.0,12.7289,45854.0,40681,380,1,3
brainsaw|2024/02/01 15:15:35,brainsaw,margrie,2024/02/01 15:15:35,2024/02/01 22:30:40,2024,26086.0,7.2461,26105.0,12475,210,1,1
organgrinder|2024/02/02 11:22:43,organgrinder,akrami,2024/02/02 11:22:43,2024/02/02 19:58:16,2024,30916.0,8.5878,30933.0,24736,291,1,2
neurovision|2024/02/02 15:02:22,neurovision,mrsic_flogel,2024/02/02 15:02:22,2024/02/02 23:26:48,2024,30233.0,8.3981,30266.0,20869,365,1,1
brainsaw|2024/02/02 16:37:14,brainsaw,mrsic_flogel,2024/02/02 16:37:14,2024/02/03 14:20:43,2024,78148.0,21.7078,78209.0,59344,324,1,4
organgrinder|2024/02/04 09:47:17,organgrinder,mrsic_flogel,2024/02/04 09:47:17,2024/02/05 08:55:02,2024,83265.0,23.1292,83265.0,24989,153,1,2
neurovision|2024/02/04 09:53:53,neurovision,mrsic_flogel,2024/02/04 09:53:53,2024/02/04 21:48:34,2024,42867.0,11.9075,42881.0,14813,200,1,1
organgrinder|2024/02/05 09:23:19,organgrinder,mrsic_flogel,2024/02/05 09:23:19,2024/02/06 09:15:34,2024,85931.0,23.8697,85935.0,25654,166,1,2
neurovision|2024/02/06 09:58:52,neurovision,mrsic_flogel,2024/02/06 09:58:52,2024/02/07 00:16:58,2024,47811.0,13.2808,51486.0,15150,220,2,1
organgrinder|2024/02/06 10:45:31,organgrinder,mrsic_flogel,2024/02/06 10:45:31,2024/02/07 03:59:46,2024,56181.0,15.6058,62055.0,14943,200,2,1
brainsaw|2024/02/06 15:06:32,brainsaw,margrie,2024/02/06 15:06:32,2024/02/07 16:31:45,2024,91490.0,25.4139,91513.0,48290,280,1,3
neurovision|2024/02/07 13:57:12,neurovision,margrie,2024/02/07 13:57:12,2024/02/08 00:08:41,2024,36668.0,10.1856,36689.0,29437,210,1,2
organgrinder|2024/02/08 13:00:35,organgrinder,okeefe,2024/02/08 13:00:35,2024/02/08 22:31:57,2024,34256.0,9.5156,34282.0,26627,309,1,2
neurovision|2024/02/08 16:11:26,neurovision,mrsic_flogel,2024/02/08 16:11:26,2024/02/09 00:50:46,2024,31126.0,8.6461,31160.0,18609,344,1,1
brainsaw|2024/02/09 13:59:23,brainsaw,branco,2024/02/09 13:59:23,2024/02/10 05:12:01,2024,54723.0,15.2008,54758.0,16879,284,1,1
organgrinder|2024/02/09 15:34:40,organgrinder,okeefe,2024/02/09 15:34:40,2024/02/10 02:37:06,2024,39735.0,11.0375,39746.0,29146,295,1,2
brainsaw|2024/02/10 18:10:16,brainsaw,branco,2024/02/10 18:10:16,2024/02/11 09:38:31,2024,55671.0,15.4642,55695.0,15999,310,1,1
brainsaw|2024/02/11 14:38:54,brainsaw,branco,2024/02/11 14:38:54,2024/02/12 06:51:24,2024,58322.0,16.2006,58350.0,17710,310,1,1
organgrinder|2024/02/12 09:37:10,organgrinder,sjones,2024/02/12 09:37:10,2024/02/12 18:03:54,2024,30381.0,8.4392,30404.0,15027,346,1,1
neurovision|2024/02/12 12:09:26,neurovision,mrsic_flogel,2024/02/12 12:09:26,2024/02/12 22:05:39,2024,35750.0,9.9306,35773.0,18071,287,1,1
neurovision|2024/02/13 13:53:58,neurovision,margrie,2024/02/13 13:53:58,2024/02/14 02:52:49,2024,46708.0,12.9744,46731.0,31619,210,1,2
brainsaw|2024/02/13 15:05:19,brainsaw,margrie,2024/02/13 15:05:19,2024/02/13 20:34:40,2024,19743.0,5.4842,19761.0,14154,220,1,1
brainsaw|2024/02/14 11:25:18,brainsaw,margrie,2024/02/14 11:25:18,2024/02/14 12:29:50,2024,3867.0,1.0742,3872.0,3028,51,1,1
neurovision|2024/02/14 11:43:24,neurovision,mrsic_flogel,2024/02/14 11:43:24,2024/02/14 20:54:49,2024,33068.0,9.1856,33085.0,26764,200,1,2
brainsaw|2024/02/14 13:57:09,brainsaw,margrie,2024/02/14 13:57:09,2024/02/15 04:36:43,2024,52752.0,14.6533,52774.0,47092,280,1,3
neurovision|2024/02/15 12:03:31,neurovision,margrie,2024/02/15 12:03:31,2024/02/15 17:05:29,2024,18091.0,5.0253,18118.0,13382,210,1,1
brainsaw|2024/02/15 14:32:13,brainsaw,branco,2024/02/15 14:32:13,2024/02/16 06:44:40,2024,58305.0,16.1958,58347.0,17421,306,1,1
neurovision|2024/02/15 18:09:53,neurovision,mrsic_flogel,2024/02/15 18:09:53,2024/02/16 09:02:25,2024,53531.0,14.8697,53552.0,73529,385,1,5
brainsaw|2024/02/16 16:02:46,brainsaw,margrie,2024/02/16 16:02:46,2024/02/17 11:16:09,2024,69189.0,19.2192,69203.0,15270,280,1,1
neurovision|2024/02/18 18:04:04,neurovision,mrsic_flogel,2024/02/18 18:04:04,2024/02/19 08:41:16,2024,52604.0,14.6122,52632.0,75837,368,1,4
brainsaw|2024/02/19 16:23:58,brainsaw,margrie,2024/02/19 16:23:58,2024/02/20 13:49:40,2024,77117.0,21.4214,77142.0,39415,220,1,3
brainsaw|2024/02/20 15:49:52,brainsaw,margrie,2024/02/20 15:49:52,2024/02/20 18:03:48,2024,8028.0,2.23,8036.0,5854,100,1,1
brainsaw|2024/02/21 10:54:28,brainsaw,okeefe,2024/02/21 10:54:28,2024/02/22 09:26:38,2024,81106.0,22.5294,81130.0,73605,280,1,2
neurovision|2024/02/21 11:25:45,neurovision,okeefe,2024/02/21 11:25:45,2024/02/21 19:11:33,2024,27924.0,7.7567,27948.0,18034,339,1,1
organgrinder|2024/02/22 12:03:32,organgrinder,okeefe,2024/02/22 12:03:32,2024/02/22 18:29:19,2024,23134.0,6.4261,23147.0,10890,269,1,1
neurovision|2024/02/22 13:12:20,neurovision,margrie,2024/02/22 13:12:20,2024/02/22 15:35:11,2024,8564.0,2.3789,8571.0,7353,100,1,1
neurovision|2024/02/22 17:44:15,neurovision,mrsic_flogel,2024/02/22 17:44:15,2024/02/23 01:11:01,2024,26767.0,7.4353,26806.0,18465,384,1,1
neurovision|2024/02/23 14:39:26,neurovision,mrsic_flogel,2024/02/23 14:39:26,2024/02/24 07:08:23,2024,59300.0,16.4722,59337.0,22555,382,1,1
brainsaw|2024/02/23 20:01:46,brainsaw,branco,2024/02/23 20:01:46,2024/02/24 13:42:58,2024,63631.0,17.6753,63672.0,17525,301,1,1
brainsaw|2024/02/25 16:33:35,brainsaw,branco,2024/02/25 16:33:35,2024/02/26 10:06:37,2024,63168.0,17.5467,63182.0,36713,258,1,2
brainsaw|2024/02/26 10:35:28,brainsaw,margrie,2024/02/26 10:35:28,2024/02/26 11:50:54,2024,4523.0,1.2564,4526.0,3275,56,1,1
brainsaw|2024/02/26 12:35:41,brainsaw,margrie,2024/02/26 12:35:41,2024/02/27 03:24:54,2024,53331.0,14.8142,53353.0,25474,220,1,2
organgrinder|2024/02/26 12:40:52,organgrinder,okeefe,2024/02/26 12:40:52,2024/02/27 00:57:24,2024,44184.0,12.2733,44192.0,30184,346,1,2
brainsaw|2024/02/27 14:20:26,brainsaw,margrie,2024/02/27 14:20:26,2024/02/27 23:52:25,2024,34294.0,9.5261,34319.0,28018,220,1,2
neurovision|2024/02/29 12:36:59,neurovision,mrsic_flogel,2024/02/29 12:36:59,2024/02/29 22:14:17,2024,34595.0,9.6097,34638.0,21155,384,1,1
brainsaw|2024/02/29 16:52:59,brainsaw,margrie,2024/02/29 16:52:59,2024/02/29 19:19:45,2024,8794.0,2.4428,8806.0,6564,100,1,1
neurovision|2024/03/01 15:11:04,neurovision,sjones,2024/03/01 15:11:04,2024/03/02 12:02:42,2024,75066.0,20.8517,75098.0,25055,371,1,1
brainsaw|2024/03/01 17:22:06,brainsaw,branco,2024/03/01 17:22:06,2024/03/02 09:22:26,2024,57603.0,16.0008,57620.0,17079,310,1,1
neurovision|2024/03/02 14:39:25,neurovision,sjones,2024/03/02 14:39:25,2024/03/03 09:36:26,2024,68195.0,18.9431,68221.0,21352,361,1,1
organgrinder|2024/03/04 12:27:10,organgrinder,okeefe,2024/03/04 12:27:10,2024/03/04 22:30:19,2024,36183.0,10.0508,36189.0,28241,314,1,2
brainsaw|2024/03/04 14:44:33,brainsaw,branco,2024/03/04 14:44:33,2024/03/05 06:05:14,2024,55186.0,15.3294,55241.0,16371,305,1,1
organgrinder|2024/03/05 10:16:55,organgrinder,mrsic_flogel,2024/03/05 10:16:55,2024/03/05 15:37:13,2024,19215.0,5.3375,19218.0,19139,163,1,2
brainsaw|2024/03/05 10:21:48,brainsaw,mrsic_flogel,2024/03/05 10:21:48,2024/03/05 15:37:48,2024,18939.0,5.2608,18960.0,12579,171,1,1
brainsaw|2024/03/06 14:22:47,brainsaw,sjones,2024/03/06 14:22:47,2024/03/07 07:54:11,2024,63040.0,17.5111,63084.0,19358,322,1,1
organgrinder|2024/03/06 14:54:12,organgrinder,margrie,2024/03/06 14:54:12,2024/03/07 06:04:29,2024,54593.0,15.1647,54617.0,33423,264,1,2
neurovision|2024/03/06 15:33:43,neurovision,sjones,2024/03/06 15:33:43,2024/03/07 07:51:36,2024,58630.0,16.2861,58673.0,77056,366,1,4
brainsaw|2024/03/07 12:46:49,brainsaw,sjones,2024/03/07 12:46:49,2024/03/08 16:42:08,2024,100487.0,27.9131,100519.0,35403,353,1,2
neurovision|2024/03/07 13:10:54,neurovision,mrsic_flogel,2024/03/07 13:10:54,2024/03/08 03:56:19,2024,53097.0,14.7492,53125.0,37507,397,1,3
organgrinder|2024/03/08 10:11:18,organgrinder,mrsic_flogel,2024/03/08 10:11:18,2024/03/08 22:19:37,2024,43669.0,12.1303,43699.0,34521,307,1,2
neurovision|2024/03/08 13:41:48,neurovision,mrsic_flogel,2024/03/08 13:41:48,2024/03/09 02:46:10,2024,47014.0,13.0594,47062.0,36133,381,1,3
brainsaw|2024/03/09 10:20:40,brainsaw,sjones,2024/03/09 10:20:40,2024/03/10 13:55:55,2024,99278.0,27.5772,99315.0,36461,342,1,2
neurovision|2024/03/09 12:34:51,neurovision,margrie,2024/03/09 12:34:51,2024/03/09 15:00:11,2024,8714.0,2.4206,8720.0,7548,100,1,1
organgrinder|2024/03/11 10:03:03,organgrinder,mrsic_flogel,2024/03/11 10:03:03,2024/03/12 08:23:18,2024,80407.0,22.3353,80415.0,94846,250,1,6
brainsaw|2024/03/11 15:10:04,brainsaw,branco,2024/03/11 15:10:04,2024/03/12 08:40:44,2024,63011.0,17.5031,63040.0,17084,310,1,1
brainsaw|2024/03/12 15:48:59,brainsaw,margrie,2024/03/12 15:48:59,2024/03/13 01:49:20,2024,35998.0,9.9994,36021.0,30464,250,1,2
organgrinder|2024/03/13 09:28:45,organgrinder,mrsic_flogel,2024/03/13 09:28:45,2024/03/14 08:54:27,2024,84336.0,23.4267,84342.0,25128,165,1,2
neurovision|2024/03/13 09:33:20,neurovision,mrsic_flogel,2024/03/13 09:33:20,2024/03/13 21:14:56,2024,42091.0,11.6919,42096.0,14721,200,1,1
brainsaw|2024/03/13 12:04:53,brainsaw,okeefe,2024/03/13 12:04:53,2024/03/14 07:18:09,2024,69170.0,19.2139,69196.0,75197,275,1,3
neurovision|2024/03/14 09:17:53,neurovision,mrsic_flogel,2024/03/14 09:17:53,2024/03/15 03:43:46,2024,66337.0,18.4269,66353.0,26976,180,1,2
organgrinder|2024/03/14 09:24:22,organgrinder,mrsic_flogel,2024/03/14 09:24:22,2024/03/15 09:37:09,2024,87163.0,24.2119,87167.0,26021,168,1,2
brainsaw|2024/03/14 12:09:06,brainsaw,margrie,2024/03/14 12:09:06,2024/03/14 21:54:21,2024,35094.0,9.7483,35115.0,27948,210,1,2
neurovision|2024/03/15 09:57:16,neurovision,mrsic_flogel,2024/03/15 09:57:16,2024/03/15 21:39:36,2024,42135.0,11.7042,42140.0,14868,200,1,1
organgrinder|2024/03/15 10:02:56,organgrinder,mrsic_flogel,2024/03/15 10:02:56,2024/03/16 12:10:36,2024,94051.0,26.1253,94060.0,27752,188,1,2
brainsaw|2024/03/15 14:06:01,brainsaw,margrie,2024/03/15 14:06:01,2024/03/16 01:27:58,2024,40899.0,11.3608,40917.0,33408,250,1,2
brainsaw|2024/03/16 11:45:37,brainsaw,margrie,2024/03/16 11:45:37,2024/03/16 18:18:47,2024,23567.0,6.5464,23590.0,11606,197,1,1
brainsaw|2024/03/16 18:57:31,brainsaw,margrie,2024/03/16 18:57:31,2024/03/17 02:43:09,2024,27923.0,7.7564,27938.0,27051,210,1,2
brainsaw|2024/03/17 12:10:26,brainsaw,margrie,2024/03/17 12:10:26,2024/03/17 18:29:00,2024,22708.0,6.3078,22714.0,17535,136,1,2
neurovision|2024/03/17 13:41:13,neurovision,margrie,2024/03/17 13:41:13,2024/03/17 17:52:35,2024,15070.0,4.1861,15082.0,13838,173,1,1
neurovision|2024/03/17 18:26:42,neurovision,margrie,2024/03/17 18:26:42,2024/03/18 04:10:05,2024,34993.0,9.7203,35003.0,33436,210,1,2
brainsaw|2024/03/17 18:58:18,brainsaw,margrie,2024/03/17 18:58:18,2024/03/18 00:15:06,2024,18995.0,5.2764,19008.0,21912,180,1,2
brainsaw|2024/03/18 11:28:53,brainsaw,mrsic_flogel,2024/03/18 11:28:53,2024/03/19 11:02:41,2024,84792.0,23.5533,84828.0,106245,332,1,6
neurovision|2024/03/18 13:03:57,neurovision,isogai,2024/03/18 13:03:57,2024/03/19 20:02:49,2024,96145.0,26.7069,111532.0,80734,296,2,4
organgrinder|2024/03/18 13:13:13,organgrinder,okeefe,2024/03/18 13:13:13,2024/03/18 21:43:02,2024,28359.0,7.8775,30589.0,14788,345,2,1
organgrinder|2024/03/19 10:28:45,organgrinder,mrsic_flogel,2024/03/19 10:28:45,2024/03/20 10:56:57,2024,88009.0,24.4469,88092.0,25943,166,2,2
brainsaw|2024/03/19 13:22:48,brainsaw,branco,2024/03/19 13:22:48,2024/03/19 21:33:33,2024,29420.0,8.1722,29445.0,15777,294,1,1
organgrinder|2024/03/20 12:08:13,organgrinder,mrsic_flogel,2024/03/20 12:08:13,2024/03/21 03:24:08,2024,54842.0,15.2339,54955.0,14436,220,2,1
brainsaw|2024/03/20 12:48:59,brainsaw,branco,2024/03/20 12:48:59,2024/03/21 03:42:59,2024,53603.0,14.8897,53640.0,15524,285,1,1
neurovision|2024/03/20 18:13:08,neurovision,isogai,2024/03/20 18:13:08,2024/03/21 12:05:11,2024,64306.0,17.8628,64323.0,20691,173,1,2
organgrinder|2024/03/21 07:19:50,organgrinder,mrsic_flogel,2024/03/21 07:19:50,2024/03/22 09:32:39,2024,93996.0,26.11,94369.0,27697,193,2,2
brainsaw|2024/03/21 09:31:21,brainsaw,mrsic_flogel,2024/03/21 09:31:21,2024/03/22 03:18:43,2024,63989.0,17.7747,64042.0,15400,286,1,1
brainsaw|2024/03/22 10:22:50,brainsaw,branco,2024/03/22 10:22:50,2024/03/22 15:48:47,2024,19540.0,5.4278,19557.0,12366,200,1,1
organgrinder|2024/03/22 10:30:35,organgrinder,akrami,2024/03/22 10:30:35,2024/03/22 16:53:56,2024,22981.0,6.3836,23001.0,10798,277,1,1
brainsaw|2024/03/22 18:31:18,brainsaw,okeefe,2024/03/22 18:31:18,2024/03/23 05:58:20,2024,41197.0,11.4436,41222.0,25665,240,1,2
brainsaw|2024/03/23 11:34:23,brainsaw,okeefe,2024/03/23 11:34:23,2024/03/23 23:52:47,2024,44284.0,12.3011,44304.0,27858,230,1,2
neurovision|2024/03/23 14:12:29,neurovision,mrsic_flogel,2024/03/23 14:12:29,2024/03/25 10:37:57,2024,159343.0,44.2619,159928.0,94698,374,2,4
brainsaw|2024/03/24 12:22:38,brainsaw,margrie,2024/03/24 12:22:38,2024/03/24 19:37:34,2024,26073.0,7.2425,26096.0,24797,190,1,2
brainsaw|2024/03/25 12:26:12,brainsaw,branco,2024/03/25 12:26:12,2024/03/26 10:33:55,2024,79638.0,22.1217,79663.0,30554,264,1,2
neurovision|2024/03/25 12:58:14,neurovision,isogai,2024/03/25 12:58:14,2024/03/26 03:07:28,2024,48780.0,13.55,50954.0,15071,254,2,1
neurovision|2024/03/26 09:23:54,neurovision,mrsic_flogel,2024/03/26 09:23:54,2024/03/26 23:28:24,2024,50652.0,14.07,50670.0,16120,220,1,1
organgrinder|2024/03/26 09:28:26,organgrinder,mrsic_flogel,2024/03/26 09:28:26,2024/03/27 11:44:27,2024,94552.0,26.2644,94561.0,28017,180,1,2
brainsaw|2024/03/26 11:15:01,brainsaw,mrsic_flogel,2024/03/26 11:15:01,2024/03/26 23:30:07,2024,44073.0,12.2425,44106.0,48720,309,1,3
brainsaw|2024/03/27 10:00:06,brainsaw,mrsic_flogel,2024/03/27 10:00:06,2024/03/28 02:34:33,2024,53195.0,14.7764,59667.0,60944,300,2,4
organgrinder|2024/03/27 13:34:01,organgrinder,okeefe,2024/03/27 13:34:01,2024/03/28 04:53:14,2024,55147.0,15.3186,55153.0,45400,245,1,2
neurovision|2024/03/27 14:46:33,neurovision,isogai,2024/03/27 14:46:33,2024/03/28 05:03:05,2024,51371.0,14.2697,51392.0,14996,260,1,1
brainsaw|2024/03/28 09:37:03,brainsaw,mrsic_flogel,2024/03/28 09:37:03,2024/03/28 23:00:56,2024,48211.0,13.3919,48233.0,40822,280,1,3
neurovision|2024/03/28 14:49:31,neurovision,mrsic_flogel,2024/03/28 14:49:31,2024/03/30 04:32:22,2024,135734.0,37.7039,135771.0,76330,356,1,4
organgrinder|2024/03/29 12:37:29,organgrinder,mrsic_flogel,2024/03/29 12:37:29,2024/03/30 13:05:45,2024,88088.0,24.4689,88096.0,118164,301,1,1
brainsaw|2024/03/29 16:54:37,brainsaw,sjones,2024/03/29 16:54:37,2024/03/30 03:30:49,2024,38144.0,10.5956,38172.0,27548,287,1,1
brainsaw|2024/03/30 11:46:03,brainsaw,okeefe,2024/03/30 11:46:03,2024/03/31 04:04:11,2024,58671.0,16.2975,58688.0,27008,230,1,2
brainsaw|2024/03/31 11:00:20,brainsaw,okeefe,2024/03/31 11:00:20,2024/04/01 01:21:33,2024,51648.0,14.3467,51673.0,26501,230,1,2
brainsaw|2024/04/01 19:58:31,brainsaw,mrsic_flogel,2024/04/01 19:58:31,2024/04/03 10:49:40,2024,139773.0,38.8258,139869.0,28335,220,1,2
neurovision|2024/04/02 17:50:38,neurovision,mrsic_flogel,2024/04/02 17:50:38,2024/04/03 02:02:54,2024,29520.0,8.2,29536.0,16805,348,1,1
neurovision|2024/04/03 09:32:55,neurovision,mrsic_flogel,2024/04/03 09:32:55,2024/04/03 17:00:48,2024,26843.0,7.4564,26873.0,16968,382,1,1
brainsaw|2024/04/03 12:36:34,brainsaw,mrsic_flogel,2024/04/03 12:36:34,2024/04/04 02:32:58,2024,50150.0,13.9306,50184.0,34845,364,1,3
neurovision|2024/04/03 17:26:42,neurovision,mrsic_flogel,2024/04/03 17:26:42,2024/04/04 03:09:26,2024,34933.0,9.7036,34964.0,21892,387,1,1
neurovision|2024/04/04 09:44:40,neurovision,mrsic_flogel,2024/04/04 09:44:40,2024/04/04 17:27:34,2024,27745.0,7.7069,27774.0,20281,365,1,1
neurovision|2024/04/04 17:52:27,neurovision,mrsic_flogel,2024/04/04 17:52:27,2024/04/05 03:29:21,2024,34584.0,9.6067,34614.0,20485,396,1,1
neurovision|2024/04/05 11:48:46,neurovision,mrsic_flogel,2024/04/05 11:48:46,2024/04/05 17:58:01,2024,22122.0,6.145,22155.0,20066,306,1,1
brainsaw|2024/04/05 13:00:24,brainsaw,mrsic_flogel,2024/04/05 13:00:24,2024/04/06 09:42:26,2024,74470.0,20.6861,74522.0,32997,334,1,2
organgrinder|2024/04/05 13:08:18,organgrinder,mrsic_flogel,2024/04/05 13:08:18,2024/04/06 04:46:05,2024,56249.0,15.6247,56267.0,66296,363,1,4
brainsaw|2024/04/07 15:45:50,brainsaw,branco,2024/04/07 15:45:50,2024/04/08 05:27:38,2024,49280.0,13.6889,49308.0,14723,268,1,1
organgrinder|2024/04/08 11:31:49,organgrinder,mrsic_flogel,2024/04/08 11:31:49,2024/04/09 03:19:43,2024,56874.0,15.7983,56874.0,16161,277,1,1
brainsaw|2024/04/08 11:34:46,brainsaw,mrsic_flogel,2024/04/08 11:34:46,2024/04/09 03:40:51,2024,57935.0,16.0931,57965.0,15701,299,1,1
neurovision|2024/04/08 14:00:39,neurovision,isogai,2024/04/08 14:00:39,2024/04/09 13:05:54,2024,83072.0,23.0756,83115.0,30526,267,1,2
organgrinder|2024/04/09 11:01:50,organgrinder,mrsic_flogel,2024/04/09 11:01:50,2024/04/09 23:40:00,2024,45467.0,12.6297,45490.0,41430,312,1,3
brainsaw|2024/04/09 12:11:15,brainsaw,branco,2024/04/09 12:11:15,2024/04/10 04:32:20,2024,58846.0,16.3461,58865.0,17000,302,1,1
organgrinder|2024/04/10 09:58:45,organgrinder,margrie,2024/04/10 09:58:45,2024/04/10 13:59:08,2024,14413.0,4.0036,14423.0,12144,166,1,1
neurovision|2024/04/10 12:31:42,neurovision,isogai,2024/04/10 12:31:42,2024/04/11 09:17:53,2024,74755.0,20.7653,74771.0,28818,251,1,1
brainsaw|2024/04/10 13:47:57,brainsaw,branco,2024/04/10 13:47:57,2024/04/11 05:24:28,2024,56148.0,15.5967,56191.0,16067,265,1,1
organgrinder|2024/04/10 15:20:24,organgrinder,margrie,2024/04/10 15:20:24,2024/04/11 03:26:59,2024,43571.0,12.1031,43595.0,23632,269,1,2
brainsaw|2024/04/11 09:41:48,brainsaw,mrsic_flogel,2024/04/11 09:41:48,2024/04/12 08:12:53,2024,80870.0,22.4639,81065.0,32737,243,2,2
neurovision|2024/04/11 09:48:32,neurovision,mrsic_flogel,2024/04/11 09:48:32,2024/04/12 10:11:41,2024,87208.0,24.2244,87789.0,35267,237,3,2
organgrinder|2024/04/11 09:56:00,organgrinder,mrsic_flogel,2024/04/11 09:56:00,2024/04/12 10:48:04,2024,89509.0,24.8636,89524.0,26369,180,1,2
neurovision|2024/04/12 10:48:13,neurovision,mrsic_flogel,2024/04/12 10:48:13,2024/04/13 10:03:32,2024,83700.0,23.25,83719.0,16299,292,1,1
brainsaw|2024/04/12 11:41:24,brainsaw,mrsic_flogel,2024/04/12 11:41:24,2024/04/13 01:06:06,2024,48253.0,13.4036,48282.0,42061,320,1,3
organgrinder|2024/04/12 13:55:39,organgrinder,mrsic_flogel,2024/04/12 13:55:39,2024/04/13 00:39:40,2024,38622.0,10.7283,38641.0,28386,313,1,2
brainsaw|2024/04/13 15:41:58,brainsaw,mrsic_flogel,2024/04/13 15:41:58,2024/04/14 18:43:56,2024,97275.0,27.0208,97318.0,56279,374,1,3
brainsaw|2024/04/15 12:47:33,brainsaw,mrsic_flogel,2024/04/15 12:47:33,2024/04/16 10:54:45,2024,79588.0,22.1078,79632.0,34734,313,1,2
neurovision|2024/04/15 13:09:03,neurovision,mrsic_flogel,2024/04/15 13:09:03,2024/04/16 03:20:37,2024,51071.0,14.1864,51094.0,16645,303,1,1
neurovision|2024/04/16 11:37:29,neurovision,mrsic_flogel,2024/04/16 11:37:29,2024/04/17 09:39:03,2024,79255.0,22.0153,79294.0,33126,257,1,2
brainsaw|2024/04/16 14:53:50,brainsaw,mrsic_flogel,2024/04/16 14:53:50,2024/04/17 23:38:56,2024,117856.0,32.7378,117906.0,68657,315,1,4
neurovision|2024/04/17 10:16:16,neurovision,mrsic_flogel,2024/04/17 10:16:16,2024/04/18 11:09:10,2024,87771.0,24.3808,89574.0,34101,215,2,2
organgrinder|2024/04/17 10:58:05,organgrinder,mrsic_flogel,2024/04/17 10:58:05,2024/04/18 09:21:32,2024,80606.0,22.3906,80607.0,23452,160,1,2
organgrinder|2024/04/18 10:59:16,organgrinder,akrami,2024/04/18 10:59:16,2024/04/19 00:50:09,2024,49835.0,13.8431,49853.0,41244,347,1,1
brainsaw|2024/04/18 11:06:40,brainsaw,okeefe,2024/04/18 11:06:40,2024/04/19 09:39:44,2024,81134.0,22.5372,81184.0,57896,449,1,1
brainsaw|2024/04/19 11:52:20,brainsaw,okeefe,2024/04/19 11:52:20,2024/04/20 12:40:11,2024,89228.0,24.7856,89271.0,59594,484,1,1
organgrinder|2024/04/19 13:47:23,organgrinder,margrie,2024/04/19 13:47:23,2024/04/19 20:10:04,2024,22949.0,6.3747,22961.0,10586,245,1,1
organgrinder|2024/04/22 11:52:18,organgrinder,mrsic_flogel,2024/04/22 11:52:18,2024/04/23 03:55:31,2024,57430.0,15.9528,57793.0,26763,199,3,2
brainsaw|2024/04/22 12:10:01,brainsaw,akrami,2024/04/22 12:10:01,2024/04/22 22:46:34,2024,38168.0,10.6022,38193.0,36561,287,1,1
brainsaw|2024/04/23 14:11:10,brainsaw,branco,2024/04/23 14:11:10,2024/04/24 01:13:01,2024,39693.0,11.0258,39711.0,31836,313,1,2
brainsaw|2024/04/24 12:53:08,brainsaw,sjones,2024/04/24 12:53:08,2024/04/25 06:50:03,2024,64579.0,17.9386,64615.0,65093,355,1,4
organgrinder|2024/04/25 13:13:38,organgrinder,okeefe,2024/04/25 13:13:38,2024/04/26 10:18:47,2024,75902.0,21.0839,75909.0,75066,282,1,6
brainsaw|2024/04/29 11:30:50,brainsaw,akrami,2024/04/29 11:30:50,2024/04/30 06:28:12,2024,68209.0,18.9469,68242.0,49539,412,1,1
organgrinder|2024/04/29 11:39:24,organgrinder,akrami,2024/04/29 11:39:24,2024/04/30 07:59:25,2024,73187.0,20.3297,73201.0,48383,395,1,1
organgrinder|2024/04/30 09:32:11,organgrinder,mrsic_flogel,2024/04/30 09:32:11,2024/04/30 23:02:57,2024,48636.0,13.51,48646.0,30436,334,1,2
neurovision|2024/04/30 13:01:42,neurovision,isogai,2024/04/30 13:01:42,2024/05/01 00:36:10,2024,41643.0,11.5675,41668.0,44298,275,1,3
neurovision|2024/05/01 10:41:19,neurovision,mrsic_flogel,2024/05/01 10:41:19,2024/05/02 00:49:09,2024,50781.0,14.1058,50870.0,20090,150,2,2
organgrinder|2024/05/01 12:15:14,organgrinder,mrsic_flogel,2024/05/01 12:15:14,2024/05/02 10:24:07,2024,78956.0,21.9322,79733.0,18485,266,3,1
brainsaw|2024/05/01 12:30:12,brainsaw,mrsic_flogel,2024/05/01 12:30:12,2024/05/02 10:27:43,2024,79020.0,21.95,79051.0,32957,276,1,2
organgrinder|2024/05/02 11:17:23,organgrinder,okeefe,2024/05/02 11:17:23,2024/05/02 23:34:08,2024,44186.0,12.2739,44205.0,29648,327,1,2
brainsaw|2024/05/02 13:19:58,brainsaw,mrsic_flogel,2024/05/02 13:19:58,2024/05/03 09:49:41,2024,73760.0,20.4889,73783.0,77021,248,1,4
organgrinder|2024/05/03 11:59:09,organgrinder,mrsic_flogel,2024/05/03 11:59:09,2024/05/03 19:32:37,2024,27190.0,7.5528,27208.0,17106,326,1,1
brainsaw|2024/05/03 16:31:38,brainsaw,mrsic_flogel,2024/05/03 16:31:38,2024/05/04 14:26:25,2024,78844.0,21.9011,78887.0,33721,302,1,2
organgrinder|2024/05/07 14:41:59,organgrinder,mrsic_flogel,2024/05/07 14:41:59,2024/05/08 23:30:50,2024,117675.0,32.6875,118131.0,93974,224,1,6
neurovision|2024/05/07 14:56:25,neurovision,akrami,2024/05/07 14:56:25,2024/05/08 02:35:53,2024,41960.0,11.6556,41968.0,40235,303,1,1
neurovision|2024/05/08 10:52:38,neurovision,akrami,2024/05/08 10:52:38,2024/05/08 21:07:00,2024,36829.0,10.2303,36862.0,42449,323,1,1
brainsaw|2024/05/08 11:01:30,brainsaw,margrie,2024/05/08 11:01:30,2024/05/08 22:16:32,2024,40476.0,11.2433,40502.0,15832,301,1,1
organgrinder|2024/05/09 11:03:27,organgrinder,margrie,2024/05/09 11:03:27,2024/05/10 09:25:09,2024,80510.0,22.3639,80502.0,17899,317,1,1
neurovision|2024/05/09 16:02:20,neurovision,mrsic_flogel,2024/05/09 16:02:20,2024/05/10 00:57:07,2024,32069.0,8.9081,32087.0,18149,399,1,1
brainsaw|2024/05/09 16:25:10,brainsaw,branco,2024/05/09 16:25:10,2024/05/10 01:24:38,2024,32333.0,8.9814,32368.0,26622,250,1,2
neurovision|2024/05/10 13:31:01,neurovision,margrie,2024/05/10 13:31:01,2024/05/11 02:17:49,2024,45996.0,12.7767,46008.0,12281,216,1,1
brainsaw|2024/05/13 13:16:05,brainsaw,okeefe,2024/05/13 13:16:05,2024/05/14 00:38:14,2024,40895.0,11.3597,40929.0,37016,340,1,2
neurovision|2024/05/13 13:27:59,neurovision,mrsic_flogel,2024/05/13 13:27:59,2024/05/14 15:49:03,2024,94845.0,26.3458,94864.0,77997,376,1,4
organgrinder|2024/05/14 12:04:41,organgrinder,margrie,2024/05/14 12:04:41,2024/05/15 05:28:25,2024,62613.0,17.3925,62624.0,31667,386,1,2
brainsaw|2024/05/14 12:16:28,brainsaw,margrie,2024/05/14 12:16:28,2024/05/15 00:16:02,2024,43137.0,11.9825,43174.0,30096,291,1,2
organgrinder|2024/05/15 11:25:14,organgrinder,mrsic_flogel,2024/05/15 11:25:14,2024/05/15 22:42:01,2024,40599.0,11.2775,40607.0,16027,353,1,1
brainsaw|2024/05/15 14:57:22,brainsaw,akrami,2024/05/15 14:57:22,2024/05/15 22:49:00,2024,28276.0,7.8544,28298.0,24559,223,1,1
brainsaw|2024/05/16 16:49:23,brainsaw,mrsic_flogel,2024/05/16 16:49:23,2024/05/20 22:05:58,2024,136851.0,38.0142,364595.0,72108,322,2,4
neurovision|2024/05/17 15:35:58,neurovision,mrsic_flogel,2024/05/17 15:35:58,2024/05/18 15:20:56,2024,85483.0,23.7453,85498.0,108505,331,1,6
brainsaw|2024/05/21 11:01:52,brainsaw,mrsic_flogel,2024/05/21 11:01:52,2024/05/21 20:01:55,2024,32363.0,8.9897,32403.0,19627,342,1,1
organgrinder|2024/05/21 13:57:14,organgrinder,mrsic_flogel,2024/05/21 13:57:14,2024/05/22 07:29:07,2024,63103.0,17.5286,63113.0,18644,289,1,1
neurovision|2024/05/21 14:09:14,neurovision,mrsic_flogel,2024/05/21 14:09:14,2024/05/22 03:57:06,2024,49668.0,13.7967,49672.0,18080,261,1,1
organgrinder|2024/05/22 12:08:33,organgrinder,margrie,2024/05/22 12:08:33,2024/05/23 01:45:59,2024,49033.0,13.6203,49046.0,35876,277,1,3
neurovision|2024/05/22 12:15:12,neurovision,mrsic_flogel,2024/05/22 12:15:12,2024/05/22 21:58:03,2024,34951.0,9.7086,34971.0,29999,248,1,2
neurovision|2024/05/23 10:50:06,neurovision,mrsic_flogel,2024/05/23 10:50:06,2024/05/23 21:27:37,2024,38238.0,10.6217,38251.0,34167,362,1,2
brainsaw|2024/05/23 12:04:30,brainsaw,margrie,2024/05/23 12:04:30,2024/05/24 06:19:50,2024,65697.0,18.2492,65720.0,40175,263,1,3
organgrinder|2024/05/24 11:33:37,organgrinder,mrsic_flogel,2024/05/24 11:33:37,2024/05/25 00:56:00,2024,48128.0,13.3689,48143.0,46493,328,1,3
brainsaw|2024/05/24 11:36:28,brainsaw,mrsic_flogel,2024/05/24 11:36:28,2024/05/25 00:57:33,2024,48020.0,13.3389,48065.0,35182,401,1,3
neurovision|2024/05/24 11:37:33,neurovision,mrsic_flogel,2024/05/24 11:37:33,2024/05/25 03:31:48,2024,57223.0,15.8953,57255.0,71602,322,1,4
brainsaw|2024/05/27 13:16:35,brainsaw,mrsic_flogel,2024/05/27 13:16:35,2024/05/28 01:45:08,2024,44878.0,12.4661,44913.0,43759,325,1,3
organgrinder|2024/05/29 11:57:58,organgrinder,mrsic_flogel,2024/05/29 11:57:58,2024/05/30 09:38:27,2024,78017.0,21.6714,78029.0,93204,297,1,6
brainsaw|2024/05/29 13:12:32,brainsaw,branco,2024/05/29 13:12:32,2024/05/29 22:14:10,2024,32482.0,9.0228,32498.0,31523,250,1,2
neurovision|2024/05/29 18:15:29,neurovision,mrsic_flogel,2024/05/29 18:15:29,2024/05/30 15:08:05,2024,74608.0,20.7244,75156.0,106950,399,2,5
organgrinder|2024/05/30 11:31:07,organgrinder,akrami,2024/05/30 11:31:07,2024/05/31 23:53:26,2024,62769.0,17.4358,130939.0,40967,355,5,1
brainsaw|2024/05/30 12:28:02,brainsaw,branco,2024/05/30 12:28:02,2024/05/30 21:03:07,2024,30875.0,8.5764,30905.0,29316,250,1,2
neurovision|2024/05/30 17:52:37,neurovision,mrsic_flogel,2024/05/30 17:52:37,2024/05/31 01:42:01,2024,28136.0,7.8156,28164.0,20075,415,1,1
brainsaw|2024/05/31 12:14:58,brainsaw,mrsic_flogel,2024/05/31 12:14:58,2024/06/01 11:34:32,2024,83930.0,23.3139,83974.0,100125,367,1,5
organgrinder|2024/06/03 10:47:50,organgrinder,akrami,2024/06/03 10:47:50,2024/06/03 11:42:09,2024,3256.0,0.9044,3259.0,2672,28,1,1
organgrinder|2024/06/03 12:10:32,organgrinder,akrami,2024/06/03 12:10:32,2024/06/03 14:23:05,2024,7952.0,2.2089,7953.0,5092,49,1,1
organgrinder|2024/06/03 14:48:34,organgrinder,akrami,2024/06/03 14:48:34,2024/06/04 05:16:29,2024,52056.0,14.46,52075.0,43179,415,1,1
brainsaw|2024/06/03 15:08:02,brainsaw,akrami,2024/06/03 15:08:02,2024/06/04 01:39:19,2024,37854.0,10.515,37877.0,44017,333,1,1
neurovision|2024/06/04 17:06:03,neurovision,mrsic_flogel,2024/06/04 17:06:03,2024/06/05 14:00:23,2024,75236.0,20.8989,75260.0,18910,390,1,1
brainsaw|2024/06/06 11:36:13,brainsaw,mrsic_flogel,2024/06/06 11:36:13,2024/06/07 02:10:23,2024,52416.0,14.56,52450.0,67684,320,1,4
organgrinder|2024/06/06 12:08:43,organgrinder,margrie,2024/06/06 12:08:43,2024/06/07 00:00:51,2024,42712.0,11.8644,42728.0,27985,300,1,2
neurovision|2024/06/06 17:07:03,neurovision,mrsic_flogel,2024/06/06 17:07:03,2024/06/07 00:17:25,2024,25804.0,7.1678,25822.0,19748,344,1,1
brainsaw|2024/06/07 16:37:36,brainsaw,branco,2024/06/07 16:37:36,2024/06/07 23:21:44,2024,24224.0,6.7289,24248.0,16612,250,1,1
brainsaw|2024/06/10 10:36:12,brainsaw,mrsic_flogel,2024/06/10 10:36:12,2024/06/10 22:11:04,2024,41667.0,11.5742,41692.0,14481,292,1,1
organgrinder|2024/06/10 11:53:55,organgrinder,mrsic_flogel,2024/06/10 11:53:55,2024/06/10 21:36:38,2024,34947.0,9.7075,34963.0,35952,295,1,3
organgrinder|2024/06/11 13:07:05,organgrinder,mrsic_flogel,2024/06/11 13:07:05,2024/06/12 02:18:19,2024,47471.0,13.1864,47474.0,55316,339,1,4
brainsaw|2024/06/12 12:00:34,brainsaw,margrie,2024/06/12 12:00:34,2024/06/13 00:50:12,2024,46145.0,12.8181,46178.0,24788,241,1,2
organgrinder|2024/06/13 12:13:14,organgrinder,margrie,2024/06/13 12:13:14,2024/06/14 00:58:54,2024,45922.0,12.7561,45940.0,14972,306,1,1
brainsaw|2024/06/18 12:55:23,brainsaw,mrsic_flogel,2024/06/18 12:55:23,2024/06/19 03:18:46,2024,51769.0,14.3803,51803.0,37309,376,1,3
brainsaw|2024/06/20 15:15:54,brainsaw,branco,2024/06/20 15:15:54,2024/06/20 23:56:13,2024,31192.0,8.6644,31219.0,35511,250,1,2
neurovision|2024/06/20 16:42:43,neurovision,mrsic_flogel,2024/06/20 16:42:43,2024/06/21 09:56:20,2024,60518.0,16.8106,62017.0,76333,366,2,4
brainsaw|2024/06/21 11:10:58,brainsaw,mrsic_flogel,2024/06/21 11:10:58,2024/06/22 00:33:10,2024,48083.0,13.3564,48132.0,30523,316,1,2
neurovision|2024/06/21 12:08:57,neurovision,mrsic_flogel,2024/06/21 12:08:57,2024/06/21 21:32:38,2024,33800.0,9.3889,33821.0,35327,301,1,2
brainsaw|2024/06/22 20:23:35,brainsaw,mrsic_flogel,2024/06/22 20:23:35,2024/06/23 10:12:52,2024,49717.0,13.8103,49757.0,50281,343,1,3
brainsaw|2024/06/24 11:44:29,brainsaw,branco,2024/06/24 11:44:29,2024/06/24 20:19:50,2024,30897.0,8.5825,30921.0,17111,305,1,1
organgrinder|2024/06/25 11:16:11,organgrinder,branco,2024/06/25 11:16:11,2024/06/25 21:59:32,2024,38595.0,10.7208,38601.0,17675,304,1,1
neurovision|2024/06/26 10:29:58,neurovision,branco,2024/06/26 10:29:58,2024/06/26 20:17:07,2024,35201.0,9.7781,35229.0,18896,284,1,1
brainsaw|2024/06/27 11:30:48,brainsaw,branco,2024/06/27 11:30:48,2024/06/27 22:46:55,2024,40529.0,11.2581,40567.0,34242,332,1,2
neurovision|2024/06/27 16:00:17,neurovision,mrsic_flogel,2024/06/27 16:00:17,2024/06/28 00:57:11,2024,32187.0,8.9408,32214.0,19713,370,1,1
brainsaw|2024/06/28 14:20:22,brainsaw,margrie,2024/06/28 14:20:22,2024/06/28 19:41:11,2024,19005.0,5.2792,19249.0,12457,211,2,1
brainsaw|2024/06/29 13:19:23,brainsaw,margrie,2024/06/29 13:19:23,2024/06/29 18:54:54,2024,20118.0,5.5883,20131.0,12891,210,1,1
brainsaw|2024/07/01 11:41:12,brainsaw,margrie,2024/07/01 11:41:12,2024/07/02 01:12:05,2024,48613.0,13.5036,48653.0,34740,249,1,3
neurovision|2024/07/01 17:51:57,neurovision,mrsic_flogel,2024/07/01 17:51:57,2024/07/02 07:34:30,2024,49344.0,13.7067,49353.0,37243,417,1,3
organgrinder|2024/07/02 11:09:08,organgrinder,margrie,2024/07/02 11:09:08,2024/07/02 19:36:27,2024,30427.0,8.4519,30439.0,13763,290,1,1
organgrinder|2024/07/05 14:51:25,organgrinder,mrsic_flogel,2024/07/05 14:51:25,2024/07/06 08:40:11,2024,64093.0,17.8036,64126.0,49899,353,1,3
brainsaw|2024/07/08 14:33:39,brainsaw,sjones,2024/07/08 14:33:39,2024/07/09 03:50:38,2024,47791.0,13.2753,47819.0,50864,291,1,4
neurovision|2024/07/08 17:47:13,neurovision,mrsic_flogel,2024/07/08 17:47:13,2024/07/09 10:09:05,2024,58898.0,16.3606,58912.0,34092,372,1,1
brainsaw|2024/07/09 13:48:15,brainsaw,branco,2024/07/09 13:48:15,2024/07/09 21:41:47,2024,28381.0,7.8836,28412.0,15194,328,1,1
brainsaw|2024/07/10 10:36:10,brainsaw,margrie,2024/07/10 10:36:10,2024/07/10 14:09:21,2024,12778.0,3.5494,12791.0,11620,161,1,1
neurovision|2024/07/10 11:33:49,neurovision,mrsic_flogel,2024/07/10 11:33:49,2024/07/11 08:00:42,2024,73597.0,20.4436,73613.0,70193,331,1,4
organgrinder|2024/07/10 13:11:46,organgrinder,mrsic_flogel,2024/07/10 13:11:46,2024/07/10 23:08:29,2024,35791.0,9.9419,35803.0,26558,306,1,2
brainsaw|2024/07/10 14:35:21,brainsaw,branco,2024/07/10 14:35:21,2024/07/10 21:47:10,2024,25882.0,7.1894,25909.0,17024,328,1,1
organgrinder|2024/07/11 11:11:33,organgrinder,branco,2024/07/11 11:11:33,2024/07/11 23:52:22,2024,45630.0,12.675,45649.0,39731,323,1,2
organgrinder|2024/07/12 10:45:57,organgrinder,mrsic_flogel,2024/07/12 10:45:57,2024/07/12 23:02:20,2024,44168.0,12.2689,44183.0,26615,319,1,2
brainsaw|2024/07/15 11:13:00,brainsaw,margrie,2024/07/15 11:13:00,2024/07/15 15:31:29,2024,15490.0,4.3028,15509.0,13016,210,1,1
neurovision|2024/07/17 11:01:59,neurovision,mrsic_flogel,2024/07/17 11:01:59,2024/07/17 17:51:23,2024,24552.0,6.82,24564.0,15951,282,1,1
organgrinder|2024/07/17 13:46:04,organgrinder,margrie,2024/07/17 13:46:04,2024/07/17 23:30:30,2024,35067.0,9.7408,35066.0,14503,297,1,1
brainsaw|2024/07/17 14:23:31,brainsaw,margrie,2024/07/17 14:23:31,2024/07/17 18:45:23,2024,15693.0,4.3592,15712.0,12683,200,1,1
brainsaw|2024/07/19 16:11:56,brainsaw,margrie,2024/07/19 16:11:56,2024/07/19 23:44:04,2024,27105.0,7.5292,27128.0,27470,210,1,2
organgrinder|2024/07/22 16:51:00,organgrinder,margrie,2024/07/22 16:51:00,2024/07/22 23:34:32,2024,24204.0,6.7233,24212.0,13045,210,1,1
brainsaw|2024/07/23 10:40:19,brainsaw,mrsic_flogel,2024/07/23 10:40:19,2024/07/24 03:55:30,2024,62056.0,17.2378,62111.0,32245,321,1,2
organgrinder|2024/07/23 13:34:52,organgrinder,akrami,2024/07/23 13:34:52,2024/07/23 22:39:47,2024,32685.0,9.0792,32695.0,24914,300,1,2
organgrinder|2024/07/24 09:20:26,organgrinder,mrsic_flogel,2024/07/24 09:20:26,2024/07/25 10:25:16,2024,90286.0,25.0794,90290.0,26487,182,1,2
brainsaw|2024/07/24 09:23:23,brainsaw,mrsic_flogel,2024/07/24 09:23:23,2024/07/25 01:32:12,2024,58106.0,16.1406,58129.0,25180,200,1,2
organgrinder|2024/07/25 10:51:51,organgrinder,mrsic_flogel,2024/07/25 10:51:51,2024/07/26 14:23:53,2024,98900.0,27.4722,99122.0,28987,207,2,2
neurovision|2024/07/25 14:57:07,neurovision,mrsic_flogel,2024/07/25 14:57:07,2024/07/26 01:57:36,2024,39629.0,11.0081,39629.0,13479,200,1,1
brainsaw|2024/07/25 16:46:04,brainsaw,margrie,2024/07/25 16:46:04,2024/07/25 23:19:37,2024,23597.0,6.5547,23613.0,24890,210,1,2
neurovision|2024/07/26 11:29:06,neurovision,mrsic_flogel,2024/07/26 11:29:06,2024/07/26 23:34:32,2024,43496.0,12.0822,43526.0,49909,313,1,3
brainsaw|2024/07/26 11:51:24,brainsaw,margrie,2024/07/26 11:51:24,2024/07/26 16:31:50,2024,16813.0,4.6703,16826.0,10769,180,1,1
brainsaw|2024/07/26 16:48:28,brainsaw,margrie,2024/07/26 16:48:28,2024/07/26 21:59:28,2024,18636.0,5.1767,18660.0,10764,210,1,1
organgrinder|2024/07/27 12:08:41,organgrinder,sjones,2024/07/27 12:08:41,2024/07/27 20:08:04,2024,28761.0,7.9892,28763.0,19486,323,1,1
brainsaw|2024/07/29 11:28:18,brainsaw,branco,2024/07/29 11:28:18,2024/07/30 02:02:10,2024,52395.0,14.5542,52432.0,64925,316,1,4
organgrinder|2024/07/29 18:51:02,organgrinder,okeefe,2024/07/29 18:51:02,2024/07/30 17:41:58,2024,82248.0,22.8467,82256.0,100963,360,1,6
neurovision|2024/07/30 15:23:34,neurovision,akrami,2024/07/30 15:23:34,2024/07/31 01:16:53,2024,35589.0,9.8858,35599.0,35500,236,1,2
organgrinder|2024/07/31 13:32:20,organgrinder,akrami,2024/07/31 13:32:20,2024/07/31 16:00:11,2024,8830.0,2.4528,8871.0,6362,79,1,1
brainsaw|2024/07/31 16:08:59,brainsaw,margrie,2024/07/31 16:08:59,2024/08/01 01:26:43,2024,33443.0,9.2897,33464.0,29415,210,1,2
organgrinder|2024/08/01 11:37:14,organgrinder,mrsic_flogel,2024/08/01 11:37:14,2024/08/03 03:19:09,2024,142832.0,39.6756,142915.0,40303,349,1,2
neurovision|2024/08/01 12:30:41,neurovision,mrsic_flogel,2024/08/01 12:30:41,2024/08/02 00:16:36,2024,41403.0,11.5008,42355.0,63349,179,2,5
brainsaw|2024/08/02 12:31:04,brainsaw,mrsic_flogel,2024/08/02 12:31:04,2024/08/03 11:46:40,2024,83359.0,23.1553,83736.0,34245,360,2,2
neurovision|2024/08/02 12:58:07,neurovision,mrsic_flogel,2024/08/02 12:58:07,2024/08/04 02:50:48,2024,136327.0,37.8686,136361.0,52162,371,1,2
organgrinder|2024/08/03 17:17:33,organgrinder,mrsic_flogel,2024/08/03 17:17:33,2024/08/04 07:46:59,2024,52148.0,14.4856,52166.0,54586,318,1,4
neurovision|2024/08/05 11:23:41,neurovision,mrsic_flogel,2024/08/05 11:23:41,2024/08/06 03:04:00,2024,56390.0,15.6639,56419.0,60448,411,1,4
brainsaw|2024/08/05 12:42:20,brainsaw,branco,2024/08/05 12:42:20,2024/08/06 05:34:45,2024,60704.0,16.8622,60745.0,31349,303,1,2
brainsaw|2024/08/06 15:26:38,brainsaw,akrami,2024/08/06 15:26:38,2024/08/06 18:48:46,2024,12117.0,3.3658,12128.0,9221,135,1,1
brainsaw|2024/08/07 14:51:00,brainsaw,branco,2024/08/07 14:51:00,2024/08/08 00:12:05,2024,33634.0,9.3428,33665.0,18613,280,1,1
brainsaw|2024/08/08 14:12:45,brainsaw,branco,2024/08/08 14:12:45,2024/08/08 22:54:39,2024,31284.0,8.69,31314.0,16389,280,1,1
neurovision|2024/08/09 12:50:47,neurovision,mrsic_flogel,2024/08/09 12:50:47,2024/08/10 21:50:58,2024,118794.0,32.9983,118811.0,77601,324,1,4
brainsaw|2024/08/11 10:24:56,brainsaw,mrsic_flogel,2024/08/11 10:24:56,2024/08/12 06:25:18,2024,71991.0,19.9975,72022.0,34356,349,1,2
brainsaw|2024/08/12 14:12:58,brainsaw,margrie,2024/08/12 14:12:58,2024/08/13 02:12:14,2024,43125.0,11.9792,43156.0,17155,280,1,1
neurovision|2024/08/12 15:37:09,neurovision,sjones,2024/08/12 15:37:09,2024/08/12 22:26:09,2024,24517.0,6.8103,24540.0,13881,287,1,1
brainsaw|2024/08/13 10:15:09,brainsaw,mrsic_flogel,2024/08/13 10:15:09,2024/08/14 10:43:00,2024,88039.0,24.4553,88071.0,65092,277,1,4
brainsaw|2024/08/14 14:03:34,brainsaw,branco,2024/08/14 14:03:34,2024/08/15 00:02:04,2024,35890.0,9.9694,35910.0,16547,280,1,1
neurovision|2024/08/14 15:06:34,neurovision,sjones,2024/08/14 15:06:34,2024/08/15 02:56:04,2024,42553.0,11.8203,42570.0,55269,294,1,4
organgrinder|2024/08/14 15:07:10,organgrinder,akrami,2024/08/14 15:07:10,2024/08/16 15:07:55,2024,34211.0,9.5031,172845.0,10956,281,8,1
brainsaw|2024/08/15 13:45:01,brainsaw,branco,2024/08/15 13:45:01,2024/08/15 23:45:10,2024,35979.0,9.9942,36009.0,16537,280,1,1
neurovision|2024/08/15 15:43:19,neurovision,sjones,2024/08/15 15:43:19,2024/08/16 00:03:31,2024,30003.0,8.3342,30012.0,26491,241,1,2
brainsaw|2024/08/16 11:25:50,brainsaw,mrsic_flogel,2024/08/16 11:25:50,2024/08/17 06:37:15,2024,69047.0,19.1797,69085.0,78450,443,1,5
neurovision|2024/08/16 12:22:01,neurovision,mrsic_flogel,2024/08/16 12:22:01,2024/08/16 21:49:35,2024,34026.0,9.4517,34054.0,20399,388,1,1
neurovision|2024/08/17 14:56:18,neurovision,mrsic_flogel,2024/08/17 14:56:18,2024/08/18 08:03:47,2024,61634.0,17.1206,61649.0,33934,298,1,2
neurovision|2024/08/18 16:02:40,neurovision,mrsic_flogel,2024/08/18 16:02:40,2024/08/19 04:05:59,2024,43377.0,12.0492,43399.0,65524,318,1,4
neurovision|2024/08/19 12:49:49,neurovision,mrsic_flogel,2024/08/19 12:49:49,2024/08/20 02:27:53,2024,49062.0,13.6283,49084.0,70744,349,1,4
brainsaw|2024/08/20 11:42:33,brainsaw,okeefe,2024/08/20 11:42:33,2024/08/21 00:58:16,2024,47708.0,13.2522,47743.0,53143,323,1,3
brainsaw|2024/08/21 11:07:53,brainsaw,okeefe,2024/08/21 11:07:53,2024/08/21 20:23:09,2024,33275.0,9.2431,33316.0,38672,308,1,2
brainsaw|2024/08/22 12:43:58,brainsaw,margrie,2024/08/22 12:43:58,2024/08/23 00:45:39,2024,43260.0,12.0167,43301.0,36308,359,1,2
brainsaw|2024/08/23 13:31:23,brainsaw,mrsic_flogel,2024/08/23 13:31:23,2024/08/24 05:28:56,2024,57410.0,15.9472,57453.0,69393,320,1,4
organgrinder|2024/08/27 11:34:46,organgrinder,mrsic_flogel,2024/08/27 11:34:46,2024/08/28 09:00:17,2024,77092.0,21.4144,77131.0,18313,352,1,1
brainsaw|2024/08/27 12:12:35,brainsaw,mrsic_flogel,2024/08/27 12:12:35,2024/08/28 03:46:02,2024,55953.0,15.5425,56007.0,17627,359,1,1
neurovision|2024/08/27 12:15:45,neurovision,mrsic_flogel,2024/08/27 12:15:45,2024/08/28 04:45:56,2024,59395.0,16.4986,59411.0,17426,365,1,1
organgrinder|2024/08/28 13:22:34,organgrinder,mrsic_flogel,2024/08/28 13:22:34,2024/08/29 01:48:56,2024,44768.0,12.4356,44782.0,42583,360,1,3
brainsaw|2024/08/30 11:03:00,brainsaw,margrie,2024/08/30 11:03:00,2024/08/30 19:59:47,2024,32189.0,8.9414,32207.0,26355,210,1,2
brainsaw|2024/09/02 12:52:28,brainsaw,branco,2024/09/02 12:52:28,2024/09/03 07:09:01,2024,65747.0,18.2631,65793.0,66815,329,1,4
neurovision|2024/09/02 13:29:44,neurovision,mrsic_flogel,2024/09/02 13:29:44,2024/09/03 09:37:49,2024,72455.0,20.1264,72485.0,78447,408,1,5
brainsaw|2024/09/03 10:01:07,brainsaw,mrsic_flogel,2024/09/03 10:01:07,2024/09/04 00:29:15,2024,52067.0,14.4631,52088.0,49576,268,1,4
brainsaw|2024/09/04 12:29:42,brainsaw,mrsic_flogel,2024/09/04 12:29:42,2024/09/05 04:58:43,2024,59300.0,16.4722,59341.0,54722,314,1,4
organgrinder|2024/09/04 13:16:15,organgrinder,akrami,2024/09/04 13:16:15,2024/09/05 00:59:32,2024,42187.0,11.7186,42197.0,36403,363,1,1
brainsaw|2024/09/05 12:42:23,brainsaw,branco,2024/09/05 12:42:23,2024/09/06 05:35:07,2024,60710.0,16.8639,60764.0,50180,306,1,3
neurovision|2024/09/06 13:09:16,neurovision,mrsic_flogel,2024/09/06 13:09:16,2024/09/07 15:32:32,2024,94987.0,26.3853,94996.0,56972,391,1,5
brainsaw|2024/09/06 13:28:26,brainsaw,mrsic_flogel,2024/09/06 13:28:26,2024/09/07 06:11:10,2024,60141.0,16.7058,60164.0,51302,267,1,4
brainsaw|2024/09/09 11:41:27,brainsaw,margrie,2024/09/09 11:41:27,2024/09/09 22:52:18,2024,40224.0,11.1733,40251.0,25170,210,1,2
brainsaw|2024/09/10 10:08:43,brainsaw,mrsic_flogel,2024/09/10 10:08:43,2024/09/11 14:12:06,2024,100980.0,28.05,101003.0,24257,195,1,2
neurovision|2024/09/10 10:18:29,neurovision,mrsic_flogel,2024/09/10 10:18:29,2024/09/11 06:36:30,2024,73074.0,20.2983,73081.0,28864,220,1,2
brainsaw|2024/09/11 16:28:20,brainsaw,margrie,2024/09/11 16:28:20,2024/09/11 22:55:39,2024,23218.0,6.4494,23239.0,10823,210,1,1
brainsaw|2024/09/12 10:22:26,brainsaw,margrie,2024/09/12 10:22:26,2024/09/12 17:32:00,2024,25745.0,7.1514,25774.0,12252,210,1,1
organgrinder|2024/09/16 10:33:13,organgrinder,okeefe,2024/09/16 10:33:13,2024/09/17 03:23:19,2024,60593.0,16.8314,60606.0,47384,441,1,1
brainsaw|2024/09/16 10:56:09,brainsaw,okeefe,2024/09/16 10:56:09,2024/09/17 02:31:31,2024,56082.0,15.5783,56122.0,56016,452,1,1
neurovision|2024/09/16 11:16:03,neurovision,okeefe,2024/09/16 11:16:03,2024/09/17 06:31:34,2024,69310.0,19.2528,69331.0,85442,348,1,2
brainsaw|2024/09/17 11:57:07,brainsaw,mrsic_flogel,2024/09/17 11:57:07,2024/09/18 09:29:41,2024,77533.0,21.5369,77554.0,30651,259,1,2
organgrinder|2024/09/17 12:25:50,organgrinder,mrsic_flogel,2024/09/17 12:25:50,2024/09/18 08:50:58,2024,73487.0,20.4131,73508.0,84887,320,1,6
organgrinder|2024/09/18 10:27:35,organgrinder,mrsic_flogel,2024/09/18 10:27:35,2024/09/18 19:47:30,2024,33573.0,9.3258,33595.0,13371,272,1,1
brainsaw|2024/09/18 10:38:05,brainsaw,mrsic_flogel,2024/09/18 10:38:05,2024/09/18 21:47:15,2024,40118.0,11.1439,40150.0,15617,286,1,1
neurovision|2024/09/18 11:34:38,neurovision,mrsic_flogel,2024/09/18 11:34:38,2024/09/18 17:16:37,2024,20494.0,5.6928,20519.0,17433,325,1,2
organgrinder|2024/09/19 14:08:17,organgrinder,mrsic_flogel,2024/09/19 14:08:17,2024/09/20 05:27:25,2024,54691.0,15.1919,55148.0,33054,332,2,1
brainsaw|2024/09/20 12:27:13,brainsaw,branco,2024/09/20 12:27:13,2024/09/21 01:57:56,2024,48601.0,13.5003,48643.0,47697,315,1,3
brainsaw|2024/09/22 10:32:52,brainsaw,mrsic_flogel,2024/09/22 10:32:52,2024/09/23 00:22:16,2024,49739.0,13.8164,49764.0,17160,287,1,1
brainsaw|2024/09/23 10:23:11,brainsaw,mrsic_flogel,2024/09/23 10:23:11,2024/09/23 22:58:11,2024,45250.0,12.5694,45300.0,14856,275,1,1
neurovision|2024/09/23 13:27:26,neurovision,mrsic_flogel,2024/09/23 13:27:26,2024/09/23 22:09:28,2024,31305.0,8.6958,31322.0,18110,401,1,1
organgrinder|2024/09/24 10:55:08,organgrinder,mrsic_flogel,2024/09/24 10:55:08,2024/09/25 02:52:56,2024,53995.0,14.9986,57468.0,16294,337,2,1
brainsaw|2024/09/24 10:59:06,brainsaw,margrie,2024/09/24 10:59:06,2024/09/24 16:47:57,2024,20913.0,5.8092,20931.0,12636,210,1,1
neurovision|2024/09/24 14:23:34,neurovision,mrsic_flogel,2024/09/24 14:23:34,2024/09/25 10:10:49,2024,71058.0,19.7383,71235.0,37776,371,1,3
neurovision|2024/09/25 10:34:26,neurovision,sjones,2024/09/25 10:34:26,2024/09/25 18:09:45,2024,27299.0,7.5831,27319.0,16257,307,1,1
brainsaw|2024/09/25 14:22:49,brainsaw,branco,2024/09/25 14:22:49,2024/09/25 21:00:29,2024,23831.0,6.6197,23860.0,16978,270,1,1
brainsaw|2024/09/26 09:30:46,brainsaw,margrie,2024/09/26 09:30:46,2024/09/26 14:49:15,2024,19085.0,5.3014,19109.0,11671,210,1,1
brainsaw|2024/09/30 11:25:53,brainsaw,mrsic_flogel,2024/09/30 11:25:53,2024/10/01 00:29:37,2024,47003.0,13.0564,47024.0,15812,294,1,1
neurovision|2024/09/30 11:55:56,neurovision,mrsic_flogel,2024/09/30 11:55:56,2024/10/01 07:49:00,2024,71556.0,19.8767,71584.0,83826,327,1,5
brainsaw|2024/10/01 10:37:55,brainsaw,mrsic_flogel,2024/10/01 10:37:55,2024/10/02 00:15:58,2024,49060.0,13.6278,49083.0,15597,302,1,1
organgrinder|2024/10/01 10:51:10,organgrinder,mrsic_flogel,2024/10/01 10:51:10,2024/10/01 20:48:10,2024,35808.0,9.9467,35820.0,15682,279,1,1
neurovision|2024/10/01 17:40:13,neurovision,mrsic_flogel,2024/10/01 17:40:13,2024/10/02 03:38:27,2024,35858.0,9.9606,35894.0,16807,313,1,1
organgrinder|2024/10/02 10:55:34,organgrinder,mrsic_flogel,2024/10/02 10:55:34,2024/10/02 23:35:33,2024,45585.0,12.6625,45599.0,28881,326,1,2
neurovision|2024/10/02 11:19:28,neurovision,mrsic_flogel,2024/10/02 11:19:28,2024/10/03 11:44:30,2024,87874.0,24.4094,87902.0,86858,337,1,5
brainsaw|2024/10/03 13:16:56,brainsaw,branco,2024/10/03 13:16:56,2024/10/04 05:24:10,2024,57990.0,16.1083,58034.0,51590,349,1,3
organgrinder|2024/10/03 13:34:24,organgrinder,margrie,2024/10/03 13:34:24,2024/10/04 02:05:47,2024,45070.0,12.5194,45083.0,28128,364,1,2
organgrinder|2024/10/07 14:07:26,organgrinder,mrsic_flogel,2024/10/07 14:07:26,2024/10/08 03:26:40,2024,47927.0,13.3131,47954.0,57391,321,1,4
neurovision|2024/10/07 14:20:41,neurovision,mrsic_flogel,2024/10/07 14:20:41,2024/10/08 09:17:18,2024,68151.0,18.9308,68197.0,100931,290,1,6
organgrinder|2024/10/08 09:56:07,organgrinder,mrsic_flogel,2024/10/08 09:56:07,2024/10/09 00:42:43,2024,53177.0,14.7714,53196.0,27197,312,1,2
brainsaw|2024/10/08 10:07:08,brainsaw,okeefe,2024/10/08 10:07:08,2024/10/09 01:42:06,2024,56067.0,15.5742,56098.0,42075,327,1,1
brainsaw|2024/10/10 13:42:56,brainsaw,branco,2024/10/10 13:42:56,2024/10/11 03:39:22,2024,50162.0,13.9339,50186.0,44471,280,1,2
brainsaw|2024/10/11 14:09:20,brainsaw,branco,2024/10/11 14:09:20,2024/10/12 01:51:19,2024,42095.0,11.6931,42119.0,31703,280,1,2
neurovision|2024/10/12 10:58:19,neurovision,sjones,2024/10/12 10:58:19,2024/10/12 17:53:31,2024,24894.0,6.915,24912.0,18316,309,1,1
brainsaw|2024/10/16 13:28:16,brainsaw,mrsic_flogel,2024/10/16 13:28:16,2024/10/16 23:32:26,2024,36220.0,10.0611,36250.0,18736,330,1,1
neurovision|2024/10/16 14:12:30,neurovision,mrsic_flogel,2024/10/16 14:12:30,2024/10/17 01:24:15,2024,40279.0,11.1886,40305.0,34262,334,1,2
organgrinder|2024/10/16 15:28:31,organgrinder,mrsic_flogel,2024/10/16 15:28:31,2024/10/16 22:45:40,2024,26225.0,7.2847,26229.0,13453,289,1,1
organgrinder|2024/10/17 13:44:17,organgrinder,okeefe,2024/10/17 13:44:17,2024/10/18 05:59:17,2024,58498.0,16.2494,58500.0,63652,363,1,4
neurovision|2024/10/17 16:03:20,neurovision,sjones,2024/10/17 16:03:20,2024/10/17 20:59:29,2024,17748.0,4.93,17769.0,14620,229,1,1
brainsaw|2024/10/18 11:12:38,brainsaw,okeefe,2024/10/18 11:12:38,2024/10/19 03:27:50,2024,58467.0,16.2408,58512.0,55267,330,1,4
brainsaw|2024/10/19 10:15:23,brainsaw,mrsic_flogel,2024/10/19 10:15:23,2024/10/20 05:05:18,2024,67764.0,18.8233,67795.0,26012,200,1,2
neurovision|2024/10/19 10:23:27,neurovision,mrsic_flogel,2024/10/19 10:23:27,2024/10/20 12:42:22,2024,94721.0,26.3114,94735.0,28989,200,1,2
brainsaw|2024/10/21 09:25:45,brainsaw,mrsic_flogel,2024/10/21 09:25:45,2024/10/22 08:36:28,2024,83422.0,23.1728,83443.0,104540,200,1,6
brainsaw|2024/10/22 14:44:58,brainsaw,mrsic_flogel,2024/10/22 14:44:58,2024/10/23 05:18:39,2024,52388.0,14.5522,52421.0,16143,326,1,1
neurovision|2024/10/22 14:50:30,neurovision,mrsic_flogel,2024/10/22 14:50:30,2024/10/23 05:31:22,2024,52829.0,14.6747,52852.0,16741,300,1,1
neurovision|2024/10/23 13:08:33,neurovision,sjones,2024/10/23 13:08:33,2024/10/24 00:01:41,2024,39160.0,10.8778,39188.0,34666,304,1,1
brainsaw|2024/10/23 15:53:32,brainsaw,akrami,2024/10/23 15:53:32,2024/10/24 03:00:57,2024,40001.0,11.1114,40045.0,33483,293,1,2
organgrinder|2024/10/24 10:08:58,organgrinder,mrsic_flogel,2024/10/24 10:08:58,2024/10/25 06:01:55,2024,71560.0,19.8778,71577.0,87492,346,1,6
brainsaw|2024/10/24 11:24:05,brainsaw,branco,2024/10/24 11:24:05,2024/10/25 10:31:03,2024,83174.0,23.1039,83218.0,65855,324,1,4
neurovision|2024/10/24 15:36:07,neurovision,akrami,2024/10/24 15:36:07,2024/10/25 05:56:32,2024,51608.0,14.3356,51625.0,45503,283,1,3
brainsaw|2024/10/25 12:28:45,brainsaw,branco,2024/10/25 12:28:45,2024/10/26 12:45:48,2024,87402.0,24.2783,87423.0,66733,328,1,4
neurovision|2024/10/25 12:42:01,neurovision,mrsic_flogel,2024/10/25 12:42:01,2024/10/26 12:07:07,2024,84267.0,23.4075,84306.0,53299,333,1,3
organgrinder|2024/10/25 12:43:12,organgrinder,mrsic_flogel,2024/10/25 12:43:12,2024/10/26 08:51:21,2024,72469.0,20.1303,72489.0,42197,324,1,3
organgrinder|2024/10/26 10:06:22,organgrinder,sjones,2024/10/26 10:06:22,2024/10/26 15:46:36,2024,20405.0,5.6681,20414.0,15009,309,1,1
neurovision|2024/10/26 16:53:00,neurovision,mrsic_flogel,2024/10/26 16:53:00,2024/10/29 05:10:50,2024,219443.0,60.9564,217070.0,81458,371,2,4
brainsaw|2024/10/28 14:16:22,brainsaw,mrsic_flogel,2024/10/28 14:16:22,2024/10/28 23:24:05,2024,32845.0,9.1236,32863.0,10515,165,1,1
organgrinder|2024/10/28 14:23:19,organgrinder,mrsic_flogel,2024/10/28 14:23:19,2024/10/29 09:42:50,2024,69562.0,19.3228,69571.0,16880,265,1,1
organgrinder|2024/10/29 10:57:05,organgrinder,mrsic_flogel,2024/10/29 10:57:05,2024/10/30 10:28:55,2024,84673.0,23.5203,84710.0,20212,363,1,1
brainsaw|2024/10/29 14:42:40,brainsaw,branco,2024/10/29 14:42:40,2024/10/30 03:24:05,2024,45647.0,12.6797,45685.0,42932,357,1,3
neurovision|2024/10/29 14:45:38,neurovision,sjones,2024/10/29 14:45:38,2024/10/30 02:59:56,2024,44027.0,12.2297,44058.0,27586,277,1,2
organgrinder|2024/10/30 16:29:14,organgrinder,mrsic_flogel,2024/10/30 16:29:14,2024/10/31 03:11:26,2024,38514.0,10.6983,38532.0,39786,321,1,3
neurovision|2024/10/30 16:53:30,neurovision,mrsic_flogel,2024/10/30 16:53:30,2024/10/31 01:39:54,2024,31561.0,8.7669,31584.0,18719,405,1,1
brainsaw|2024/10/31 10:12:28,brainsaw,mrsic_flogel,2024/10/31 10:12:28,2024/10/31 23:35:09,2024,48126.0,13.3683,48161.0,15627,302,1,1
brainsaw|2024/11/01 10:26:21,brainsaw,mrsic_flogel,2024/11/01 10:26:21,2024/11/01 23:32:10,2024,47128.0,13.0911,47149.0,61202,250,1,4
organgrinder|2024/11/01 11:11:13,organgrinder,mrsic_flogel,2024/11/01 11:11:13,2024/11/02 04:04:55,2024,60803.0,16.8897,60822.0,69001,250,1,4
brainsaw|2024/11/02 09:45:51,brainsaw,mrsic_flogel,2024/11/02 09:45:51,2024/11/03 04:48:20,2024,68524.0,19.0344,68549.0,87550,250,1,6
neurovision|2024/11/02 15:54:33,neurovision,mrsic_flogel,2024/11/02 15:54:33,2024/11/03 17:10:24,2024,90932.0,25.2589,90951.0,56755,341,1,3
organgrinder|2024/11/03 11:30:13,organgrinder,sjones,2024/11/03 11:30:13,2024/11/03 18:19:41,2024,24549.0,6.8192,24568.0,14930,349,1,1
organgrinder|2024/11/04 09:56:50,organgrinder,mrsic_flogel,2024/11/04 09:56:50,2024/11/04 12:46:59,2024,10202.0,2.8339,10209.0,6076,106,1,1
brainsaw|2024/11/04 13:48:46,brainsaw,margrie,2024/11/04 13:48:46,2024/11/04 19:24:16,2024,20103.0,5.5842,20130.0,12219,210,1,1
organgrinder|2024/11/05 09:45:36,organgrinder,mrsic_flogel,2024/11/05 09:45:36,2024/11/06 02:31:47,2024,60361.0,16.7669,60371.0,17345,292,1,1
brainsaw|2024/11/05 12:05:49,brainsaw,branco,2024/11/05 12:05:49,2024/11/05 20:11:02,2024,29075.0,8.0764,29113.0,13808,334,1,1
neurovision|2024/11/05 17:47:31,neurovision,mrsic_flogel,2024/11/05 17:47:31,2024/11/06 02:32:32,2024,31475.0,8.7431,31501.0,19532,387,1,1
organgrinder|2024/11/06 11:13:47,organgrinder,sjones,2024/11/06 11:13:47,2024/11/06 23:52:11,2024,45496.0,12.6378,45504.0,48640,383,1,3
brainsaw|2024/11/06 11:21:10,brainsaw,margrie,2024/11/06 11:21:10,2024/11/06 17:31:37,2024,22191.0,6.1642,22227.0,13238,247,1,1
neurovision|2024/11/06 11:38:13,neurovision,mrsic_flogel,2024/11/06 11:38:13,2024/11/06 19:50:52,2024,29543.0,8.2064,29559.0,14456,289,1,1
neurovision|2024/11/07 10:55:50,neurovision,mrsic_flogel,2024/11/07 10:55:50,2024/11/08 06:05:01,2024,68926.0,19.1461,68951.0,100956,321,1,6
brainsaw|2024/11/07 13:04:02,brainsaw,branco,2024/11/07 13:04:02,2024/11/08 04:14:36,2024,54595.0,15.1653,54634.0,44755,320,1,3
brainsaw|2024/11/08 16:26:09,brainsaw,margrie,2024/11/08 16:26:09,2024/11/08 22:26:42,2024,21609.0,6.0025,21633.0,12339,210,1,1
organgrinder|2024/11/08 18:25:52,organgrinder,mrsic_flogel,2024/11/08 18:25:52,2024/11/09 16:05:23,2024,77653.0,21.5703,77971.0,18737,333,2,1
neurovision|2024/11/08 18:30:15,neurovision,mrsic_flogel,2024/11/08 18:30:15,2024/11/09 03:04:20,2024,30826.0,8.5628,30845.0,19472,364,1,1
neurovision|2024/11/09 17:07:44,neurovision,mrsic_flogel,2024/11/09 17:07:44,2024/11/10 21:47:33,2024,103156.0,28.6544,103189.0,64901,335,1,3
brainsaw|2024/11/11 11:16:23,brainsaw,mrsic_flogel,2024/11/11 11:16:23,2024/11/12 17:19:59,2024,45502.0,12.6394,108216.0,15939,289,2,1
neurovision|2024/11/11 15:32:00,neurovision,mrsic_flogel,2024/11/11 15:32:00,2024/11/12 00:51:52,2024,33569.0,9.3247,33592.0,18308,304,1,1
organgrinder|2024/11/12 14:26:32,organgrinder,mrsic_flogel,2024/11/12 14:26:32,2024/11/13 02:27:25,2024,41395.0,11.4986,43253.0,31722,360,2,2
neurovision|2024/11/12 17:24:47,neurovision,mrsic_flogel,2024/11/12 17:24:47,2024/11/13 01:43:42,2024,29898.0,8.305,29935.0,17642,363,1,1
organgrinder|2024/11/13 18:53:01,organgrinder,mrsic_flogel,2024/11/13 18:53:01,2024/11/14 18:39:26,2024,54894.0,15.2483,85585.0,16020,256,2,1
neurovision|2024/11/13 19:08:14,neurovision,mrsic_flogel,2024/11/13 19:08:14,2024/11/14 08:50:54,2024,49333.0,13.7036,49360.0,52376,334,1,3
neurovision|2024/11/14 15:59:57,neurovision,mrsic_flogel,2024/11/14 15:59:57,2024/11/15 03:59:53,2024,43170.0,11.9917,43196.0,18894,326,1,1
brainsaw|2024/11/19 12:57:11,brainsaw,branco,2024/11/19 12:57:11,2024/11/20 02:21:18,2024,48221.0,13.3947,48247.0,43000,311,1,3
neurovision|2024/11/19 17:29:28,neurovision,mrsic_flogel,2024/11/19 17:29:28,2024/11/20 02:01:04,2024,30672.0,8.52,30696.0,17105,339,1,1
brainsaw|2024/11/20 17:52:32,brainsaw,mrsic_flogel,2024/11/20 17:52:32,2024/11/21 14:20:49,2024,73659.0,20.4608,73697.0,96397,240,1,6
brainsaw|2024/11/21 14:49:30,brainsaw,mrsic_flogel,2024/11/21 14:49:30,2024/11/21 19:19:50,2024,16206.0,4.5017,16220.0,14029,200,1,1
neurovision|2024/11/22 11:46:21,neurovision,mrsic_flogel,2024/11/22 11:46:21,2024/11/23 07:59:45,2024,72773.0,20.2147,72804.0,104286,334,1,6
brainsaw|2024/11/22 13:34:15,brainsaw,branco,2024/11/22 13:34:15,2024/11/23 06:02:24,2024,59265.0,16.4625,59289.0,60467,359,1,4
brainsaw|2024/11/23 15:11:22,brainsaw,mrsic_flogel,2024/11/23 15:11:22,2024/11/24 00:36:05,2024,33830.0,9.3972,33883.0,18513,288,1,1
neurovision|2024/11/25 02:21:39,neurovision,branco,2024/11/25 02:21:39,2024/11/25 17:58:34,2024,56193.0,15.6092,56215.0,59458,324,1,4
organgrinder|2024/11/25 03:29:37,organgrinder,branco,2024/11/25 03:29:37,2024/11/25 23:13:29,2024,71026.0,19.7294,71032.0,66217,346,1,4
brainsaw|2024/11/25 12:25:31,brainsaw,branco,2024/11/25 12:25:31,2024/11/25 20:37:01,2024,29462.0,8.1839,29490.0,27411,313,1,2
neurovision|2024/11/26 17:26:52,neurovision,mrsic_flogel,2024/11/26 17:26:52,2024/11/27 05:24:40,2024,43046.0,11.9572,43068.0,38923,384,1,3
neurovision|2024/11/27 10:40:56,neurovision,mrsic_flogel,2024/11/27 10:40:56,2024/11/27 17:47:34,2024,25572.0,7.1033,25598.0,19586,329,1,2
organgrinder|2024/11/27 16:03:45,organgrinder,mrsic_flogel,2024/11/27 16:03:45,2024/11/28 08:58:19,2024,60850.0,16.9028,60874.0,78084,333,1,4
brainsaw|2024/11/28 10:53:44,brainsaw,mrsic_flogel,2024/11/28 10:53:44,2024/11/29 06:26:06,2024,70301.0,19.5281,70342.0,79062,332,1,5
organgrinder|2024/11/29 10:13:45,organgrinder,sjones,2024/11/29 10:13:45,2024/11/29 22:36:23,2024,44542.0,12.3728,44558.0,32569,355,1,2
brainsaw|2024/11/29 10:48:45,brainsaw,mrsic_flogel,2024/11/29 10:48:45,2024/11/29 22:03:15,2024,40432.0,11.2311,40470.0,33576,311,1,2
neurovision|2024/12/02 10:11:17,neurovision,mrsic_flogel,2024/12/02 10:11:17,2024/12/02 15:22:00,2024,18630.0,5.175,18643.0,15923,238,1,1
organgrinder|2024/12/02 11:10:37,organgrinder,branco,2024/12/02 11:10:37,2024/12/02 20:25:22,2024,33278.0,9.2439,33285.0,15462,329,1,1
neurovision|2024/12/02 17:23:03,neurovision,mrsic_flogel,2024/12/02 17:23:03,2024/12/03 08:30:12,2024,54414.0,15.115,54429.0,14299,265,1,1
neurovision|2024/12/03 10:51:10,neurovision,mrsic_flogel,2024/12/03 10:51:10,2024/12/03 16:36:12,2024,20676.0,5.7433,20702.0,14926,307,1,1
neurovision|2024/12/04 11:00:26,neurovision,mrsic_flogel,2024/12/04 11:00:26,2024/12/05 09:24:52,2024,80649.0,22.4025,80666.0,21265,352,1,1
brainsaw|2024/12/04 11:44:00,brainsaw,mrsic_flogel,2024/12/04 11:44:00,2024/12/05 06:23:17,2024,66461.0,18.4614,67157.0,56551,294,2,4
organgrinder|2024/12/04 14:11:11,organgrinder,margrie,2024/12/04 14:11:11,2024/12/05 02:11:54,2024,43231.0,12.0086,43243.0,47338,281,1,4
organgrinder|2024/12/05 10:58:48,organgrinder,mrsic_flogel,2024/12/05 10:58:48,2024/12/06 06:51:26,2024,71535.0,19.8708,71558.0,91040,339,1,6
brainsaw|2024/12/05 13:05:11,brainsaw,mrsic_flogel,2024/12/05 13:05:11,2024/12/06 01:26:07,2024,44422.0,12.3394,44456.0,42368,278,1,3
organgrinder|2024/12/06 10:54:56,organgrinder,margrie;mrsic_flogel,2024/12/06 10:54:56,2024/12/07 07:19:07,2024,73424.0,20.3956,73451.0,73545,334,1,5
neurovision|2024/12/06 12:05:25,neurovision,mrsic_flogel,2024/12/06 12:05:25,2024/12/06 20:51:43,2024,31557.0,8.7658,31578.0,22456,242,1,2
brainsaw|2024/12/06 12:20:06,brainsaw,mrsic_flogel,2024/12/06 12:20:06,2024/12/07 05:05:23,2024,60251.0,16.7364,60317.0,17247,341,1,1
brainsaw|2024/12/07 14:13:51,brainsaw,mrsic_flogel,2024/12/07 14:13:51,2024/12/08 09:46:55,2024,70336.0,19.5378,70384.0,76749,361,1,4
neurovision|2024/12/08 10:33:02,neurovision,mrsic_flogel,2024/12/08 10:33:02,2024/12/08 16:48:04,2024,22494.0,6.2483,22502.0,16111,193,1,2
brainsaw|2024/12/09 10:24:59,brainsaw,mrsic_flogel,2024/12/09 10:24:59,2024/12/09 19:23:38,2024,32285.0,8.9681,32319.0,15005,304,1,1
neurovision|2024/12/09 11:57:44,neurovision,mrsic_flogel,2024/12/09 11:57:44,2024/12/10 13:04:12,2024,90368.0,25.1022,90388.0,24401,360,1,1
organgrinder|2024/12/09 14:16:44,organgrinder,margrie,2024/12/09 14:16:44,2024/12/09 21:19:16,2024,25338.0,7.0383,25352.0,12208,250,1,1
brainsaw|2024/12/10 09:51:36,brainsaw,mrsic_flogel,2024/12/10 09:51:36,2024/12/10 23:29:29,2024,49055.0,13.6264,49073.0,57153,250,1,4
neurovision|2024/12/10 13:26:50,neurovision,mrsic_flogel,2024/12/10 13:26:50,2024/12/11 01:51:31,2024,44659.0,12.4053,44681.0,20150,389,1,1
organgrinder|2024/12/10 13:41:20,organgrinder,margrie,2024/12/10 13:41:20,2024/12/10 22:03:22,2024,30118.0,8.3661,30122.0,23862,250,1,2
brainsaw|2024/12/11 16:07:44,brainsaw,branco,2024/12/11 16:07:44,2024/12/12 01:21:28,2024,33186.0,9.2183,33224.0,33307,314,1,2
brainsaw|2024/12/12 13:42:35,brainsaw,mrsic_flogel,2024/12/12 13:42:35,2024/12/13 04:34:20,2024,53451.0,14.8475,53505.0,50298,340,1,3
neurovision|2024/12/12 13:49:30,neurovision,mrsic_flogel,2024/12/12 13:49:30,2024/12/13 02:47:47,2024,46681.0,12.9669,46697.0,65066,341,1,4
organgrinder|2024/12/13 15:14:48,organgrinder,okeefe,2024/12/13 15:14:48,2024/12/14 00:20:12,2024,32701.0,9.0836,32724.0,29037,341,1,2
brainsaw|2024/12/15 19:34:47,brainsaw,mrsic_flogel,2024/12/15 19:34:47,2024/12/16 04:23:43,2024,31697.0,8.8047,31736.0,18280,334,1,1
brainsaw|2024/12/16 11:39:28,brainsaw,branco,2024/12/16 11:39:28,2024/12/16 20:16:35,2024,31000.0,8.6111,31027.0,14136,312,1,1
organgrinder|2024/12/16 12:03:44,organgrinder,sjones,2024/12/16 12:03:44,2024/12/17 04:10:17,2024,57974.0,16.1039,57993.0,58142,379,1,4
neurovision|2024/12/16 16:47:46,neurovision,mrsic_flogel,2024/12/16 16:47:46,2024/12/17 16:14:11,2024,84361.0,23.4336,84385.0,22160,344,1,1
organgrinder|2024/12/17 09:03:51,organgrinder,sjones,2024/12/17 09:03:51,2024/12/17 22:00:18,2024,46570.0,12.9361,46587.0,42174,372,1,4
brainsaw|2024/12/17 14:25:45,brainsaw,branco,2024/12/17 14:25:45,2024/12/17 23:28:03,2024,32506.0,9.0294,32538.0,33940,270,1,2
neurovision|2024/12/17 16:33:00,neurovision,mrsic_flogel,2024/12/17 16:33:00,2024/12/18 17:17:59,2024,89083.0,24.7453,89099.0,23629,367,1,1
brainsaw|2024/12/18 10:59:15,brainsaw,mrsic_flogel,2024/12/18 10:59:15,2024/12/18 15:20:12,2024,14120.0,3.9222,15657.0,13505,99,4,3
brainsaw|2024/12/18 15:54:12,brainsaw,branco,2024/12/18 15:54:12,2024/12/19 01:45:59,2024,35478.0,9.855,35507.0,35678,270,1,2
neurovision|2024/12/18 17:35:18,neurovision,mrsic_flogel,2024/12/18 17:35:18,2024/12/19 02:31:28,2024,32134.0,8.9261,32170.0,18432,380,1,1
brainsaw|2024/12/19 14:51:43,brainsaw,mrsic_flogel,2024/12/19 14:51:43,2024/12/19 21:09:22,2024,22632.0,6.2867,22659.0,28783,200,1,2
brainsaw|2024/12/20 10:15:34,brainsaw,mrsic_flogel,2024/12/20 10:15:34,2024/12/21 05:32:16,2024,69378.0,19.2717,69402.0,91069,250,1,6
neurovision|2024/12/20 10:59:15,neurovision,mrsic_flogel,2024/12/20 10:59:15,2024/12/20 23:36:02,2024,45401.0,12.6114,45407.0,58342,300,1,3
neurovision|2024/12/21 09:56:16,neurovision,mrsic_flogel,2024/12/21 09:56:16,2024/12/21 19:29:45,2024,34395.0,9.5542,34409.0,37130,300,1,2
neurovision|2024/12/22 14:26:09,neurovision,mrsic_flogel,2024/12/22 14:26:09,2024/12/26 04:44:30,2024,310681.0,86.3003,310701.0,380297,420,1,6
brainsaw|2024/12/23 11:40:57,brainsaw,mrsic_flogel,2024/12/23 11:40:57,2024/12/23 16:23:03,2024,16843.0,4.6786,16926.0,20542,139,1,3
organgrinder|2025/01/06 09:58:00,organgrinder,sjones,2025/01/06 09:58:00,2025/01/06 18:41:39,2025,31403.0,8.7231,31419.0,31816,337,1,1
brainsaw|2025/01/06 11:20:12,brainsaw,mrsic_flogel,2025/01/06 11:20:12,2025/01/07 00:17:05,2025,46566.0,12.935,46613.0,31013,320,1,2
neurovision|2025/01/06 15:54:52,neurovision,mrsic_flogel,2025/01/06 15:54:52,2025/01/08 10:48:43,2025,154423.0,42.8953,154431.0,78602,310,1,4
brainsaw|2025/01/08 10:33:41,brainsaw,mrsic_flogel,2025/01/08 10:33:41,2025/01/08 19:23:52,2025,31790.0,8.8306,31811.0,25424,200,1,2
brainsaw|2025/01/09 13:36:38,brainsaw,akrami,2025/01/09 13:36:38,2025/01/10 06:54:58,2025,62263.0,17.2953,62300.0,53760,429,1,1
neurovision|2025/01/09 14:56:21,neurovision,isogai,2025/01/09 14:56:21,2025/01/09 21:37:15,2025,24035.0,6.6764,24054.0,13933,245,1,1
organgrinder|2025/01/10 09:30:52,organgrinder,sjones,2025/01/10 09:30:52,2025/01/11 05:27:12,2025,71767.0,19.9353,71780.0,68590,383,1,4
neurovision|2025/01/10 11:09:09,neurovision,akrami,2025/01/10 11:09:09,2025/01/11 02:15:26,2025,54345.0,15.0958,54377.0,53389,452,1,1
brainsaw|2025/01/11 14:45:04,brainsaw,branco,2025/01/11 14:45:04,2025/01/12 01:08:26,2025,37377.0,10.3825,37402.0,28494,250,1,2
organgrinder|2025/01/13 10:48:58,organgrinder,akrami,2025/01/13 10:48:58,2025/01/14 02:38:03,2025,56926.0,15.8128,56945.0,39411,398,1,1
neurovision|2025/01/13 12:56:58,neurovision,mrsic_flogel,2025/01/13 12:56:58,2025/01/13 22:25:47,2025,33637.0,9.3436,34129.0,22063,339,2,2
brainsaw|2025/01/14 11:06:50,brainsaw,akrami,2025/01/14 11:06:50,2025/01/15 11:02:43,2025,86120.0,23.9222,86153.0,91365,363,1,2
neurovision|2025/01/14 12:28:51,neurovision,mrsic_flogel,2025/01/14 12:28:51,2025/01/14 17:03:40,2025,16477.0,4.5769,16489.0,10096,189,1,1
neurovision|2025/01/15 14:19:27,neurovision,mrsic_flogel,2025/01/15 14:19:27,2025/01/16 00:34:41,2025,36884.0,10.2456,36914.0,22551,414,1,1
organgrinder|2025/01/15 16:25:45,organgrinder,okeefe,2025/01/15 16:25:45,2025/01/15 21:23:59,2025,17884.0,4.9678,17894.0,15299,168,1,1
organgrinder|2025/01/16 13:51:08,organgrinder,okeefe,2025/01/16 13:51:08,2025/01/16 18:39:14,2025,17273.0,4.7981,17286.0,16628,173,1,1
organgrinder|2025/01/17 11:58:39,organgrinder,okeefe,2025/01/17 11:58:39,2025/01/17 16:53:00,2025,17642.0,4.9006,17661.0,16657,161,1,1
organgrinder|2025/01/19 11:11:14,organgrinder,sjones,2025/01/19 11:11:14,2025/01/20 07:45:52,2025,74067.0,20.5742,74078.0,70982,382,1,4
organgrinder|2025/01/20 13:35:46,organgrinder,okeefe,2025/01/20 13:35:46,2025/01/20 18:21:13,2025,17116.0,4.7544,17127.0,14684,170,1,1
neurovision|2025/01/20 14:54:57,neurovision,mrsic_flogel,2025/01/20 14:54:57,2025/01/21 00:47:33,2025,35520.0,9.8667,35556.0,21406,386,1,1
organgrinder|2025/01/21 09:54:10,organgrinder,akrami,2025/01/21 09:54:10,2025/01/21 19:54:36,2025,36017.0,10.0047,36026.0,31230,313,1,1
brainsaw|2025/01/21 10:52:55,brainsaw,mrsic_flogel,2025/01/21 10:52:55,2025/01/21 22:12:27,2025,40744.0,11.3178,40772.0,47508,270,1,4
neurovision|2025/01/21 13:02:33,neurovision,isogai,2025/01/21 13:02:33,2025/01/22 07:29:11,2025,66393.0,18.4425,66398.0,38746,359,1,2
organgrinder|2025/01/22 11:44:00,organgrinder,mrsic_flogel,2025/01/22 11:44:00,2025/01/23 02:36:05,2025,53493.0,14.8592,53525.0,27308,336,1,2
neurovision|2025/01/22 12:42:27,neurovision,mrsic_flogel,2025/01/22 12:42:27,2025/01/24 00:57:40,2025,130494.0,36.2483,130513.0,23355,397,1,1
organgrinder|2025/01/24 11:51:40,organgrinder,mrsic_flogel,2025/01/24 11:51:40,2025/01/25 03:06:03,2025,54827.0,15.2297,54863.0,29264,321,1,2
brainsaw|2025/01/24 13:07:06,brainsaw,mrsic_flogel,2025/01/24 13:07:06,2025/01/25 01:39:24,2025,45101.0,12.5281,45138.0,31834,286,1,2
neurovision|2025/01/27 10:29:51,neurovision,mrsic_flogel,2025/01/27 10:29:51,2025/01/28 10:56:10,2025,87965.0,24.4347,87979.0,23949,314,1,1
neurovision|2025/01/28 11:21:06,neurovision,mrsic_flogel,2025/01/28 11:21:06,2025/01/29 00:36:08,2025,47686.0,13.2461,47702.0,65176,250,1,4
neurovision|2025/01/29 10:54:55,neurovision,mrsic_flogel,2025/01/29 10:54:55,2025/01/30 09:25:02,2025,80991.0,22.4975,81007.0,32046,230,1,2
organgrinder|2025/01/29 11:02:08,organgrinder,mrsic_flogel,2025/01/29 11:02:08,2025/01/30 06:52:06,2025,71388.0,19.83,71398.0,19263,250,1,1
neurovision|2025/01/30 10:27:52,neurovision,mrsic_flogel,2025/01/30 10:27:52,2025/01/31 09:48:26,2025,84027.0,23.3408,84034.0,33040,250,1,2
brainsaw|2025/01/30 11:04:16,brainsaw,mrsic_flogel,2025/01/30 11:04:16,2025/01/30 21:47:16,2025,38557.0,10.7103,38580.0,44149,250,1,3
organgrinder|2025/01/30 11:26:34,organgrinder,mrsic_flogel,2025/01/30 11:26:34,2025/01/31 04:15:01,2025,60503.0,16.8064,60507.0,69144,250,1,4
neurovision|2025/01/31 10:48:48,neurovision,mrsic_flogel,2025/01/31 10:48:48,2025/01/31 12:07:47,2025,4733.0,1.3147,4739.0,5317,45,1,2
brainsaw|2025/01/31 11:50:23,brainsaw,mrsic_flogel,2025/01/31 11:50:23,2025/01/31 22:20:15,2025,36852.0,10.2367,37792.0,29149,308,2,2
organgrinder|2025/01/31 12:02:36,organgrinder,mrsic_flogel,2025/01/31 12:02:36,2025/01/31 15:37:47,2025,12904.0,3.5844,12911.0,7174,133,1,1
neurovision|2025/01/31 13:41:28,neurovision,mrsic_flogel,2025/01/31 13:41:28,2025/02/01 02:06:03,2025,44655.0,12.4042,44675.0,38799,386,1,3
organgrinder|2025/01/31 18:03:54,organgrinder,mrsic_flogel,2025/01/31 18:03:54,2025/02/01 03:56:55,2025,35567.0,9.8797,35581.0,31733,349,1,2
brainsaw|2025/02/03 10:58:01,brainsaw,mrsic_flogel,2025/02/03 10:58:01,2025/02/03 13:05:24,2025,7630.0,2.1194,7643.0,5076,85,1,1
brainsaw|2025/02/05 10:56:51,brainsaw,sjones,2025/02/05 10:56:51,2025/02/05 20:04:49,2025,32839.0,9.1219,32878.0,16374,296,1,1
organgrinder|2025/02/05 11:53:02,organgrinder,akrami,2025/02/05 11:53:02,2025/02/05 19:47:34,2025,28464.0,7.9067,28472.0,25875,279,1,2
neurovision|2025/02/06 10:39:58,neurovision,sjones,2025/02/06 10:39:58,2025/02/06 18:24:47,2025,27886.0,7.7461,27889.0,17185,290,1,1
organgrinder|2025/02/06 13:19:31,organgrinder,sjones,2025/02/06 13:19:31,2025/02/07 06:58:39,2025,63539.0,17.6497,63548.0,66576,386,1,4
organgrinder|2025/02/07 11:18:08,organgrinder,sjones,2025/02/07 11:18:08,2025/02/07 19:19:35,2025,28871.0,8.0197,28887.0,15707,319,1,1
neurovision|2025/02/07 11:32:09,neurovision,mrsic_flogel,2025/02/07 11:32:09,2025/02/08 00:09:46,2025,45433.0,12.6203,45457.0,33450,310,1,2
brainsaw|2025/02/10 11:33:07,brainsaw,mrsic_flogel,2025/02/10 11:33:07,2025/02/10 21:49:49,2025,36963.0,10.2675,37002.0,17045,323,1,1
organgrinder|2025/02/10 12:50:34,organgrinder,sjones,2025/02/10 12:50:34,2025/02/11 01:21:21,2025,45033.0,12.5092,45047.0,38413,374,1,2
neurovision|2025/02/10 13:44:23,neurovision,mrsic_flogel,2025/02/10 13:44:23,2025/02/10 23:13:55,2025,34141.0,9.4836,34172.0,19807,400,1,1
brainsaw|2025/02/11 11:04:35,brainsaw,mrsic_flogel,2025/02/11 11:04:35,2025/02/11 22:36:55,2025,41503.0,11.5286,41540.0,17159,297,1,1
neurovision|2025/02/11 11:42:39,neurovision,mrsic_flogel,2025/02/11 11:42:39,2025/02/11 22:16:17,2025,37978.0,10.5494,38018.0,22234,410,1,1
neurovision|2025/02/12 12:59:23,neurovision,mrsic_flogel,2025/02/12 12:59:23,2025/02/12 22:40:44,2025,34857.0,9.6825,34881.0,37150,347,1,2
brainsaw|2025/02/13 13:25:21,brainsaw,branco,2025/02/13 13:25:21,2025/02/13 21:38:37,2025,29565.0,8.2125,29596.0,15308,280,1,1
brainsaw|2025/02/14 11:35:16,brainsaw,mrsic_flogel,2025/02/14 11:35:16,2025/02/15 06:20:28,2025,67460.0,18.7389,67512.0,36301,333,1,2
neurovision|2025/02/14 17:38:53,neurovision,mrsic_flogel,2025/02/14 17:38:53,2025/02/15 02:34:52,2025,32142.0,8.9283,32159.0,17284,379,1,1
organgrinder|2025/02/17 09:57:04,organgrinder,mrsic_flogel,2025/02/17 09:57:04,2025/02/17 21:43:41,2025,42384.0,11.7733,42397.0,27516,319,1,2
brainsaw|2025/02/17 12:11:11,brainsaw,branco,2025/02/17 12:11:11,2025/02/17 16:52:10,2025,16839.0,4.6775,16859.0,12680,210,1,1
neurovision|2025/02/17 15:21:35,neurovision,mrsic_flogel,2025/02/17 15:21:35,2025/02/18 02:28:30,2025,39975.0,11.1042,40015.0,19782,397,1,1
neurovision|2025/02/18 11:59:48,neurovision,mrsic_flogel,2025/02/18 11:59:48,2025/02/19 00:33:50,2025,45228.0,12.5633,45242.0,20050,399,1,1
organgrinder|2025/02/18 13:06:10,organgrinder,mrsic_flogel,2025/02/18 13:06:10,2025/02/18 21:27:26,2025,30066.0,8.3517,30076.0,14627,274,1,1
brainsaw|2025/02/18 15:02:58,brainsaw,mrsic_flogel,2025/02/18 15:02:58,2025/02/19 04:22:56,2025,47969.0,13.3247,47998.0,17734,354,1,1
brainsaw|2025/02/19 10:48:41,brainsaw,margrie,2025/02/19 10:48:41,2025/02/19 14:56:33,2025,14859.0,4.1275,14872.0,12623,210,1,1
neurovision|2025/02/19 12:24:51,neurovision,mrsic_flogel,2025/02/19 12:24:51,2025/02/19 19:13:10,2025,24491.0,6.8031,24499.0,13976,244,1,1
organgrinder|2025/02/20 10:22:57,organgrinder,mrsic_flogel,2025/02/20 10:22:57,2025/02/21 05:52:19,2025,62659.0,17.4053,70162.0,28578,342,2,2
neurovision|2025/02/20 14:37:47,neurovision,mrsic_flogel,2025/02/20 14:37:47,2025/02/21 00:05:48,2025,34057.0,9.4603,34081.0,35375,350,1,2
neurovision|2025/02/21 12:09:07,neurovision,mrsic_flogel,2025/02/21 12:09:07,2025/02/21 18:38:26,2025,23347.0,6.4853,23359.0,13288,246,1,1
brainsaw|2025/02/21 12:16:27,brainsaw,margrie,2025/02/21 12:16:27,2025/02/21 17:43:56,2025,19625.0,5.4514,19649.0,13398,210,1,1
brainsaw|2025/02/25 11:23:28,brainsaw,mrsic_flogel,2025/02/25 11:23:28,2025/02/26 01:09:04,2025,49512.0,13.7533,49536.0,52999,292,1,4
organgrinder|2025/02/27 13:31:25,organgrinder,sjones,2025/02/27 13:31:25,2025/02/27 23:30:03,2025,35906.0,9.9739,35918.0,22216,359,1,1
brainsaw|2025/02/28 10:04:04,brainsaw,mrsic_flogel,2025/02/28 10:04:04,2025/02/28 20:33:58,2025,37770.0,10.4917,37794.0,31037,295,1,2
organgrinder|2025/02/28 15:44:54,organgrinder,mrsic_flogel,2025/02/28 15:44:54,2025/03/02 23:00:33,2025,198903.0,55.2508,198939.0,55395,338,1,4
neurovision|2025/02/28 17:06:45,neurovision,mrsic_flogel,2025/02/28 17:06:45,2025/03/01 04:34:00,2025,41204.0,11.4456,41235.0,20560,372,1,1
organgrinder|2025/03/03 10:48:43,organgrinder,margrie,2025/03/03 10:48:43,2025/03/03 16:42:27,2025,21218.0,5.8939,21224.0,11751,232,1,1
neurovision|2025/03/04 15:37:09,neurovision,mrsic_flogel,2025/03/04 15:37:09,2025/03/05 11:23:47,2025,71183.0,19.7731,71198.0,21180,369,1,1
organgrinder|2025/03/05 11:32:13,organgrinder,mrsic_flogel,2025/03/05 11:32:13,2025/03/06 06:46:24,2025,69244.0,19.2344,69251.0,42272,317,1,3
brainsaw|2025/03/05 11:49:51,brainsaw,sjones,2025/03/05 11:49:51,2025/03/05 21:50:40,2025,36011.0,10.0031,36049.0,24665,309,1,1
neurovision|2025/03/05 15:02:54,neurovision,mrsic_flogel,2025/03/05 15:02:54,2025/03/06 01:41:05,2025,38274.0,10.6317,38291.0,39614,350,1,2
neurovision|2025/03/06 11:18:39,neurovision,sjones,2025/03/06 11:18:39,2025/03/06 19:04:25,2025,27934.0,7.7594,27946.0,18807,306,1,1
organgrinder|2025/03/07 10:40:03,organgrinder,sjones,2025/03/07 10:40:03,2025/03/07 19:49:13,2025,32935.0,9.1486,32950.0,17394,350,1,1
organgrinder|2025/03/10 11:39:09,organgrinder,mrsic_flogel,2025/03/10 11:39:09,2025/03/10 22:57:28,2025,40689.0,11.3025,40699.0,16004,344,1,1
neurovision|2025/03/10 11:44:45,neurovision,mrsic_flogel,2025/03/10 11:44:45,2025/03/11 13:39:02,2025,93224.0,25.8956,93257.0,102345,325,1,6
brainsaw|2025/03/10 12:24:46,brainsaw,akrami,2025/03/10 12:24:46,2025/03/10 17:38:45,2025,18823.0,5.2286,18839.0,11694,214,1,1
organgrinder|2025/03/11 10:47:58,organgrinder,sjones,2025/03/11 10:47:58,2025/03/11 23:53:47,2025,47137.0,13.0936,47149.0,32032,337,1,2
brainsaw|2025/03/11 11:29:21,brainsaw,okeefe,2025/03/11 11:29:21,2025/03/12 06:46:06,2025,69375.0,19.2708,69405.0,85170,302,1,2
neurovision|2025/03/11 15:47:51,neurovision,mrsic_flogel,2025/03/11 15:47:51,2025/03/12 09:50:03,2025,64894.0,18.0261,64932.0,19395,353,1,1
organgrinder|2025/03/12 11:23:19,organgrinder,mrsic_flogel,2025/03/12 11:23:19,2025/03/13 03:55:34,2025,58062.0,16.1283,59535.0,16658,284,2,1
neurovision|2025/03/12 17:21:01,neurovision,mrsic_flogel,2025/03/12 17:21:01,2025/03/13 02:36:36,2025,33310.0,9.2528,33335.0,20235,359,1,1
brainsaw|2025/03/13 13:49:12,brainsaw,margrie,2025/03/13 13:49:12,2025/03/13 21:08:36,2025,26330.0,7.3139,26364.0,12985,264,1,1
neurovision|2025/03/13 17:40:17,neurovision,mrsic_flogel,2025/03/13 17:40:17,2025/03/14 09:08:52,2025,55704.0,15.4733,55715.0,23685,368,1,1
organgrinder|2025/03/14 11:59:50,organgrinder,margrie,2025/03/14 11:59:50,2025/03/14 19:42:53,2025,27765.0,7.7125,27783.0,13818,235,1,1
neurovision|2025/03/14 12:34:00,neurovision,mrsic_flogel,2025/03/14 12:34:00,2025/03/15 07:59:07,2025,69888.0,19.4133,69907.0,34932,381,1,3
brainsaw|2025/03/14 13:55:28,brainsaw,sjones,2025/03/14 13:55:28,2025/03/15 23:36:26,2025,120633.0,33.5092,121258.0,183765,375,1,4
organgrinder|2025/03/17 11:42:17,organgrinder,branco,2025/03/17 11:42:17,2025/03/18 14:02:21,2025,94776.0,26.3267,94804.0,69721,338,1,4
brainsaw|2025/03/17 12:29:32,brainsaw,akrami,2025/03/17 12:29:32,2025/03/17 16:04:39,2025,12898.0,3.5828,12907.0,8311,121,1,1
neurovision|2025/03/17 16:28:25,neurovision,mrsic_flogel,2025/03/17 16:28:25,2025/03/18 03:41:34,2025,40360.0,11.2111,40389.0,18823,351,1,1
brainsaw|2025/03/17 16:40:41,brainsaw,akrami,2025/03/17 16:40:41,2025/03/17 22:58:33,2025,22653.0,6.2925,22672.0,14955,241,1,1
brainsaw|2025/03/18 13:51:46,brainsaw,branco,2025/03/18 13:51:46,2025/03/18 22:34:25,2025,31332.0,8.7033,31359.0,15457,280,1,1
organgrinder|2025/03/18 14:23:50,organgrinder,akrami,2025/03/18 14:23:50,2025/03/18 19:04:40,2025,16850.0,4.6806,16850.0,9316,221,1,1
neurovision|2025/03/18 15:07:55,neurovision,mrsic_flogel,2025/03/18 15:07:55,2025/03/19 02:54:06,2025,42332.0,11.7589,42371.0,19407,372,1,1
neurovision|2025/03/19 11:07:45,neurovision,mrsic_flogel,2025/03/19 11:07:45,2025/03/19 22:32:57,2025,41091.0,11.4142,41112.0,37902,355,1,2
brainsaw|2025/03/19 12:02:49,brainsaw,mrsic_flogel,2025/03/19 12:02:49,2025/03/20 10:54:23,2025,82267.0,22.8519,82294.0,31621,270,1,2
organgrinder|2025/03/19 12:08:36,organgrinder,mrsic_flogel,2025/03/19 12:08:36,2025/03/20 04:35:29,2025,59203.0,16.4453,59213.0,17276,287,1,1
organgrinder|2025/03/20 11:43:55,organgrinder,mrsic_flogel,2025/03/20 11:43:55,2025/03/21 09:11:04,2025,77214.0,21.4483,77229.0,52956,263,1,4
brainsaw|2025/03/21 11:48:19,brainsaw,margrie,2025/03/21 11:48:19,2025/03/22 00:30:23,2025,45686.0,12.6906,45724.0,56259,251,1,4
neurovision|2025/03/21 12:33:33,neurovision,mrsic_flogel,2025/03/21 12:33:33,2025/03/21 22:00:59,2025,34028.0,9.4522,34046.0,17670,334,1,1
organgrinder|2025/03/21 14:08:32,organgrinder,branco,2025/03/21 14:08:32,2025/03/22 05:42:47,2025,56045.0,15.5681,56055.0,35352,340,1,2
brainsaw|2025/03/24 11:27:40,brainsaw,margrie,2025/03/24 11:27:40,2025/03/24 19:58:10,2025,30591.0,8.4975,30630.0,30320,278,1,2
brainsaw|2025/03/25 11:36:08,brainsaw,mrsic_flogel,2025/03/25 11:36:08,2025/03/25 21:46:47,2025,36618.0,10.1717,36639.0,19518,342,1,1
organgrinder|2025/03/25 11:57:50,organgrinder,mrsic_flogel,2025/03/25 11:57:50,2025/03/26 04:15:52,2025,58661.0,16.2947,58682.0,63590,378,1,4
neurovision|2025/03/25 17:01:57,neurovision,mrsic_flogel,2025/03/25 17:01:57,2025/03/26 03:01:21,2025,35924.0,9.9789,35964.0,16694,301,1,1
organgrinder|2025/03/26 11:09:35,organgrinder,mrsic_flogel,2025/03/26 11:09:35,2025/03/27 03:05:23,2025,57335.0,15.9264,57348.0,16232,287,1,1
brainsaw|2025/03/26 16:48:46,brainsaw,mrsic_flogel,2025/03/26 16:48:46,2025/03/27 08:58:41,2025,58166.0,16.1572,58195.0,18417,351,1,1
organgrinder|2025/03/27 11:25:27,organgrinder,mrsic_flogel,2025/03/27 11:25:27,2025/03/27 21:29:30,2025,36221.0,10.0614,36243.0,28814,323,1,2
brainsaw|2025/03/27 17:52:45,brainsaw,margrie,2025/03/27 17:52:45,2025/03/27 21:47:20,2025,14051.0,3.9031,14075.0,11543,210,1,1
brainsaw|2025/03/28 11:34:07,brainsaw,sjones,2025/03/28 11:34:07,2025/03/29 02:15:41,2025,52864.0,14.6844,52894.0,66559,350,1,3
brainsaw|2025/03/30 11:33:54,brainsaw,mrsic_flogel,2025/03/30 11:33:54,2025/03/31 03:42:18,2025,58061.0,16.1281,58104.0,35064,327,1,2
brainsaw|2025/03/31 11:04:21,brainsaw,mrsic_flogel,2025/03/31 11:04:21,2025/03/31 22:06:28,2025,39697.0,11.0269,39727.0,16751,292,1,1
brainsaw|2025/04/01 10:02:39,brainsaw,mrsic_flogel,2025/04/01 10:02:39,2025/04/01 18:24:40,2025,30093.0,8.3592,30121.0,29921,250,1,2
neurovision|2025/04/02 12:21:21,neurovision,mrsic_flogel,2025/04/02 12:21:21,2025/04/03 05:15:56,2025,60846.0,16.9017,60875.0,24800,399,1,1
brainsaw|2025/04/02 14:38:11,brainsaw,branco;margrie,2025/04/02 14:38:11,2025/04/03 06:57:37,2025,58749.0,16.3192,58766.0,91960,220,1,3
neurovision|2025/04/03 16:11:41,neurovision,mrsic_flogel,2025/04/03 16:11:41,2025/04/04 09:19:55,2025,61683.0,17.1342,61694.0,18962,336,1,1
brainsaw|2025/04/03 16:22:22,brainsaw,mrsic_flogel,2025/04/03 16:22:22,2025/04/04 09:38:21,2025,62077.0,17.2436,62159.0,17059,310,1,1
neurovision|2025/04/04 17:38:02,neurovision,margrie,2025/04/04 17:38:02,2025/04/04 23:20:36,2025,20541.0,5.7058,20554.0,22146,180,1,2
brainsaw|2025/04/07 14:15:29,brainsaw,mrsic_flogel,2025/04/07 14:15:29,2025/04/08 06:17:19,2025,57685.0,16.0236,57710.0,13886,281,1,1
brainsaw|2025/04/08 10:45:44,brainsaw,margrie;mrsic_flogel,2025/04/08 10:45:44,2025/04/09 07:35:29,2025,74869.0,20.7969,74985.0,47007,292,1,3
neurovision|2025/04/08 12:21:04,neurovision,sjones,2025/04/08 12:21:04,2025/04/09 04:26:54,2025,57925.0,16.0903,57950.0,82586,390,1,4
neurovision|2025/04/09 10:12:27,neurovision,sjones,2025/04/09 10:12:27,2025/04/10 05:37:26,2025,69877.0,19.4103,69899.0,88837,369,1,4
brainsaw|2025/04/09 15:13:09,brainsaw,mrsic_flogel,2025/04/09 15:13:09,2025/04/10 05:17:20,2025,50630.0,14.0639,50651.0,51952,200,1,4
brainsaw|2025/04/10 11:47:11,brainsaw,mrsic_flogel,2025/04/10 11:47:11,2025/04/11 00:23:01,2025,45320.0,12.5889,45350.0,44842,200,1,4
neurovision|2025/04/10 14:21:08,neurovision,margrie,2025/04/10 14:21:08,2025/04/11 03:58:47,2025,49023.0,13.6175,49059.0,61919,268,1,4
brainsaw|2025/04/13 15:12:44,brainsaw,mrsic_flogel,2025/04/13 15:12:44,2025/04/15 09:28:27,2025,152105.0,42.2514,152143.0,25026,353,1,1
neurovision|2025/04/14 10:53:32,neurovision,mrsic_flogel,2025/04/14 10:53:32,2025/04/15 19:25:21,2025,117057.0,32.5158,117109.0,39025,370,1,2
brainsaw|2025/04/15 11:34:31,brainsaw,branco,2025/04/15 11:34:31,2025/04/16 10:11:53,2025,81416.0,22.6156,81442.0,61404,253,1,4
brainsaw|2025/04/16 11:13:51,brainsaw,mrsic_flogel,2025/04/16 11:13:51,2025/04/17 11:31:59,2025,87438.0,24.2883,87488.0,45874,319,1,3
brainsaw|2025/04/17 15:07:40,brainsaw,mrsic_flogel,2025/04/17 15:07:40,2025/04/18 03:07:17,2025,43138.0,11.9828,43177.0,36161,284,1,3
neurovision|2025/04/17 17:24:05,neurovision,mrsic_flogel,2025/04/17 17:24:05,2025/04/18 05:19:20,2025,42900.0,11.9167,42915.0,39178,377,1,3
neurovision|2025/04/22 09:30:58,neurovision,sjones,2025/04/22 09:30:58,2025/04/23 14:45:30,2025,105260.0,29.2389,105272.0,70947,309,1,4
brainsaw|2025/04/23 13:45:35,brainsaw,mrsic_flogel,2025/04/23 13:45:35,2025/04/24 03:31:26,2025,49512.0,13.7533,49551.0,33649,296,1,2
neurovision|2025/04/23 17:45:26,neurovision,mrsic_flogel,2025/04/23 17:45:26,2025/04/25 13:02:32,2025,95940.0,26.65,155826.0,53476,246,4,4
brainsaw|2025/04/24 12:01:42,brainsaw,margrie;mrsic_flogel,2025/04/24 12:01:42,2025/04/24 23:35:14,2025,41592.0,11.5533,41612.0,49458,279,1,3
brainsaw|2025/04/25 11:12:06,brainsaw,mrsic_flogel,2025/04/25 11:12:06,2025/04/26 04:23:40,2025,61870.0,17.1861,61894.0,13441,279,1,1
neurovision|2025/04/25 13:25:26,neurovision,sjones,2025/04/25 13:25:26,2025/04/26 08:51:10,2025,69938.0,19.4272,69944.0,61449,359,1,3
brainsaw|2025/04/26 11:26:04,brainsaw,mrsic_flogel,2025/04/26 11:26:04,2025/04/27 00:02:53,2025,45369.0,12.6025,45409.0,36449,358,1,2
neurovision|2025/04/28 11:14:23,neurovision,mrsic_flogel,2025/04/28 11:14:23,2025/04/29 06:01:49,2025,67642.0,18.7894,67646.0,37536,324,1,2
brainsaw|2025/04/28 16:37:19,brainsaw,mrsic_flogel,2025/04/28 16:37:19,2025/04/29 09:22:12,2025,60264.0,16.74,60293.0,16449,328,1,1
neurovision|2025/04/29 09:36:48,neurovision,sjones,2025/04/29 09:36:48,2025/04/30 14:42:21,2025,104358.0,28.9883,104733.0,144577,344,2,4
brainsaw|2025/04/30 13:06:33,brainsaw,branco,2025/04/30 13:06:33,2025/05/01 04:30:38,2025,55415.0,15.3931,55445.0,44886,337,1,3
neurovision|2025/04/30 16:22:42,neurovision,mrsic_flogel;sjones,2025/04/30 16:22:42,2025/05/01 08:38:45,2025,58552.0,16.2644,58563.0,56302,330,1,3
neurovision|2025/05/01 12:43:06,neurovision,mrsic_flogel,2025/05/01 12:43:06,2025/05/02 06:18:44,2025,63317.0,17.5881,63338.0,18273,356,1,1
brainsaw|2025/05/02 16:33:08,brainsaw,mrsic_flogel,2025/05/02 16:33:08,2025/05/03 08:41:03,2025,58046.0,16.1239,58075.0,16671,348,1,1
brainsaw|2025/05/03 13:21:44,brainsaw,branco,2025/05/03 13:21:44,2025/05/04 01:33:39,2025,43890.0,12.1917,43915.0,44803,327,1,3
neurovision|2025/05/06 11:27:54,neurovision,mrsic_flogel,2025/05/06 11:27:54,2025/05/07 02:58:01,2025,55801.0,15.5003,55807.0,46710,292,1,3
brainsaw|2025/05/06 15:10:53,brainsaw,branco,2025/05/06 15:10:53,2025/05/07 00:00:41,2025,31747.0,8.8186,31788.0,17565,280,1,1
neurovision|2025/05/07 15:02:01,neurovision,mrsic_flogel,2025/05/07 15:02:01,2025/05/08 04:50:12,2025,49666.0,13.7961,49691.0,35827,364,1,3
neurovision|2025/05/08 12:22:50,neurovision,mrsic_flogel,2025/05/08 12:22:50,2025/05/09 06:03:13,2025,63362.0,17.6006,63623.0,69634,393,2,5
brainsaw|2025/05/08 17:57:40,brainsaw,mrsic_flogel,2025/05/08 17:57:40,2025/05/09 11:03:34,2025,61519.0,17.0886,61554.0,18731,330,1,1
neurovision|2025/05/09 16:01:23,neurovision,mrsic_flogel,2025/05/09 16:01:23,2025/05/10 23:16:01,2025,112234.0,31.1761,112478.0,74530,318,1,4
brainsaw|2025/05/09 17:22:07,brainsaw,mrsic_flogel,2025/05/09 17:22:07,2025/05/10 10:37:28,2025,62091.0,17.2475,62121.0,17437,353,1,1
brainsaw|2025/05/12 14:54:13,brainsaw,margrie,2025/05/12 14:54:13,2025/05/13 01:13:30,2025,37134.0,10.315,37157.0,59928,220,1,4
neurovision|2025/05/12 17:10:16,neurovision,mrsic_flogel,2025/05/12 17:10:16,2025/05/13 12:24:17,2025,69217.0,19.2269,69241.0,21224,349,1,1
neurovision|2025/05/13 14:42:34,neurovision,mrsic_flogel,2025/05/13 14:42:34,2025/05/14 06:28:12,2025,56710.0,15.7528,56738.0,40511,409,1,3
brainsaw|2025/05/13 16:19:21,brainsaw,mrsic_flogel,2025/05/13 16:19:21,2025/05/14 06:45:27,2025,51933.0,14.4258,51966.0,21964,331,1,1
neurovision|2025/05/14 18:00:48,neurovision,mrsic_flogel,2025/05/14 18:00:48,2025/05/15 08:32:20,2025,52268.0,14.5189,52292.0,73662,337,1,4
brainsaw|2025/05/14 18:14:34,brainsaw,mrsic_flogel,2025/05/14 18:14:34,2025/05/16 01:09:59,2025,57060.0,15.85,111325.0,71583,337,2,4
neurovision|2025/05/15 13:46:00,neurovision,mrsic_flogel,2025/05/15 13:46:00,2025/05/16 12:14:42,2025,80903.0,22.4731,80922.0,81383,337,1,4
brainsaw|2025/05/16 11:01:12,brainsaw,mrsic_flogel,2025/05/16 11:01:12,2025/05/17 05:59:27,2025,68275.0,18.9653,68295.0,84098,250,1,6
neurovision|2025/05/16 15:51:19,neurovision,mrsic_flogel,2025/05/16 15:51:19,2025/05/17 13:05:55,2025,76450.0,21.2361,76476.0,75965,313,1,4
neurovision|2025/05/17 20:09:15,neurovision,mrsic_flogel,2025/05/17 20:09:15,2025/05/18 20:57:00,2025,89260.0,24.7944,89265.0,54457,307,1,3
neurovision|2025/05/19 14:44:10,neurovision,mrsic_flogel,2025/05/19 14:44:10,2025/05/20 07:22:04,2025,59854.0,16.6261,59874.0,83272,291,1,5
brainsaw|2025/05/20 09:43:26,brainsaw,margrie,2025/05/20 09:43:26,2025/05/20 14:00:14,2025,15388.0,4.2744,15408.0,11852,210,1,1
neurovision|2025/05/20 10:19:30,neurovision,mrsic_flogel,2025/05/20 10:19:30,2025/05/21 08:26:33,2025,79603.0,22.1119,79623.0,34358,307,1,2
brainsaw|2025/05/20 15:46:29,brainsaw,margrie,2025/05/20 15:46:29,2025/05/20 20:24:09,2025,16635.0,4.6208,16660.0,12145,230,1,1
brainsaw|2025/05/21 11:40:25,brainsaw,margrie,2025/05/21 11:40:25,2025/05/22 06:06:55,2025,66357.0,18.4325,66390.0,85740,275,1,5
brainsaw|2025/05/22 12:20:50,brainsaw,margrie,2025/05/22 12:20:50,2025/05/23 12:11:02,2025,85784.0,23.8289,85812.0,52016,222,1,4
neurovision|2025/05/23 10:35:23,neurovision,sjones,2025/05/23 10:35:23,2025/05/24 15:40:00,2025,104665.0,29.0736,104677.0,67454,294,1,4
neurovision|2025/05/26 12:31:40,neurovision,margrie,2025/05/26 12:31:40,2025/05/26 22:50:21,2025,37099.0,10.3053,37121.0,47229,250,1,3
brainsaw|2025/05/26 13:00:12,brainsaw,margrie,2025/05/26 13:00:12,2025/05/26 22:34:32,2025,34419.0,9.5608,34460.0,24562,221,1,2
neurovision|2025/05/27 11:44:56,neurovision,mrsic_flogel,2025/05/27 11:44:56,2025/05/28 09:22:40,2025,77860.0,21.6278,77864.0,90951,227,1,1
brainsaw|2025/05/28 10:31:59,brainsaw,margrie,2025/05/28 10:31:59,2025/05/29 05:27:12,2025,68079.0,18.9108,68113.0,52286,220,1,4
neurovision|2025/05/28 16:30:42,neurovision,mrsic_flogel,2025/05/28 16:30:42,2025/05/29 02:15:03,2025,35025.0,9.7292,35061.0,21325,377,1,1
neurovision|2025/05/29 12:05:11,neurovision,mrsic_flogel,2025/05/29 12:05:11,2025/05/30 13:09:58,2025,51730.0,14.3694,90287.0,14774,242,2,1
brainsaw|2025/05/29 12:15:50,brainsaw,branco,2025/05/29 12:15:50,2025/05/30 05:13:03,2025,60987.0,16.9408,61033.0,62597,307,1,4
neurovision|2025/05/30 13:53:39,neurovision,mrsic_flogel,2025/05/30 13:53:39,2025/05/31 06:44:05,2025,60626.0,16.8406,60626.0,83582,250,1,5
brainsaw|2025/05/30 15:07:06,brainsaw,mrsic_flogel,2025/05/30 15:07:06,2025/06/01 03:22:55,2025,130525.0,36.2569,130549.0,73205,284,1,5
brainsaw|2025/06/01 10:37:36,brainsaw,mrsic_flogel,2025/06/01 10:37:36,2025/06/01 16:51:43,2025,22426.0,6.2294,22447.0,14794,250,1,1
neurovision|2025/06/02 10:08:15,neurovision,mrsic_flogel,2025/06/02 10:08:15,2025/06/03 05:32:39,2025,69841.0,19.4003,69864.0,92376,297,1,5
brainsaw|2025/06/02 11:26:41,brainsaw,margrie,2025/06/02 11:26:41,2025/06/02 20:15:28,2025,31693.0,8.8036,31727.0,24941,206,1,2
brainsaw|2025/06/03 12:54:05,brainsaw,mrsic_flogel,2025/06/03 12:54:05,2025/06/04 06:34:43,2025,63604.0,17.6678,63638.0,20463,339,1,1
neurovision|2025/06/03 15:06:38,neurovision,mrsic_flogel,2025/06/03 15:06:38,2025/06/04 04:36:08,2025,48535.0,13.4819,48570.0,37319,384,1,3
brainsaw|2025/06/04 16:46:43,brainsaw,mrsic_flogel,2025/06/04 16:46:43,2025/06/05 15:44:00,2025,67641.0,18.7892,82637.0,22671,338,2,1
brainsaw|2025/06/05 17:24:59,brainsaw,sjones,2025/06/05 17:24:59,2025/06/06 07:30:45,2025,50711.0,14.0864,50746.0,55182,327,1,1
neurovision|2025/06/08 18:15:36,neurovision,mrsic_flogel,2025/06/08 18:15:36,2025/06/09 11:59:50,2025,63843.0,17.7342,63854.0,90764,208,1,6
brainsaw|2025/06/09 12:18:22,brainsaw,margrie,2025/06/09 12:18:22,2025/06/10 01:39:57,2025,48050.0,13.3472,48095.0,24138,306,1,1
neurovision|2025/06/09 15:17:14,neurovision,mrsic_flogel,2025/06/09 15:17:14,2025/06/10 10:33:09,2025,69334.0,19.2594,69355.0,65906,344,1,3
brainsaw|2025/06/11 14:56:14,brainsaw,branco,2025/06/11 14:56:14,2025/06/12 06:55:36,2025,57530.0,15.9806,57562.0,57136,290,1,4
neurovision|2025/06/11 15:00:51,neurovision,mrsic_flogel,2025/06/11 15:00:51,2025/06/11 23:37:59,2025,31023.0,8.6175,31028.0,34074,280,1,2
brainsaw|2025/06/13 17:10:24,brainsaw,akrami,2025/06/13 17:10:24,2025/06/14 05:09:13,2025,42920.0,11.9222,43129.0,47522,211,2,1
neurovision|2025/06/13 21:22:25,neurovision,margrie,2025/06/13 21:22:25,2025/06/14 04:57:26,2025,27229.0,7.5636,27301.0,41734,183,1,3
neurovision|2025/06/15 13:40:29,neurovision,mrsic_flogel,2025/06/15 13:40:29,2025/06/16 02:28:06,2025,46047.0,12.7908,46057.0,57130,280,1,3
neurovision|2025/06/17 11:49:07,neurovision,mrsic_flogel,2025/06/17 11:49:07,2025/06/18 13:39:31,2025,93016.0,25.8378,93024.0,99918,296,1,6
brainsaw|2025/06/17 12:29:28,brainsaw,mrsic_flogel,2025/06/17 12:29:28,2025/06/18 00:29:04,2025,43140.0,11.9833,43176.0,35939,301,1,2
neurovision|2025/06/18 15:09:51,neurovision,mrsic_flogel,2025/06/18 15:09:51,2025/06/19 02:08:19,2025,39324.0,10.9233,39508.0,19925,349,2,1
neurovision|2025/06/19 10:58:43,neurovision,mrsic_flogel,2025/06/19 10:58:43,2025/06/19 22:07:11,2025,40086.0,11.135,40108.0,19480,365,1,1
neurovision|2025/06/20 12:08:18,neurovision,margrie,2025/06/20 12:08:18,2025/06/20 21:15:14,2025,32803.0,9.1119,32816.0,40663,239,1,3
neurovision|2025/06/23 08:27:59,neurovision,mrsic_flogel,2025/06/23 08:27:59,2025/06/23 17:19:02,2025,31851.0,8.8475,31863.0,37078,280,1,2
brainsaw|2025/06/25 13:58:01,brainsaw,branco,2025/06/25 13:58:01,2025/06/26 03:14:56,2025,47786.0,13.2739,47815.0,15793,290,1,1
organgrinder|2025/06/26 10:24:49,organgrinder,mrsic_flogel,2025/06/26 10:24:49,2025/06/27 09:42:25,2025,78270.0,21.7417,83856.0,20534,269,2,1
brainsaw|2025/06/26 11:41:28,brainsaw,margrie,2025/06/26 11:41:28,2025/06/26 22:53:32,2025,40293.0,11.1925,40324.0,37032,280,1,2
neurovision|2025/06/26 12:57:03,neurovision,mrsic_flogel,2025/06/26 12:57:03,2025/06/26 21:48:24,2025,31841.0,8.8447,31881.0,20517,376,1,1
neurovision|2025/06/27 08:32:45,neurovision,mrsic_flogel,2025/06/27 08:32:45,2025/06/27 21:49:01,2025,47762.0,13.2672,47776.0,57981,280,1,3
brainsaw|2025/06/28 13:02:37,brainsaw,margrie,2025/06/28 13:02:37,2025/06/29 00:58:10,2025,42906.0,11.9183,42933.0,38687,210,1,3
neurovision|2025/06/28 13:25:52,neurovision,margrie,2025/06/28 13:25:52,2025/06/28 21:28:36,2025,28953.0,8.0425,28964.0,42701,220,1,3
brainsaw|2025/06/30 11:41:47,brainsaw,branco,2025/06/30 11:41:47,2025/07/01 02:01:46,2025,51563.0,14.3231,51599.0,50561,333,1,3
neurovision|2025/07/02 15:24:04,neurovision,mrsic_flogel,2025/07/02 15:24:04,2025/07/03 01:12:10,2025,35282.0,9.8006,35286.0,16691,272,1,1
brainsaw|2025/07/02 16:16:03,brainsaw,mrsic_flogel,2025/07/02 16:16:03,2025/07/03 09:02:50,2025,60371.0,16.7697,60407.0,76474,354,1,4
neurovision|2025/07/03 16:34:51,neurovision,mrsic_flogel,2025/07/03 16:34:51,2025/07/04 13:54:35,2025,76762.0,21.3228,76784.0,25632,337,1,1
brainsaw|2025/07/03 16:55:11,brainsaw,mrsic_flogel,2025/07/03 16:55:11,2025/07/04 09:51:31,2025,60947.0,16.9297,60980.0,20739,325,1,1
neurovision|2025/07/04 14:50:33,neurovision,mrsic_flogel,2025/07/04 14:50:33,2025/07/05 09:32:51,2025,67328.0,18.7022,67338.0,20555,340,1,1
neurovision|2025/07/07 14:55:34,neurovision,mrsic_flogel,2025/07/07 14:55:34,2025/07/08 06:02:55,2025,54428.0,15.1189,54441.0,72120,348,1,3
brainsaw|2025/07/07 14:57:16,brainsaw,mrsic_flogel,2025/07/07 14:57:16,2025/07/07 23:18:42,2025,30053.0,8.3481,30086.0,18635,319,1,1
organgrinder|2025/07/08 11:40:24,organgrinder,sjones,2025/07/08 11:40:24,2025/07/08 22:40:48,2025,39612.0,11.0033,39624.0,45448,372,1,2
neurovision|2025/07/08 13:45:00,neurovision,mrsic_flogel,2025/07/08 13:45:00,2025/07/09 09:22:48,2025,70611.0,19.6142,70668.0,59835,338,1,4
brainsaw|2025/07/08 14:25:13,brainsaw,margrie,2025/07/08 14:25:13,2025/07/08 23:52:15,2025,33993.0,9.4425,34022.0,34150,280,1,2
organgrinder|2025/07/09 11:04:35,organgrinder,mrsic_flogel,2025/07/09 11:04:35,2025/07/10 11:47:14,2025,88930.0,24.7028,88959.0,64236,286,1,4
neurovision|2025/07/09 11:36:36,neurovision,mrsic_flogel,2025/07/09 11:36:36,2025/07/10 04:46:14,2025,61767.0,17.1575,61778.0,67436,314,1,4
brainsaw|2025/07/09 11:43:38,brainsaw,mrsic_flogel,2025/07/09 11:43:38,2025/07/10 06:15:29,2025,66682.0,18.5228,66711.0,55018,329,1,3
neurovision|2025/07/10 11:58:59,neurovision,mrsic_flogel,2025/07/10 11:58:59,2025/07/11 00:02:15,2025,43391.0,12.0531,43396.0,34885,325,1,1
brainsaw|2025/07/10 12:21:14,brainsaw,mrsic_flogel,2025/07/10 12:21:14,2025/07/11 22:57:52,2025,124570.0,34.6028,124598.0,91714,341,1,5
neurovision|2025/07/11 12:30:39,neurovision,margrie,2025/07/11 12:30:39,2025/07/11 21:46:59,2025,33367.0,9.2686,33380.0,39160,290,1,2
organgrinder|2025/07/11 16:27:40,organgrinder,margrie,2025/07/11 16:27:40,2025/07/13 17:52:07,2025,51645.0,14.3458,177867.0,38426,245,2,2
neurovision|2025/07/12 12:15:01,neurovision,sjones,2025/07/12 12:15:01,2025/07/12 21:01:39,2025,31572.0,8.77,31598.0,38931,334,1,3
organgrinder|2025/07/14 11:32:01,organgrinder,akrami,2025/07/14 11:32:01,2025/07/14 16:26:04,2025,17633.0,4.8981,17643.0,11128,180,1,1
neurovision|2025/07/14 11:52:19,neurovision,margrie,2025/07/14 11:52:19,2025/07/14 20:34:11,2025,31297.0,8.6936,31312.0,36173,323,1,2
brainsaw|2025/07/14 13:10:36,brainsaw,mrsic_flogel,2025/07/14 13:10:36,2025/07/15 00:34:30,2025,41007.0,11.3908,41034.0,34513,303,1,2
organgrinder|2025/07/14 17:06:57,organgrinder,akrami,2025/07/14 17:06:57,2025/07/15 09:14:39,2025,58051.0,16.1253,58062.0,44338,276,1,1
brainsaw|2025/07/15 11:23:13,brainsaw,sjones,2025/07/15 11:23:13,2025/07/16 02:00:57,2025,52633.0,14.6203,52664.0,75439,336,1,4
neurovision|2025/07/15 12:21:30,neurovision,branco,2025/07/15 12:21:30,2025/07/16 02:41:22,2025,51572.0,14.3256,51592.0,57914,308,1,4
organgrinder|2025/07/16 12:29:05,organgrinder,akrami,2025/07/16 12:29:05,2025/07/16 14:52:02,2025,8572.0,2.3811,8577.0,5806,83,1,1
organgrinder|2025/07/17 11:38:51,organgrinder,margrie,2025/07/17 11:38:51,2025/07/17 16:25:31,2025,17187.0,4.7742,17200.0,13054,239,1,1
brainsaw|2025/07/17 13:12:48,brainsaw,branco,2025/07/17 13:12:48,2025/07/18 05:45:26,2025,59522.0,16.5339,59558.0,66376,342,1,4
brainsaw|2025/07/18 11:14:54,brainsaw,margrie,2025/07/18 11:14:54,2025/07/18 21:39:34,2025,37454.0,10.4039,37480.0,31533,241,1,2
neurovision|2025/07/18 11:38:36,neurovision,margrie,2025/07/18 11:38:36,2025/07/18 19:48:37,2025,29388.0,8.1633,29401.0,13600,221,1,1
organgrinder|2025/07/21 10:38:53,organgrinder,mrsic_flogel,2025/07/21 10:38:53,2025/07/21 18:32:30,2025,28408.0,7.8911,28417.0,15119,267,1,1
neurovision|2025/07/21 11:20:09,neurovision,mrsic_flogel,2025/07/21 11:20:09,2025/07/21 21:28:00,2025,36449.0,10.1247,36471.0,35359,351,1,2
neurovision|2025/07/22 10:40:12,neurovision,mrsic_flogel,2025/07/22 10:40:12,2025/07/23 03:28:20,2025,57963.0,16.1008,60488.0,74071,280,2,4
brainsaw|2025/07/22 12:05:20,brainsaw,mrsic_flogel,2025/07/22 12:05:20,2025/07/23 01:02:02,2025,46569.0,12.9358,46602.0,39384,263,1,3
neurovision|2025/07/23 11:29:03,neurovision,sjones,2025/07/23 11:29:03,2025/07/23 18:45:57,2025,26204.0,7.2789,26214.0,19113,322,1,1
brainsaw|2025/07/23 16:45:42,brainsaw,mrsic_flogel,2025/07/23 16:45:42,2025/07/24 11:08:33,2025,66146.0,18.3739,66171.0,84964,215,1,4
neurovision|2025/07/24 13:27:55,neurovision,mrsic_flogel,2025/07/24 13:27:55,2025/07/25 04:11:12,2025,52971.0,14.7142,52997.0,37882,369,1,3
organgrinder|2025/07/25 15:14:51,organgrinder,margrie,2025/07/25 15:14:51,2025/07/26 03:20:06,2025,43504.0,12.0844,43515.0,57591,250,1,4
neurovision|2025/07/28 11:06:36,neurovision,margrie,2025/07/28 11:06:36,2025/07/28 19:14:27,2025,29250.0,8.125,29271.0,14876,168,1,1
brainsaw|2025/07/28 12:29:28,brainsaw,branco,2025/07/28 12:29:28,2025/07/28 23:20:25,2025,39023.0,10.8397,39057.0,16270,323,1,1
organgrinder|2025/07/28 16:23:41,organgrinder,margrie,2025/07/28 16:23:41,2025/07/28 22:22:55,2025,21550.0,5.9861,21554.0,13596,250,1,1
organgrinder|2025/07/29 12:21:14,organgrinder,sjones,2025/07/29 12:21:14,2025/07/29 21:28:25,2025,32815.0,9.1153,32831.0,23639,338,1,1
neurovision|2025/07/29 13:12:16,neurovision,margrie,2025/07/29 13:12:16,2025/07/29 22:54:08,2025,34880.0,9.6889,34912.0,16826,260,1,1
brainsaw|2025/07/29 13:20:55,brainsaw,mrsic_flogel,2025/07/29 13:20:55,2025/07/30 13:27:36,2025,86778.0,24.105,86801.0,91140,250,1,5
neurovision|2025/07/30 12:08:29,neurovision,mrsic_flogel,2025/07/30 12:08:29,2025/07/31 01:19:38,2025,47450.0,13.1806,47469.0,36469,362,1,3
organgrinder|2025/07/30 13:53:51,organgrinder,mrsic_flogel,2025/07/30 13:53:51,2025/07/31 11:03:58,2025,76194.0,21.165,76207.0,42149,317,1,2
brainsaw|2025/07/30 14:26:00,brainsaw,margrie,2025/07/30 14:26:00,2025/07/30 21:00:18,2025,23173.0,6.4369,23658.0,16642,190,2,1
neurovision|2025/07/31 13:59:07,neurovision,mrsic_flogel,2025/07/31 13:59:07,2025/07/31 22:26:55,2025,30449.0,8.4581,30468.0,32680,300,1,1
brainsaw|2025/07/31 14:11:39,brainsaw,margrie,2025/07/31 14:11:39,2025/08/01 02:00:55,2025,42530.0,11.8139,42556.0,26016,240,1,2
organgrinder|2025/07/31 14:15:09,organgrinder,mrsic_flogel,2025/07/31 14:15:09,2025/07/31 22:11:05,2025,28549.0,7.9303,28556.0,14333,279,1,1
organgrinder|2025/08/05 13:17:21,organgrinder,sjones,2025/08/05 13:17:21,2025/08/06 04:18:21,2025,54049.0,15.0136,54060.0,45684,346,1,2
brainsaw|2025/08/05 14:10:49,brainsaw,margrie,2025/08/05 14:10:49,2025/08/05 18:57:48,2025,17197.0,4.7769,17219.0,11552,210,1,1
organgrinder|2025/08/06 10:24:43,organgrinder,margrie,2025/08/06 10:24:43,2025/08/06 16:08:50,2025,20642.0,5.7339,20647.0,13914,250,1,1
neurovision|2025/08/06 11:18:06,neurovision,mrsic_flogel,2025/08/06 11:18:06,2025/08/06 19:35:35,2025,29832.0,8.2867,29849.0,34422,250,1,2
brainsaw|2025/08/06 13:34:45,brainsaw,branco,2025/08/06 13:34:45,2025/08/07 05:34:52,2025,57573.0,15.9925,57607.0,66307,328,1,4
organgrinder|2025/08/06 17:00:34,organgrinder,margrie,2025/08/06 17:00:34,2025/08/06 22:58:18,2025,21453.0,5.9592,21464.0,13965,250,1,1
organgrinder|2025/08/07 10:11:04,organgrinder,margrie,2025/08/07 10:11:04,2025/08/07 15:57:22,2025,20774.0,5.7706,20778.0,13539,250,1,1
neurovision|2025/08/07 15:34:24,neurovision,mrsic_flogel,2025/08/07 15:34:24,2025/08/08 12:29:54,2025,75317.0,20.9214,75330.0,20595,314,1,1
organgrinder|2025/08/07 17:24:09,organgrinder,margrie,2025/08/07 17:24:09,2025/08/07 23:19:31,2025,21321.0,5.9225,21322.0,13532,250,1,1
organgrinder|2025/08/08 14:28:14,organgrinder,mrsic_flogel,2025/08/08 14:28:14,2025/08/09 02:37:08,2025,43723.0,12.1453,43734.0,31878,307,1,2
neurovision|2025/08/08 18:31:06,neurovision,mrsic_flogel,2025/08/08 18:31:06,2025/08/09 16:51:59,2025,79933.0,22.2036,80453.0,21062,348,2,1
brainsaw|2025/08/08 18:35:45,brainsaw,mrsic_flogel,2025/08/08 18:35:45,2025/08/09 15:46:32,2025,75654.0,21.015,76247.0,17909,332,2,1
brainsaw|2025/08/10 12:13:15,brainsaw,branco,2025/08/10 12:13:15,2025/08/11 05:31:46,2025,62278.0,17.2994,62311.0,60831,308,1,4
neurovision|2025/08/11 14:25:57,neurovision,mrsic_flogel,2025/08/11 14:25:57,2025/08/12 07:49:05,2025,62579.0,17.3831,62588.0,20188,321,1,1
brainsaw|2025/08/11 14:29:37,brainsaw,mrsic_flogel,2025/08/11 14:29:37,2025/08/12 09:04:40,2025,54485.0,15.1347,66903.0,19533,325,2,1
brainsaw|2025/08/12 11:38:49,brainsaw,mrsic_flogel,2025/08/12 11:38:49,2025/08/13 10:00:30,2025,79094.0,21.9706,80501.0,81520,313,2,2
brainsaw|2025/08/13 12:24:59,brainsaw,branco,2025/08/13 12:24:59,2025/08/13 23:26:07,2025,39634.0,11.0094,39668.0,32606,327,1,2
neurovision|2025/08/14 14:30:11,neurovision,mrsic_flogel,2025/08/14 14:30:11,2025/08/15 03:48:48,2025,47887.0,13.3019,47917.0,37620,373,1,3
brainsaw|2025/08/14 15:12:17,brainsaw,mrsic_flogel,2025/08/14 15:12:17,2025/08/15 06:18:57,2025,54361.0,15.1003,54400.0,17545,326,1,1
neurovision|2025/08/15 12:51:17,neurovision,mrsic_flogel,2025/08/15 12:51:17,2025/08/16 06:15:09,2025,62622.0,17.395,62632.0,19844,331,1,1
brainsaw|2025/08/15 12:59:38,brainsaw,mrsic_flogel,2025/08/15 12:59:38,2025/08/16 04:31:12,2025,55875.0,15.5208,55894.0,17502,338,1,1
organgrinder|2025/08/15 14:48:18,organgrinder,margrie,2025/08/15 14:48:18,2025/08/16 02:00:48,2025,40343.0,11.2064,40350.0,55367,297,1,3
organgrinder|2025/08/16 11:00:23,organgrinder,sjones,2025/08/16 11:00:23,2025/08/17 06:29:37,2025,70148.0,19.4856,70154.0,111216,331,1,4
brainsaw|2025/08/16 23:50:37,brainsaw,branco,2025/08/16 23:50:37,2025/08/17 08:47:50,2025,32208.0,8.9467,32233.0,14907,294,1,1
organgrinder|2025/08/17 10:29:00,organgrinder,sjones,2025/08/17 10:29:00,2025/08/18 08:34:56,2025,79546.0,22.0961,79556.0,77715,295,1,4
organgrinder|2025/08/18 09:14:59,organgrinder,sjones,2025/08/18 09:14:59,2025/08/19 09:44:57,2025,88191.0,24.4975,88198.0,83315,329,1,4
neurovision|2025/08/18 14:43:18,neurovision,mrsic_flogel,2025/08/18 14:43:18,2025/08/19 06:17:53,2025,56021.0,15.5614,56075.0,17506,320,1,1
organgrinder|2025/08/19 11:39:38,organgrinder,margrie,2025/08/19 11:39:38,2025/08/19 17:53:30,2025,22427.0,6.2297,22432.0,15859,302,1,1
brainsaw|2025/08/19 12:00:03,brainsaw,margrie,2025/08/19 12:00:03,2025/08/19 17:49:03,2025,20907.0,5.8075,20940.0,11395,210,1,1
neurovision|2025/08/19 13:09:34,neurovision,mrsic_flogel,2025/08/19 13:09:34,2025/08/20 09:49:18,2025,74347.0,20.6519,74384.0,57546,399,1,4
neurovision|2025/08/20 12:40:47,neurovision,mrsic_flogel,2025/08/20 12:40:47,2025/08/21 08:29:46,2025,71305.0,19.8069,71339.0,56538,386,1,4
organgrinder|2025/08/20 15:25:59,organgrinder,branco,2025/08/20 15:25:59,2025/08/20 23:59:22,2025,30782.0,8.5506,30803.0,19996,280,1,1
neurovision|2025/08/21 10:43:05,neurovision,mrsic_flogel,2025/08/21 10:43:05,2025/08/21 20:39:20,2025,35754.0,9.9317,35775.0,34836,343,1,2
organgrinder|2025/08/21 11:53:57,organgrinder,mrsic_flogel,2025/08/21 11:53:57,2025/08/22 04:20:23,2025,59174.0,16.4372,59186.0,34067,332,1,2
brainsaw|2025/08/21 15:31:59,brainsaw,margrie,2025/08/21 15:31:59,2025/08/21 20:33:16,2025,18054.0,5.015,18077.0,11881,210,1,1
organgrinder|2025/08/22 15:00:15,organgrinder,mrsic_flogel,2025/08/22 15:00:15,2025/08/23 09:08:54,2025,65312.0,18.1422,65319.0,68596,299,1,5
neurovision|2025/08/22 15:27:13,neurovision,mrsic_flogel,2025/08/22 15:27:13,2025/08/26 08:15:24,2025,123781.0,34.3836,319691.0,108911,347,2,5
organgrinder|2025/08/25 09:30:24,organgrinder,sjones,2025/08/25 09:30:24,2025/08/26 05:19:45,2025,71358.0,19.8217,71361.0,107856,321,1,4
brainsaw|2025/08/27 11:39:07,brainsaw,sjones,2025/08/27 11:39:07,2025/08/28 04:07:15,2025,59259.0,16.4608,59288.0,35254,304,1,2
organgrinder|2025/08/28 10:30:49,organgrinder,mrsic_flogel,2025/08/28 10:30:49,2025/08/29 00:25:19,2025,50067.0,13.9075,50070.0,53004,332,1,3
brainsaw|2025/08/28 11:27:13,brainsaw,okeefe,2025/08/28 11:27:13,2025/08/29 03:13:13,2025,56730.0,15.7583,56760.0,74222,321,1,4
neurovision|2025/08/28 13:59:33,neurovision,akrami,2025/08/28 13:59:33,2025/08/28 20:09:15,2025,22178.0,6.1606,22182.0,23936,186,1,2
organgrinder|2025/08/29 10:55:27,organgrinder,sjones,2025/08/29 10:55:27,2025/08/29 20:16:39,2025,33656.0,9.3489,33672.0,18999,319,1,1
brainsaw|2025/08/29 11:05:33,brainsaw,akrami,2025/08/29 11:05:33,2025/08/30 01:32:47,2025,52018.0,14.4494,52034.0,44121,212,1,1
neurovision|2025/08/29 11:13:47,neurovision,akrami,2025/08/29 11:13:47,2025/08/30 01:56:01,2025,52922.0,14.7006,52934.0,42043,201,1,1
neurovision|2025/09/01 10:06:22,neurovision,mrsic_flogel,2025/09/01 10:06:22,2025/09/01 15:55:07,2025,20914.0,5.8094,20925.0,16921,250,1,1
organgrinder|2025/09/02 11:27:18,organgrinder,mrsic_flogel,2025/09/02 11:27:18,2025/09/02 23:27:01,2025,43157.0,11.9881,43183.0,45025,292,1,3
neurovision|2025/09/02 13:33:47,neurovision,mrsic_flogel,2025/09/02 13:33:47,2025/09/02 23:33:24,2025,35952.0,9.9867,35977.0,21387,389,1,1
brainsaw|2025/09/02 15:23:22,brainsaw,akrami,2025/09/02 15:23:22,2025/09/03 03:54:19,2025,45013.0,12.5036,45057.0,39880,203,1,1
brainsaw|2025/09/03 11:25:58,brainsaw,akrami,2025/09/03 11:25:58,2025/09/03 23:05:36,2025,41960.0,11.6556,41978.0,37433,205,1,1
neurovision|2025/09/03 13:44:34,neurovision,mrsic_flogel,2025/09/03 13:44:34,2025/09/04 01:02:15,2025,40634.0,11.2872,40661.0,36879,383,1,3
neurovision|2025/09/04 14:25:26,neurovision,sjones,2025/09/04 14:25:26,2025/09/05 00:55:56,2025,37818.0,10.505,37830.0,37480,333,1,2
brainsaw|2025/09/04 15:29:46,brainsaw,branco,2025/09/04 15:29:46,2025/09/05 02:08:41,2025,38301.0,10.6392,38335.0,34168,328,1,2
organgrinder|2025/09/05 10:56:44,organgrinder,margrie,2025/09/05 10:56:44,2025/09/05 19:01:24,2025,29059.0,8.0719,29080.0,16766,309,1,1
neurovision|2025/09/05 11:08:04,neurovision,mrsic_flogel,2025/09/05 11:08:04,2025/09/05 20:29:54,2025,33694.0,9.3594,33710.0,16549,323,1,1
organgrinder|2025/09/06 12:13:35,organgrinder,sjones,2025/09/06 12:13:35,2025/09/07 04:15:51,2025,57721.0,16.0336,57736.0,86022,345,1,4
organgrinder|2025/09/08 11:50:39,organgrinder,mrsic_flogel,2025/09/08 11:50:39,2025/09/09 12:50:13,2025,89964.0,24.99,89974.0,22245,365,1,1
brainsaw|2025/09/08 14:49:43,brainsaw,mrsic_flogel,2025/09/08 14:49:43,2025/09/09 05:38:19,2025,53275.0,14.7986,53316.0,18428,348,1,1
brainsaw|2025/09/09 12:00:07,brainsaw,mrsic_flogel,2025/09/09 12:00:07,2025/09/10 02:50:14,2025,53369.0,14.8247,53407.0,17973,356,1,1
neurovision|2025/09/09 12:07:10,neurovision,mrsic_flogel,2025/09/09 12:07:10,2025/09/10 06:09:27,2025,64916.0,18.0322,64937.0,19266,342,1,1
neurovision|2025/09/10 11:36:43,neurovision,mrsic_flogel,2025/09/10 11:36:43,2025/09/11 00:52:47,2025,47755.0,13.2653,47764.0,30976,302,1,2
organgrinder|2025/09/10 13:21:26,organgrinder,sjones,2025/09/10 13:21:26,2025/09/11 09:14:19,2025,71552.0,19.8756,71573.0,76866,361,1,4
organgrinder|2025/09/11 13:25:34,organgrinder,sjones,2025/09/11 13:25:34,2025/09/12 08:20:04,2025,68060.0,18.9056,68070.0,73436,350,1,4
neurovision|2025/09/11 15:52:30,neurovision,sjones,2025/09/11 15:52:30,2025/09/12 08:34:31,2025,60113.0,16.6981,60121.0,70455,304,1,4
brainsaw|2025/09/11 18:24:50,brainsaw,margrie,2025/09/11 18:24:50,2025/09/12 00:14:25,2025,20948.0,5.8189,20975.0,15754,277,1,1
brainsaw|2025/09/12 13:46:03,brainsaw,margrie,2025/09/12 13:46:03,2025/09/13 00:05:10,2025,37123.0,10.3119,37147.0,44924,311,1,2
brainsaw|2025/09/16 12:56:19,brainsaw,akrami,2025/09/16 12:56:19,2025/09/17 01:39:05,2025,45734.0,12.7039,45766.0,42456,353,1,1
organgrinder|2025/09/18 11:37:55,organgrinder,margrie,2025/09/18 11:37:55,2025/09/18 17:48:14,2025,22206.0,6.1683,22219.0,13939,259,1,1
brainsaw|2025/09/18 17:18:45,brainsaw,mrsic_flogel,2025/09/18 17:18:45,2025/09/18 18:36:20,2025,3872.0,1.0756,4655.0,6384,24,2,2
neurovision|2025/09/19 11:10:01,neurovision,mrsic_flogel,2025/09/19 11:10:01,2025/09/20 02:29:57,2025,55170.0,15.325,55196.0,52837,337,1,3
organgrinder|2025/09/21 14:51:40,organgrinder,margrie,2025/09/21 14:51:40,2025/09/21 21:18:45,2025,23217.0,6.4492,23225.0,15138,253,1,1
brainsaw|2025/09/21 14:52:24,brainsaw,margrie,2025/09/21 14:52:24,2025/09/21 23:09:17,2025,29771.0,8.2697,29813.0,22729,273,1,1
brainsaw|2025/09/22 10:55:22,brainsaw,mrsic_flogel,2025/09/22 10:55:22,2025/09/22 19:49:47,2025,32035.0,8.8986,32065.0,18461,322,1,1
organgrinder|2025/09/22 11:49:53,organgrinder,margrie,2025/09/22 11:49:53,2025/09/22 22:59:10,2025,40145.0,11.1514,40157.0,22465,323,1,2
neurovision|2025/09/23 10:55:42,neurovision,mrsic_flogel,2025/09/23 10:55:42,2025/09/23 21:42:44,2025,38809.0,10.7803,38822.0,36934,345,1,2
organgrinder|2025/09/23 12:10:20,organgrinder,sjones,2025/09/23 12:10:20,2025/09/24 02:28:32,2025,51480.0,14.3,51492.0,20264,309,1,1
neurovision|2025/09/24 11:08:40,neurovision,mrsic_flogel,2025/09/24 11:08:40,2025/09/24 19:11:20,2025,28950.0,8.0417,28960.0,32762,250,1,2
organgrinder|2025/09/24 11:25:32,organgrinder,mrsic_flogel,2025/09/24 11:25:32,2025/09/25 07:52:10,2025,73591.0,20.4419,73598.0,82210,350,1,4
brainsaw|2025/09/24 14:37:14,brainsaw,branco,2025/09/24 14:37:14,2025/09/25 03:33:22,2025,46532.0,12.9256,46568.0,26416,320,1,2
organgrinder|2025/09/25 11:50:24,organgrinder,margrie,2025/09/25 11:50:24,2025/09/25 17:09:48,2025,19158.0,5.3217,19164.0,13069,223,1,1
brainsaw|2025/09/25 15:29:27,brainsaw,branco,2025/09/25 15:29:27,2025/09/26 04:05:15,2025,45311.0,12.5864,45348.0,24779,340,1,2
organgrinder|2025/09/26 11:52:10,organgrinder,margrie,2025/09/26 11:52:10,2025/09/26 19:31:53,2025,27572.0,7.6589,27583.0,26495,233,1,2
brainsaw|2025/09/26 16:00:14,brainsaw,margrie,2025/09/26 16:00:14,2025/09/27 00:22:34,2025,30107.0,8.3631,30140.0,33935,280,1,3
neurovision|2025/09/29 11:26:24,neurovision,mrsic_flogel,2025/09/29 11:26:24,2025/09/30 00:12:50,2025,45964.0,12.7678,45986.0,52869,330,1,3
organgrinder|2025/09/29 13:20:52,organgrinder,margrie,2025/09/29 13:20:52,2025/09/29 18:31:21,2025,18611.0,5.1697,18629.0,12240,229,1,1
neurovision|2025/09/30 12:07:44,neurovision,sjones,2025/09/30 12:07:44,2025/10/01 04:32:29,2025,59065.0,16.4069,59085.0,89472,362,1,4
organgrinder|2025/09/30 13:26:39,organgrinder,sjones,2025/09/30 13:26:39,2025/10/01 06:20:36,2025,60816.0,16.8933,60837.0,74907,342,1,4
brainsaw|2025/10/01 16:16:27,brainsaw,branco,2025/10/01 16:16:27,2025/10/02 02:23:14,2025,36375.0,10.1042,36407.0,12879,344,1,1
neurovision|2025/10/01 16:17:20,neurovision,mrsic_flogel,2025/10/01 16:17:20,2025/10/02 01:54:56,2025,34631.0,9.6197,34656.0,21487,380,1,1
neurovision|2025/10/02 09:56:35,neurovision,mrsic_flogel,2025/10/02 09:56:35,2025/10/03 04:16:07,2025,62971.0,17.4919,65972.0,68878,304,2,4
brainsaw|2025/10/02 14:51:43,brainsaw,branco,2025/10/02 14:51:43,2025/10/03 00:59:09,2025,36403.0,10.1119,36446.0,12929,350,1,1
organgrinder|2025/10/03 14:45:41,organgrinder,margrie,2025/10/03 14:45:41,2025/10/03 20:34:16,2025,20905.0,5.8069,20915.0,12837,249,1,1
neurovision|2025/10/03 15:21:21,neurovision,mrsic_flogel,2025/10/03 15:21:21,2025/10/04 06:50:48,2025,55735.0,15.4819,55767.0,19162,419,1,1
brainsaw|2025/10/06 12:33:52,brainsaw,branco,2025/10/06 12:33:52,2025/10/06 22:28:09,2025,35638.0,9.8994,35657.0,31340,300,1,2
organgrinder|2025/10/06 15:00:29,organgrinder,sjones,2025/10/06 15:00:29,2025/10/07 02:14:46,2025,40446.0,11.235,40457.0,38669,346,1,2
brainsaw|2025/10/07 10:35:12,brainsaw,akrami,2025/10/07 10:35:12,2025/10/08 04:36:50,2025,64866.0,18.0183,64898.0,78384,332,1,2
brainsaw|2025/10/08 14:31:31,brainsaw,branco,2025/10/08 14:31:31,2025/10/09 04:51:20,2025,51549.0,14.3192,51589.0,28058,350,1,2
neurovision|2025/10/09 10:58:15,neurovision,branco,2025/10/09 10:58:15,2025/10/10 02:44:35,2025,56769.0,15.7692,56780.0,81364,320,1,5
brainsaw|2025/10/09 14:58:50,brainsaw,branco,2025/10/09 14:58:50,2025/10/10 05:29:20,2025,52202.0,14.5006,52230.0,28610,365,1,2
organgrinder|2025/10/10 10:32:21,organgrinder,sjones,2025/10/10 10:32:21,2025/10/10 21:05:32,2025,34723.0,9.6453,37991.0,18180,243,3,1
brainsaw|2025/10/10 14:48:35,brainsaw,branco,2025/10/10 14:48:35,2025/10/11 06:12:15,2025,55392.0,15.3867,55420.0,30988,348,1,2
brainsaw|2025/10/13 14:27:13,brainsaw,mrsic_flogel,2025/10/13 14:27:13,2025/10/13 23:19:30,2025,31919.0,8.8664,31937.0,15685,288,1,1
brainsaw|2025/10/15 11:44:32,brainsaw,branco,2025/10/15 11:44:32,2025/10/16 00:46:25,2025,46889.0,13.0247,46913.0,33108,301,1,2
neurovision|2025/10/15 12:08:44,neurovision,sjones,2025/10/15 12:08:44,2025/10/15 20:23:07,2025,29650.0,8.2361,29663.0,18204,334,1,1
organgrinder|2025/10/16 10:33:18,organgrinder,sjones,2025/10/16 10:33:18,2025/10/16 20:05:02,2025,33106.0,9.1961,34304.0,16561,248,2,1
neurovision|2025/10/16 11:28:51,neurovision,akrami,2025/10/16 11:28:51,2025/10/17 13:27:53,2025,93448.0,25.9578,93542.0,110196,425,2,2
organgrinder|2025/10/17 10:25:40,organgrinder,sjones,2025/10/17 10:25:40,2025/10/17 23:17:44,2025,39434.0,10.9539,46324.0,19026,285,3,1
brainsaw|2025/10/17 11:49:10,brainsaw,sjones,2025/10/17 11:49:10,2025/10/17 22:26:02,2025,38183.0,10.6064,38212.0,20598,302,1,1
neurovision|2025/10/17 13:59:23,neurovision,margrie,2025/10/17 13:59:23,2025/10/17 21:23:49,2025,26653.0,7.4036,26666.0,13256,231,1,1
organgrinder|2025/10/22 15:08:47,organgrinder,margrie,2025/10/22 15:08:47,2025/10/22 21:48:17,2025,23951.0,6.6531,23970.0,24429,222,1,2
neurovision|2025/10/23 11:08:01,neurovision,akrami,2025/10/23 11:08:01,2025/10/24 00:27:19,2025,47946.0,13.3183,47958.0,33255,251,1,1
organgrinder|2025/10/23 11:53:58,organgrinder,margrie,2025/10/23 11:53:58,2025/10/23 17:08:05,2025,18837.0,5.2325,18847.0,13750,239,1,1
neurovision|2025/10/24 11:35:12,neurovision,branco,2025/10/24 11:35:12,2025/10/24 22:58:57,2025,41006.0,11.3906,41025.0,33073,311,1,2
brainsaw|2025/10/24 12:23:29,brainsaw,mrsic_flogel,2025/10/24 12:23:29,2025/10/24 21:37:34,2025,33225.0,9.2292,33245.0,16494,279,1,1
neurovision|2025/10/27 10:46:20,neurovision,mrsic_flogel,2025/10/27 10:46:20,2025/10/28 01:48:02,2025,54083.0,15.0231,54102.0,53777,379,1,3
neurovision|2025/10/28 12:14:02,neurovision,mrsic_flogel,2025/10/28 12:14:02,2025/10/29 02:29:11,2025,51281.0,14.2447,51309.0,38889,366,1,3
neurovision|2025/10/29 11:38:18,neurovision,mrsic_flogel,2025/10/29 11:38:18,2025/10/29 21:13:39,2025,34519.0,9.5886,34521.0,45399,250,1,3
neurovision|2025/10/30 12:45:07,neurovision,mrsic_flogel,2025/10/30 12:45:07,2025/10/31 04:32:32,2025,56828.0,15.7856,56845.0,43752,384,1,3
brainsaw|2025/10/31 13:06:31,brainsaw,sjones,2025/10/31 13:06:31,2025/11/01 00:12:20,2025,39918.0,11.0883,39949.0,13128,269,1,1
neurovision|2025/11/03 09:34:50,neurovision,mrsic_flogel,2025/11/03 09:34:50,2025/11/03 21:19:37,2025,42274.0,11.7428,42287.0,37210,280,1,2
neurovision|2025/11/05 09:25:14,neurovision,mrsic_flogel,2025/11/05 09:25:14,2025/11/06 02:23:54,2025,61110.0,16.975,61120.0,35607,280,1,2
brainsaw|2025/11/05 12:12:25,brainsaw,sjones,2025/11/05 12:12:25,2025/11/05 22:06:59,2025,35633.0,9.8981,35674.0,20329,336,1,1
neurovision|2025/11/06 09:30:35,neurovision,mrsic_flogel,2025/11/06 09:30:35,2025/11/07 03:35:52,2025,65107.0,18.0853,65117.0,38487,280,1,2
brainsaw|2025/11/06 15:05:15,brainsaw,margrie,2025/11/06 15:05:15,2025/11/06 23:26:32,2025,30061.0,8.3503,30077.0,45430,160,1,4
organgrinder|2025/11/07 11:55:07,organgrinder,margrie,2025/11/07 11:55:07,2025/11/07 17:29:41,2025,20057.0,5.5714,20074.0,14425,246,1,1
neurovision|2025/11/07 14:15:53,neurovision,mrsic_flogel,2025/11/07 14:15:53,2025/11/08 11:22:29,2025,75963.0,21.1008,75996.0,70227,383,1,5
neurovision|2025/11/09 11:03:13,neurovision,mrsic_flogel,2025/11/09 11:03:13,2025/11/10 04:28:20,2025,62700.0,17.4167,62707.0,38537,280,1,2
neurovision|2025/11/10 09:25:29,neurovision,mrsic_flogel,2025/11/10 09:25:29,2025/11/11 03:04:56,2025,63543.0,17.6508,63567.0,39316,280,1,2
brainsaw|2025/11/10 11:20:28,brainsaw,mrsic_flogel,2025/11/10 11:20:28,2025/11/11 09:32:12,2025,79874.0,22.1872,79904.0,67754,358,1,4
neurovision|2025/11/12 09:24:26,neurovision,mrsic_flogel,2025/11/12 09:24:26,2025/11/12 21:27:05,2025,43348.0,12.0411,43359.0,21548,280,1,1
neurovision|2025/11/13 12:36:01,neurovision,mrsic_flogel,2025/11/13 12:36:01,2025/11/14 13:06:20,2025,88196.0,24.4989,88219.0,88950,384,1,5
organgrinder|2025/11/13 13:17:36,organgrinder,sjones,2025/11/13 13:17:36,2025/11/13 21:53:18,2025,30927.0,8.5908,30942.0,19844,347,1,1
organgrinder|2025/11/14 14:13:47,organgrinder,akrami,2025/11/14 14:13:47,2025/11/15 03:20:52,2025,47221.0,13.1169,47225.0,45146,199,1,1
brainsaw|2025/11/14 14:49:57,brainsaw,akrami,2025/11/14 14:49:57,2025/11/15 02:33:16,2025,42179.0,11.7164,42199.0,49512,223,1,1
brainsaw|2025/11/17 11:46:08,brainsaw,margrie,2025/11/17 11:46:08,2025/11/17 17:27:25,2025,20456.0,5.6822,20477.0,28747,210,1,2
brainsaw|2025/11/18 13:51:18,brainsaw,margrie,2025/11/18 13:51:18,2025/11/18 18:16:56,2025,15913.0,4.4203,15938.0,15134,210,1,1
neurovision|2025/11/19 09:30:36,neurovision,mrsic_flogel,2025/11/19 09:30:36,2025/11/20 02:18:42,2025,60474.0,16.7983,60486.0,37439,280,1,2
brainsaw|2025/11/19 11:02:54,brainsaw,akrami,2025/11/19 11:02:54,2025/11/19 21:34:08,2025,37825.0,10.5069,37874.0,45705,194,1,1
neurovision|2025/11/20 09:45:39,neurovision,mrsic_flogel,2025/11/20 09:45:39,2025/11/21 02:57:57,2025,61934.0,17.2039,61938.0,37523,280,1,2
brainsaw|2025/11/20 10:49:06,brainsaw,akrami,2025/11/20 10:49:06,2025/11/20 20:49:02,2025,35952.0,9.9867,35996.0,42913,184,1,1
neurovision|2025/11/21 09:53:12,neurovision,mrsic_flogel,2025/11/21 09:53:12,2025/11/22 03:31:46,2025,62310.0,17.3083,63514.0,38395,280,2,2
organgrinder|2025/11/24 12:59:36,organgrinder,sjones,2025/11/24 12:59:36,2025/11/24 21:31:38,2025,30698.0,8.5272,30722.0,20721,343,1,1
neurovision|2025/11/24 14:49:38,neurovision,mrsic_flogel,2025/11/24 14:49:38,2025/11/25 00:05:08,2025,33291.0,9.2475,33330.0,20488,367,1,1
brainsaw|2025/11/25 11:34:22,brainsaw,sjones,2025/11/25 11:34:22,2025/11/25 19:57:16,2025,30154.0,8.3761,30174.0,16212,279,1,1
organgrinder|2025/11/25 12:24:53,organgrinder,sjones,2025/11/25 12:24:53,2025/11/25 23:12:29,2025,29685.0,8.2458,38856.0,19417,271,2,1
neurovision|2025/11/26 09:29:01,neurovision,mrsic_flogel,2025/11/26 09:29:01,2025/11/27 01:50:35,2025,58875.0,16.3542,58894.0,34465,280,1,2
organgrinder|2025/11/26 10:48:34,organgrinder,akrami,2025/11/26 10:48:34,2025/11/26 22:14:57,2025,38624.0,10.7289,41183.0,37442,331,2,1
brainsaw|2025/11/26 12:47:33,brainsaw,sjones,2025/11/26 12:47:33,2025/11/27 06:17:22,2025,62955.0,17.4875,62989.0,36379,310,1,2
neurovision|2025/11/27 09:38:09,neurovision,mrsic_flogel,2025/11/27 09:38:09,2025/11/28 02:03:29,2025,59110.0,16.4194,59120.0,34982,280,1,2
organgrinder|2025/11/27 12:33:33,organgrinder,sjones,2025/11/27 12:33:33,2025/11/27 21:21:44,2025,31678.0,8.7994,31691.0,20235,349,1,1
neurovision|2025/11/28 13:19:29,neurovision,sjones,2025/11/28 13:19:29,2025/11/28 22:20:40,2025,32459.0,9.0164,32471.0,19098,325,1,1
organgrinder|2025/12/01 13:02:35,organgrinder,margrie,2025/12/01 13:02:35,2025/12/01 17:50:11,2025,17246.0,4.7906,17256.0,13411,236,1,1
neurovision|2025/12/01 13:51:14,neurovision,mrsic_flogel,2025/12/01 13:51:14,2025/12/02 04:17:09,2025,51938.0,14.4272,51955.0,52655,325,1,3
neurovision|2025/12/02 13:41:33,neurovision,mrsic_flogel,2025/12/02 13:41:33,2025/12/02 22:15:08,2025,30804.0,8.5567,30815.0,17025,352,1,1
organgrinder|2025/12/02 13:52:04,organgrinder,sjones,2025/12/02 13:52:04,2025/12/03 00:15:57,2025,37412.0,10.3922,37433.0,24009,355,1,1
brainsaw|2025/12/02 17:45:36,brainsaw,branco,2025/12/02 17:45:36,2025/12/03 06:03:00,2025,44214.0,12.2817,44244.0,33868,322,1,2
brainsaw|2025/12/03 11:56:28,brainsaw,sjones,2025/12/03 11:56:28,2025/12/03 21:14:01,2025,33422.0,9.2839,33453.0,18325,288,1,1
organgrinder|2025/12/03 12:48:41,organgrinder,sjones,2025/12/03 12:48:41,2025/12/03 22:59:47,2025,36653.0,10.1814,36666.0,24342,376,1,1
neurovision|2025/12/03 12:57:16,neurovision,sjones,2025/12/03 12:57:16,2025/12/03 21:46:09,2025,31711.0,8.8086,31733.0,19818,335,1,1
neurovision|2025/12/04 09:19:44,neurovision,mrsic_flogel,2025/12/04 09:19:44,2025/12/05 01:46:02,2025,59173.0,16.4369,59178.0,35255,280,1,2
brainsaw|2025/12/04 10:08:10,brainsaw,akrami,2025/12/04 10:08:10,2025/12/05 04:02:48,2025,64437.0,17.8992,64478.0,57934,477,1,1
organgrinder|2025/12/04 14:20:53,organgrinder,margrie,2025/12/04 14:20:53,2025/12/05 00:17:19,2025,35767.0,9.9353,35786.0,43131,255,1,3
neurovision|2025/12/05 09:48:11,neurovision,akrami,2025/12/05 09:48:11,2025/12/06 04:50:25,2025,68516.0,19.0322,68534.0,57848,484,1,1
organgrinder|2025/12/05 12:56:55,organgrinder,sjones,2025/12/05 12:56:55,2025/12/05 22:18:54,2025,33699.0,9.3608,33719.0,22130,339,1,1
neurovision|2025/12/06 08:42:18,neurovision,mrsic_flogel,2025/12/06 08:42:18,2025/12/07 02:17:28,2025,63294.0,17.5817,63310.0,36922,280,1,2
neurovision|2025/12/07 08:45:33,neurovision,mrsic_flogel,2025/12/07 08:45:33,2025/12/08 01:34:03,2025,60503.0,16.8064,60510.0,34556,280,1,2
brainsaw|2025/12/08 11:13:57,brainsaw,akrami,2025/12/08 11:13:57,2025/12/08 16:46:11,2025,19907.0,5.5297,19934.0,11766,179,1,1
brainsaw|2025/12/09 13:41:01,brainsaw,branco,2025/12/09 13:41:01,2025/12/10 08:30:27,2025,67734.0,18.815,67766.0,51369,360,1,3
organgrinder|2025/12/10 11:29:26,organgrinder,margrie,2025/12/10 11:29:26,2025/12/10 16:34:52,2025,18318.0,5.0883,18326.0,14313,249,1,1
brainsaw|2025/12/10 11:54:57,brainsaw,akrami,2025/12/10 11:54:57,2025/12/11 02:12:58,2025,51453.0,14.2925,51481.0,59264,282,1,4
neurovision|2025/12/10 12:09:54,neurovision,sjones,2025/12/10 12:09:54,2025/12/10 19:31:23,2025,26472.0,7.3533,26489.0,18789,325,1,1
brainsaw|2025/12/11 12:54:43,brainsaw,branco,2025/12/11 12:54:43,2025/12/12 08:12:33,2025,69429.0,19.2858,69470.0,51639,354,1,3
organgrinder|2025/12/11 12:58:08,organgrinder,margrie,2025/12/11 12:58:08,2025/12/11 20:08:32,2025,25813.0,7.1703,25824.0,30283,261,1,2
brainsaw|2025/12/12 09:22:01,brainsaw,mrsic_flogel,2025/12/12 09:22:01,2025/12/13 02:36:12,2025,55466.0,15.4072,62051.0,32318,311,4,2
brainsaw|2025/12/13 09:25:55,brainsaw,mrsic_flogel,2025/12/13 09:25:55,2025/12/14 00:33:36,2025,54435.0,15.1208,54461.0,31431,280,1,2
neurovision|2025/12/13 09:26:47,neurovision,mrsic_flogel,2025/12/13 09:26:47,2025/12/14 01:42:22,2025,58521.0,16.2558,58535.0,35272,280,1,2
neurovision|2025/12/15 14:37:06,neurovision,branco,2025/12/15 14:37:06,2025/12/16 12:39:45,2025,79340.0,22.0389,79359.0,73008,320,1,4
brainsaw|2025/12/15 14:55:34,brainsaw,branco;margrie,2025/12/15 14:55:34,2025/12/16 20:15:11,2025,105148.0,29.2078,105577.0,67558,325,2,4
organgrinder|2025/12/16 14:09:50,organgrinder,okeefe,2025/12/16 14:09:50,2025/12/17 01:28:40,2025,40725.0,11.3125,40730.0,50109,248,1,4
neurovision|2025/12/16 15:51:43,neurovision,mrsic_flogel,2025/12/16 15:51:43,2025/12/17 04:46:22,2025,46451.0,12.9031,46479.0,36563,367,1,3
neurovision|2025/12/17 15:01:01,neurovision,okeefe,2025/12/17 15:01:01,2025/12/17 23:37:42,2025,30984.0,8.6067,31001.0,25934,253,1,2
brainsaw|2025/12/17 15:22:56,brainsaw,branco;margrie,2025/12/17 15:22:56,2025/12/18 12:52:33,2025,77335.0,21.4819,77377.0,71507,352,1,4
neurovision|2025/12/18 14:18:11,neurovision,margrie,2025/12/18 14:18:11,2025/12/19 20:28:12,2025,108586.0,30.1628,108601.0,71287,300,1,4
brainsaw|2025/12/18 14:18:45,brainsaw,margrie,2025/12/18 14:18:45,2025/12/18 22:03:07,2025,27835.0,7.7319,27862.0,31090,250,1,2
organgrinder|2025/12/19 11:53:25,organgrinder,mrsic_flogel,2025/12/19 11:53:25,2025/12/20 04:35:35,2025,59021.0,16.3947,60130.0,51736,329,2,3
organgrinder|2026/01/07 13:35:52,organgrinder,mrsic_flogel,2026/01/07 13:35:52,2026/01/08 04:07:05,2026,52264.0,14.5178,52273.0,51379,357,1,3
neurovision|2026/01/07 16:11:52,neurovision,branco,2026/01/07 16:11:52,2026/01/08 03:24:14,2026,40326.0,11.2017,40342.0,16539,307,1,1
neurovision|2026/01/09 09:19:56,neurovision,mrsic_flogel,2026/01/09 09:19:56,2026/01/10 01:01:58,2026,56505.0,15.6958,56522.0,34222,280,1,2
brainsaw|2026/01/09 13:58:02,brainsaw,branco,2026/01/09 13:58:02,2026/01/10 10:42:12,2026,74621.0,20.7281,74650.0,48654,306,1,3
neurovision|2026/01/10 12:04:24,neurovision,mrsic_flogel,2026/01/10 12:04:24,2026/01/11 04:16:52,2026,58335.0,16.2042,58348.0,34668,280,1,2
neurovision|2026/01/12 09:12:12,neurovision,mrsic_flogel,2026/01/12 09:12:12,2026/01/13 01:39:14,2026,59204.0,16.4456,59222.0,34848,280,1,2
brainsaw|2026/01/12 12:52:15,brainsaw,mrsic_flogel,2026/01/12 12:52:15,2026/01/13 07:40:40,2026,67675.0,18.7986,67705.0,80138,344,1,4
neurovision|2026/01/13 11:41:42,neurovision,branco,2026/01/13 11:41:42,2026/01/13 23:56:02,2026,44036.0,12.2322,44060.0,38387,339,1,2
neurovision|2026/01/14 10:46:22,neurovision,akrami,2026/01/14 10:46:22,2026/01/15 00:30:43,2026,49161.0,13.6558,49461.0,46698,372,2,1
brainsaw|2026/01/14 11:41:53,brainsaw,okeefe,2026/01/14 11:41:53,2026/01/15 03:42:38,2026,57618.0,16.005,57645.0,71255,267,1,3
brainsaw|2026/01/15 09:52:01,brainsaw,mrsic_flogel,2026/01/15 09:52:01,2026/01/16 00:08:08,2026,51332.0,14.2589,51367.0,61691,280,1,4
organgrinder|2026/01/15 11:46:19,organgrinder,akrami,2026/01/15 11:46:19,2026/01/16 06:25:15,2026,67126.0,18.6461,67136.0,54501,216,1,1
brainsaw|2026/01/19 15:27:45,brainsaw,branco,2026/01/19 15:27:45,2026/01/20 03:35:51,2026,43655.0,12.1264,43686.0,33474,292,1,2
neurovision|2026/01/20 10:58:01,neurovision,mrsic_flogel,2026/01/20 10:58:01,2026/01/21 03:58:58,2026,61242.0,17.0117,61257.0,70475,317,1,4
brainsaw|2026/01/20 12:15:31,brainsaw,branco,2026/01/20 12:15:31,2026/01/21 00:21:29,2026,43523.0,12.0897,43558.0,13533,323,1,1
brainsaw|2026/01/21 16:41:56,brainsaw,mrsic_flogel,2026/01/21 16:41:56,2026/01/22 12:31:40,2026,71359.0,19.8219,71384.0,98156,292,1,6
neurovision|2026/01/23 15:41:31,neurovision,branco,2026/01/23 15:41:31,2026/01/23 21:48:33,2026,21997.0,6.1103,22022.0,15001,287,1,1
brainsaw|2026/01/26 11:55:17,brainsaw,mrsic_flogel,2026/01/26 11:55:17,2026/01/27 07:16:40,2026,69646.0,19.3461,69683.0,88926,302,1,6
neurovision|2026/01/28 17:00:49,neurovision,margrie,2026/01/28 17:00:49,2026/01/29 01:06:06,2026,29097.0,8.0825,29117.0,33982,300,1,2
neurovision|2026/01/29 17:12:33,neurovision,mrsic_flogel,2026/01/29 17:12:33,2026/01/30 10:05:43,2026,60772.0,16.8811,60790.0,78406,355,1,4
neurovision|2026/01/30 11:30:32,neurovision,mrsic_flogel,2026/01/30 11:30:32,2026/01/31 05:52:27,2026,66099.0,18.3608,66115.0,70889,321,1,4
neurovision|2026/01/31 19:12:51,neurovision,mrsic_flogel,2026/01/31 19:12:51,2026/02/01 11:08:40,2026,57335.0,15.9264,57349.0,59597,294,1,3
brainsaw|2026/02/02 11:18:42,brainsaw,mrsic_flogel,2026/02/02 11:18:42,2026/02/03 05:05:59,2026,63999.0,17.7775,64037.0,71282,330,1,4
brainsaw|2026/02/03 11:03:15,brainsaw,mrsic_flogel,2026/02/03 11:03:15,2026/02/04 02:14:10,2026,54618.0,15.1717,54655.0,51109,334,1,3
neurovision|2026/02/03 12:59:08,neurovision,mrsic_flogel,2026/02/03 12:59:08,2026/02/04 08:47:10,2026,71251.0,19.7919,71282.0,56001,389,1,4
neurovision|2026/02/04 13:53:05,neurovision,mrsic_flogel,2026/02/04 13:53:05,2026/02/05 09:21:59,2026,70113.0,19.4758,70134.0,101204,339,1,5
brainsaw|2026/02/04 16:09:28,brainsaw,mrsic_flogel,2026/02/04 16:09:28,2026/02/05 08:03:11,2026,57009.0,15.8358,57223.0,86141,221,1,6
neurovision|2026/02/05 13:25:13,neurovision,mrsic_flogel,2026/02/05 13:25:13,2026/02/05 22:19:20,2026,32036.0,8.8989,32047.0,30384,245,1,2
neurovision|2026/02/06 15:32:17,neurovision,branco,2026/02/06 15:32:17,2026/02/07 00:22:51,2026,31816.0,8.8378,31834.0,19065,327,1,1
neurovision|2026/02/07 16:59:20,neurovision,mrsic_flogel,2026/02/07 16:59:20,2026/02/08 13:17:29,2026,73065.0,20.2958,73089.0,72685,316,1,4
neurovision|2026/02/09 11:39:18,neurovision,mrsic_flogel,2026/02/09 11:39:18,2026/02/09 23:35:09,2026,42920.0,11.9222,42951.0,36061,342,1,2
brainsaw|2026/02/09 14:32:16,brainsaw,margrie,2026/02/09 14:32:16,2026/02/09 21:17:20,2026,17715.0,4.9208,24304.0,16755,230,2,1
neurovision|2026/02/10 15:37:11,neurovision,branco,2026/02/10 15:37:11,2026/02/11 04:42:30,2026,47112.0,13.0867,47119.0,76478,280,1,4
brainsaw|2026/02/11 10:21:13,brainsaw,okeefe,2026/02/11 10:21:13,2026/02/11 14:15:56,2026,14067.0,3.9075,14083.0,6995,127,1,1
brainsaw|2026/02/11 15:01:48,brainsaw,okeefe,2026/02/11 15:01:48,2026/02/12 15:18:04,2026,22791.0,6.3308,87376.0,12494,219,2,1
organgrinder|2026/02/12 10:55:11,organgrinder,akrami,2026/02/12 10:55:11,2026/02/13 02:33:01,2026,56259.0,15.6275,56270.0,49312,434,1,1
brainsaw|2026/02/12 16:47:33,brainsaw,okeefe,2026/02/12 16:47:33,2026/02/13 01:52:17,2026,32164.0,8.9344,32684.0,25629,250,2,3
brainsaw|2026/02/13 11:30:09,brainsaw,akrami,2026/02/13 11:30:09,2026/02/14 00:19:49,2026,46144.0,12.8178,46180.0,53035,204,1,1
organgrinder|2026/02/13 12:21:27,organgrinder,sjones,2026/02/13 12:21:27,2026/02/13 20:15:18,2026,28415.0,7.8931,28431.0,19535,326,1,1
brainsaw|2026/02/17 10:55:12,brainsaw,okeefe,2026/02/17 10:55:12,2026/02/17 18:32:10,2026,27403.0,7.6119,27418.0,22624,163,1,1
brainsaw|2026/02/18 12:59:02,brainsaw,okeefe,2026/02/18 12:59:02,2026/02/18 20:05:02,2026,25545.0,7.0958,25560.0,19710,173,1,1
brainsaw|2026/02/19 17:56:32,brainsaw,margrie,2026/02/19 17:56:32,2026/02/20 05:20:36,2026,41022.0,11.395,41044.0,37549,230,1,3
brainsaw|2026/02/20 12:46:32,brainsaw,mrsic_flogel,2026/02/20 12:46:32,2026/02/20 21:27:37,2026,31247.0,8.6797,31265.0,29059,253,1,2
brainsaw|2026/02/23 14:08:57,brainsaw,mrsic_flogel,2026/02/23 14:08:57,2026/02/24 00:39:58,2026,37825.0,10.5069,37861.0,17243,379,1,2
brainsaw|2026/02/24 14:30:35,brainsaw,mrsic_flogel,2026/02/24 14:30:35,2026/02/25 08:25:09,2026,64428.0,17.8967,64474.0,50061,396,1,4
organgrinder|2026/02/25 11:56:56,organgrinder,mrsic_flogel,2026/02/25 11:56:56,2026/02/25 23:23:52,2026,41208.0,11.4467,41216.0,49299,307,1,3
brainsaw|2026/02/25 16:15:09,brainsaw,branco,2026/02/25 16:15:09,2026/02/26 06:03:57,2026,49705.0,13.8069,49728.0,48722,318,1,3
brainsaw|2026/02/26 09:08:51,brainsaw,mrsic_flogel,2026/02/26 09:08:51,2026/02/26 22:01:35,2026,46330.0,12.8694,46364.0,31182,301,1,2
brainsaw|2026/02/27 14:48:30,brainsaw,branco,2026/02/27 14:48:30,2026/02/28 02:23:14,2026,41650.0,11.5694,41684.0,36138,330,1,2
brainsaw|2026/02/28 16:18:11,brainsaw,mrsic_flogel,2026/02/28 16:18:11,2026/03/01 07:40:51,2026,55323.0,15.3675,55360.0,61739,308,1,4
brainsaw|2026/03/01 18:40:18,brainsaw,mrsic_flogel,2026/03/01 18:40:18,2026/03/02 10:20:08,2026,56287.0,15.6353,56390.0,74970,257,1,4
organgrinder|2026/03/04 16:25:44,organgrinder,sjones,2026/03/04 16:25:44,2026/03/05 00:28:28,2026,28946.0,8.0406,28964.0,18908,348,1,1
brainsaw|2026/03/04 17:24:31,brainsaw,branco,2026/03/04 17:24:31,2026/03/05 00:19:50,2026,24885.0,6.9125,24919.0,16766,300,1,1
brainsaw|2026/03/05 11:23:44,brainsaw,mrsic_flogel,2026/03/05 11:23:44,2026/03/06 09:18:57,2026,78887.0,21.9131,78913.0,43866,277,1,3
organgrinder|2026/03/06 11:15:20,organgrinder,sjones,2026/03/06 11:15:20,2026/03/06 19:25:06,2026,29374.0,8.1594,29386.0,21425,304,1,1
organgrinder|2026/03/10 14:03:34,organgrinder,margrie,2026/03/10 14:03:34,2026/03/11 03:43:19,2026,49189.0,13.6636,49185.0,70426,300,1,4
brainsaw|2026/03/10 15:01:13,brainsaw,margrie,2026/03/10 15:01:13,2026/03/11 07:02:52,2026,57674.0,16.0206,57699.0,55262,271,1,4
brainsaw|2026/03/11 11:05:08,brainsaw,margrie,2026/03/11 11:05:08,2026/03/12 02:21:52,2026,54983.0,15.2731,55004.0,54592,261,1,4
organgrinder|2026/03/11 11:29:13,organgrinder,margrie,2026/03/11 11:29:13,2026/03/12 10:09:49,2026,81625.0,22.6736,81636.0,68911,197,1,4
organgrinder|2026/03/12 11:32:10,organgrinder,mrsic_flogel,2026/03/12 11:32:10,2026/03/12 19:12:19,2026,27597.0,7.6658,27609.0,21507,285,1,1
brainsaw|2026/03/12 13:26:38,brainsaw,margrie,2026/03/12 13:26:38,2026/03/13 03:51:33,2026,51872.0,14.4089,51895.0,66571,290,1,4
brainsaw|2026/03/13 15:43:34,brainsaw,mrsic_flogel,2026/03/13 15:43:34,2026/03/14 11:59:16,2026,72894.0,20.2483,72942.0,66272,385,1,5
organgrinder|2026/03/14 17:23:16,organgrinder,sjones,2026/03/14 17:23:16,2026/03/15 10:14:27,2026,60601.0,16.8336,60671.0,72328,332,1,4
organgrinder|2026/03/15 15:11:46,organgrinder,margrie,2026/03/15 15:11:46,2026/03/16 06:04:32,2026,53558.0,14.8772,53566.0,63626,225,1,5
organgrinder|2026/03/16 13:51:07,organgrinder,margrie,2026/03/16 13:51:07,2026/03/16 21:14:54,2026,26612.0,7.3922,26627.0,18693,300,1,1
brainsaw|2026/03/16 15:00:09,brainsaw,mrsic_flogel,2026/03/16 15:00:09,2026/03/17 14:09:04,2026,83286.0,23.135,83335.0,67419,399,1,5
brainsaw|2026/03/17 15:42:43,brainsaw,mrsic_flogel,2026/03/17 15:42:43,2026/03/19 01:36:25,2026,88853.0,24.6814,122022.0,77017,393,2,5
brainsaw|2026/03/19 11:10:40,brainsaw,okeefe,2026/03/19 11:10:40,2026/03/20 00:13:53,2026,46963.0,13.0453,46993.0,56294,210,1,2
organgrinder|2026/03/19 11:52:16,organgrinder,margrie,2026/03/19 11:52:16,2026/03/19 18:21:42,2026,23359.0,6.4886,23366.0,27114,126,1,3
organgrinder|2026/03/20 14:11:41,organgrinder,branco,2026/03/20 14:11:41,2026/03/21 03:36:47,2026,48301.0,13.4169,48306.0,53707,300,1,3
organgrinder|2026/03/21 14:49:16,organgrinder,sjones,2026/03/21 14:49:16,2026/03/22 01:49:28,2026,39591.0,10.9975,39612.0,38808,334,1,3
brainsaw|2026/03/21 15:23:35,brainsaw,mrsic_flogel,2026/03/21 15:23:35,2026/03/22 19:03:09,2026,56321.0,15.6447,99574.0,68901,317,2,4
brainsaw|2026/03/24 14:55:22,brainsaw,sjones,2026/03/24 14:55:22,2026/03/25 01:41:37,2026,31565.0,8.7681,38775.0,17029,309,3,1
organgrinder|2026/03/24 15:04:01,organgrinder,sjones,2026/03/24 15:04:01,2026/03/25 01:53:21,2026,38953.0,10.8203,38960.0,22658,305,1,1
organgrinder|2026/03/25 16:32:16,organgrinder,sjones,2026/03/25 16:32:16,2026/03/26 13:54:35,2026,72115.0,20.0319,76939.0,27779,259,3,1
brainsaw|2026/03/28 17:12:37,brainsaw,branco,2026/03/28 17:12:37,2026/03/29 09:33:19,2026,58795.0,16.3319,58842.0,31058,326,1,2
brainsaw|2026/03/30 15:14:45,brainsaw,mrsic_flogel,2026/03/30 15:14:45,2026/03/31 13:02:30,2026,78434.0,21.7872,78465.0,64397,363,1,5
brainsaw|2026/03/31 15:59:56,brainsaw,mrsic_flogel,2026/03/31 15:59:56,2026/04/01 00:50:25,2026,31779.0,8.8275,31829.0,19532,373,1,1
brainsaw|2026/04/01 14:41:31,brainsaw,sjones,2026/04/01 14:41:31,2026/04/02 01:10:37,2026,37713.0,10.4758,37746.0,15582,284,1,1
brainsaw|2026/04/03 12:05:37,brainsaw,mrsic_flogel,2026/04/03 12:05:37,2026/04/04 06:11:18,2026,65100.0,18.0833,65141.0,65933,301,1,4
brainsaw|2026/04/06 14:43:10,brainsaw,mrsic_flogel,2026/04/06 14:43:10,2026/04/07 05:41:30,2026,53793.0,14.9425,53900.0,72696,296,1,4
brainsaw|2026/04/08 11:55:24,brainsaw,sjones,2026/04/08 11:55:24,2026/04/09 02:39:49,2026,53047.0,14.7353,53065.0,30587,300,1,2
neurovision|2026/04/08 12:16:27,neurovision,margrie,2026/04/08 12:16:27,2026/04/08 20:02:44,2026,27963.0,7.7675,27977.0,17106,277,1,1
brainsaw|2026/04/09 13:15:48,brainsaw,margrie,2026/04/09 13:15:48,2026/04/10 05:25:02,2026,58128.0,16.1467,58154.0,59566,300,1,3
organgrinder|2026/04/09 13:26:16,organgrinder,margrie,2026/04/09 13:26:16,2026/04/10 06:11:44,2026,60324.0,16.7567,60328.0,54680,300,1,3
neurovision|2026/04/10 11:40:28,neurovision,akrami,2026/04/10 11:40:28,2026/04/10 21:31:36,2026,35459.0,9.8497,35468.0,26427,228,1,2
brainsaw|2026/04/10 12:03:18,brainsaw,mrsic_flogel,2026/04/10 12:03:18,2026/04/11 12:33:29,2026,87192.0,24.22,88211.0,91904,298,2,5
organgrinder|2026/04/10 14:39:28,organgrinder,margrie,2026/04/10 14:39:28,2026/04/11 10:48:37,2026,72539.0,20.1497,72549.0,73161,300,1,4
brainsaw|2026/04/14 12:25:51,brainsaw,mrsic_flogel,2026/04/14 12:25:51,2026/04/14 23:10:21,2026,32658.0,9.0717,38670.0,15569,298,2,1
organgrinder|2026/04/14 14:33:45,organgrinder,margrie,2026/04/14 14:33:45,2026/04/15 11:03:23,2026,73770.0,20.4917,73778.0,56422,240,1,3
brainsaw|2026/04/15 11:29:11,brainsaw,margrie,2026/04/15 11:29:11,2026/04/15 19:30:37,2026,28862.0,8.0172,28886.0,28898,188,1,2
organgrinder|2026/04/15 12:12:12,organgrinder,margrie,2026/04/15 12:12:12,2026/04/16 06:03:52,2026,64285.0,17.8569,64300.0,48474,322,1,2
brainsaw|2026/04/16 15:39:28,brainsaw,mrsic_flogel,2026/04/16 15:39:28,2026/04/17 04:26:33,2026,45996.0,12.7767,46025.0,32149,373,1,3
organgrinder|2026/04/16 16:55:44,organgrinder,margrie,2026/04/16 16:55:44,2026/04/17 02:07:12,2026,33069.0,9.1858,33088.0,34147,330,1,2
neurovision|2026/04/16 16:59:28,neurovision,margrie,2026/04/16 16:59:28,2026/04/17 06:19:29,2026,47985.0,13.3292,48001.0,63849,300,1,4
organgrinder|2026/04/17 11:36:48,organgrinder,akrami,2026/04/17 11:36:48,2026/04/17 20:32:01,2026,32106.0,8.9183,32113.0,27840,251,1,2
brainsaw|2026/04/17 14:31:40,brainsaw,margrie,2026/04/17 14:31:40,2026/04/18 02:53:15,2026,44468.0,12.3522,44495.0,32406,271,1,2
neurovision|2026/04/17 15:59:43,neurovision,margrie,2026/04/17 15:59:43,2026/04/18 12:33:36,2026,74015.0,20.5597,74033.0,59574,300,1,3
neurovision|2026/04/19 14:25:59,neurovision,mrsic_flogel,2026/04/19 14:25:59,2026/04/20 04:19:47,2026,50017.0,13.8936,50028.0,36767,315,1,2
organgrinder|2026/04/20 11:58:09,organgrinder,margrie,2026/04/20 11:58:09,2026/04/21 06:29:42,2026,66683.0,18.5231,66693.0,51153,232,1,1
brainsaw|2026/04/20 13:37:53,brainsaw,margrie,2026/04/20 13:37:53,2026/04/20 22:17:30,2026,31154.0,8.6539,31177.0,22285,238,1,1
neurovision|2026/04/21 11:23:52,neurovision,mrsic_flogel,2026/04/21 11:23:52,2026/04/21 21:00:52,2026,34599.0,9.6108,34620.0,18115,314,1,1
organgrinder|2026/04/21 11:52:44,organgrinder,margrie,2026/04/21 11:52:44,2026/04/21 23:57:46,2026,43487.0,12.0797,43502.0,27429,252,1,1
brainsaw|2026/04/21 13:31:34,brainsaw,mrsic_flogel,2026/04/21 13:31:34,2026/04/22 06:17:27,2026,60339.0,16.7608,60353.0,66838,284,1,4
organgrinder|2026/04/22 13:38:57,organgrinder,margrie,2026/04/22 13:38:57,2026/04/23 01:26:18,2026,42422.0,11.7839,42441.0,22546,303,1,1
neurovision|2026/04/22 16:26:04,neurovision,branco,2026/04/22 16:26:04,2026/04/23 11:02:41,2026,66978.0,18.605,66997.0,90536,335,1,4
brainsaw|2026/04/23 14:17:21,brainsaw,mrsic_flogel,2026/04/23 14:17:21,2026/04/24 07:37:37,2026,62381.0,17.3281,62416.0,48217,376,1,4
organgrinder|2026/04/23 14:17:44,organgrinder,branco,2026/04/23 14:17:44,2026/04/24 20:28:56,2026,108654.0,30.1817,108672.0,86167,294,1,4
brainsaw|2026/04/24 12:21:37,brainsaw,mrsic_flogel,2026/04/24 12:21:37,2026/04/25 02:30:13,2026,50894.0,14.1372,50916.0,52112,315,1,3
organgrinder|2026/04/26 14:29:44,organgrinder,sjones,2026/04/26 14:29:44,2026/04/27 00:43:18,2026,36796.0,10.2211,36814.0,34315,310,1,2
brainsaw|2026/04/27 12:40:56,brainsaw,mrsic_flogel,2026/04/27 12:40:56,2026/04/28 06:48:13,2026,65209.0,18.1136,65237.0,50506,390,1,4
neurovision|2026/04/28 11:07:15,neurovision,mrsic_flogel,2026/04/28 11:07:15,2026/04/28 20:52:42,2026,35116.0,9.7544,35127.0,21806,321,1,1
brainsaw|2026/04/28 12:42:31,brainsaw,margrie,2026/04/28 12:42:31,2026/04/28 20:55:30,2026,29557.0,8.2103,29579.0,16770,282,1,1
neurovision|2026/04/29 11:24:02,neurovision,mrsic_flogel,2026/04/29 11:24:02,2026/04/30 06:58:57,2026,70477.0,19.5769,70495.0,69924,335,1,4
brainsaw|2026/04/29 13:29:13,brainsaw,margrie,2026/04/29 13:29:13,2026/04/30 01:12:47,2026,42183.0,11.7175,42214.0,30848,171,1,2
neurovision|2026/04/30 13:04:25,neurovision,sjones,2026/04/30 13:04:25,2026/05/01 10:38:03,2026,77597.0,21.5547,77618.0,74828,312,1,4
organgrinder|2026/04/30 14:17:54,organgrinder,margrie,2026/04/30 14:17:54,2026/05/01 00:06:21,2026,35296.0,9.8044,35307.0,21016,300,1,1
brainsaw|2026/04/30 14:24:49,brainsaw,margrie,2026/04/30 14:24:49,2026/04/30 22:04:04,2026,27522.0,7.645,27555.0,16987,289,1,1
organgrinder|2026/05/01 13:18:26,organgrinder,branco,2026/05/01 13:18:26,2026/05/01 21:48:06,2026,30568.0,8.4911,30580.0,34077,300,1,2
organgrinder|2026/05/02 17:32:54,organgrinder,sjones,2026/05/02 17:32:54,2026/05/03 05:00:31,2026,41241.0,11.4558,41257.0,45401,251,1,3
organgrinder|2026/05/04 11:16:08,organgrinder,mrsic_flogel,2026/05/04 11:16:08,2026/05/04 20:37:25,2026,33658.0,9.3494,33677.0,17770,295,1,1
organgrinder|2026/05/05 11:02:54,organgrinder,margrie,2026/05/05 11:02:54,2026/05/05 22:16:18,2026,40389.0,11.2192,40404.0,22818,322,1,1
brainsaw|2026/05/05 12:13:11,brainsaw,mrsic_flogel,2026/05/05 12:13:11,2026/05/05 23:48:47,2026,41710.0,11.5861,41736.0,35748,284,1,1
neurovision|2026/05/05 15:54:28,neurovision,margrie,2026/05/05 15:54:28,2026/05/06 01:05:28,2026,33038.0,9.1772,33060.0,33799,300,1,2
neurovision|2026/05/06 15:52:38,neurovision,mrsic_flogel,2026/05/06 15:52:38,2026/05/07 00:39:04,2026,31552.0,8.7644,31586.0,18069,364,1,1
organgrinder|2026/05/07 10:27:13,organgrinder,mrsic_flogel,2026/05/07 10:27:13,2026/05/08 05:26:27,2026,68348.0,18.9856,68354.0,66213,312,1,4
neurovision|2026/05/07 15:39:19,neurovision,mrsic_flogel,2026/05/07 15:39:19,2026/05/08 07:18:20,2026,56323.0,15.6453,56341.0,40184,394,1,3
brainsaw|2026/05/07 16:41:28,brainsaw,margrie,2026/05/07 16:41:28,2026/05/07 23:57:44,2026,26146.0,7.2628,26176.0,17937,290,1,1
organgrinder|2026/05/08 10:53:28,organgrinder,mrsic_flogel,2026/05/08 10:53:28,2026/05/09 15:14:34,2026,102056.0,28.3489,102066.0,95698,302,1,6
neurovision|2026/05/08 14:43:17,neurovision,sjones,2026/05/08 14:43:17,2026/05/08 23:01:14,2026,29850.0,8.2917,29877.0,18711,320,1,1
brainsaw|2026/05/08 18:40:39,brainsaw,margrie,2026/05/08 18:40:39,2026/05/08 23:14:43,2026,16420.0,4.5611,16444.0,13485,220,1,1
neurovision|2026/05/09 14:05:40,neurovision,mrsic_flogel,2026/05/09 14:05:40,2026/05/10 01:11:40,2026,39937.0,11.0936,39960.0,34241,299,1,2
brainsaw|2026/05/11 12:02:19,brainsaw,margrie,2026/05/11 12:02:19,2026/05/11 17:47:41,2026,20698.0,5.7494,20722.0,16557,249,1,1
brainsaw|2026/05/12 12:58:26,brainsaw,akrami,2026/05/12 12:58:26,2026/05/13 09:21:08,2026,73335.0,20.3708,73362.0,63346,230,1,1
organgrinder|2026/05/12 14:19:46,organgrinder,branco,2026/05/12 14:19:46,2026/05/13 06:36:21,2026,58588.0,16.2744,58595.0,61071,290,1,3
organgrinder|2026/05/13 14:17:51,organgrinder,margrie,2026/05/13 14:17:51,2026/05/14 03:23:04,2026,47093.0,13.0814,47113.0,53022,290,1,3
organgrinder|2026/05/14 12:50:00,organgrinder,sjones,2026/05/14 12:50:00,2026/05/15 02:09:49,2026,47979.0,13.3275,47989.0,39932,342,1,2
organgrinder|2026/05/15 11:54:20,organgrinder,margrie,2026/05/15 11:54:20,2026/05/15 21:39:13,2026,35085.0,9.7458,35093.0,21306,295,1,1
neurovision|2026/05/15 14:53:51,neurovision,mrsic_flogel,2026/05/15 14:53:51,2026/05/16 07:19:48,2026,59144.0,16.4289,59157.0,53171,287,1,3
neurovision|2026/05/17 14:27:27,neurovision,mrsic_flogel,2026/05/17 14:27:27,2026/05/17 23:05:41,2026,31074.0,8.6317,31094.0,17214,294,1,1
organgrinder|2026/05/18 10:31:27,organgrinder,margrie,2026/05/18 10:31:27,2026/05/18 17:10:58,2026,23968.0,6.6578,23971.0,15424,184,1,1
brainsaw|2026/05/18 12:49:47,brainsaw,sjones,2026/05/18 12:49:47,2026/05/19 03:18:39,2026,52098.0,14.4717,52132.0,35757,345,1,2
organgrinder|2026/05/18 19:00:06,organgrinder,margrie,2026/05/18 19:00:06,2026/05/19 11:17:08,2026,58607.0,16.2797,58622.0,46066,266,1,1
brainsaw|2026/05/19 10:47:04,brainsaw,okeefe,2026/05/19 10:47:04,2026/05/19 23:35:13,2026,46065.0,12.7958,46089.0,45598,283,1,3
organgrinder|2026/05/19 11:44:53,organgrinder,margrie,2026/05/19 11:44:53,2026/05/19 19:59:57,2026,29690.0,8.2472,29704.0,19400,222,1,1
neurovision|2026/05/20 11:47:47,neurovision,mrsic_flogel,2026/05/20 11:47:47,2026/05/20 21:56:41,2026,36521.0,10.1447,36534.0,18879,303,1,1
neurovision|2026/05/21 11:16:45,neurovision,akrami,2026/05/21 11:16:45,2026/05/22 01:19:24,2026,50541.0,14.0392,50559.0,36066,282,1,2
brainsaw|2026/05/21 14:01:11,brainsaw,branco,2026/05/21 14:01:11,2026/05/22 03:41:32,2026,49191.0,13.6642,49221.0,51528,300,1,3
organgrinder|2026/05/22 13:42:56,organgrinder,margrie,2026/05/22 13:42:56,2026/05/23 00:56:37,2026,40417.0,11.2269,40421.0,51248,239,1,4
neurovision|2026/05/22 16:14:03,neurovision,mrsic_flogel,2026/05/22 16:14:03,2026/05/23 11:31:48,2026,69435.0,19.2875,69465.0,52178,376,1,4
organgrinder|2026/05/26 10:43:56,organgrinder,mrsic_flogel,2026/05/26 10:43:56,2026/05/26 22:33:05,2026,42539.0,11.8164,42549.0,16406,314,1,1
neurovision|2026/05/26 10:49:43,neurovision,mrsic_flogel,2026/05/26 10:49:43,2026/05/26 18:07:33,2026,26246.0,7.2906,26270.0,13340,243,1,1
brainsaw|2026/05/26 11:25:58,brainsaw,akrami,2026/05/26 11:25:58,2026/05/27 03:57:05,2026,59442.0,16.5117,59467.0,72679,308,1,4
organgrinder|2026/05/27 12:24:22,organgrinder,sjones,2026/05/27 12:24:22,2026/05/27 20:45:56,2026,30079.0,8.3553,30094.0,16874,303,1,1
brainsaw|2026/05/27 13:25:13,brainsaw,akrami,2026/05/27 13:25:13,2026/05/28 03:01:23,2026,48674.0,13.5206,48970.0,63133,209,2,1
organgrinder|2026/05/28 11:40:02,organgrinder,okeefe,2026/05/28 11:40:02,2026/05/29 23:26:12,2026,128759.0,35.7664,128770.0,94926,319,1,6
brainsaw|2026/05/29 14:27:45,brainsaw,margrie,2026/05/29 14:27:45,2026/05/29 20:22:49,2026,21286.0,5.9128,21304.0,7715,247,1,1
neurovision|2026/05/29 14:45:45,neurovision,okeefe,2026/05/29 14:45:45,2026/05/30 22:01:15,2026,76379.0,21.2164,112530.0,83864,343,2,6
neurovision|2026/05/31 17:21:00,neurovision,sjones,2026/05/31 17:21:00,2026/06/01 06:20:00,2026,46734.0,12.9817,46740.0,38663,321,1,2
organgrinder|2026/06/01 14:58:14,organgrinder,okeefe,2026/06/01 14:58:14,2026/06/02 10:22:00,2026,69796.0,19.3878,69826.0,85513,311,1,6
organgrinder|2026/06/02 15:42:58,organgrinder,okeefe,2026/06/02 15:42:58,2026/06/03 12:53:40,2026,76217.0,21.1714,76242.0,96694,332,1,6
brainsaw|2026/06/03 10:19:33,brainsaw,okeefe,2026/06/03 10:19:33,2026/06/03 22:22:26,2026,43343.0,12.0397,43373.0,51520,233,1,4
organgrinder|2026/06/03 14:08:24,organgrinder,okeefe,2026/06/03 14:08:24,2026/06/04 10:28:13,2026,73177.0,20.3269,73189.0,96621,312,1,6
neurovision|2026/06/03 15:24:44,neurovision,mrsic_flogel,2026/06/03 15:24:44,2026/06/04 03:25:22,2026,43208.0,12.0022,43238.0,19068,376,1,1
brainsaw|2026/06/04 11:12:20,brainsaw,margrie,2026/06/04 11:12:20,2026/06/04 15:28:17,2026,15333.0,4.2592,15357.0,11582,159,1,1
organgrinder|2026/06/04 12:19:28,organgrinder,okeefe,2026/06/04 12:19:28,2026/06/05 09:32:56,2026,76379.0,21.2164,76408.0,93568,328,1,6
neurovision|2026/06/04 15:46:48,neurovision,mrsic_flogel,2026/06/04 15:46:48,2026/06/05 11:41:30,2026,71646.0,19.9017,71682.0,55933,369,1,4
brainsaw|2026/06/04 17:07:44,brainsaw,margrie,2026/06/04 17:07:44,2026/06/05 08:47:34,2026,56346.0,15.6517,56390.0,58518,343,1,3
neurovision|2026/06/05 14:53:50,neurovision,okeefe,2026/06/05 14:53:50,2026/06/06 14:20:11,2026,84360.0,23.4333,84381.0,72367,319,1,4
neurovision|2026/06/08 14:25:38,neurovision,margrie,2026/06/08 14:25:38,2026/06/09 00:53:56,2026,37688.0,10.4689,37698.0,17722,300,1,1
organgrinder|2026/06/08 15:49:13,organgrinder,margrie,2026/06/08 15:49:13,2026/06/09 05:24:52,2026,48925.0,13.5903,48939.0,21807,301,1,1
organgrinder|2026/06/09 11:24:36,organgrinder,margrie,2026/06/09 11:24:36,2026/06/09 19:06:03,2026,27683.0,7.6897,27687.0,12356,136,1,1
brainsaw|2026/06/09 12:05:09,brainsaw,margrie,2026/06/09 12:05:09,2026/06/09 20:57:31,2026,31912.0,8.8644,31942.0,17516,300,1,1
neurovision|2026/06/09 12:20:01,neurovision,margrie,2026/06/09 12:20:01,2026/06/09 22:36:54,2026,37001.0,10.2781,37013.0,17416,300,1,1
organgrinder|2026/06/09 19:31:05,organgrinder,margrie,2026/06/09 19:31:05,2026/06/10 08:38:59,2026,47267.0,13.1297,47274.0,20561,255,1,1
brainsaw|2026/06/10 16:55:00,brainsaw,akrami,2026/06/10 16:55:00,2026/06/11 02:56:48,2026,36077.0,10.0214,36108.0,50579,183,1,1
organgrinder|2026/06/10 17:03:30,organgrinder,branco,2026/06/10 17:03:30,2026/06/11 02:54:04,2026,35416.0,9.8378,35434.0,13872,357,1,1
neurovision|2026/06/10 17:05:50,neurovision,branco,2026/06/10 17:05:50,2026/06/11 06:40:40,2026,48875.0,13.5764,48890.0,27605,320,1,2
organgrinder|2026/06/11 11:10:03,organgrinder,margrie,2026/06/11 11:10:03,2026/06/11 17:58:44,2026,24508.0,6.8078,24521.0,10243,120,1,1
organgrinder|2026/06/11 18:25:40,organgrinder,margrie,2026/06/11 18:25:40,2026/06/12 07:30:35,2026,47085.0,13.0792,47095.0,18553,288,1,1
brainsaw|2026/06/12 11:31:07,brainsaw,margrie,2026/06/12 11:31:07,2026/06/13 02:05:37,2026,52441.0,14.5669,52470.0,64570,289,1,4
brainsaw|2026/06/16 11:59:03,brainsaw,margrie,2026/06/16 11:59:03,2026/06/16 17:49:06,2026,20980.0,5.8278,21003.0,9075,261,1,1
organgrinder|2026/06/16 12:09:56,organgrinder,margrie,2026/06/16 12:09:56,2026/06/16 22:14:58,2026,36290.0,10.0806,36302.0,17216,300,1,1
organgrinder|2026/06/17 13:25:56,organgrinder,margrie,2026/06/17 13:25:56,2026/06/17 23:27:17,2026,36067.0,10.0186,36081.0,16999,300,1,1
neurovision|2026/06/17 13:32:30,neurovision,margrie,2026/06/17 13:32:30,2026/06/18 05:38:30,2026,57952.0,16.0978,57960.0,18411,300,1,1
organgrinder|2026/06/18 14:57:06,organgrinder,margrie,2026/06/18 14:57:06,2026/06/19 00:57:18,2026,36000.0,10.0,36012.0,16339,300,1,1
brainsaw|2026/06/18 14:57:48,brainsaw,margrie,2026/06/18 14:57:48,2026/06/19 11:00:24,2026,72127.0,20.0353,72156.0,50294,300,1,3
neurovision|2026/06/18 15:05:16,neurovision,margrie,2026/06/18 15:05:16,2026/06/19 02:02:49,2026,39453.0,10.9592,39453.0,12677,200,1,1
neurovision|2026/06/19 13:36:56,neurovision,mrsic_flogel,2026/06/19 13:36:56,2026/06/20 06:58:19,2026,62442.0,17.345,62483.0,35771,378,1,3
organgrinder|2026/06/19 14:20:35,organgrinder,margrie,2026/06/19 14:20:35,2026/06/19 23:49:53,2026,34144.0,9.4844,34158.0,15745,300,1,1
brainsaw|2026/06/19 14:28:29,brainsaw,branco,2026/06/19 14:28:29,2026/06/19 21:56:29,2026,26849.0,7.4581,26880.0,17477,300,1,1
organgrinder|2026/06/22 11:46:22,organgrinder,margrie,2026/06/22 11:46:22,2026/06/22 21:46:23,2026,35989.0,9.9969,36001.0,16921,300,1,1
neurovision|2026/06/22 15:03:54,neurovision,sjones,2026/06/22 15:03:54,2026/06/22 23:46:26,2026,31343.0,8.7064,31352.0,18083,298,1,1
brainsaw|2026/06/22 15:38:59,brainsaw,branco,2026/06/22 15:38:59,2026/06/23 09:37:10,2026,64657.0,17.9603,64691.0,25510,321,1,2
brainsaw|2026/06/23 12:14:20,brainsaw,branco,2026/06/23 12:14:20,2026/06/24 10:06:48,2026,75358.0,20.9328,78748.0,52643,264,5,4
neurovision|2026/06/23 13:49:58,neurovision,mrsic_flogel,2026/06/23 13:49:58,2026/06/24 10:13:22,2026,73381.0,20.3836,73404.0,53998,411,1,4
brainsaw|2026/06/24 10:35:03,brainsaw,okeefe,2026/06/24 10:35:03,2026/06/25 00:22:23,2026,49617.0,13.7825,49640.0,39154,323,1,1
neurovision|2026/06/24 14:43:45,neurovision,sjones,2026/06/24 14:43:45,2026/06/24 22:55:41,2026,29501.0,8.1947,29516.0,17963,305,1,1
organgrinder|2026/06/24 14:53:18,organgrinder,margrie,2026/06/24 14:53:18,2026/06/25 01:00:58,2026,36441.0,10.1225,36460.0,17311,300,1,1
brainsaw|2026/06/25 10:13:47,brainsaw,okeefe,2026/06/25 10:13:47,2026/06/26 02:35:07,2026,58839.0,16.3442,58880.0,42336,386,1,1
neurovision|2026/06/25 11:38:41,neurovision,sjones,2026/06/25 11:38:41,2026/06/25 19:17:05,2026,27478.0,7.6328,27504.0,18417,307,1,1
organgrinder|2026/06/25 12:16:54,organgrinder,margrie,2026/06/25 12:16:54,2026/06/25 22:15:08,2026,35888.0,9.9689,35894.0,16717,300,1,1
organgrinder|2026/06/26 12:57:43,organgrinder,margrie,2026/06/26 12:57:43,2026/06/27 13:43:11,2026,89114.0,24.7539,89128.0,45121,300,1,2
neurovision|2026/06/26 13:55:01,neurovision,branco,2026/06/26 13:55:01,2026/06/26 17:27:09,2026,12706.0,3.5294,12728.0,8448,125,1,1
neurovision|2026/06/28 16:43:34,neurovision,mrsic_flogel,2026/06/28 16:43:34,2026/06/29 04:35:51,2026,42714.0,11.865,42737.0,34941,290,1,2
organgrinder|2026/06/30 17:20:14,organgrinder,margrie,2026/06/30 17:20:14,2026/07/01 03:27:16,2026,36409.0,10.1136,36422.0,18042,300,1,1
brainsaw|2026/06/30 17:44:18,brainsaw,mrsic_flogel,2026/06/30 17:44:18,2026/07/01 09:31:09,2026,56778.0,15.7717,56811.0,58432,274,1,3
brainsaw|2026/07/01 10:38:21,brainsaw,okeefe,2026/07/01 10:38:21,2026/07/02 02:59:49,2026,58841.0,16.3447,58888.0,43122,386,1,1
organgrinder|2026/07/01 13:48:14,organgrinder,margrie,2026/07/01 13:48:14,2026/07/01 23:26:29,2026,34677.0,9.6325,34695.0,16946,300,1,1
brainsaw|2026/07/02 10:18:54,brainsaw,okeefe,2026/07/02 10:18:54,2026/07/02 20:01:00,2026,34898.0,9.6939,34926.0,32444,283,1,2
organgrinder|2026/07/02 13:50:32,organgrinder,margrie,2026/07/02 13:50:32,2026/07/03 15:04:26,2026,90832.0,25.2311,90834.0,74550,223,1,4
neurovision|2026/07/03 11:40:37,neurovision,mrsic_flogel,2026/07/03 11:40:37,2026/07/04 09:35:01,2026,78854.0,21.9039,78864.0,107124,307,1,4
brainsaw|2026/07/03 11:54:21,brainsaw,mrsic_flogel,2026/07/03 11:54:21,2026/07/04 03:37:55,2026,56579.0,15.7164,56614.0,68358,325,1,3
neurovision|2026/07/04 13:37:32,neurovision,mrsic_flogel,2026/07/04 13:37:32,2026/07/05 06:28:20,2026,60637.0,16.8436,60648.0,73179,300,1,4
brainsaw|2026/07/07 11:22:00,brainsaw,sjones,2026/07/07 11:22:00,2026/07/07 20:11:32,2026,31742.0,8.8172,31772.0,34321,278,1,2
neurovision|2026/07/08 15:54:35,neurovision,mrsic_flogel,2026/07/08 15:54:35,2026/07/09 07:51:28,2026,57401.0,15.9447,57413.0,60146,391,1,4
brainsaw|2026/07/09 14:12:17,brainsaw,mrsic_flogel,2026/07/09 14:12:17,2026/07/10 07:15:50,2026,61337.0,17.0381,61413.0,47961,362,1,4
neurovision|2026/07/09 17:01:16,neurovision,mrsic_flogel,2026/07/09 17:01:16,2026/07/10 12:09:29,2026,68860.0,19.1278,68893.0,54209,361,1,4
brainsaw|2026/07/14 11:53:48,brainsaw,okeefe,2026/07/14 11:53:48,2026/07/14 18:08:25,2026,22442.0,6.2339,22477.0,28070,220,1,1
brainsaw|2026/07/15 09:49:47,brainsaw,okeefe,2026/07/15 09:49:47,2026/07/15 23:53:10,2026,50569.0,14.0469,50603.0,46235,411,1,1
neurovision|2026/07/15 17:10:07,neurovision,mrsic_flogel,2026/07/15 17:10:07,2026/07/16 02:04:54,2026,32065.0,8.9069,32087.0,20980,335,1,1
brainsaw|2026/07/16 17:23:36,brainsaw,okeefe,2026/07/16 17:23:36,2026/07/17 00:57:28,2026,27207.0,7.5575,27232.0,18637,247,1,1
brainsaw|2026/07/20 15:20:05,brainsaw,branco,2026/07/20 15:20:05,2026/07/21 02:55:09,2026,41674.0,11.5761,41704.0,52278,300,1,3
organgrinder|2026/07/20 15:36:04,organgrinder,margrie,2026/07/20 15:36:04,2026/07/21 00:56:25,2026,33606.0,9.335,33621.0,15920,300,1,1
organgrinder|2026/07/21 12:25:24,organgrinder,margrie,2026/07/21 12:25:24,2026/07/21 21:54:21,2026,34126.0,9.4794,34137.0,15843,300,1,1
brainsaw|2026/07/21 12:26:15,brainsaw,branco,2026/07/21 12:26:15,2026/07/22 00:06:05,2026,41972.0,11.6589,41990.0,51796,300,1,3
organgrinder|2026/07/22 14:28:04,organgrinder,margrie,2026/07/22 14:28:04,2026/07/23 00:02:32,2026,34467.0,9.5742,34468.0,16728,300,1,1
