acq_key,voxel_x_um,band
organgrinder|251126_104834,3.975,3.9-4.8
brainsaw|250109_133638,4.1,3.9-4.8
neurovision|250110_110909,4.425,3.9-4.8
organgrinder|250113_104858,4.07,3.9-4.8
brainsaw|250114_110650,4.1,3.9-4.8
neurovision|251016_112851,4.425,3.9-4.8
neurovision|251205_094811,4.425,3.9-4.8
brainsaw|251204_100810,4.1,3.9-4.8
neurovision|260114_104622,4.425,3.9-4.8
organgrinder|260212_105511,7.7,7.5-10
brainsaw|241023_155332,4.1,3.9-4.8
brainsaw|240806_152638,4.1,3.9-4.8
organgrinder|240814_150711,4.07,3.9-4.8
brainsaw|251007_103512,4.1,3.9-4.8
brainsaw|240105_151526,4.1,3.9-4.8
brainsaw|231228_135024,4.1,3.9-4.8
organgrinder|240202_112244,4.07,3.9-4.8
neurovision|241024_153608,4.425,3.9-4.8
neurovision|260410_114029,4.425,3.9-4.8
organgrinder|260417_113649,3.975,3.9-4.8
brainsaw|260526_112558,4.1,3.9-4.8
neurovision|260521_111646,4.425,3.9-4.8
brainsaw|251210_115503,4.1,3.9-4.8
brainsaw|251208_111357,4.1,3.9-4.8
organgrinder|220815_145407,2.25,1.7-2.7
organgrinder|240130_113243,2.04,1.7-2.7
organgrinder|240131_094501,2.04,1.7-2.7
neurovision|220623_163822,2.52,1.7-2.7
brainsaw|231223_150203,4.1,3.9-4.8
brainsaw|231224_154626,4.1,3.9-4.8
brainsaw|220712_101908,2.23,1.7-2.7
organgrinder|220704_133144,4.07,3.9-4.8
neurovision|250828_135934,4.425,3.9-4.8
neurovision|240507_145625,4.425,3.9-4.8
neurovision|240508_105239,4.425,3.9-4.8
brainsaw|210921_110015,2.23,1.7-2.7
neurovision|210922_152021,2.52,1.7-2.7
brainsaw|211011_122033,2.23,1.7-2.7
organgrinder|211013_104245,2.25,1.7-2.7
organgrinder|211014_110816,2.25,1.7-2.7
organgrinder|211018_145712,2.25,1.7-2.7
organgrinder|211021_120425,2.25,1.7-2.7
neurovision|211208_094803,2.52,1.7-2.7
organgrinder|220125_154629,2.25,1.7-2.7
organgrinder|220126_154045,2.25,1.7-2.7
organgrinder|230824_145414,4.07,3.9-4.8
neurovision|220217_140503,2.52,1.7-2.7
neurovision|220622_190752,2.52,1.7-2.7
brainsaw|220421_100933,2.23,1.7-2.7
organgrinder|220831_120545,2.25,1.7-2.7
neurovision|220824_143708,2.52,1.7-2.7
neurovision|220908_114844,2.52,1.7-2.7
brainsaw|220830_160811,2.23,1.7-2.7
organgrinder|220915_105520,2.25,1.7-2.7
organgrinder|220913_154528,2.45,1.7-2.7
neurovision|230130_105756,2.52,1.7-2.7
neurovision|230201_131519,2.52,1.7-2.7
brainsaw|230202_165824,2.23,1.7-2.7
neurovision|230203_151600,2.52,1.7-2.7
brainsaw|230402_110810,2.23,1.7-2.7
organgrinder|230613_121007,2.04,1.7-2.7
organgrinder|230508_113510,1.225,0.7-1.7
neurovision|230613_111407,2.52,1.7-2.7
organgrinder|230814_111514,4.07,3.9-4.8
brainsaw|230623_112404,2.23,1.7-2.7
neurovision|230708_141617,2.52,1.7-2.7
brainsaw|230708_134932,2.23,1.7-2.7
organgrinder|230804_113728,2.04,1.7-2.7
organgrinder|230727_114706,2.04,1.7-2.7
organgrinder|230728_123426,2.04,1.7-2.7
neurovision|231127_152259,2.52,1.7-2.7
neurovision|231128_101227,2.52,1.7-2.7
organgrinder|240125_150907,2.04,1.7-2.7
brainsaw|240429_113050,2.23,1.7-2.7
organgrinder|240126_152839,2.04,1.7-2.7
organgrinder|240429_113924,2.04,1.7-2.7
organgrinder|240603_121032,2.04,1.7-2.7
brainsaw|240603_150803,4.1,3.9-4.8
organgrinder|240603_104750,2.04,1.7-2.7
neurovision|240730_152335,2.52,1.7-2.7
organgrinder|240531_140012,2.04,1.7-2.7
organgrinder|240723_133452,4.07,3.9-4.8
organgrinder|240603_144834,2.04,1.7-2.7
organgrinder|240731_133221,4.07,3.9-4.8
brainsaw|240515_145723,4.1,3.9-4.8
brainsaw|240422_121001,4.1,3.9-4.8
brainsaw|230829_112252,2.23,1.7-2.7
organgrinder|230623_135716,2.04,1.7-2.7
organgrinder|230726_111546,2.04,1.7-2.7
organgrinder|250205_115302,4.07,3.9-4.8
brainsaw|250310_122446,2.23,1.7-2.7
brainsaw|250317_164042,4.1,3.9-4.8
brainsaw|250317_122932,2.23,1.7-2.7
organgrinder|250318_142350,4.07,3.9-4.8
organgrinder|250714_113201,3.975,3.9-4.8
organgrinder|250716_122905,3.975,3.9-4.8
brainsaw|250613_171024,4.1,3.9-4.8
brainsaw|250829_110534,2.23,1.7-2.7
neurovision|250829_111348,2.52,1.7-2.7
brainsaw|250902_152322,2.23,1.7-2.7
brainsaw|250903_112558,2.23,1.7-2.7
brainsaw|251114_144957,4.1,3.9-4.8
organgrinder|251114_141347,3.975,3.9-4.8
brainsaw|251119_110255,4.1,3.9-4.8
brainsaw|251120_104906,4.1,3.9-4.8
brainsaw|260512_125826,2.23,1.7-2.7
neurovision|251023_110801,4.425,3.9-4.8
organgrinder|250121_095410,4.07,3.9-4.8
organgrinder|250714_170658,1.98,1.7-2.7
brainsaw|250916_125619,4.1,3.9-4.8
brainsaw|260213_113010,4.1,3.9-4.8
organgrinder|260115_114625,3.975,3.9-4.8
brainsaw|260527_132513,4.1,3.9-4.8
brainsaw|260610_165500,4.1,3.9-4.8
organgrinder|240904_131616,4.07,3.9-4.8
neurovision|230619_112625,4.425,3.9-4.8
brainsaw|221020_145624,2.23,1.7-2.7
brainsaw|230116_145038,2.23,1.7-2.7
organgrinder|240201_110316,2.04,1.7-2.7
brainsaw|231127_150708,2.23,1.7-2.7
neurovision|230921_141148,2.52,1.7-2.7
organgrinder|240418_105922,2.04,1.7-2.7
organgrinder|240322_103036,4.07,3.9-4.8
neurovision|200622_151940,4.47,3.9-4.8
neurovision|200618_173819,4.47,3.9-4.8
brainsaw|220713_094459,2.23,1.7-2.7
brainsaw|220407_155946,4.1,3.9-4.8
brainsaw|210809_115118,4.1,3.9-4.8
brainsaw|211220_122003,2.23,1.7-2.7
brainsaw|220126_161059,2.23,1.7-2.7
neurovision|210201_170323,4.22,3.9-4.8
brainsaw|250430_130633,2.23,1.7-2.7
brainsaw|241216_113929,2.23,1.7-2.7
organgrinder|241202_111038,2.04,1.7-2.7
brainsaw|260328_171238,2.23,1.7-2.7
organgrinder|250317_114218,2.04,1.7-2.7
organgrinder|250321_140832,2.04,1.7-2.7
brainsaw|250503_132145,2.23,1.7-2.7
brainsaw|250816_235037,2.23,1.7-2.7
brainsaw|250810_121315,2.23,1.7-2.7
brainsaw|241122_133415,2.23,1.7-2.7
organgrinder|241125_032937,2.04,1.7-2.7
neurovision|241125_022139,2.52,1.7-2.7
neurovision|250715_122130,2.52,1.7-2.7
brainsaw|241125_122531,2.23,1.7-2.7
brainsaw|250415_113432,2.23,1.7-2.7
brainsaw|240627_113049,2.23,1.7-2.7
organgrinder|240711_111133,2.04,1.7-2.7
brainsaw|240729_112818,2.23,1.7-2.7
brainsaw|240805_124226,2.23,1.7-2.7
brainsaw|240902_125228,2.23,1.7-2.7
brainsaw|240920_122713,2.23,1.7-2.7
brainsaw|240905_124224,2.23,1.7-2.7
brainsaw|241003_131657,2.23,1.7-2.7
brainsaw|241024_112405,2.23,1.7-2.7
brainsaw|241025_122845,2.23,1.7-2.7
brainsaw|241119_125711,2.23,1.7-2.7
brainsaw|241211_160745,2.23,1.7-2.7
brainsaw|250529_121551,2.23,1.7-2.7
brainsaw|250630_114147,2.23,1.7-2.7
brainsaw|250728_122929,2.23,1.7-2.7
brainsaw|250717_131249,2.23,1.7-2.7
brainsaw|250806_133446,2.23,1.7-2.7
brainsaw|250813_122459,2.23,1.7-2.7
brainsaw|250904_152947,2.23,1.7-2.7
neurovision|240626_102958,2.52,1.7-2.7
organgrinder|240625_111611,2.04,1.7-2.7
brainsaw|240624_114430,4.1,3.9-4.8
brainsaw|240509_162510,2.23,1.7-2.7
brainsaw|240529_131232,2.23,1.7-2.7
brainsaw|240530_122803,2.23,1.7-2.7
brainsaw|250506_151054,4.1,3.9-4.8
brainsaw|200929_110959,2.19,1.7-2.7
brainsaw|200928_104534,2.19,1.7-2.7
brainsaw|201021_144704,2.19,1.7-2.7
organgrinder|260512_141946,1.983,1.7-2.7
organgrinder|260320_141142,3.975,3.9-4.8
brainsaw|200310_122005,2.19,1.7-2.7
brainsaw|200311_132312,2.19,1.7-2.7
brainsaw|241029_144240,2.23,1.7-2.7
brainsaw|241105_120549,2.23,1.7-2.7
brainsaw|241107_130402,2.23,1.7-2.7
brainsaw|201029_115021,2.19,1.7-2.7
brainsaw|190926_160115,2.19,1.7-2.7
brainsaw|191008_112509,2.19,1.7-2.7
brainsaw|191010_111724,2.19,1.7-2.7
brainsaw|191126_112648,2.19,1.7-2.7
brainsaw|191004_122149,2.19,1.7-2.7
brainsaw|190927_111457,2.19,1.7-2.7
neurovision|260210_153711,4.425,3.9-4.8
brainsaw|200120_114002,2.19,1.7-2.7
brainsaw|200206_111151,2.19,1.7-2.7
brainsaw|200319_110817,2.19,1.7-2.7
brainsaw|200320_103126,2.19,1.7-2.7
neurovision|201002_170357,2.18,1.7-2.7
brainsaw|220302_124543,4.1,3.9-4.8
brainsaw|220302_180059,4.1,3.9-4.8
brainsaw|210922_132848,2.23,1.7-2.7
brainsaw|211108_113044,4.1,3.9-4.8
brainsaw|220127_121508,4.1,3.9-4.8
brainsaw|220505_124125,4.1,3.9-4.8
organgrinder|220622_144516,4.07,3.9-4.8
brainsaw|221206_153528,4.1,3.9-4.8
brainsaw|230130_145035,2.23,1.7-2.7
brainsaw|260521_140112,4.1,3.9-4.8
brainsaw|260720_152005,4.1,3.9-4.8
brainsaw|230125_111652,4.1,3.9-4.8
brainsaw|230427_134830,2.23,1.7-2.7
brainsaw|230616_152041,2.23,1.7-2.7
brainsaw|230403_152125,4.1,3.9-4.8
brainsaw|230522_144540,4.1,3.9-4.8
brainsaw|230209_125929,2.23,1.7-2.7
brainsaw|230302_151202,2.23,1.7-2.7
brainsaw|230904_143858,2.23,1.7-2.7
brainsaw|231002_155156,2.23,1.7-2.7
brainsaw|231214_151008,2.23,1.7-2.7
brainsaw|240322_102251,2.23,1.7-2.7
brainsaw|241010_134257,2.23,1.7-2.7
brainsaw|241011_140921,2.23,1.7-2.7
brainsaw|240807_145100,2.23,1.7-2.7
brainsaw|240808_141245,2.23,1.7-2.7
brainsaw|240814_140334,2.23,1.7-2.7
brainsaw|240815_134501,2.23,1.7-2.7
brainsaw|240925_142250,4.1,3.9-4.8
brainsaw|250111_144505,2.23,1.7-2.7
brainsaw|241218_155413,4.1,3.9-4.8
brainsaw|241217_142545,4.1,3.9-4.8
brainsaw|250213_132522,2.23,1.7-2.7
brainsaw|250318_135146,2.23,1.7-2.7
brainsaw|250625_135802,2.23,1.7-2.7
brainsaw|260304_172431,4.1,3.9-4.8
organgrinder|250820_152600,1.983,1.7-2.7
brainsaw|251006_123352,2.23,1.7-2.7
brainsaw|260619_142829,4.1,3.9-4.8
neurovision|260626_135501,4.425,3.9-4.8
brainsaw|210728_140015,2.23,1.7-2.7
brainsaw|210608_124942,2.23,1.7-2.7
organgrinder|260501_131826,3.975,3.9-4.8
brainsaw|260721_122615,4.1,3.9-4.8
brainsaw|250402_143811,4.1,3.9-4.8
brainsaw|231011_135316,4.1,3.9-4.8
brainsaw|240620_151555,4.1,3.9-4.8
brainsaw|240607_163737,4.1,3.9-4.8
brainsaw|220819_123117,4.1,3.9-4.8
brainsaw|220923_123616,4.1,3.9-4.8
brainsaw|230425_182641,2.23,1.7-2.7
brainsaw|221017_171001,4.1,3.9-4.8
neurovision|210312_103123,4.11,3.9-4.8
brainsaw|210310_105341,4.55,3.9-4.8
neurovision|260123_154131,4.425,3.9-4.8
neurovision|251215_143707,2.52,1.7-2.7
brainsaw|251215_145534,2.23,1.7-2.7
brainsaw|221115_111926,4.1,3.9-4.8
organgrinder|221114_115010,4.07,3.9-4.8
brainsaw|230117_144515,4.1,3.9-4.8
neurovision|230117_154919,4.425,3.9-4.8
neurovision|230117_092918,4.425,3.9-4.8
neurovision|230109_154756,4.425,3.9-4.8
brainsaw|230906_155205,4.1,3.9-4.8
brainsaw|230907_140118,4.1,3.9-4.8
neurovision|251009_105816,4.425,3.9-4.8
neurovision|230327_145556,4.425,3.9-4.8
organgrinder|230605_150259,4.07,3.9-4.8
organgrinder|230608_185120,4.07,3.9-4.8
neurovision|230608_114551,4.425,3.9-4.8
brainsaw|231215_123931,4.1,3.9-4.8
brainsaw|240423_141110,2.23,1.7-2.7
brainsaw|240710_143521,2.23,1.7-2.7
brainsaw|240709_134816,2.23,1.7-2.7
brainsaw|221207_143146,4.1,3.9-4.8
organgrinder|221208_103329,4.07,3.9-4.8
neurovision|221114_111612,4.425,3.9-4.8
organgrinder|230208_162209,4.07,3.9-4.8
brainsaw|230927_114904,2.23,1.7-2.7
neurovision|230127_160445,4.425,3.9-4.8
brainsaw|260119_152745,4.1,3.9-4.8
brainsaw|260227_144831,4.1,3.9-4.8
brainsaw|260225_161509,2.23,1.7-2.7
brainsaw|251015_114433,4.1,3.9-4.8
neurovision|260107_161152,2.52,1.7-2.7
neurovision|251024_113513,4.425,3.9-4.8
brainsaw|251202_174537,2.23,1.7-2.7
brainsaw|260109_135803,2.23,1.7-2.7
neurovision|260113_114143,2.52,1.7-2.7
neurovision|260206_153217,4.425,3.9-4.8
neurovision|260422_162604,2.52,1.7-2.7
organgrinder|260423_141744,1.983,1.7-2.7
brainsaw|250611_145614,2.23,1.7-2.7
brainsaw|240225_163335,4.1,3.9-4.8
brainsaw|251211_125444,4.1,3.9-4.8
brainsaw|251217_152256,4.1,3.9-4.8
organgrinder|260610_170330,3.975,3.9-4.8
neurovision|260610_170550,4.425,3.9-4.8
brainsaw|251008_143131,2.23,1.7-2.7
brainsaw|251009_145851,2.23,1.7-2.7
brainsaw|250925_152927,2.23,1.7-2.7
brainsaw|251001_161627,2.23,1.7-2.7
brainsaw|251002_145149,2.23,1.7-2.7
brainsaw|260120_121532,4.1,3.9-4.8
brainsaw|260623_121420,2.23,1.7-2.7
brainsaw|260622_153900,2.23,1.7-2.7
brainsaw|251209_134101,4.1,3.9-4.8
brainsaw|251010_144835,2.23,1.7-2.7
brainsaw|250924_143715,2.23,1.7-2.7
brainsaw|190628_120344,4.55,3.9-4.8
brainsaw|190923_104103,2.19,1.7-2.7
brainsaw|200109_110722,2.19,1.7-2.7
brainsaw|191216_112847,4.55,3.9-4.8
brainsaw|191111_114425,2.19,1.7-2.7
brainsaw|190616_121901,2.19,1.7-2.7
brainsaw|201203_120727,2.19,1.7-2.7
brainsaw|201105_094922,2.19,1.7-2.7
brainsaw|201130_110622,2.19,1.7-2.7
brainsaw|210118_143921,1.205,0.7-1.7
brainsaw|201217_171723,2.19,1.7-2.7
brainsaw|201210_083946,2.19,1.7-2.7
brainsaw|210113_113923,2.19,1.7-2.7
brainsaw|210201_122451,1.205,0.7-1.7
brainsaw|210125_130053,2.19,1.7-2.7
brainsaw|210302_130158,2.19,1.7-2.7
neurovision|210329_121213,2.35,1.7-2.7
brainsaw|210426_133430,2.19,1.7-2.7
brainsaw|210401_112919,2.19,1.7-2.7
brainsaw|210322_120838,2.19,1.7-2.7
brainsaw|210321_141045,2.19,1.7-2.7
brainsaw|210418_154022,2.19,1.7-2.7
neurovision|210401_120239,2.35,1.7-2.7
brainsaw|210415_125529,2.19,1.7-2.7
brainsaw|210721_155754,2.23,1.7-2.7
brainsaw|210827_110930,2.23,1.7-2.7
brainsaw|211101_141556,2.23,1.7-2.7
brainsaw|210930_112150,2.23,1.7-2.7
brainsaw|211206_125104,2.23,1.7-2.7
brainsaw|210112_122016,2.19,1.7-2.7
brainsaw|210310_164716,2.19,1.7-2.7
brainsaw|210311_165834,2.19,1.7-2.7
brainsaw|210324_120204,2.19,1.7-2.7
brainsaw|221028_143307,4.1,3.9-4.8
brainsaw|250217_121111,2.23,1.7-2.7
organgrinder|230310_140040,4.07,3.9-4.8
brainsaw|240325_122612,2.23,1.7-2.7
brainsaw|240123_180630,2.23,1.7-2.7
organgrinder|230214_110922,4.07,3.9-4.8
neurovision|230213_111749,8.7,7.5-10
organgrinder|230308_144925,4.07,3.9-4.8
organgrinder|230221_115038,4.07,3.9-4.8
organgrinder|230228_132157,4.07,3.9-4.8
organgrinder|230326_164035,4.07,3.9-4.8
organgrinder|230323_125227,4.07,3.9-4.8
brainsaw|230404_103602,4.1,3.9-4.8
organgrinder|230329_182244,4.07,3.9-4.8
organgrinder|230502_161410,4.07,3.9-4.8
organgrinder|230424_161131,4.07,3.9-4.8
organgrinder|230503_154748,4.07,3.9-4.8
organgrinder|230525_172720,2.25,1.7-2.7
organgrinder|230601_124254,2.25,1.7-2.7
neurovision|230604_143749,2.52,1.7-2.7
organgrinder|230604_145532,2.25,1.7-2.7
organgrinder|230625_194621,4.07,3.9-4.8
organgrinder|230622_200216,2.04,1.7-2.7
brainsaw|230703_154008,2.23,1.7-2.7
brainsaw|230725_180155,2.23,1.7-2.7
brainsaw|230721_172413,2.23,1.7-2.7
brainsaw|230722_210235,2.23,1.7-2.7
brainsaw|230723_212934,2.23,1.7-2.7
brainsaw|230830_154403,2.23,1.7-2.7
brainsaw|230901_190220,2.23,1.7-2.7
brainsaw|230911_162905,2.23,1.7-2.7
brainsaw|230920_144227,2.23,1.7-2.7
brainsaw|230919_175905,2.23,1.7-2.7
brainsaw|230915_235336,2.23,1.7-2.7
brainsaw|230918_124831,2.23,1.7-2.7
brainsaw|230926_173845,2.23,1.7-2.7
brainsaw|231016_135656,2.23,1.7-2.7
brainsaw|231017_134024,2.23,1.7-2.7
brainsaw|231006_122556,2.23,1.7-2.7
brainsaw|231009_195601,2.23,1.7-2.7
brainsaw|231018_142804,2.23,1.7-2.7
brainsaw|231106_132320,4.1,3.9-4.8
brainsaw|231109_174833,2.23,1.7-2.7
brainsaw|231221_161500,2.23,1.7-2.7
brainsaw|231028_194751,2.23,1.7-2.7
brainsaw|231029_141926,2.23,1.7-2.7
brainsaw|231030_191813,2.23,1.7-2.7
brainsaw|231203_184108,2.23,1.7-2.7
brainsaw|231204_152055,2.23,1.7-2.7
brainsaw|231208_141302,2.23,1.7-2.7
brainsaw|231209_221816,2.23,1.7-2.7
brainsaw|231216_180645,2.23,1.7-2.7
brainsaw|240103_120416,2.23,1.7-2.7
brainsaw|240104_143114,2.23,1.7-2.7
brainsaw|240122_180645,2.23,1.7-2.7
brainsaw|240209_135923,2.23,1.7-2.7
brainsaw|240210_181016,2.23,1.7-2.7
brainsaw|240211_143854,2.23,1.7-2.7
brainsaw|240215_143213,2.23,1.7-2.7
brainsaw|240301_172206,2.23,1.7-2.7
brainsaw|240223_200146,2.23,1.7-2.7
brainsaw|240311_151004,2.23,1.7-2.7
brainsaw|240304_144433,2.23,1.7-2.7
brainsaw|240319_132248,2.23,1.7-2.7
brainsaw|240320_124900,2.23,1.7-2.7
brainsaw|240407_154550,2.23,1.7-2.7
brainsaw|240409_121116,2.23,1.7-2.7
brainsaw|240410_134757,2.23,1.7-2.7
brainsaw|240114_162801,2.23,1.7-2.7
brainsaw|240116_143949,2.23,1.7-2.7
organgrinder|230209_110440,4.07,3.9-4.8
neurovision|230206_113832,4.425,3.9-4.8
neurovision|230207_112644,4.425,3.9-4.8
brainsaw|200108_113245,2.19,1.7-2.7
brainsaw|190918_103901,0.673,<0.7
brainsaw|200203_112503,0.672,<0.7
brainsaw|200309_101732,0.97,0.7-1.7
neurovision|200226_091738,4.47,3.9-4.8
neurovision|220713_102500,8.7,7.5-10
neurovision|220826_162607,8.7,7.5-10
neurovision|220706_132337,8.7,7.5-10
neurovision|220707_113721,8.7,7.5-10
neurovision|220722_181750,8.7,7.5-10
neurovision|210331_131331,7.9,7.5-10
neurovision|220607_121014,8.7,7.5-10
neurovision|210330_122426,7.9,7.5-10
neurovision|210408_145551,7.5,7.5-10
neurovision|210423_141324,7.75,7.5-10
neurovision|210505_123734,7.75,7.5-10
neurovision|210513_170526,7.75,7.5-10
neurovision|210520_113527,7.75,7.5-10
neurovision|210602_154724,7.75,7.5-10
neurovision|210625_110557,7.75,7.5-10
neurovision|210818_154059,8.7,7.5-10
neurovision|210806_150649,8.7,7.5-10
neurovision|220113_182134,4.425,3.9-4.8
neurovision|220125_182202,4.425,3.9-4.8
neurovision|220201_182813,4.425,3.9-4.8
neurovision|220301_182246,4.425,3.9-4.8
neurovision|220315_193424,2.52,1.7-2.7
neurovision|210428_124954,7.75,7.5-10
neurovision|210422_145713,7.75,7.5-10
brainsaw|210601_115823,4.1,3.9-4.8
brainsaw|220915_111658,4.1,3.9-4.8
brainsaw|190618_100432,4.55,3.9-4.8
neurovision|191108_113213,4.4,3.9-4.8
neurovision|191105_164757,4.47,3.9-4.8
neurovision|200124_111649,4.47,3.9-4.8
neurovision|240410_123142,2.52,1.7-2.7
neurovision|240325_125814,2.52,1.7-2.7
neurovision|240320_181308,2.52,1.7-2.7
neurovision|240318_130357,1.26,0.7-1.7
organgrinder|221102_111807,4.07,3.9-4.8
neurovision|221031_131946,2.52,1.7-2.7
organgrinder|221031_110436,2.25,1.7-2.7
brainsaw|221101_110936,2.23,1.7-2.7
neurovision|221101_124214,2.52,1.7-2.7
organgrinder|221028_163924,4.07,3.9-4.8
neurovision|221020_114123,4.425,3.9-4.8
brainsaw|221011_170943,2.23,1.7-2.7
neurovision|220929_150317,2.52,1.7-2.7
organgrinder|220825_111346,2.25,1.7-2.7
neurovision|220823_111318,2.52,1.7-2.7
neurovision|220915_155000,2.52,1.7-2.7
neurovision|221213_153940,2.52,1.7-2.7
neurovision|221205_204808,2.52,1.7-2.7
brainsaw|220824_112217,2.23,1.7-2.7
brainsaw|220822_112908,2.23,1.7-2.7
brainsaw|221219_172813,4.1,3.9-4.8
neurovision|230322_143023,4.425,3.9-4.8
neurovision|240430_130143,4.425,3.9-4.8
neurovision|250109_145622,4.425,3.9-4.8
neurovision|230324_153200,2.52,1.7-2.7
neurovision|230911_132436,1.26,0.7-1.7
neurovision|230912_114735,1.26,0.7-1.7
neurovision|230919_132843,1.26,0.7-1.7
neurovision|250121_130234,2.52,1.7-2.7
neurovision|240408_140039,2.52,1.7-2.7
neurovision|240327_144633,2.52,1.7-2.7
neurovision|230406_173832,1.26,0.7-1.7
organgrinder|230223_170344,1.225,0.7-1.7
organgrinder|230313_162401,1.225,0.7-1.7
organgrinder|230314_144658,1.225,0.7-1.7
organgrinder|230317_153817,1.225,0.7-1.7
neurovision|230904_175637,2.52,1.7-2.7
neurovision|230905_153956,1.26,0.7-1.7
neurovision|230901_182908,1.26,0.7-1.7
neurovision|230830_150925,1.26,0.7-1.7
neurovision|230831_154826,1.26,0.7-1.7
organgrinder|230222_135041,1.225,0.7-1.7
organgrinder|230324_172846,1.225,0.7-1.7
organgrinder|230325_181427,1.225,0.7-1.7
neurovision|230331_174008,1.26,0.7-1.7
organgrinder|230701_134050,1.144,0.7-1.7
organgrinder|230626_131416,1.144,0.7-1.7
neurovision|230730_174020,1.26,0.7-1.7
neurovision|230731_204405,1.26,0.7-1.7
organgrinder|230319_150429,1.225,0.7-1.7
organgrinder|230321_114249,1.225,0.7-1.7
organgrinder|230610_133736,2.04,1.7-2.7
neurovision|230611_160049,1.26,0.7-1.7
neurovision|230617_130710,2.52,1.7-2.7
neurovision|230618_142649,2.52,1.7-2.7
neurovision|230612_120032,1.26,0.7-1.7
brainsaw|200106_105551,4.55,3.9-4.8
brainsaw|200123_114115,4.55,3.9-4.8
brainsaw|200107_163755,4.55,3.9-4.8
brainsaw|200115_121619,4.55,3.9-4.8
brainsaw|200129_102938,2.19,1.7-2.7
organgrinder|230516_193953,1.225,0.7-1.7
brainsaw|201118_120640,2.19,1.7-2.7
brainsaw|220209_134150,4.1,3.9-4.8
brainsaw|220627_120108,2.23,1.7-2.7
brainsaw|200813_120541,2.19,1.7-2.7
brainsaw|210117_163537,4.55,3.9-4.8
brainsaw|190804_171405,2.19,1.7-2.7
brainsaw|201019_143622,2.19,1.7-2.7
brainsaw|201103_145626,2.19,1.7-2.7
brainsaw|200131_120524,4.55,3.9-4.8
brainsaw|200222_162217,4.55,3.9-4.8
brainsaw|200317_114858,2.19,1.7-2.7
brainsaw|210202_143747,4.55,3.9-4.8
brainsaw|190920_160109,2.19,1.7-2.7
brainsaw|201001_193040,2.19,1.7-2.7
brainsaw|210304_191534,4.55,3.9-4.8
brainsaw|210207_155319,2.19,1.7-2.7
brainsaw|210203_134247,2.19,1.7-2.7
brainsaw|210204_125107,2.19,1.7-2.7
brainsaw|210303_192252,2.19,1.7-2.7
brainsaw|200130_150425,4.55,3.9-4.8
brainsaw|200229_160654,2.19,1.7-2.7
brainsaw|190522_155157,4.55,3.9-4.8
brainsaw|190523_121504,4.55,3.9-4.8
brainsaw|220428_095812,2.23,1.7-2.7
brainsaw|221123_154034,2.23,1.7-2.7
brainsaw|190723_143610,1.205,0.7-1.7
brainsaw|221202_171445,2.23,1.7-2.7
brainsaw|200615_131136,1.205,0.7-1.7
brainsaw|200617_135553,1.205,0.7-1.7
brainsaw|200804_164029,1.205,0.7-1.7
brainsaw|200805_110617,1.205,0.7-1.7
brainsaw|210223_140928,2.19,1.7-2.7
brainsaw|210222_145643,2.19,1.7-2.7
brainsaw|220630_123307,2.23,1.7-2.7
organgrinder|220705_113625,2.25,1.7-2.7
organgrinder|220706_161948,2.25,1.7-2.7
brainsaw|220531_113434,2.23,1.7-2.7
organgrinder|220823_140306,2.25,1.7-2.7
brainsaw|230111_145004,2.23,1.7-2.7
brainsaw|220607_113914,2.23,1.7-2.7
organgrinder|220616_113639,2.25,1.7-2.7
organgrinder|221123_155504,2.25,1.7-2.7
brainsaw|220818_114840,2.23,1.7-2.7
brainsaw|220823_114918,2.23,1.7-2.7
brainsaw|230112_150847,2.23,1.7-2.7
brainsaw|230213_150615,2.23,1.7-2.7
organgrinder|220811_120548,2.25,1.7-2.7
organgrinder|220811_160140,2.25,1.7-2.7
brainsaw|221024_162227,2.23,1.7-2.7
brainsaw|221025_111937,2.23,1.7-2.7
brainsaw|190110_221301,1.203,0.7-1.7
brainsaw|180705_173442,1.012,0.7-1.7
brainsaw|180807_112702,1.21,0.7-1.7
brainsaw|190103_174430,1.203,0.7-1.7
brainsaw|190104_123634,1.203,0.7-1.7
brainsaw|190107_123959,1.203,0.7-1.7
brainsaw|190109_121017,1.203,0.7-1.7
brainsaw|190110_123024,1.203,0.7-1.7
brainsaw|190703_121511,2.19,1.7-2.7
brainsaw|190702_130711,2.19,1.7-2.7
brainsaw|190613_162736,2.19,1.7-2.7
brainsaw|190701_100354,2.19,1.7-2.7
brainsaw|190204_113408,2.19,1.7-2.7
brainsaw|190122_102430,2.19,1.7-2.7
brainsaw|190404_114211,2.19,1.7-2.7
brainsaw|200721_105432,1.012,0.7-1.7
brainsaw|200828_082834,2.19,1.7-2.7
brainsaw|190411_103140,2.19,1.7-2.7
brainsaw|201113_075539,2.19,1.7-2.7
brainsaw|201112_084843,2.19,1.7-2.7
brainsaw|210121_110901,2.19,1.7-2.7
brainsaw|190424_094357,2.19,1.7-2.7
brainsaw|190726_111833,2.19,1.7-2.7
brainsaw|190725_124307,2.19,1.7-2.7
brainsaw|190409_100432,2.19,1.7-2.7
brainsaw|190410_115538,2.19,1.7-2.7
brainsaw|191003_094710,2.19,1.7-2.7
brainsaw|190405_110526,2.19,1.7-2.7
brainsaw|190114_104344,1.203,0.7-1.7
brainsaw|190115_104427,1.203,0.7-1.7
brainsaw|190919_102529,2.19,1.7-2.7
brainsaw|190319_134912,2.19,1.7-2.7
brainsaw|190329_141847,2.19,1.7-2.7
brainsaw|190325_111719,2.19,1.7-2.7
brainsaw|200620_164049,2.19,1.7-2.7
brainsaw|200715_121516,1.01,0.7-1.7
brainsaw|201116_083123,2.19,1.7-2.7
brainsaw|190807_144426,1.205,0.7-1.7
brainsaw|190722_133929,1.205,0.7-1.7
brainsaw|190803_133011,1.205,0.7-1.7
brainsaw|190806_132156,1.205,0.7-1.7
brainsaw|220530_120428,2.23,1.7-2.7
brainsaw|190805_180302,1.205,0.7-1.7
brainsaw|210519_104454,2.23,1.7-2.7
neurovision|210511_123726,2.27,1.7-2.7
neurovision|210510_111530,2.27,1.7-2.7
brainsaw|200121_125129,4.55,3.9-4.8
brainsaw|200121_223703,4.55,3.9-4.8
brainsaw|200122_131055,4.55,3.9-4.8
brainsaw|230220_121919,2.23,1.7-2.7
brainsaw|200113_121516,2.19,1.7-2.7
brainsaw|221114_191834,2.23,1.7-2.7
brainsaw|221110_114420,2.23,1.7-2.7
brainsaw|221031_182005,2.23,1.7-2.7
brainsaw|221110_184224,2.23,1.7-2.7
brainsaw|221031_115118,2.23,1.7-2.7
brainsaw|221114_113916,2.23,1.7-2.7
brainsaw|210729_110346,2.23,1.7-2.7
brainsaw|210328_182730,2.19,1.7-2.7
brainsaw|211008_114854,2.23,1.7-2.7
brainsaw|211217_132528,1.66,0.7-1.7
brainsaw|210317_204348,4.55,3.9-4.8
brainsaw|210318_174630,2.19,1.7-2.7
brainsaw|211025_110805,1.66,0.7-1.7
brainsaw|220614_120510,2.23,1.7-2.7
brainsaw|210403_120336,2.19,1.7-2.7
brainsaw|210730_121650,2.23,1.7-2.7
brainsaw|220217_120748,2.23,1.7-2.7
brainsaw|211006_130256,2.23,1.7-2.7
brainsaw|221111_115027,2.23,1.7-2.7
brainsaw|220610_143746,2.23,1.7-2.7
organgrinder|220609_114202,2.25,1.7-2.7
brainsaw|210317_111950,4.55,3.9-4.8
brainsaw|201215_121223,2.19,1.7-2.7
brainsaw|201209_101728,2.19,1.7-2.7
brainsaw|230214_105204,2.23,1.7-2.7
brainsaw|200827_121518,2.19,1.7-2.7
brainsaw|200807_133110,2.19,1.7-2.7
brainsaw|200906_155809,2.19,1.7-2.7
brainsaw|201104_183740,2.19,1.7-2.7
brainsaw|201104_114019,2.231,1.7-2.7
brainsaw|210206_122717,2.19,1.7-2.7
brainsaw|200810_120518,2.19,1.7-2.7
brainsaw|200930_133900,2.19,1.7-2.7
brainsaw|201004_123724,2.19,1.7-2.7
brainsaw|210514_120242,2.23,1.7-2.7
organgrinder|221109_162452,2.25,1.7-2.7
brainsaw|210417_133828,2.19,1.7-2.7
brainsaw|210228_130043,2.19,1.7-2.7
brainsaw|210301_144716,2.19,1.7-2.7
brainsaw|210617_114005,2.23,1.7-2.7
brainsaw|210406_114655,2.19,1.7-2.7
brainsaw|210505_104306,2.19,1.7-2.7
brainsaw|210526_174221,2.23,1.7-2.7
brainsaw|210524_110903,2.23,1.7-2.7
brainsaw|210630_121907,4.1,3.9-4.8
brainsaw|220128_110646,2.23,1.7-2.7
brainsaw|220303_104116,2.23,1.7-2.7
brainsaw|210706_142739,2.23,1.7-2.7
brainsaw|210526_103029,2.23,1.7-2.7
brainsaw|210623_111141,2.23,1.7-2.7
brainsaw|210616_121129,2.23,1.7-2.7
brainsaw|210708_141622,4.1,3.9-4.8
neurovision|210623_113406,2.27,1.7-2.7
brainsaw|210622_111456,2.23,1.7-2.7
brainsaw|210625_161419,2.23,1.7-2.7
brainsaw|210802_111305,2.23,1.7-2.7
brainsaw|210920_100138,2.23,1.7-2.7
brainsaw|210908_102902,2.23,1.7-2.7
brainsaw|210914_110733,2.23,1.7-2.7
brainsaw|210910_144822,2.23,1.7-2.7
brainsaw|220609_173026,2.23,1.7-2.7
brainsaw|210928_104540,2.23,1.7-2.7
brainsaw|211204_151223,2.23,1.7-2.7
brainsaw|220228_115650,2.23,1.7-2.7
brainsaw|211028_104402,2.23,1.7-2.7
brainsaw|220304_101523,2.23,1.7-2.7
brainsaw|220119_163214,2.23,1.7-2.7
brainsaw|211213_183221,2.23,1.7-2.7
brainsaw|220922_115730,2.23,1.7-2.7
brainsaw|220427_111823,2.23,1.7-2.7
brainsaw|221004_113119,2.23,1.7-2.7
brainsaw|230104_132137,2.23,1.7-2.7
brainsaw|230215_102744,2.23,1.7-2.7
organgrinder|220906_111904,2.25,1.7-2.7
brainsaw|221026_145449,2.23,1.7-2.7
brainsaw|221208_135828,2.23,1.7-2.7
brainsaw|221222_125703,2.23,1.7-2.7
brainsaw|201217_101009,2.19,1.7-2.7
brainsaw|191209_120350,2.19,1.7-2.7
brainsaw|191113_112718,2.19,1.7-2.7
brainsaw|191115_131738,2.19,1.7-2.7
brainsaw|200204_115434,2.19,1.7-2.7
brainsaw|220216_141752,2.23,1.7-2.7
brainsaw|220214_144425,2.23,1.7-2.7
brainsaw|220215_143125,2.23,1.7-2.7
brainsaw|200215_152331,2.19,1.7-2.7
brainsaw|210303_110015,2.19,1.7-2.7
brainsaw|210408_155834,2.19,1.7-2.7
brainsaw|191114_115011,2.19,1.7-2.7
neurovision|210621_111949,3.95,3.9-4.8
organgrinder|240514_120442,4.07,3.9-4.8
brainsaw|250805_141050,4.1,3.9-4.8
organgrinder|240606_120844,4.07,3.9-4.8
brainsaw|240822_124358,4.1,3.9-4.8
organgrinder|240613_121315,4.07,3.9-4.8
organgrinder|240702_110909,4.07,3.9-4.8
organgrinder|240717_134604,4.07,3.9-4.8
organgrinder|241003_133424,7.94,7.5-10
brainsaw|200803_123229,4.55,3.9-4.8
brainsaw|190810_020131,2.19,1.7-2.7
brainsaw|191031_103511,1.648,0.7-1.7
brainsaw|191101_113300,1.648,0.7-1.7
brainsaw|240130_142108,2.23,1.7-2.7
brainsaw|240216_160246,2.23,1.7-2.7
brainsaw|240206_150633,2.23,1.7-2.7
brainsaw|240214_135709,2.23,1.7-2.7
brainsaw|180705_103220,1.21,0.7-1.7
brainsaw|200207_135452,2.19,1.7-2.7
brainsaw|190829_120336,1.205,0.7-1.7
brainsaw|191119_123946,2.19,1.7-2.7
brainsaw|190823_153729,1.205,0.7-1.7
brainsaw|260219_175633,2.23,1.7-2.7
organgrinder|260414_143346,1.983,1.7-2.7
neurovision|260128_170049,4.425,3.9-4.8
organgrinder|260316_135113,3.975,3.9-4.8
brainsaw|260409_131549,4.1,3.9-4.8
brainsaw|260209_143216,4.1,3.9-4.8
organgrinder|260409_132617,3.975,3.9-4.8
organgrinder|260410_143928,3.975,3.9-4.8
neurovision|260417_155944,4.425,3.9-4.8
organgrinder|260722_142804,3.975,3.9-4.8
neurovision|260608_142539,4.425,3.9-4.8
organgrinder|260618_145706,3.975,3.9-4.8
neurovision|260609_122001,4.425,3.9-4.8
brainsaw|260609_120509,4.1,3.9-4.8
organgrinder|260624_145318,3.975,3.9-4.8
organgrinder|260619_142035,3.975,3.9-4.8
organgrinder|260616_120956,3.975,3.9-4.8
organgrinder|260617_132557,3.975,3.9-4.8
organgrinder|260625_121654,3.975,3.9-4.8
organgrinder|260622_114622,3.975,3.9-4.8
organgrinder|260630_172014,3.975,3.9-4.8
organgrinder|260701_134814,3.975,3.9-4.8
organgrinder|260720_153604,3.975,3.9-4.8
organgrinder|260721_122525,3.975,3.9-4.8
neurovision|251218_141811,2.52,1.7-2.7
brainsaw|260618_145749,2.23,1.7-2.7
brainsaw|250926_160020,4.1,3.9-4.8
organgrinder|231030_142002,2.04,1.7-2.7
organgrinder|231113_145928,2.04,1.7-2.7
brainsaw|230515_123738,2.23,1.7-2.7
brainsaw|230601_115225,2.23,1.7-2.7
brainsaw|230612_104020,2.23,1.7-2.7
organgrinder|250728_162341,3.975,3.9-4.8
organgrinder|260310_140334,3.975,3.9-4.8
neurovision|260618_150516,2.52,1.7-2.7
neurovision|260617_133230,2.52,1.7-2.7
brainsaw|260604_170744,4.1,3.9-4.8
neurovision|200309_143947,4.47,3.9-4.8
neurovision|190725_114450,5.56,4.8-7.5
brainsaw|201128_111412,4.55,3.9-4.8
neurovision|220124_120151,4.425,3.9-4.8
brainsaw|210504_110445,4.55,3.9-4.8
brainsaw|200922_154909,4.55,3.9-4.8
brainsaw|210104_184024,4.55,3.9-4.8
neurovision|210908_105128,4.425,3.9-4.8
neurovision|210920_113518,4.425,3.9-4.8
neurovision|201009_121617,4.47,3.9-4.8
brainsaw|201012_112615,4.55,3.9-4.8
neurovision|200921_104510,4.47,3.9-4.8
brainsaw|200713_142539,4.55,3.9-4.8
brainsaw|250521_114026,4.1,3.9-4.8
organgrinder|250815_144819,3.975,3.9-4.8
brainsaw|211102_121216,4.1,3.9-4.8
brainsaw|240126_115631,4.1,3.9-4.8
brainsaw|240213_150520,4.1,3.9-4.8
brainsaw|240312_154859,4.1,3.9-4.8
brainsaw|240315_140602,4.1,3.9-4.8
organgrinder|250725_151451,3.975,3.9-4.8
brainsaw|250708_142513,4.1,3.9-4.8
neurovision|260416_165929,4.425,3.9-4.8
organgrinder|260513_141752,3.975,3.9-4.8
brainsaw|251106_150515,4.1,3.9-4.8
neurovision|260505_155428,4.425,3.9-4.8
organgrinder|260416_165544,3.975,3.9-4.8
neurovision|210728_101718,2.52,1.7-2.7
brainsaw|210714_110750,4.1,3.9-4.8
neurovision|210727_113241,2.52,1.7-2.7
neurovision|240309_123452,2.52,1.7-2.7
brainsaw|220621_135335,4.1,3.9-4.8
brainsaw|230607_133549,2.23,1.7-2.7
brainsaw|210307_144545,2.19,1.7-2.7
brainsaw|210404_162346,2.19,1.7-2.7
brainsaw|210327_164747,2.19,1.7-2.7
brainsaw|210907_161207,1.225,0.7-1.7
brainsaw|210913_120653,1.225,0.7-1.7
brainsaw|210906_120946,1.225,0.7-1.7
brainsaw|211023_164713,1.225,0.7-1.7
brainsaw|210410_170223,2.19,1.7-2.7
brainsaw|210328_115605,2.19,1.7-2.7
brainsaw|210414_145152,2.19,1.7-2.7
brainsaw|200112_114759,2.19,1.7-2.7
brainsaw|200924_184701,2.19,1.7-2.7
brainsaw|200114_135445,2.19,1.7-2.7
brainsaw|200125_144852,2.19,1.7-2.7
brainsaw|191219_155013,2.19,1.7-2.7
brainsaw|191211_132609,2.19,1.7-2.7
brainsaw|200111_185951,2.19,1.7-2.7
neurovision|200220_105828,4.47,3.9-4.8
brainsaw|200202_134433,2.19,1.7-2.7
brainsaw|200117_134627,2.19,1.7-2.7
brainsaw|200119_123013,2.19,1.7-2.7
brainsaw|200226_144126,2.19,1.7-2.7
brainsaw|200205_135437,2.19,1.7-2.7
brainsaw|200312_122153,2.19,1.7-2.7
brainsaw|200315_185322,2.19,1.7-2.7
brainsaw|200313_153539,2.19,1.7-2.7
brainsaw|200812_110338,2.19,1.7-2.7
brainsaw|200916_182644,1.012,0.7-1.7
brainsaw|200830_165736,1.012,0.7-1.7
brainsaw|200924_114006,2.19,1.7-2.7
brainsaw|200923_190423,2.19,1.7-2.7
brainsaw|211115_173252,2.23,1.7-2.7
brainsaw|211106_150904,1.225,0.7-1.7
neurovision|240207_135712,2.52,1.7-2.7
neurovision|240213_135358,2.52,1.7-2.7
brainsaw|200714_173451,2.19,1.7-2.7
brainsaw|220601_110617,2.23,1.7-2.7
brainsaw|200831_154340,1.205,0.7-1.7
brainsaw|210911_143417,2.23,1.7-2.7
brainsaw|211128_184318,2.23,1.7-2.7
brainsaw|211009_142223,2.23,1.7-2.7
brainsaw|210907_114933,2.23,1.7-2.7
brainsaw|210929_191736,2.23,1.7-2.7
brainsaw|211103_153424,2.23,1.7-2.7
brainsaw|220104_152204,2.23,1.7-2.7
brainsaw|220106_171028,2.23,1.7-2.7
brainsaw|220719_135931,2.23,1.7-2.7
brainsaw|221221_133624,2.23,1.7-2.7
brainsaw|221109_145213,4.1,3.9-4.8
brainsaw|230418_133026,2.23,1.7-2.7
brainsaw|230429_121827,2.23,1.7-2.7
brainsaw|231222_155323,2.23,1.7-2.7
neurovision|231222_143326,2.52,1.7-2.7
brainsaw|220905_114634,4.1,3.9-4.8
brainsaw|191221_143934,2.19,1.7-2.7
brainsaw|190916_114634,4.55,3.9-4.8
brainsaw|191220_141744,2.19,1.7-2.7
brainsaw|191204_123102,4.55,3.9-4.8
brainsaw|190423_102730,2.19,1.7-2.7
brainsaw|181114_120316,1.203,0.7-1.7
brainsaw|181113_111349,1.21,0.7-1.7
brainsaw|181108_114753,1.21,0.7-1.7
brainsaw|181122_121903,1.203,0.7-1.7
brainsaw|200307_150420,1.01,0.7-1.7
brainsaw|200707_174506,1.205,0.7-1.7
brainsaw|200708_125325,1.205,0.7-1.7
brainsaw|200709_180059,1.205,0.7-1.7
neurovision|240127_125002,1.26,0.7-1.7
brainsaw|240127_131659,1.225,0.7-1.7
neurovision|240128_121857,1.26,0.7-1.7
brainsaw|240201_151536,1.225,0.7-1.7
brainsaw|240128_123809,1.225,0.7-1.7
brainsaw|240628_142022,2.23,1.7-2.7
brainsaw|240629_131923,2.23,1.7-2.7
brainsaw|240719_161156,4.1,3.9-4.8
brainsaw|240710_103611,4.1,3.9-4.8
brainsaw|240717_142331,4.1,3.9-4.8
brainsaw|240715_111301,4.1,3.9-4.8
brainsaw|240725_164604,4.1,3.9-4.8
brainsaw|240924_105907,2.23,1.7-2.7
brainsaw|240926_093047,2.23,1.7-2.7
brainsaw|220701_135136,2.23,1.7-2.7
brainsaw|241108_162609,2.23,1.7-2.7
brainsaw|220620_141151,2.23,1.7-2.7
brainsaw|220623_134609,2.23,1.7-2.7
brainsaw|250221_121627,2.23,1.7-2.7
brainsaw|250512_145414,4.1,3.9-4.8
brainsaw|250520_154635,2.23,1.7-2.7
brainsaw|251118_135118,4.1,3.9-4.8
brainsaw|251117_114609,4.1,3.9-4.8
brainsaw|251218_141845,4.1,3.9-4.8
brainsaw|230123_115246,2.23,1.7-2.7
brainsaw|230126_113608,2.23,1.7-2.7
brainsaw|230112_102751,4.1,3.9-4.8
brainsaw|200820_123347,2.19,1.7-2.7
brainsaw|230124_104145,1.225,0.7-1.7
brainsaw|230118_132229,1.225,0.7-1.7
brainsaw|230203_125728,2.23,1.7-2.7
brainsaw|230602_152612,1.225,0.7-1.7
brainsaw|231117_163941,2.23,1.7-2.7
brainsaw|240112_114602,2.23,1.7-2.7
brainsaw|240229_165259,2.23,1.7-2.7
organgrinder|240410_095845,2.04,1.7-2.7
brainsaw|240909_114127,2.23,1.7-2.7
organgrinder|240722_165101,2.04,1.7-2.7
brainsaw|240726_115125,2.23,1.7-2.7
brainsaw|240726_164828,2.23,1.7-2.7
brainsaw|240912_102226,2.23,1.7-2.7
brainsaw|240731_160859,2.23,1.7-2.7
brainsaw|240911_162820,2.23,1.7-2.7
brainsaw|240830_110300,2.23,1.7-2.7
brainsaw|241104_134846,2.23,1.7-2.7
brainsaw|250628_130238,2.23,1.7-2.7
neurovision|231222_095809,2.52,1.7-2.7
brainsaw|250819_120009,2.23,1.7-2.7
brainsaw|250821_153200,2.23,1.7-2.7
brainsaw|220901_145948,2.23,1.7-2.7
brainsaw|190905_115025,1.648,0.7-1.7
brainsaw|200214_135923,2.19,1.7-2.7
brainsaw|190906_123226,1.648,0.7-1.7
brainsaw|191210_122556,4.55,3.9-4.8
brainsaw|200126_124306,1.205,0.7-1.7
brainsaw|191129_152911,4.55,3.9-4.8
brainsaw|191120_111916,4.55,3.9-4.8
brainsaw|200710_181736,1.205,0.7-1.7
brainsaw|220930_120533,2.23,1.7-2.7
brainsaw|240214_112518,2.23,1.7-2.7
brainsaw|240220_154952,2.23,1.7-2.7
brainsaw|240226_103529,2.23,1.7-2.7
neurovision|240215_120332,2.52,1.7-2.7
neurovision|240222_131220,2.52,1.7-2.7
neurovision|231207_104830,2.52,1.7-2.7
brainsaw|250219_104841,2.23,1.7-2.7
brainsaw|240314_120907,2.23,1.7-2.7
brainsaw|240324_122239,2.23,1.7-2.7
brainsaw|230930_132035,2.23,1.7-2.7
brainsaw|231005_135047,2.23,1.7-2.7
brainsaw|250327_175245,2.23,1.7-2.7
brainsaw|231013_093530,2.23,1.7-2.7
neurovision|250404_173803,4.425,3.9-4.8
brainsaw|250520_094327,2.23,1.7-2.7
brainsaw|231101_132416,2.23,1.7-2.7
brainsaw|240112_162458,2.23,1.7-2.7
neurovision|250628_132552,2.52,1.7-2.7
brainsaw|240316_185732,4.1,3.9-4.8
brainsaw|240317_121026,1.225,0.7-1.7
brainsaw|240316_114537,1.225,0.7-1.7
neurovision|240317_134113,1.26,0.7-1.7
neurovision|240317_182642,1.26,0.7-1.7
brainsaw|240317_185818,1.225,0.7-1.7
brainsaw|210929_121247,2.23,1.7-2.7
brainsaw|201005_092808,2.19,1.7-2.7
brainsaw|190416_113747,1.654,0.7-1.7
brainsaw|190417_153834,1.654,0.7-1.7
brainsaw|190602_123843,1.205,0.7-1.7
brainsaw|230808_165550,1.225,0.7-1.7
brainsaw|230712_121259,2.23,1.7-2.7
brainsaw|260420_133753,2.23,1.7-2.7
organgrinder|250922_114953,1.983,1.7-2.7
brainsaw|260417_143140,2.23,1.7-2.7
organgrinder|260415_121213,1.983,1.7-2.7
brainsaw|260430_142449,2.23,1.7-2.7
organgrinder|260422_133857,1.983,1.7-2.7
organgrinder|260421_115245,1.983,1.7-2.7
organgrinder|260420_115810,1.983,1.7-2.7
brainsaw|260428_124232,2.23,1.7-2.7
brainsaw|250609_121823,2.23,1.7-2.7
brainsaw|240108_113328,2.23,1.7-2.7
brainsaw|250522_122051,2.23,1.7-2.7
brainsaw|250730_142601,2.23,1.7-2.7
brainsaw|250528_103159,2.23,1.7-2.7
brainsaw|250602_112641,2.23,1.7-2.7
brainsaw|250526_130012,2.23,1.7-2.7
brainsaw|250731_141140,2.23,1.7-2.7
brainsaw|260429_132914,2.23,1.7-2.7
brainsaw|250718_111455,2.23,1.7-2.7
neurovision|250729_131216,2.52,1.7-2.7
neurovision|250728_110636,2.52,1.7-2.7
brainsaw|260415_112912,2.23,1.7-2.7
neurovision|250718_113836,2.52,1.7-2.7
brainsaw|260508_184039,4.1,3.9-4.8
brainsaw|260616_115903,4.1,3.9-4.8
brainsaw|260529_142746,2.23,1.7-2.7
brainsaw|260612_113107,4.1,3.9-4.8
brainsaw|231201_152434,2.23,1.7-2.7
brainsaw|231212_121108,2.23,1.7-2.7
brainsaw|231211_120720,2.23,1.7-2.7
brainsaw|240514_121629,4.1,3.9-4.8
organgrinder|240522_120833,4.07,3.9-4.8
organgrinder|240509_110327,2.04,1.7-2.7
brainsaw|240508_110130,2.23,1.7-2.7
neurovision|240510_133102,2.52,1.7-2.7
brainsaw|231219_113534,4.1,3.9-4.8
brainsaw|240102_123401,4.1,3.9-4.8
brainsaw|240109_113108,4.1,3.9-4.8
brainsaw|240701_114113,2.23,1.7-2.7
brainsaw|240117_120126,4.1,3.9-4.8
organgrinder|240306_145413,2.04,1.7-2.7
brainsaw|240523_120430,2.23,1.7-2.7
neurovision|250613_212225,4.425,3.9-4.8
brainsaw|240612_120034,2.23,1.7-2.7
brainsaw|241106_112111,4.1,3.9-4.8
organgrinder|241206_105457,4.07,3.9-4.8
organgrinder|241204_141111,4.07,3.9-4.8
organgrinder|241210_134120,4.07,3.9-4.8
brainsaw|250313_134912,2.23,1.7-2.7
organgrinder|250314_115950,2.04,1.7-2.7
brainsaw|250424_120143,4.1,3.9-4.8
organgrinder|250303_104843,4.07,3.9-4.8
brainsaw|250324_112741,4.1,3.9-4.8
brainsaw|250408_104544,2.23,1.7-2.7
neurovision|250410_142108,4.425,3.9-4.8
brainsaw|250321_114825,4.1,3.9-4.8
brainsaw|250626_114128,4.1,3.9-4.8
neurovision|250711_123040,4.425,3.9-4.8
organgrinder|250905_105644,3.975,3.9-4.8
brainsaw|250911_182450,4.1,3.9-4.8
neurovision|250620_120818,4.425,3.9-4.8
neurovision|250526_123140,4.425,3.9-4.8
organgrinder|250926_115210,3.975,3.9-4.8
organgrinder|250929_132052,3.975,3.9-4.8
brainsaw|260310_150114,2.23,1.7-2.7
brainsaw|250912_134603,4.1,3.9-4.8
neurovision|250714_115219,4.425,3.9-4.8
organgrinder|250819_113938,3.975,3.9-4.8
organgrinder|250717_113851,3.975,3.9-4.8
organgrinder|250918_113756,3.975,3.9-4.8
organgrinder|250921_145141,3.975,3.9-4.8
organgrinder|250925_115024,3.975,3.9-4.8
organgrinder|251003_144541,3.975,3.9-4.8
neurovision|251017_135924,4.425,3.9-4.8
organgrinder|251022_150847,3.975,3.9-4.8
organgrinder|251023_115358,3.975,3.9-4.8
organgrinder|251211_125808,3.975,3.9-4.8
organgrinder|251210_112926,3.975,3.9-4.8
organgrinder|260311_112914,1.983,1.7-2.7
organgrinder|251204_142053,3.975,3.9-4.8
organgrinder|251107_115507,3.975,3.9-4.8
organgrinder|251201_130236,3.975,3.9-4.8
brainsaw|260312_132639,4.1,3.9-4.8
organgrinder|260315_151147,3.975,3.9-4.8
organgrinder|260518_103127,1.983,1.7-2.7
organgrinder|260518_190007,1.983,1.7-2.7
organgrinder|260505_110254,1.983,1.7-2.7
organgrinder|260519_114453,1.983,1.7-2.7
organgrinder|260515_115420,1.983,1.7-2.7
neurovision|260408_121627,2.52,1.7-2.7
brainsaw|260507_164129,4.1,3.9-4.8
organgrinder|260522_134256,3.975,3.9-4.8
brainsaw|260511_120220,4.1,3.9-4.8
brainsaw|260311_110509,2.23,1.7-2.7
organgrinder|260319_115217,3.975,3.9-4.8
organgrinder|260430_141754,1.983,1.7-2.7
organgrinder|260611_111003,1.983,1.7-2.7
organgrinder|260609_112436,1.983,1.7-2.7
organgrinder|260608_154914,1.983,1.7-2.7
organgrinder|260611_182540,1.983,1.7-2.7
organgrinder|260609_193105,1.983,1.7-2.7
brainsaw|260604_111226,4.1,3.9-4.8
organgrinder|260702_135032,1.983,1.7-2.7
organgrinder|260626_125743,1.983,1.7-2.7
brainsaw|250921_145224,2.23,1.7-2.7
brainsaw|240227_142026,4.1,3.9-4.8
organgrinder|250806_102443,3.975,3.9-4.8
organgrinder|250806_170035,3.975,3.9-4.8
organgrinder|250807_101104,3.975,3.9-4.8
organgrinder|250807_172410,3.975,3.9-4.8
organgrinder|231123_112109,2.04,1.7-2.7
organgrinder|231127_140150,2.04,1.7-2.7
brainsaw|240219_162358,2.23,1.7-2.7
brainsaw|240226_123542,2.23,1.7-2.7
organgrinder|241209_141644,4.07,3.9-4.8
brainsaw|240812_141259,2.23,1.7-2.7
organgrinder|240410_152025,4.07,3.9-4.8
organgrinder|240419_134723,4.07,3.9-4.8
organgrinder|250711_162740,1.98,1.7-2.7
brainsaw|230818_142428,2.23,1.7-2.7
brainsaw|230822_105659,2.23,1.7-2.7
brainsaw|230823_110035,2.23,1.7-2.7
brainsaw|230720_142430,2.23,1.7-2.7
organgrinder|230818_120730,4.07,3.9-4.8
organgrinder|221211_164455,4.07,3.9-4.8
neurovision|210722_112745,4.425,3.9-4.8
organgrinder|211119_151720,4.5,3.9-4.8
neurovision|210929_104056,2.52,1.7-2.7
organgrinder|220114_162824,4.07,3.9-4.8
brainsaw|220331_113214,4.1,3.9-4.8
organgrinder|220407_144424,4.07,3.9-4.8
organgrinder|221121_124125,4.07,3.9-4.8
organgrinder|221201_123256,4.07,3.9-4.8
neurovision|221214_122419,2.52,1.7-2.7
brainsaw|220705_114633,2.23,1.7-2.7
neurovision|210406_185343,4.44,3.9-4.8
neurovision|210930_110551,4.425,3.9-4.8
brainsaw|171011_130744,1.322,0.7-1.7
brainsaw|190912_235002,2.19,1.7-2.7
brainsaw|190829_222942,2.19,1.7-2.7
brainsaw|190717_120349,2.19,1.7-2.7
brainsaw|190816_182125,2.19,1.7-2.7
brainsaw|181215_135059,1.203,0.7-1.7
brainsaw|181216_210252,1.203,0.7-1.7
brainsaw|190826_105208,2.19,1.7-2.7
brainsaw|190427_132242,2.19,1.7-2.7
brainsaw|190720_142334,2.19,1.7-2.7
brainsaw|190615_030640,2.19,1.7-2.7
brainsaw|190501_115033,2.19,1.7-2.7
brainsaw|190730_154035,2.19,1.7-2.7
brainsaw|190729_105038,2.19,1.7-2.7
brainsaw|190615_195352,2.19,1.7-2.7
brainsaw|180727_120953,1.21,0.7-1.7
brainsaw|180724_110558,1.21,0.7-1.7
brainsaw|180818_194227,1.21,0.7-1.7
brainsaw|180626_174633,1.21,0.7-1.7
brainsaw|180626_091549,1.21,0.7-1.7
brainsaw|180630_120026,1.21,0.7-1.7
brainsaw|180718_200108,1.21,0.7-1.7
brainsaw|180720_094824,1.21,0.7-1.7
brainsaw|190226_110116,2.19,1.7-2.7
brainsaw|190611_122830,2.19,1.7-2.7
brainsaw|190425_132004,2.19,1.7-2.7
brainsaw|190612_110810,2.19,1.7-2.7
brainsaw|190506_115211,2.19,1.7-2.7
brainsaw|190326_211823,2.19,1.7-2.7
brainsaw|190724_145516,2.19,1.7-2.7
brainsaw|200604_164856,2.19,1.7-2.7
brainsaw|200602_121203,2.19,1.7-2.7
brainsaw|190827_083424,2.19,1.7-2.7
brainsaw|200725_112031,2.19,1.7-2.7
brainsaw|190305_134335,2.19,1.7-2.7
brainsaw|190717_173452,2.19,1.7-2.7
brainsaw|190716_112030,2.19,1.7-2.7
brainsaw|210618_140645,2.23,1.7-2.7
brainsaw|180927_090450,1.654,0.7-1.7
brainsaw|190825_152228,2.19,1.7-2.7
brainsaw|190620_115637,2.19,1.7-2.7
brainsaw|190621_171733,2.19,1.7-2.7
brainsaw|190622_153125,2.19,1.7-2.7
brainsaw|190621_103810,2.19,1.7-2.7
brainsaw|190618_190149,2.19,1.7-2.7
brainsaw|190623_120559,2.19,1.7-2.7
brainsaw|190815_174803,2.19,1.7-2.7
brainsaw|190811_094812,2.19,1.7-2.7
brainsaw|180927_134419,1.21,0.7-1.7
brainsaw|181004_193151,1.21,0.7-1.7
brainsaw|180925_130719,1.21,0.7-1.7
brainsaw|181203_173637,1.203,0.7-1.7
brainsaw|210819_112128,2.23,1.7-2.7
brainsaw|200821_145438,2.19,1.7-2.7
brainsaw|181214_224028,1.203,0.7-1.7
brainsaw|181213_112717,1.203,0.7-1.7
brainsaw|190221_105020,2.19,1.7-2.7
brainsaw|181204_142211,1.203,0.7-1.7
brainsaw|191022_113146,2.19,1.7-2.7
brainsaw|200601_132035,2.19,1.7-2.7
brainsaw|201117_122950,2.19,1.7-2.7
brainsaw|200930_221834,2.19,1.7-2.7
brainsaw|201022_212825,2.19,1.7-2.7
brainsaw|201014_205546,2.19,1.7-2.7
brainsaw|201021_220208,2.19,1.7-2.7
brainsaw|201023_221740,2.19,1.7-2.7
brainsaw|190316_174215,2.19,1.7-2.7
brainsaw|201127_210909,2.19,1.7-2.7
brainsaw|201216_214200,2.19,1.7-2.7
brainsaw|181218_082634,1.203,0.7-1.7
brainsaw|190326_110929,2.19,1.7-2.7
brainsaw|190408_114045,2.19,1.7-2.7
brainsaw|190506_224447,2.19,1.7-2.7
brainsaw|181216_122309,1.203,0.7-1.7
brainsaw|190428_155122,2.19,1.7-2.7
neurovision|191024_115107,3.0,2.7-3.9
neurovision|191007_155525,3.0,2.7-3.9
neurovision|200119_203034,2.18,1.7-2.7
neurovision|191205_184859,2.18,1.7-2.7
neurovision|191008_152651,3.0,2.7-3.9
brainsaw|200304_102855,4.55,3.9-4.8
brainsaw|200302_102400,4.55,3.9-4.8
brainsaw|191029_194037,2.19,1.7-2.7
brainsaw|201119_145644,2.19,1.7-2.7
neurovision|200206_154525,2.18,1.7-2.7
brainsaw|200303_105926,4.55,3.9-4.8
neurovision|191007_103441,3.0,2.7-3.9
brainsaw|210819_181338,2.23,1.7-2.7
brainsaw|210623_231811,2.23,1.7-2.7
brainsaw|210624_164159,2.23,1.7-2.7
neurovision|210724_142500,2.52,1.7-2.7
brainsaw|200915_133339,2.19,1.7-2.7
brainsaw|200610_151752,2.19,1.7-2.7
brainsaw|200626_122148,2.19,1.7-2.7
brainsaw|210820_204533,2.23,1.7-2.7
brainsaw|210824_114424,2.23,1.7-2.7
brainsaw|200801_212309,2.19,1.7-2.7
brainsaw|210120_132326,2.19,1.7-2.7
neurovision|210204_111055,2.61,1.7-2.7
brainsaw|201211_183951,2.19,1.7-2.7
brainsaw|201214_224414,2.19,1.7-2.7
brainsaw|200723_103750,2.19,1.7-2.7
neurovision|200914_164315,2.18,1.7-2.7
brainsaw|200914_181020,2.19,1.7-2.7
neurovision|200918_113150,4.47,3.9-4.8
neurovision|201011_142608,2.18,1.7-2.7
brainsaw|201011_143540,2.19,1.7-2.7
brainsaw|201020_090915,2.19,1.7-2.7
neurovision|200925_153438,4.47,3.9-4.8
neurovision|201005_110519,4.47,3.9-4.8
neurovision|191119_124604,2.16,1.7-2.7
neurovision|200107_140704,2.18,1.7-2.7
neurovision|200108_171550,2.18,1.7-2.7
neurovision|200708_200231,2.18,1.7-2.7
brainsaw|191112_180213,2.19,1.7-2.7
neurovision|191203_174906,2.18,1.7-2.7
brainsaw|190115_195512,1.203,0.7-1.7
brainsaw|190308_125743,2.19,1.7-2.7
neurovision|200601_143311,2.18,1.7-2.7
neurovision|200113_160850,2.18,1.7-2.7
brainsaw|191025_205428,2.19,1.7-2.7
brainsaw|200725_211012,2.19,1.7-2.7
neurovision|200720_222323,2.18,1.7-2.7
brainsaw|200921_163214,2.19,1.7-2.7
brainsaw|200917_104910,2.19,1.7-2.7
brainsaw|200908_203227,2.19,1.7-2.7
neurovision|201111_194354,2.18,1.7-2.7
neurovision|210428_221051,2.27,1.7-2.7
brainsaw|210824_183106,2.23,1.7-2.7
brainsaw|190624_103600,2.19,1.7-2.7
brainsaw|190909_214820,2.19,1.7-2.7
brainsaw|200531_203343,2.19,1.7-2.7
brainsaw|200703_131215,2.19,1.7-2.7
brainsaw|210820_115833,2.23,1.7-2.7
neurovision|191204_174852,2.18,1.7-2.7
brainsaw|210605_173057,2.23,1.7-2.7
brainsaw|210503_115939,2.19,1.7-2.7
brainsaw|200727_135430,2.19,1.7-2.7
brainsaw|210606_140843,2.23,1.7-2.7
brainsaw|210208_110119,2.19,1.7-2.7
neurovision|201110_194220,4.47,3.9-4.8
brainsaw|210422_215031,2.19,1.7-2.7
brainsaw|191029_151834,2.19,1.7-2.7
brainsaw|200724_113348,2.19,1.7-2.7
brainsaw|200730_161614,2.19,1.7-2.7
brainsaw|191028_173305,2.19,1.7-2.7
brainsaw|200316_194103,2.19,1.7-2.7
neurovision|201001_211148,2.18,1.7-2.7
neurovision|221130_132229,4.425,3.9-4.8
neurovision|221116_165837,4.425,3.9-4.8
neurovision|221212_154131,2.52,1.7-2.7
neurovision|220301_102509,4.425,3.9-4.8
neurovision|230208_115134,4.425,3.9-4.8
brainsaw|210520_193147,2.23,1.7-2.7
neurovision|230428_104849,2.52,1.7-2.7
neurovision|230317_171629,2.52,1.7-2.7
brainsaw|230707_102441,4.1,3.9-4.8
brainsaw|230730_164634,2.23,1.7-2.7
organgrinder|231010_161650,2.04,1.7-2.7
neurovision|231009_100556,2.52,1.7-2.7
brainsaw|241022_144458,2.23,1.7-2.7
neurovision|241022_145031,2.52,1.7-2.7
neurovision|231217_100307,2.52,1.7-2.7
neurovision|230224_111324,2.52,1.7-2.7
neurovision|230511_123625,2.52,1.7-2.7
organgrinder|231208_172558,2.04,1.7-2.7
neurovision|231207_130207,1.26,0.7-1.7
neurovision|230310_111426,2.52,1.7-2.7
neurovision|250321_123333,4.425,3.9-4.8
brainsaw|250514_181434,4.1,3.9-4.8
brainsaw|250702_161604,4.1,3.9-4.8
neurovision|250707_145534,4.425,3.9-4.8
brainsaw|250325_113608,4.1,3.9-4.8
brainsaw|250707_145717,4.1,3.9-4.8
brainsaw|241207_141352,4.1,3.9-4.8
organgrinder|240919_140817,4.07,3.9-4.8
brainsaw|241016_132822,4.1,3.9-4.8
organgrinder|240329_123729,4.07,3.9-4.8
organgrinder|240405_130818,4.07,3.9-4.8
organgrinder|240507_144200,2.04,1.7-2.7
organgrinder|240515_112515,4.07,3.9-4.8
organgrinder|240529_115758,4.07,3.9-4.8
brainsaw|240521_110152,4.1,3.9-4.8
brainsaw|240531_121504,4.1,3.9-4.8
organgrinder|240705_145125,4.07,3.9-4.8
brainsaw|250814_151217,2.23,1.7-2.7
brainsaw|250815_125938,2.23,1.7-2.7
neurovision|250815_125117,2.52,1.7-2.7
neurovision|250818_144318,2.52,1.7-2.7
neurovision|250311_154751,2.52,1.7-2.7
brainsaw|250428_163720,2.23,1.7-2.7
brainsaw|250502_163309,2.23,1.7-2.7
neurovision|250501_124306,2.52,1.7-2.7
neurovision|250403_161142,2.52,1.7-2.7
brainsaw|250403_162228,2.23,1.7-2.7
brainsaw|250603_125406,2.23,1.7-2.7
brainsaw|250604_164643,2.23,1.7-2.7
neurovision|241119_172929,4.425,3.9-4.8
brainsaw|241123_151123,2.23,1.7-2.7
brainsaw|241218_124753,4.1,3.9-4.8
brainsaw|241215_193448,4.1,3.9-4.8
neurovision|250131_104848,4.425,3.9-4.8
neurovision|250212_125923,4.425,3.9-4.8
brainsaw|241223_114057,4.1,3.9-4.8
brainsaw|250210_113307,4.1,3.9-4.8
brainsaw|250124_130707,4.1,3.9-4.8
organgrinder|250131_180354,4.07,3.9-4.8
brainsaw|250203_105807,4.1,3.9-4.8
organgrinder|240801_113715,2.04,1.7-2.7
brainsaw|240802_123104,2.23,1.7-2.7
organgrinder|241029_105706,2.04,1.7-2.7
brainsaw|240827_121236,2.23,1.7-2.7
organgrinder|240827_113447,2.04,1.7-2.7
neurovision|240827_121546,2.52,1.7-2.7
organgrinder|241108_194730,2.04,1.7-2.7
organgrinder|250908_115039,1.983,1.7-2.7
brainsaw|250908_144949,2.23,1.7-2.7
brainsaw|250909_120008,2.23,1.7-2.7
neurovision|250909_120710,2.52,1.7-2.7
brainsaw|240502_131959,2.23,1.7-2.7
brainsaw|250508_175740,2.23,1.7-2.7
neurovision|250512_171017,2.52,1.7-2.7
brainsaw|250513_161921,4.1,3.9-4.8
neurovision|250703_163451,2.52,1.7-2.7
brainsaw|250808_184546,2.23,1.7-2.7
neurovision|250811_142557,2.52,1.7-2.7
brainsaw|250811_142937,2.23,1.7-2.7
brainsaw|250413_151245,2.23,1.7-2.7
neurovision|250304_153710,2.52,1.7-2.7
brainsaw|250326_164846,2.23,1.7-2.7
brainsaw|250509_172208,2.23,1.7-2.7
neurovision|250704_145033,2.52,1.7-2.7
neurovision|250807_153425,2.52,1.7-2.7
neurovision|250808_184057,2.52,1.7-2.7
brainsaw|240516_164924,2.23,1.7-2.7
brainsaw|250703_165517,2.23,1.7-2.7
brainsaw|241206_122006,2.23,1.7-2.7
neurovision|250514_180048,4.425,3.9-4.8
organgrinder|250327_112527,4.07,3.9-4.8
brainsaw|240416_145350,2.23,1.7-2.7
organgrinder|240422_120228,2.04,1.7-2.7
brainsaw|200902_114213,2.19,1.7-2.7
brainsaw|191030_135151,2.19,1.7-2.7
brainsaw|200918_103923,2.19,1.7-2.7
brainsaw|191121_122509,2.19,1.7-2.7
brainsaw|200819_110213,2.19,1.7-2.7
brainsaw|181110_125150,1.21,0.7-1.7
brainsaw|181127_110328,1.203,0.7-1.7
brainsaw|170413_112728,3.565,2.7-3.9
brainsaw|170817_105558,1.322,0.7-1.7
brainsaw|170424_142838,3.921,3.9-4.8
brainsaw|170510_160339,1.542,0.7-1.7
brainsaw|170425_173417,2.614,1.7-2.7
brainsaw|170725_130344,1.322,0.7-1.7
brainsaw|170712_163220,1.143,0.7-1.7
brainsaw|170811_102755,0.993,0.7-1.7
brainsaw|171207_124647,1.322,0.7-1.7
brainsaw|191007_104813,2.19,1.7-2.7
brainsaw|170728_112113,1.322,0.7-1.7
brainsaw|170801_120915,1.322,0.7-1.7
brainsaw|191026_125341,2.19,1.7-2.7
brainsaw|191026_185339,2.19,1.7-2.7
brainsaw|191027_120105,2.19,1.7-2.7
brainsaw|190827_173235,1.205,0.7-1.7
brainsaw|180730_112517,1.21,0.7-1.7
brainsaw|180730_183653,1.21,0.7-1.7
brainsaw|180731_144708,1.21,0.7-1.7
brainsaw|181004_122127,1.21,0.7-1.7
brainsaw|171019_144130,1.467,0.7-1.7
brainsaw|171020_191244,1.467,0.7-1.7
brainsaw|171212_165426,1.467,0.7-1.7
brainsaw|171213_180708,1.467,0.7-1.7
brainsaw|171026_181132,1.467,0.7-1.7
brainsaw|171214_122255,1.467,0.7-1.7
brainsaw|171024_184454,1.467,0.7-1.7
brainsaw|171101_191253,1.467,0.7-1.7
brainsaw|171216_134512,1.467,0.7-1.7
brainsaw|171217_141359,1.467,0.7-1.7
brainsaw|180113_153005,1.467,0.7-1.7
brainsaw|180115_090501,1.467,0.7-1.7
brainsaw|180116_132911,1.452,0.7-1.7
brainsaw|180116_195429,1.467,0.7-1.7
brainsaw|180117_165644,1.467,0.7-1.7
brainsaw|180519_125818,1.69,0.7-1.7
brainsaw|180520_153537,1.67,0.7-1.7
brainsaw|180118_230002,1.467,0.7-1.7
brainsaw|190928_113201,2.19,1.7-2.7
brainsaw|190417_122241,1.654,0.7-1.7
brainsaw|190415_181120,1.654,0.7-1.7
brainsaw|190426_153339,1.654,0.7-1.7
brainsaw|190603_222642,1.205,0.7-1.7
brainsaw|190925_103228,1.648,0.7-1.7
brainsaw|191005_150948,2.19,1.7-2.7
brainsaw|191214_163934,2.19,1.7-2.7
brainsaw|181207_133219,1.203,0.7-1.7
brainsaw|181202_154945,1.203,0.7-1.7
brainsaw|181206_173033,1.203,0.7-1.7
brainsaw|170417_144059,3.921,3.9-4.8
brainsaw|170420_130207,3.921,3.9-4.8
brainsaw|170412_171300,3.565,2.7-3.9
brainsaw|170803_113101,1.322,0.7-1.7
brainsaw|170807_131412,1.322,0.7-1.7
brainsaw|170721_131706,1.316,0.7-1.7
brainsaw|170718_113220,0.781,0.7-1.7
brainsaw|201008_191035,2.19,1.7-2.7
brainsaw|200919_131353,2.19,1.7-2.7
brainsaw|201207_195713,2.19,1.7-2.7
brainsaw|171010_165809,0.489,<0.7
brainsaw|170815_111800,1.322,0.7-1.7
brainsaw|170822_133314,1.322,0.7-1.7
brainsaw|171018_181837,1.322,0.7-1.7
brainsaw|260403_120537,2.23,1.7-2.7
neurovision|191004_104655,5.46,4.8-7.5
neurovision|210128_154122,2.61,1.7-2.7
neurovision|211211_180359,2.52,1.7-2.7
brainsaw|211013_135254,2.23,1.7-2.7
neurovision|211110_132619,2.52,1.7-2.7
brainsaw|210626_154738,2.23,1.7-2.7
brainsaw|210501_152225,2.19,1.7-2.7
neurovision|210517_131535,2.27,1.7-2.7
brainsaw|201109_191135,2.19,1.7-2.7
brainsaw|201211_101847,4.55,3.9-4.8
brainsaw|201201_111315,4.55,3.9-4.8
neurovision|210320_150451,2.35,1.7-2.7
brainsaw|210213_141044,2.19,1.7-2.7
brainsaw|210718_142714,2.23,1.7-2.7
brainsaw|210805_154327,2.23,1.7-2.7
neurovision|250821_104305,4.425,3.9-4.8
neurovision|250731_135908,2.52,1.7-2.7
neurovision|250305_150254,2.52,1.7-2.7
neurovision|260209_113924,4.425,3.9-4.8
brainsaw|250812_120150,4.1,3.9-4.8
neurovision|250721_112010,4.425,3.9-4.8
neurovision|250919_111002,4.425,3.9-4.8
neurovision|251027_104621,4.425,3.9-4.8
brainsaw|251110_112028,2.23,1.7-2.7
neurovision|260429_112402,4.425,3.9-4.8
organgrinder|250310_113910,4.07,3.9-4.8
brainsaw|250108_103341,2.23,1.7-2.7
brainsaw|250218_150259,2.23,1.7-2.7
neurovision|220122_141546,2.52,1.7-2.7
brainsaw|250710_122115,4.1,3.9-4.8
brainsaw|250709_114338,4.1,3.9-4.8
brainsaw|250617_122929,4.1,3.9-4.8
brainsaw|260228_161812,2.23,1.7-2.7
neurovision|260419_142559,2.52,1.7-2.7
neurovision|260628_164335,2.52,1.7-2.7
neurovision|260509_140540,4.425,3.9-4.8
neurovision|260517_142728,4.425,3.9-4.8
brainsaw|260305_112345,2.23,1.7-2.7
neurovision|260704_133732,2.52,1.7-2.7
brainsaw|260301_184018,4.1,3.9-4.8
brainsaw|260321_152335,4.1,3.9-4.8
brainsaw|240120_194722,2.23,1.7-2.7
neurovision|260129_171233,2.52,1.7-2.7
neurovision|260131_191252,4.425,3.9-4.8
neurovision|260130_113033,4.425,3.9-4.8
neurovision|240918_113438,4.425,3.9-4.8
neurovision|241114_155958,2.52,1.7-2.7
neurovision|241113_190814,2.52,1.7-2.7
neurovision|241109_170745,2.52,1.7-2.7
neurovision|250114_122852,2.52,1.7-2.7
neurovision|250113_125659,2.52,1.7-2.7
neurovision|250509_160123,2.52,1.7-2.7
neurovision|230923_145247,2.52,1.7-2.7
neurovision|240621_120858,2.52,1.7-2.7
neurovision|240819_124949,4.425,3.9-4.8
neurovision|240620_164243,2.52,1.7-2.7
neurovision|240818_160240,4.425,3.9-4.8
brainsaw|230327_110653,4.1,3.9-4.8
brainsaw|230328_114656,1.66,0.7-1.7
neurovision|240522_121513,4.425,3.9-4.8
brainsaw|240622_202335,2.23,1.7-2.7
neurovision|250527_114456,4.425,3.9-4.8
brainsaw|251013_142713,4.1,3.9-4.8
neurovision|250929_112624,4.425,3.9-4.8
brainsaw|250729_132055,4.1,3.9-4.8
organgrinder|260312_113210,3.975,3.9-4.8
brainsaw|260220_124632,4.1,3.9-4.8
organgrinder|231213_151943,4.07,3.9-4.8
brainsaw|240129_170312,2.23,1.7-2.7
brainsaw|250425_111206,1.225,0.7-1.7
neurovision|250529_120511,2.52,1.7-2.7
organgrinder|260107_133552,3.975,3.9-4.8
neurovision|260120_105801,4.425,3.9-4.8
organgrinder|240611_130705,4.07,3.9-4.8
brainsaw|240823_133124,4.1,3.9-4.8
neurovision|240523_105006,4.425,3.9-4.8
organgrinder|240503_115915,2.04,1.7-2.7
organgrinder|240710_131146,4.07,3.9-4.8
neurovision|260205_132513,1.26,0.7-1.7
neurovision|250710_115859,4.425,3.9-4.8
organgrinder|250325_115750,4.07,3.9-4.8
neurovision|250905_110805,4.425,3.9-4.8
neurovision|250319_110746,4.425,3.9-4.8
neurovision|251201_135114,2.52,1.7-2.7
brainsaw|260703_115422,4.1,3.9-4.8
neurovision|250220_143747,4.425,3.9-4.8
neurovision|241212_134931,4.425,3.9-4.8
brainsaw|250426_112605,4.1,3.9-4.8
neurovision|250430_162242,4.425,3.9-4.8
brainsaw|180122_044630,1.322,0.7-1.7
brainsaw|180121_120929,1.322,0.7-1.7
brainsaw|180120_214805,1.322,0.7-1.7
brainsaw|180120_165800,1.322,0.7-1.7
brainsaw|180119_214359,1.322,0.7-1.7
brainsaw|180119_160505,1.322,0.7-1.7
brainsaw|180122_003840,1.322,0.7-1.7
brainsaw|180121_164327,1.322,0.7-1.7
brainsaw|180121_204023,1.322,0.7-1.7
brainsaw|200210_103447,4.55,3.9-4.8
neurovision|210211_120504,2.61,1.7-2.7
brainsaw|191127_141639,4.55,3.9-4.8
neurovision|200524_130137,4.47,3.9-4.8
brainsaw|200524_143523,4.55,3.9-4.8
brainsaw|200606_124548,2.19,1.7-2.7
brainsaw|200526_222339,2.19,1.7-2.7
brainsaw|200602_193422,2.19,1.7-2.7
neurovision|210802_131739,4.425,3.9-4.8
neurovision|210803_120045,4.425,3.9-4.8
neurovision|210916_183025,4.425,3.9-4.8
neurovision|210917_130239,4.425,3.9-4.8
neurovision|210723_173732,4.425,3.9-4.8
organgrinder|240610_115356,4.07,3.9-4.8
brainsaw|161021_171622,2.064,1.7-2.7
brainsaw|161023_130150,1.961,1.7-2.7
brainsaw|161104_184417,1.393,0.7-1.7
brainsaw|180821_105908,1.21,0.7-1.7
brainsaw|180822_130444,1.21,0.7-1.7
brainsaw|200305_112358,2.19,1.7-2.7
brainsaw|190131_121943,1.654,0.7-1.7
brainsaw|190821_112115,2.19,1.7-2.7
brainsaw|190822_114720,2.19,1.7-2.7
brainsaw|190820_132317,2.19,1.7-2.7
organgrinder|240924_105508,4.07,3.9-4.8
organgrinder|250218_130611,2.04,1.7-2.7
neurovision|250219_122451,2.52,1.7-2.7
neurovision|241108_183015,4.425,3.9-4.8
neurovision|250221_120908,2.52,1.7-2.7
neurovision|240930_115556,4.425,3.9-4.8
neurovision|241202_172303,2.52,1.7-2.7
neurovision|250106_155452,1.26,0.7-1.7
neurovision|250709_113636,4.425,3.9-4.8
neurovision|250822_152714,2.52,1.7-2.7
neurovision|250923_105542,4.425,3.9-4.8
brainsaw|250922_105522,4.1,3.9-4.8
organgrinder|250924_112532,3.966,3.9-4.8
brainsaw|260121_164156,4.1,3.9-4.8
brainsaw|210614_112732,4.1,3.9-4.8
brainsaw|210719_174304,2.23,1.7-2.7
brainsaw|211125_121008,2.23,1.7-2.7
brainsaw|220227_170708,2.23,1.7-2.7
brainsaw|220708_105758,2.23,1.7-2.7
brainsaw|210715_132930,2.23,1.7-2.7
brainsaw|210209_112443,2.19,1.7-2.7
brainsaw|230323_133044,4.1,3.9-4.8
neurovision|230323_112319,4.425,3.9-4.8
brainsaw|230309_125336,4.1,3.9-4.8
brainsaw|230731_180810,2.23,1.7-2.7
brainsaw|230307_114334,2.23,1.7-2.7
brainsaw|230412_190626,4.1,3.9-4.8
brainsaw|230308_111717,4.1,3.9-4.8
brainsaw|230801_124117,2.23,1.7-2.7
brainsaw|230413_175339,4.1,3.9-4.8
brainsaw|250410_114711,2.23,1.7-2.7
brainsaw|250409_151309,2.23,1.7-2.7
brainsaw|230321_112225,4.1,3.9-4.8
brainsaw|230320_130919,4.1,3.9-4.8
organgrinder|230322_112226,4.07,3.9-4.8
brainsaw|230318_113437,4.1,3.9-4.8
brainsaw|210704_154938,4.1,3.9-4.8
brainsaw|210720_125546,4.1,3.9-4.8
brainsaw|210705_140636,2.23,1.7-2.7
brainsaw|210615_123708,4.1,3.9-4.8
brainsaw|210702_131337,4.1,3.9-4.8
brainsaw|211015_172813,2.23,1.7-2.7
brainsaw|220718_102023,2.23,1.7-2.7
brainsaw|220717_120938,2.23,1.7-2.7
brainsaw|211014_135202,2.23,1.7-2.7
brainsaw|211120_161935,2.23,1.7-2.7
brainsaw|220122_150630,2.23,1.7-2.7
brainsaw|220720_104637,2.23,1.7-2.7
brainsaw|220711_094550,2.23,1.7-2.7
brainsaw|220715_111131,2.23,1.7-2.7
brainsaw|220307_120251,2.23,1.7-2.7
brainsaw|210427_111658,2.19,1.7-2.7
neurovision|210426_110632,3.95,3.9-4.8
brainsaw|211227_174523,2.23,1.7-2.7
brainsaw|220109_131752,2.23,1.7-2.7
brainsaw|211226_110049,2.23,1.7-2.7
brainsaw|220703_155105,2.23,1.7-2.7
brainsaw|220702_160554,2.23,1.7-2.7
brainsaw|220706_143138,2.23,1.7-2.7
brainsaw|230301_140845,2.23,1.7-2.7
brainsaw|230227_111932,2.23,1.7-2.7
brainsaw|230331_132317,2.23,1.7-2.7
brainsaw|230324_164956,2.23,1.7-2.7
brainsaw|230407_130904,2.23,1.7-2.7
brainsaw|230329_093033,2.23,1.7-2.7
brainsaw|230406_122330,2.23,1.7-2.7
brainsaw|230410_125255,2.23,1.7-2.7
brainsaw|230405_112653,2.23,1.7-2.7
brainsaw|230330_131008,2.23,1.7-2.7
brainsaw|210227_114130,2.19,1.7-2.7
brainsaw|220113_133450,2.23,1.7-2.7
brainsaw|220123_173013,2.23,1.7-2.7
brainsaw|220125_113452,2.23,1.7-2.7
neurovision|230320_115101,2.52,1.7-2.7
brainsaw|210627_131640,2.23,1.7-2.7
brainsaw|210703_165147,2.23,1.7-2.7
brainsaw|210727_123806,2.23,1.7-2.7
brainsaw|230819_161736,2.23,1.7-2.7
brainsaw|230411_131030,2.23,1.7-2.7
brainsaw|240401_195832,2.23,1.7-2.7
brainsaw|240503_163138,2.23,1.7-2.7
brainsaw|260204_160928,4.1,3.9-4.8
brainsaw|200219_000049,2.19,1.7-2.7
brainsaw|200217_111839,2.19,1.7-2.7
brainsaw|190225_111158,2.19,1.7-2.7
brainsaw|190211_185615,2.19,1.7-2.7
brainsaw|200217_190124,2.19,1.7-2.7
brainsaw|200218_114812,2.19,1.7-2.7
brainsaw|190301_113427,2.19,1.7-2.7
brainsaw|190225_180819,2.19,1.7-2.7
brainsaw|171117_183051,1.322,0.7-1.7
brainsaw|171116_202342,1.322,0.7-1.7
brainsaw|171116_162325,1.322,0.7-1.7
brainsaw|171012_133309,1.322,0.7-1.7
brainsaw|170720_130248,1.323,0.7-1.7
brainsaw|170720_172338,1.34,0.7-1.7
brainsaw|171005_113728,0.99,0.7-1.7
neurovision|210203_182757,2.61,1.7-2.7
neurovision|210410_135734,1.525,0.7-1.7
brainsaw|201127_112245,4.55,3.9-4.8
brainsaw|201202_104721,4.55,3.9-4.8
brainsaw|210218_135748,1.205,0.7-1.7
brainsaw|210219_144023,1.205,0.7-1.7
brainsaw|221029_184335,4.1,3.9-4.8
organgrinder|220909_152852,1.225,0.7-1.7
organgrinder|220907_111737,1.225,0.7-1.7
neurovision|240323_141229,2.52,1.7-2.7
neurovision|240328_144931,2.52,1.7-2.7
neurovision|240802_125807,2.52,1.7-2.7
neurovision|260207_165921,2.52,1.7-2.7
neurovision|250517_200916,2.52,1.7-2.7
neurovision|240809_125048,2.52,1.7-2.7
neurovision|250428_111424,2.52,1.7-2.7
neurovision|250515_134601,2.52,1.7-2.7
neurovision|250516_155125,2.52,1.7-2.7
neurovision|240513_132759,8.7,7.5-10
brainsaw|240413_154158,2.23,1.7-2.7
neurovision|240817_145618,2.52,1.7-2.7
neurovision|241102_155433,2.52,1.7-2.7
neurovision|241026_165300,2.52,1.7-2.7
neurovision|230507_170834,2.52,1.7-2.7
neurovision|230502_123704,2.52,1.7-2.7
neurovision|230826_171104,2.52,1.7-2.7
neurovision|231231_193824,2.52,1.7-2.7
neurovision|240112_152332,2.52,1.7-2.7
neurovision|240218_180404,4.425,3.9-4.8
brainsaw|230502_121118,2.23,1.7-2.7
neurovision|230225_144457,2.52,1.7-2.7
neurovision|221007_145542,2.52,1.7-2.7
brainsaw|230114_164829,2.23,1.7-2.7
neurovision|230114_144657,2.52,1.7-2.7
brainsaw|230204_202508,2.23,1.7-2.7
neurovision|220714_150128,2.52,1.7-2.7
brainsaw|220605_133048,2.23,1.7-2.7
neurovision|231215_155205,4.425,3.9-4.8
brainsaw|240202_163714,2.23,1.7-2.7
neurovision|240208_161127,2.52,1.7-2.7
brainsaw|231220_113336,4.1,3.9-4.8
neurovision|240223_143927,1.26,0.7-1.7
organgrinder|250228_154454,2.04,1.7-2.7
neurovision|250414_105332,2.52,1.7-2.7
neurovision|240212_120927,2.52,1.7-2.7
brainsaw|231014_131731,2.23,1.7-2.7
organgrinder|231006_105441,2.04,1.7-2.7
organgrinder|221011_113706,4.07,3.9-4.8
neurovision|210412_140644,3.95,3.9-4.8
brainsaw|241101_102621,2.23,1.7-2.7
organgrinder|241101_111114,2.04,1.7-2.7
brainsaw|241102_094551,2.23,1.7-2.7
neurovision|230926_091753,1.26,0.7-1.7
neurovision|231005_093933,2.52,1.7-2.7
brainsaw|221130_101748,2.23,1.7-2.7
neurovision|220427_092115,2.52,1.7-2.7
neurovision|240126_104844,2.52,1.7-2.7
neurovision|240214_114325,2.52,1.7-2.7
organgrinder|240311_100304,2.04,1.7-2.7
neurovision|231212_095325,2.52,1.7-2.7
neurovision|231211_095706,2.52,1.7-2.7
neurovision|250530_135340,2.52,1.7-2.7
neurovision|251204_091944,2.52,1.7-2.7
neurovision|250602_100815,2.52,1.7-2.7
neurovision|251119_093037,2.52,1.7-2.7
neurovision|251121_095313,2.52,1.7-2.7
neurovision|251127_093809,2.52,1.7-2.7
neurovision|250608_181537,2.52,1.7-2.7
neurovision|251110_092530,2.52,1.7-2.7
neurovision|251120_094540,2.52,1.7-2.7
brainsaw|250601_103736,2.23,1.7-2.7
neurovision|250627_083246,2.52,1.7-2.7
neurovision|251112_092426,2.52,1.7-2.7
neurovision|260110_120431,2.52,1.7-2.7
neurovision|260112_091213,2.52,1.7-2.7
neurovision|250623_082759,2.52,1.7-2.7
neurovision|251206_084218,2.52,1.7-2.7
neurovision|251207_084534,2.52,1.7-2.7
neurovision|260109_091956,2.52,1.7-2.7
neurovision|250611_150051,2.52,1.7-2.7
neurovision|241220_105915,4.425,3.9-4.8
brainsaw|250516_110112,2.23,1.7-2.7
brainsaw|251212_092201,2.23,1.7-2.7
brainsaw|251213_092555,2.23,1.7-2.7
neurovision|251213_092647,2.52,1.7-2.7
neurovision|251109_110313,2.52,1.7-2.7
neurovision|250615_134035,2.52,1.7-2.7
neurovision|251106_093035,2.52,1.7-2.7
neurovision|250806_111806,2.52,1.7-2.7
neurovision|251103_093451,2.52,1.7-2.7
neurovision|251105_092515,2.52,1.7-2.7
neurovision|241202_101117,4.425,3.9-4.8
brainsaw|241121_144931,4.1,3.9-4.8
brainsaw|250401_100240,2.23,1.7-2.7
neurovision|250722_104013,2.52,1.7-2.7
neurovision|251126_092901,2.52,1.7-2.7
neurovision|210402_112443,4.11,3.9-4.8
neurovision|230120_110211,2.52,1.7-2.7
brainsaw|221223_171239,4.1,3.9-4.8
brainsaw|221218_094235,2.23,1.7-2.7
brainsaw|230508_095516,2.23,1.7-2.7
brainsaw|220801_101854,1.66,0.7-1.7
neurovision|230306_112313,2.52,1.7-2.7
neurovision|230329_111111,4.425,3.9-4.8
brainsaw|220815_084859,2.23,1.7-2.7
neurovision|220211_094932,4.425,3.9-4.8
neurovision|220718_100705,2.52,1.7-2.7
brainsaw|210822_121330,4.8,4.8-7.5
neurovision|220708_102239,2.52,1.7-2.7
neurovision|220331_104017,2.52,1.7-2.7
neurovision|220805_095535,2.52,1.7-2.7
brainsaw|210402_113519,4.55,3.9-4.8
neurovision|210611_110617,3.95,3.9-4.8
brainsaw|210416_140827,4.55,3.9-4.8
neurovision|220224_121443,2.52,1.7-2.7
neurovision|220524_091612,2.52,1.7-2.7
neurovision|240725_145707,2.52,1.7-2.7
organgrinder|240725_105152,2.04,1.7-2.7
brainsaw|241019_101524,2.23,1.7-2.7
neurovision|241019_102327,2.52,1.7-2.7
organgrinder|231215_091754,2.04,1.7-2.7
organgrinder|240313_092846,2.04,1.7-2.7
neurovision|240417_101616,2.52,1.7-2.7
neurovision|240501_104246,2.52,1.7-2.7
organgrinder|240417_105805,2.04,1.7-2.7
neurovision|240313_093321,2.52,1.7-2.7
neurovision|240206_095853,2.52,1.7-2.7
organgrinder|240206_104531,2.04,1.7-2.7
neurovision|231214_093056,2.52,1.7-2.7
organgrinder|231214_091325,2.04,1.7-2.7
neurovision|240411_094832,2.52,1.7-2.7
brainsaw|240411_094148,2.23,1.7-2.7
neurovision|240204_095353,2.52,1.7-2.7
organgrinder|231209_092320,2.04,1.7-2.7
organgrinder|240205_092319,2.04,1.7-2.7
organgrinder|231210_085302,2.04,1.7-2.7
organgrinder|240204_094718,2.04,1.7-2.7
organgrinder|240411_095600,2.04,1.7-2.7
brainsaw|240724_092324,2.23,1.7-2.7
organgrinder|240724_092026,2.04,1.7-2.7
neurovision|240326_092354,2.52,1.7-2.7
organgrinder|231207_085423,2.04,1.7-2.7
organgrinder|240319_102845,2.04,1.7-2.7
organgrinder|240326_092826,2.04,1.7-2.7
neurovision|231004_100908,1.26,0.7-1.7
organgrinder|240320_120813,2.04,1.7-2.7
organgrinder|231216_092447,2.04,1.7-2.7
organgrinder|240321_071950,2.04,1.7-2.7
neurovision|211123_122905,4.425,3.9-4.8
neurovision|211221_100021,4.425,3.9-4.8
neurovision|210822_102237,4.425,3.9-4.8
brainsaw|210331_105003,4.55,3.9-4.8
brainsaw|210330_105231,4.55,3.9-4.8
brainsaw|210226_111822,2.19,1.7-2.7
brainsaw|241219_145143,4.1,3.9-4.8
neurovision|240910_101829,2.52,1.7-2.7
brainsaw|240910_100843,2.23,1.7-2.7
neurovision|220626_100614,2.52,1.7-2.7
organgrinder|250129_110208,2.04,1.7-2.7
neurovision|250129_105456,2.52,1.7-2.7
neurovision|250130_102752,2.52,1.7-2.7
organgrinder|230724_113620,1.144,0.7-1.7
organgrinder|231016_113016,1.144,0.7-1.7
neurovision|231216_092852,1.26,0.7-1.7
organgrinder|240314_092422,2.04,1.7-2.7
brainsaw|231218_090946,1.225,0.7-1.7
neurovision|240315_095716,2.52,1.7-2.7
organgrinder|231218_110418,2.04,1.7-2.7
neurovision|231218_090426,1.26,0.7-1.7
neurovision|240314_091753,2.52,1.7-2.7
organgrinder|240315_100256,2.04,1.7-2.7
neurovision|230614_112044,4.425,3.9-4.8
neurovision|220328_190037,2.52,1.7-2.7
neurovision|210824_104715,2.52,1.7-2.7
brainsaw|210313_134541,2.19,1.7-2.7
neurovision|250924_110840,4.425,3.9-4.8
neurovision|250901_100622,4.425,3.9-4.8
neurovision|251029_113818,4.425,3.9-4.8
brainsaw|230711_084634,4.1,3.9-4.8
brainsaw|230414_101612,4.1,3.9-4.8
neurovision|230821_101427,2.52,1.7-2.7
brainsaw|230821_101340,1.66,0.7-1.7
brainsaw|230605_095353,2.23,1.7-2.7
brainsaw|230615_094554,2.23,1.7-2.7
neurovision|230922_095836,2.52,1.7-2.7
brainsaw|230614_094544,2.23,1.7-2.7
brainsaw|230724_114701,2.23,1.7-2.7
brainsaw|230501_094108,2.23,1.7-2.7
brainsaw|230127_101530,1.225,0.7-1.7
brainsaw|230120_105655,2.23,1.7-2.7
brainsaw|220921_081449,2.23,1.7-2.7
brainsaw|250130_110417,2.23,1.7-2.7
neurovision|241221_095617,2.52,1.7-2.7
brainsaw|241210_095136,2.23,1.7-2.7
organgrinder|250130_112635,2.04,1.7-2.7
neurovision|240801_123042,4.425,3.9-4.8
brainsaw|241021_092545,4.1,3.9-4.8
brainsaw|241220_101534,2.23,1.7-2.7
brainsaw|220926_093854,1.66,0.7-1.7
neurovision|250128_112106,2.52,1.7-2.7
brainsaw|221116_095758,2.23,1.7-2.7
neurovision|240109_185401,4.425,3.9-4.8
brainsaw|231206_115335,2.23,1.7-2.7
brainsaw|210724_094934,4.1,3.9-4.8
organgrinder|231205_093550,2.04,1.7-2.7
brainsaw|230608_100939,2.23,1.7-2.7
neurovision|231206_110616,2.52,1.7-2.7
neurovision|211220_094233,4.425,3.9-4.8
neurovision|220304_110638,2.52,1.7-2.7
neurovision|211204_103859,4.425,3.9-4.8
neurovision|211219_104937,4.425,3.9-4.8
neurovision|220221_094222,2.52,1.7-2.7
neurovision|211217_132715,4.425,3.9-4.8
neurovision|220328_110137,2.52,1.7-2.7
neurovision|220518_093430,2.52,1.7-2.7
brainsaw|230817_093113,1.66,0.7-1.7
neurovision|230421_095802,2.52,1.7-2.7
brainsaw|230322_100933,2.23,1.7-2.7
neurovision|240110_100110,2.52,1.7-2.7
neurovision|230707_114439,4.425,3.9-4.8
neurovision|220210_142428,4.425,3.9-4.8
brainsaw|211124_120042,4.1,3.9-4.8
brainsaw|210807_102753,4.1,3.9-4.8
brainsaw|230221_093221,1.66,0.7-1.7
brainsaw|180622_145337,1.21,0.7-1.7
brainsaw|180625_110930,1.21,0.7-1.7
brainsaw|180627_195736,1.21,0.7-1.7
brainsaw|180816_105136,1.21,0.7-1.7
brainsaw|180628_103949,1.21,0.7-1.7
brainsaw|180817_112632,1.21,0.7-1.7
brainsaw|180717_171300,1.21,0.7-1.7
brainsaw|180723_202827,1.21,0.7-1.7
brainsaw|180724_190540,1.21,0.7-1.7
brainsaw|180726_112738,1.21,0.7-1.7
brainsaw|180627_111358,1.21,0.7-1.7
brainsaw|180725_150732,1.21,0.7-1.7
brainsaw|180629_102351,1.21,0.7-1.7
brainsaw|180815_140718,1.21,0.7-1.7
brainsaw|161117_162453,0.891,0.7-1.7
brainsaw|161118_184255,0.891,0.7-1.7
brainsaw|161116_140320,0.891,0.7-1.7
brainsaw|161114_154226,0.891,0.7-1.7
brainsaw|161121_204155,0.99,0.7-1.7
brainsaw|161120_212703,0.99,0.7-1.7
brainsaw|161119_204842,0.891,0.7-1.7
brainsaw|161112_141456,0.891,0.7-1.7
brainsaw|161109_140009,0.891,0.7-1.7
brainsaw|161110_184725,0.891,0.7-1.7
brainsaw|190217_150558,2.19,1.7-2.7
brainsaw|190303_153928,2.19,1.7-2.7
brainsaw|190311_125505,2.19,1.7-2.7
brainsaw|190315_105229,2.19,1.7-2.7
brainsaw|190321_103655,2.19,1.7-2.7
neurovision|210407_130412,7.5,7.5-10
neurovision|210323_154920,7.9,7.5-10
neurovision|210330_183527,7.9,7.5-10
neurovision|210429_125519,7.75,7.5-10
neurovision|210526_142549,7.75,7.5-10
neurovision|210506_123609,7.75,7.5-10
neurovision|210812_165239,4.425,3.9-4.8
brainsaw|211027_135045,4.1,3.9-4.8
brainsaw|211104_125509,4.1,3.9-4.8
neurovision|211216_165200,4.425,3.9-4.8
neurovision|220105_180657,4.425,3.9-4.8
neurovision|220112_174713,4.425,3.9-4.8
neurovision|220222_182947,2.52,1.7-2.7
neurovision|220323_131623,4.425,3.9-4.8
neurovision|220503_181021,4.425,3.9-4.8
neurovision|220531_174642,4.425,3.9-4.8
neurovision|220601_175403,4.425,3.9-4.8
neurovision|220927_182234,4.425,3.9-4.8
neurovision|221207_173209,2.52,1.7-2.7
neurovision|221103_182545,2.52,1.7-2.7
neurovision|221004_182532,4.425,3.9-4.8
neurovision|191210_123427,4.47,3.9-4.8
neurovision|201117_110653,4.47,3.9-4.8
neurovision|210213_161756,9.75,7.5-10
neurovision|210308_132256,7.9,7.5-10
neurovision|210825_170011,8.7,7.5-10
neurovision|210914_111116,4.425,3.9-4.8
neurovision|220104_175324,4.425,3.9-4.8
neurovision|220106_192746,4.425,3.9-4.8
neurovision|220405_183205,4.425,3.9-4.8
neurovision|200819_153033,4.47,3.9-4.8
neurovision|200302_153104,4.47,3.9-4.8
neurovision|200224_113415,4.47,3.9-4.8
neurovision|191125_133014,4.47,3.9-4.8
neurovision|191212_153522,4.47,3.9-4.8
neurovision|201106_173723,4.47,3.9-4.8
neurovision|210212_143645,9.75,7.5-10
neurovision|201109_104436,4.47,3.9-4.8
neurovision|210205_140107,4.22,3.9-4.8
neurovision|210206_111246,4.22,3.9-4.8
neurovision|210226_114121,4.22,3.9-4.8
neurovision|210624_125137,7.75,7.5-10
neurovision|210512_143909,7.75,7.5-10
neurovision|200818_122715,4.47,3.9-4.8
neurovision|200310_173025,4.47,3.9-4.8
neurovision|200217_121119,4.47,3.9-4.8
neurovision|200922_134609,4.47,3.9-4.8
neurovision|201103_104846,4.47,3.9-4.8
neurovision|200109_121737,4.47,3.9-4.8
neurovision|200805_134749,4.47,3.9-4.8
neurovision|200707_122024,4.47,3.9-4.8
neurovision|200211_201210,4.47,3.9-4.8
neurovision|200122_123236,4.47,3.9-4.8
neurovision|191111_170425,4.4,3.9-4.8
neurovision|200219_102225,4.47,3.9-4.8
neurovision|200722_123725,4.47,3.9-4.8
neurovision|201014_160025,4.47,3.9-4.8
neurovision|201020_114313,4.47,3.9-4.8
neurovision|191120_175349,4.47,3.9-4.8
brainsaw|190515_165423,4.55,3.9-4.8
brainsaw|190904_115420,4.55,3.9-4.8
neurovision|190905_163210,5.36,4.8-7.5
neurovision|200714_095650,4.47,3.9-4.8
neurovision|210819_174315,8.7,7.5-10
neurovision|220202_184412,2.52,1.7-2.7
neurovision|220126_183830,2.52,1.7-2.7
neurovision|220216_181616,2.52,1.7-2.7
neurovision|220321_182858,2.52,1.7-2.7
neurovision|220322_160128,2.52,1.7-2.7
neurovision|220302_185813,4.425,3.9-4.8
neurovision|220920_181710,4.425,3.9-4.8
neurovision|230124_181816,4.425,3.9-4.8
neurovision|221012_172051,2.52,1.7-2.7
neurovision|220715_191102,4.425,3.9-4.8
neurovision|220921_142432,2.52,1.7-2.7
neurovision|220921_181351,2.52,1.7-2.7
neurovision|220928_091821,2.52,1.7-2.7
neurovision|220928_130818,2.52,1.7-2.7
neurovision|220928_171048,2.52,1.7-2.7
neurovision|221012_120127,2.52,1.7-2.7
neurovision|220118_185100,4.425,3.9-4.8
brainsaw|190508_112938,5.02,4.8-7.5
brainsaw|190911_140240,4.55,3.9-4.8
neurovision|191202_120852,4.47,3.9-4.8
brainsaw|211201_095901,4.1,3.9-4.8
brainsaw|191002_114146,4.55,3.9-4.8
neurovision|190916_130758,5.46,4.8-7.5
brainsaw|190912_170347,4.55,3.9-4.8
neurovision|191217_161756,4.47,3.9-4.8
neurovision|200901_131310,4.47,3.9-4.8
neurovision|200923_181422,2.18,1.7-2.7
neurovision|201112_153450,2.18,1.7-2.7
neurovision|210215_125341,9.75,7.5-10
neurovision|210202_133723,4.22,3.9-4.8
neurovision|210324_122817,7.9,7.5-10
neurovision|210813_175658,4.425,3.9-4.8
neurovision|210622_143324,3.95,3.9-4.8
neurovision|210902_134443,4.425,3.9-4.8
neurovision|220422_181852,4.425,3.9-4.8
neurovision|220720_134022,4.425,3.9-4.8
neurovision|220831_160346,2.52,1.7-2.7
neurovision|221104_185201,2.52,1.7-2.7
neurovision|220628_181818,4.425,3.9-4.8
neurovision|230119_124033,2.52,1.7-2.7
neurovision|221220_125544,2.52,1.7-2.7
neurovision|230223_182926,2.52,1.7-2.7
neurovision|221222_120417,2.52,1.7-2.7
neurovision|220729_161119,8.7,7.5-10
neurovision|230216_165140,8.7,7.5-10
neurovision|200210_113708,4.47,3.9-4.8
neurovision|200728_101427,4.47,3.9-4.8
neurovision|201021_120718,4.47,3.9-4.8
brainsaw|210217_172457,4.55,3.9-4.8
neurovision|200908_122228,4.47,3.9-4.8
neurovision|211122_175433,4.425,3.9-4.8
neurovision|220705_183430,4.425,3.9-4.8
neurovision|221222_184534,4.425,3.9-4.8
neurovision|220111_181628,2.52,1.7-2.7
neurovision|210921_182752,4.425,3.9-4.8
neurovision|220914_142845,2.52,1.7-2.7
neurovision|220914_095814,2.52,1.7-2.7
neurovision|220322_110309,2.52,1.7-2.7
neurovision|220223_181834,2.52,1.7-2.7
neurovision|220913_122237,2.52,1.7-2.7
neurovision|220614_124857,4.425,3.9-4.8
neurovision|230209_114137,2.52,1.7-2.7
neurovision|230209_182555,2.52,1.7-2.7
neurovision|221005_140109,2.52,1.7-2.7
neurovision|221206_182503,2.52,1.7-2.7
neurovision|230202_184106,2.52,1.7-2.7
neurovision|191122_104102,4.47,3.9-4.8
neurovision|190801_154804,5.56,4.8-7.5
neurovision|201104_104923,4.47,3.9-4.8
brainsaw|190815_094203,2.19,1.7-2.7
brainsaw|191014_172508,4.55,3.9-4.8
brainsaw|190912_101947,4.55,3.9-4.8
neurovision|190926_111436,5.46,4.8-7.5
neurovision|200929_122355,4.47,3.9-4.8
neurovision|220712_193417,4.425,3.9-4.8
neurovision|220106_112620,4.425,3.9-4.8
brainsaw|211110_092214,4.1,3.9-4.8
neurovision|220316_183805,4.425,3.9-4.8
brainsaw|220406_175836,4.1,3.9-4.8
neurovision|220726_114752,2.52,1.7-2.7
neurovision|221011_181113,2.52,1.7-2.7
neurovision|220913_184324,2.52,1.7-2.7
neurovision|230221_180909,2.52,1.7-2.7
neurovision|230125_145912,2.52,1.7-2.7
neurovision|220215_183111,8.7,7.5-10
neurovision|201013_130009,4.47,3.9-4.8
neurovision|200715_123603,4.47,3.9-4.8
neurovision|221103_113140,4.425,3.9-4.8
neurovision|220914_192008,2.52,1.7-2.7
neurovision|220907_115333,2.68,1.7-2.7
neurovision|220711_180907,2.52,1.7-2.7
neurovision|220712_125328,4.425,3.9-4.8
brainsaw|221014_151440,2.23,1.7-2.7
brainsaw|190509_104431,5.02,4.8-7.5
neurovision|190925_112426,5.46,4.8-7.5
brainsaw|190625_183921,1.012,0.7-1.7
brainsaw|170408_191755,1.15,0.7-1.7
brainsaw|191107_111140,2.19,1.7-2.7
neurovision|190719_165655,5.56,4.8-7.5
neurovision|190909_151452,5.36,4.8-7.5
neurovision|190718_173440,5.56,4.8-7.5
neurovision|210209_115404,2.61,1.7-2.7
neurovision|210405_160650,1.525,0.7-1.7
brainsaw|210218_112309,1.835,1.7-2.7
brainsaw|210512_150509,1.21,0.7-1.7
brainsaw|210513_114824,1.225,0.7-1.7
organgrinder|230328_110619,0.62,<0.7
brainsaw|231031_111402,2.23,1.7-2.7
organgrinder|230327_134628,2.25,1.7-2.7
organgrinder|230427_115048,1.225,0.7-1.7
organgrinder|230504_112835,1.225,0.7-1.7
organgrinder|230510_115010,1.225,0.7-1.7
brainsaw|221008_161634,2.23,1.7-2.7
brainsaw|230509_113912,2.23,1.7-2.7
brainsaw|230512_144924,2.23,1.7-2.7
brainsaw|240111_194415,2.23,1.7-2.7
brainsaw|240328_093703,2.23,1.7-2.7
brainsaw|240527_131636,2.23,1.7-2.7
brainsaw|240906_132827,2.23,1.7-2.7
brainsaw|230108_151226,2.23,1.7-2.7
brainsaw|230807_163528,2.23,1.7-2.7
brainsaw|240110_122746,2.23,1.7-2.7
brainsaw|240327_100007,2.23,1.7-2.7
brainsaw|240904_122942,2.23,1.7-2.7
brainsaw|230304_112440,2.23,1.7-2.7
brainsaw|230304_222316,2.23,1.7-2.7
brainsaw|240903_100107,2.23,1.7-2.7
brainsaw|220826_164001,2.23,1.7-2.7
brainsaw|260203_110316,2.23,1.7-2.7
brainsaw|260112_125215,2.23,1.7-2.7
brainsaw|260202_111842,2.23,1.7-2.7
brainsaw|260406_144310,2.23,1.7-2.7
brainsaw|260424_122137,2.23,1.7-2.7
brainsaw|250417_150740,2.23,1.7-2.7
brainsaw|250225_112328,2.23,1.7-2.7
brainsaw|250723_164543,2.23,1.7-2.7
brainsaw|260115_095202,2.23,1.7-2.7
brainsaw|250121_105255,2.23,1.7-2.7
brainsaw|250228_100404,2.23,1.7-2.7
brainsaw|221118_130925,4.1,3.9-4.8
brainsaw|231113_155648,2.23,1.7-2.7
brainsaw|240412_114125,2.23,1.7-2.7
brainsaw|230803_163040,2.23,1.7-2.7
brainsaw|230107_132358,2.23,1.7-2.7
brainsaw|230313_105815,2.23,1.7-2.7
brainsaw|220503_120248,4.1,3.9-4.8
brainsaw|220504_103152,4.1,3.9-4.8
organgrinder|220524_114522,4.07,3.9-4.8
brainsaw|221107_111142,2.23,1.7-2.7
brainsaw|221001_120551,2.23,1.7-2.7
brainsaw|230208_201537,2.23,1.7-2.7
brainsaw|230210_185921,2.23,1.7-2.7
brainsaw|241204_114400,2.23,1.7-2.7
brainsaw|241205_130511,2.23,1.7-2.7
brainsaw|250722_120520,2.23,1.7-2.7
brainsaw|230809_121552,2.23,1.7-2.7
brainsaw|230717_144116,2.23,1.7-2.7
neurovision|230710_112057,4.425,3.9-4.8
organgrinder|230713_130820,2.04,1.7-2.7
organgrinder|230808_153929,4.07,3.9-4.8
brainsaw|230718_160153,2.23,1.7-2.7
brainsaw|230609_163227,1.66,0.7-1.7
organgrinder|230905_143842,2.04,1.7-2.7
brainsaw|230425_095614,2.23,1.7-2.7
neurovision|230615_133134,4.425,3.9-4.8
brainsaw|230613_190128,4.1,3.9-4.8
neurovision|230402_130022,2.52,1.7-2.7
organgrinder|230403_135338,4.07,3.9-4.8
brainsaw|230526_163751,2.23,1.7-2.7
brainsaw|230710_111236,4.1,3.9-4.8
neurovision|230711_090538,4.425,3.9-4.8
neurovision|230616_144822,4.425,3.9-4.8
brainsaw|230621_110442,2.23,1.7-2.7
neurovision|230711_173137,4.425,3.9-4.8
brainsaw|230319_172710,2.23,1.7-2.7
brainsaw|230705_110512,2.23,1.7-2.7
brainsaw|230428_105046,2.23,1.7-2.7
organgrinder|230303_111424,1.225,0.7-1.7
brainsaw|230317_102835,1.66,0.7-1.7
organgrinder|230523_114601,2.25,1.7-2.7
brainsaw|230316_110228,1.66,0.7-1.7
neurovision|230328_115036,1.26,0.7-1.7
brainsaw|230518_132255,1.66,0.7-1.7
organgrinder|230803_121128,2.04,1.7-2.7
neurovision|210306_153443,2.35,1.7-2.7
neurovision|210313_134705,2.35,1.7-2.7
brainsaw|210224_101155,2.19,1.7-2.7
brainsaw|210224_141109,2.19,1.7-2.7
neurovision|210403_134848,2.35,1.7-2.7
neurovision|210430_112602,2.27,1.7-2.7
neurovision|210409_134546,2.22,1.7-2.7
brainsaw|210220_145135,2.19,1.7-2.7
brainsaw|210225_144955,2.19,1.7-2.7
brainsaw|210329_144856,2.19,1.7-2.7
neurovision|210419_123103,3.95,3.9-4.8
brainsaw|210419_142311,4.55,3.9-4.8
brainsaw|201121_150054,2.19,1.7-2.7
brainsaw|201212_124632,2.19,1.7-2.7
brainsaw|210211_114320,2.19,1.7-2.7
neurovision|210311_200225,2.35,1.7-2.7
brainsaw|210205_105858,2.19,1.7-2.7
brainsaw|210212_114738,2.19,1.7-2.7
neurovision|210220_150334,2.61,1.7-2.7
neurovision|210305_185311,4.11,3.9-4.8
neurovision|210304_171931,4.11,3.9-4.8
neurovision|210124_124522,4.22,3.9-4.8
neurovision|210130_115537,2.61,1.7-2.7
brainsaw|210224_220512,2.19,1.7-2.7
brainsaw|210316_120859,2.19,1.7-2.7
neurovision|210413_132630,2.27,1.7-2.7
neurovision|210623_221045,2.27,1.7-2.7
brainsaw|210916_130805,2.23,1.7-2.7
brainsaw|211003_162109,2.23,1.7-2.7
brainsaw|211119_133110,2.23,1.7-2.7
brainsaw|211111_121200,2.23,1.7-2.7
brainsaw|220218_140011,2.23,1.7-2.7
brainsaw|211215_194423,2.23,1.7-2.7
brainsaw|211112_135341,2.23,1.7-2.7
brainsaw|210925_133325,4.1,3.9-4.8
brainsaw|211031_161744,2.23,1.7-2.7
brainsaw|221018_152759,4.1,3.9-4.8
brainsaw|221019_131149,4.1,3.9-4.8
brainsaw|211203_143046,2.23,1.7-2.7
brainsaw|220118_121050,2.23,1.7-2.7
brainsaw|211216_153328,4.1,3.9-4.8
brainsaw|220723_131118,2.23,1.7-2.7
brainsaw|220501_123604,4.1,3.9-4.8
neurovision|220501_113813,8.7,7.5-10
brainsaw|210912_172336,2.23,1.7-2.7
brainsaw|220114_165502,1.66,0.7-1.7
brainsaw|220205_160032,2.23,1.7-2.7
brainsaw|220219_165702,2.23,1.7-2.7
brainsaw|211002_002923,2.23,1.7-2.7
brainsaw|220613_124857,2.23,1.7-2.7
brainsaw|220806_122327,2.23,1.7-2.7
brainsaw|230212_164657,1.66,0.7-1.7
brainsaw|230223_111752,2.23,1.7-2.7
brainsaw|211024_121210,2.23,1.7-2.7
brainsaw|211012_095747,2.23,1.7-2.7
brainsaw|220202_124946,2.23,1.7-2.7
brainsaw|220603_161607,4.1,3.9-4.8
brainsaw|211218_181754,1.66,0.7-1.7
brainsaw|211117_141708,2.23,1.7-2.7
brainsaw|220404_122518,4.1,3.9-4.8
neurovision|220619_133050,2.52,1.7-2.7
brainsaw|220604_133645,4.1,3.9-4.8
brainsaw|220624_121721,1.66,0.7-1.7
brainsaw|221214_163734,4.1,3.9-4.8
brainsaw|220327_131031,4.1,3.9-4.8
brainsaw|220412_122044,2.23,1.7-2.7
brainsaw|220518_204951,2.23,1.7-2.7
brainsaw|220714_124618,2.23,1.7-2.7
neurovision|210621_192555,3.95,3.9-4.8
brainsaw|210515_134300,4.1,3.9-4.8
brainsaw|220131_132832,2.23,1.7-2.7
brainsaw|220322_121524,2.23,1.7-2.7
brainsaw|220306_125321,2.23,1.7-2.7
brainsaw|220210_134239,4.1,3.9-4.8
brainsaw|210320_132108,2.19,1.7-2.7
neurovision|210325_154754,2.35,1.7-2.7
brainsaw|210507_124702,2.19,1.7-2.7
brainsaw|210424_194443,2.19,1.7-2.7
brainsaw|210407_185607,2.19,1.7-2.7
neurovision|210426_204944,3.95,3.9-4.8
brainsaw|210611_222613,4.1,3.9-4.8
brainsaw|210604_235840,4.1,3.9-4.8
neurovision|210620_162738,3.95,3.9-4.8
brainsaw|230217_134308,1.66,0.7-1.7
brainsaw|220813_121511,4.1,3.9-4.8
brainsaw|220814_155645,2.23,1.7-2.7
brainsaw|220716_145120,2.23,1.7-2.7
brainsaw|220615_124148,2.23,1.7-2.7
neurovision|220630_151938,4.425,3.9-4.8
brainsaw|220325_123025,4.1,3.9-4.8
neurovision|220704_120250,4.425,3.9-4.8
brainsaw|221108_135333,4.1,3.9-4.8
brainsaw|230110_132036,1.225,0.7-1.7
brainsaw|220901_185830,4.1,3.9-4.8
brainsaw|220914_122142,4.1,3.9-4.8
brainsaw|220911_132744,4.1,3.9-4.8
brainsaw|221006_133922,2.23,1.7-2.7
brainsaw|221228_141947,4.1,3.9-4.8
brainsaw|230109_131826,1.225,0.7-1.7
brainsaw|230222_114021,1.66,0.7-1.7
brainsaw|220927_124739,4.1,3.9-4.8
brainsaw|221129_121047,4.1,3.9-4.8
brainsaw|221128_130623,4.1,3.9-4.8
brainsaw|210312_123145,2.19,1.7-2.7
neurovision|210606_215324,2.27,1.7-2.7
neurovision|210421_105828,2.27,1.7-2.7
neurovision|210411_133123,1.525,0.7-1.7
brainsaw|210420_115052,2.19,1.7-2.7
brainsaw|210215_113505,2.19,1.7-2.7
brainsaw|210216_133811,2.19,1.7-2.7
brainsaw|201218_214337,2.19,1.7-2.7
neurovision|210912_154712,4.425,3.9-4.8
brainsaw|201213_131728,4.462,3.9-4.8
brainsaw|210518_134901,2.23,1.7-2.7
brainsaw|210521_171143,2.23,1.7-2.7
brainsaw|210421_115434,4.55,3.9-4.8
brainsaw|210612_143652,2.23,1.7-2.7
brainsaw|230106_152032,1.66,0.7-1.7
brainsaw|211208_220954,2.23,1.7-2.7
brainsaw|220115_193724,2.23,1.7-2.7
brainsaw|201126_141115,2.19,1.7-2.7
brainsaw|210124_114610,2.19,1.7-2.7
brainsaw|210123_111519,2.19,1.7-2.7
brainsaw|201129_124820,2.19,1.7-2.7
brainsaw|210131_124820,2.19,1.7-2.7
brainsaw|210130_115902,2.19,1.7-2.7
brainsaw|210923_141617,2.23,1.7-2.7
brainsaw|201108_114033,2.19,1.7-2.7
brainsaw|201110_160520,2.19,1.7-2.7
brainsaw|220903_124919,4.1,3.9-4.8
brainsaw|221214_092828,2.23,1.7-2.7
brainsaw|221213_091341,4.1,3.9-4.8
brainsaw|201028_195041,2.19,1.7-2.7
neurovision|201105_190233,4.47,3.9-4.8
brainsaw|220519_163200,2.23,1.7-2.7
neurovision|210619_180731,2.27,1.7-2.7
neurovision|220703_111239,2.52,1.7-2.7
brainsaw|220629_143532,2.23,1.7-2.7
brainsaw|221003_124751,4.1,3.9-4.8
organgrinder|230220_105719,4.07,3.9-4.8
neurovision|230221_105956,4.425,3.9-4.8
organgrinder|231114_194015,2.04,1.7-2.7
organgrinder|240712_104557,4.07,3.9-4.8
neurovision|240717_110159,4.425,3.9-4.8
neurovision|260703_114037,4.425,3.9-4.8
neurovision|231114_194054,2.52,1.7-2.7
brainsaw|241120_175233,4.1,3.9-4.8
brainsaw|250530_150706,4.1,3.9-4.8
organgrinder|260508_105329,3.975,3.9-4.8
organgrinder|250122_114406,4.07,3.9-4.8
organgrinder|250822_150016,3.975,3.9-4.8
neurovision|260526_104943,4.425,3.9-4.8
brainsaw|250416_111351,2.23,1.7-2.7
organgrinder|240803_171733,4.07,3.9-4.8
organgrinder|250131_120237,7.94,7.5-10
neurovision|250910_113644,8.7,7.5-10
brainsaw|231129_103541,2.23,1.7-2.7
organgrinder|231023_113113,7.94,7.5-10
organgrinder|241001_105115,2.04,1.7-2.7
organgrinder|250626_102449,1.98,1.7-2.7
brainsaw|240415_124733,1.66,0.7-1.7
organgrinder|240501_121514,2.04,1.7-2.7
brainsaw|250407_141529,2.23,1.7-2.7
brainsaw|250319_120249,2.23,1.7-2.7
organgrinder|250319_120837,2.04,1.7-2.7
neurovision|240416_113730,2.52,1.7-2.7
brainsaw|260414_122551,2.23,1.7-2.7
brainsaw|260421_133135,4.1,3.9-4.8
organgrinder|230927_110118,1.144,0.7-1.7
brainsaw|231110_103538,1.66,0.7-1.7
brainsaw|231205_120746,1.66,0.7-1.7
brainsaw|240119_114525,1.66,0.7-1.7
brainsaw|240321_093121,1.66,0.7-1.7
brainsaw|240405_130024,1.66,0.7-1.7
brainsaw|240501_123012,1.66,0.7-1.7
brainsaw|240610_103613,2.23,1.7-2.7
brainsaw|240918_103806,2.23,1.7-2.7
brainsaw|241031_101229,2.23,1.7-2.7
brainsaw|241028_141622,2.23,1.7-2.7
organgrinder|241028_142319,2.04,1.7-2.7
organgrinder|241105_094536,2.04,1.7-2.7
organgrinder|241104_095650,4.07,3.9-4.8
brainsaw|250211_110436,4.1,3.9-4.8
organgrinder|250305_113213,4.07,3.9-4.8
organgrinder|250326_110936,2.04,1.7-2.7
neurovision|250520_101931,2.52,1.7-2.7
organgrinder|250730_135352,1.983,1.7-2.7
brainsaw|260505_121311,2.23,1.7-2.7
neurovision|240415_130903,2.52,1.7-2.7
brainsaw|240408_113446,1.66,0.7-1.7
brainsaw|241111_111623,2.23,1.7-2.7
brainsaw|240723_104020,2.23,1.7-2.7
brainsaw|240917_115707,2.23,1.7-2.7
organgrinder|250220_102257,4.07,3.9-4.8
neurovision|231205_121717,2.52,1.7-2.7
brainsaw|231213_170804,2.23,1.7-2.7
neurovision|240412_104814,2.52,1.7-2.7
brainsaw|240115_190940,4.1,3.9-4.8
organgrinder|230830_103518,2.04,1.7-2.7
neurovision|240115_184353,4.425,3.9-4.8
organgrinder|240521_135715,2.04,1.7-2.7
neurovision|240521_140914,2.52,1.7-2.7
brainsaw|240811_102456,2.23,1.7-2.7
brainsaw|240922_103253,2.23,1.7-2.7
brainsaw|240930_112553,2.23,1.7-2.7
brainsaw|241001_103756,2.23,1.7-2.7
brainsaw|260630_174418,4.1,3.9-4.8
organgrinder|240408_113149,2.04,1.7-2.7
organgrinder|250828_103049,3.975,3.9-4.8
neurovision|251002_095636,4.425,3.9-4.8
brainsaw|240318_112853,4.1,3.9-4.8
organgrinder|240412_135539,4.07,3.9-4.8
neurovision|240517_153559,4.425,3.9-4.8
organgrinder|240409_110151,4.07,3.9-4.8
neurovision|240710_113349,2.52,1.7-2.7
organgrinder|241030_162914,7.94,7.5-10
organgrinder|241025_124312,4.07,3.9-4.8
organgrinder|241007_140727,4.07,3.9-4.8
neurovision|241107_105550,4.425,3.9-4.8
neurovision|241122_114622,4.425,3.9-4.8
brainsaw|241129_104846,4.1,3.9-4.8
neurovision|250310_114445,4.425,3.9-4.8
organgrinder|250320_114355,4.07,3.9-4.8
neurovision|250519_144411,4.425,3.9-4.8
neurovision|250506_112754,4.425,3.9-4.8
neurovision|260515_145351,4.425,3.9-4.8
neurovision|231213_095224,4.425,3.9-4.8
brainsaw|231213_094237,4.1,3.9-4.8
organgrinder|250709_110436,3.975,3.9-4.8
organgrinder|231011_194504,4.07,3.9-4.8
organgrinder|231012_094730,4.07,3.9-4.8
brainsaw|231128_121958,4.1,3.9-4.8
organgrinder|231128_120241,4.07,3.9-4.8
brainsaw|231124_111415,4.1,3.9-4.8
brainsaw|231124_185944,4.1,3.9-4.8
brainsaw|240305_102148,4.1,3.9-4.8
organgrinder|240305_101656,4.07,3.9-4.8
organgrinder|240308_101118,2.04,1.7-2.7
brainsaw|240326_111502,4.1,3.9-4.8
organgrinder|240430_093211,4.07,3.9-4.8
neurovision|241002_111929,4.425,3.9-4.8
organgrinder|241024_100859,4.07,3.9-4.8
brainsaw|241128_105344,2.23,1.7-2.7
organgrinder|241127_160345,2.04,1.7-2.7
brainsaw|260410_120318,4.1,3.9-4.8
neurovision|231204_113522,4.425,3.9-4.8
organgrinder|260225_115656,3.975,3.9-4.8
neurovision|240726_112907,4.425,3.9-4.8
organgrinder|240917_122550,4.07,3.9-4.8
neurovision|241007_142041,4.425,3.9-4.8
neurovision|241025_124201,4.425,3.9-4.8
organgrinder|250721_103854,3.975,3.9-4.8
organgrinder|251219_115325,3.975,3.9-4.8
organgrinder|230829_104332,4.07,3.9-4.8
organgrinder|230906_121939,4.07,3.9-4.8
organgrinder|231003_112814,2.04,1.7-2.7
neurovision|240524_113733,4.425,3.9-4.8
organgrinder|240524_113338,4.07,3.9-4.8
organgrinder|241205_105854,4.07,3.9-4.8
neurovision|250207_113210,2.52,1.7-2.7
organgrinder|250217_095704,4.07,3.9-4.8
neurovision|250702_152404,4.425,3.9-4.8
organgrinder|250902_112724,3.975,3.9-4.8
organgrinder|260507_102713,3.975,3.9-4.8
organgrinder|250808_142815,3.975,3.9-4.8
organgrinder|250731_141509,3.975,3.9-4.8
organgrinder|250821_115358,3.975,3.9-4.8
brainsaw|251024_122329,4.1,3.9-4.8
organgrinder|260526_104357,3.975,3.9-4.8
brainsaw|240923_102312,4.1,3.9-4.8
organgrinder|241113_185301,2.04,1.7-2.7
brainsaw|250131_120530,4.1,3.9-4.8
organgrinder|240129_115535,4.07,3.9-4.8
brainsaw|240621_111058,2.23,1.7-2.7
brainsaw|240813_101509,4.1,3.9-4.8
organgrinder|241016_152831,4.07,3.9-4.8
brainsaw|250106_112012,2.23,1.7-2.7
neurovision|231208_150813,4.425,3.9-4.8
brainsaw|231207_140053,2.23,1.7-2.7
neurovision|231213_171141,4.425,3.9-4.8
organgrinder|241002_105535,4.07,3.9-4.8
brainsaw|241212_134235,2.23,1.7-2.7
brainsaw|250214_113516,4.1,3.9-4.8
brainsaw|250330_113400,4.1,3.9-4.8
brainsaw|250714_131036,4.1,3.9-4.8
organgrinder|241008_095607,4.07,3.9-4.8
organgrinder|240918_102735,4.07,3.9-4.8
neurovision|241106_113813,2.52,1.7-2.7
brainsaw|241209_102500,2.23,1.7-2.7
organgrinder|250124_115141,4.07,3.9-4.8
organgrinder|250312_112319,2.04,1.7-2.7
brainsaw|250331_110422,4.1,3.9-4.8
brainsaw|250423_134535,4.1,3.9-4.8
organgrinder|241112_142632,4.07,3.9-4.8
neurovision|241208_103302,4.425,3.9-4.8
neurovision|241206_120525,4.425,3.9-4.8
neurovision|250617_114907,4.425,3.9-4.8
brainsaw|190705_160403,4.55,3.9-4.8
brainsaw|190704_144136,4.55,3.9-4.8
neurovision|210927_113525,4.425,3.9-4.8
neurovision|210923_174822,4.425,3.9-4.8
neurovision|210915_114018,4.425,3.9-4.8
neurovision|210830_110257,4.425,3.9-4.8
neurovision|211103_113601,4.425,3.9-4.8
brainsaw|211105_112943,4.1,3.9-4.8
neurovision|211105_105918,4.425,3.9-4.8
brainsaw|190528_115952,4.55,3.9-4.8
brainsaw|190605_141858,4.55,3.9-4.8
brainsaw|190627_160619,4.55,3.9-4.8
brainsaw|190529_121221,4.55,3.9-4.8
brainsaw|191013_183953,2.19,1.7-2.7
brainsaw|191011_125020,2.19,1.7-2.7
neurovision|220228_110143,4.425,3.9-4.8
brainsaw|211214_141253,4.1,3.9-4.8
brainsaw|220416_102648,4.1,3.9-4.8
neurovision|220605_112548,4.425,3.9-4.8
neurovision|220608_113629,4.425,3.9-4.8
brainsaw|220414_110459,4.1,3.9-4.8
brainsaw|220506_120330,4.1,3.9-4.8
brainsaw|220608_115636,4.1,3.9-4.8
brainsaw|210713_114933,4.1,3.9-4.8
neurovision|210614_110929,3.95,3.9-4.8
neurovision|210608_112141,3.95,3.9-4.8
brainsaw|210610_112241,4.1,3.9-4.8
neurovision|210811_130912,4.425,3.9-4.8
neurovision|210809_113014,4.425,3.9-4.8
neurovision|210804_115654,4.425,3.9-4.8
neurovision|210810_111950,4.425,3.9-4.8
brainsaw|210818_123146,4.1,3.9-4.8
brainsaw|210811_111332,4.1,3.9-4.8
brainsaw|220211_121404,4.1,3.9-4.8
neurovision|220506_114842,4.425,3.9-4.8
neurovision|220520_113232,4.425,3.9-4.8
neurovision|220505_134845,4.425,3.9-4.8
brainsaw|210628_111021,4.1,3.9-4.8
neurovision|210615_112549,3.95,3.9-4.8
neurovision|210616_111528,3.95,3.9-4.8
brainsaw|210621_142230,4.1,3.9-4.8
neurovision|230309_184844,2.52,1.7-2.7
neurovision|230927_170146,8.7,7.5-10
neurovision|230802_185255,4.425,3.9-4.8
neurovision|230803_184114,4.425,3.9-4.8
neurovision|230804_181456,4.425,3.9-4.8
neurovision|230726_181939,4.425,3.9-4.8
neurovision|231027_175818,8.7,7.5-10
neurovision|251003_152121,4.425,3.9-4.8
neurovision|240308_134148,4.425,3.9-4.8
neurovision|250618_150951,8.7,7.5-10
neurovision|250325_170158,8.7,7.5-10
neurovision|250402_122121,1.26,0.7-1.7
neurovision|230419_131243,1.26,0.7-1.7
brainsaw|250918_171846,4.1,3.9-4.8
neurovision|230704_143444,2.52,1.7-2.7
neurovision|231219_132841,2.52,1.7-2.7
neurovision|230810_115613,2.52,1.7-2.7
neurovision|241204_110026,1.26,0.7-1.7
neurovision|241209_115744,1.26,0.7-1.7
neurovision|250122_124227,1.26,0.7-1.7
neurovision|241217_163300,1.26,0.7-1.7
neurovision|250127_102951,1.26,0.7-1.7
neurovision|241216_164746,1.26,0.7-1.7
neurovision|240906_130916,2.52,1.7-2.7
neurovision|230301_152510,4.425,3.9-4.8
neurovision|260204_135305,2.52,1.7-2.7
neurovision|250708_134501,2.52,1.7-2.7
neurovision|251113_123602,2.52,1.7-2.7
neurovision|230908_151339,4.425,3.9-4.8
neurovision|230913_163411,4.425,3.9-4.8
neurovision|231011_181119,4.425,3.9-4.8
neurovision|231108_172326,4.425,3.9-4.8
neurovision|230713_184027,2.52,1.7-2.7
neurovision|240215_180953,4.425,3.9-4.8
neurovision|240805_112342,2.52,1.7-2.7
neurovision|250312_172107,2.52,1.7-2.7
neurovision|250313_174018,1.26,0.7-1.7
neurovision|250228_170645,4.425,3.9-4.8
neurovision|260203_125908,2.52,1.7-2.7
brainsaw|240816_112556,4.1,3.9-4.8
neurovision|250814_143012,4.425,3.9-4.8
neurovision|230630_095452,2.52,1.7-2.7
neurovision|230712_173619,2.52,1.7-2.7
neurovision|230713_102719,2.52,1.7-2.7
brainsaw|260416_153928,2.23,1.7-2.7
brainsaw|260427_124056,2.23,1.7-2.7
neurovision|260506_155238,2.52,1.7-2.7
neurovision|260522_161404,2.52,1.7-2.7
neurovision|260604_154649,2.52,1.7-2.7
neurovision|260623_134959,2.52,1.7-2.7
brainsaw|260709_141217,2.23,1.7-2.7
neurovision|230404_184544,2.52,1.7-2.7
neurovision|230606_151010,4.425,3.9-4.8
neurovision|230816_172432,2.52,1.7-2.7
neurovision|230823_173432,2.52,1.7-2.7
neurovision|230915_154326,2.52,1.7-2.7
neurovision|231020_140200,2.52,1.7-2.7
neurovision|231018_181636,8.7,7.5-10
neurovision|230517_180323,10.0,7.5-10
neurovision|231019_140140,8.7,7.5-10
neurovision|240924_142334,2.52,1.7-2.7
neurovision|240708_174714,2.52,1.7-2.7
neurovision|241001_174014,2.52,1.7-2.7
neurovision|241210_132651,2.52,1.7-2.7
neurovision|250423_174526,4.425,3.9-4.8
brainsaw|260317_154243,4.1,3.9-4.8
brainsaw|260331_155956,4.1,3.9-4.8
neurovision|260619_133657,4.425,3.9-4.8
neurovision|230523_192955,4.425,3.9-4.8
neurovision|230914_153719,4.425,3.9-4.8
neurovision|240604_170603,1.26,0.7-1.7
neurovision|230530_122731,1.26,0.7-1.7
neurovision|230627_160236,2.52,1.7-2.7
neurovision|230607_180516,4.425,3.9-4.8
neurovision|230706_145622,2.52,1.7-2.7
neurovision|230621_134818,2.52,1.7-2.7
neurovision|230906_175416,2.52,1.7-2.7
neurovision|230824_183511,2.52,1.7-2.7
neurovision|230824_120410,2.52,1.7-2.7
neurovision|230330_164458,1.26,0.7-1.7
neurovision|230629_165027,2.52,1.7-2.7
neurovision|230628_122649,2.52,1.7-2.7
neurovision|230629_093508,2.52,1.7-2.7
neurovision|230315_131920,4.425,3.9-4.8
neurovision|240403_172642,2.52,1.7-2.7
neurovision|230907_142027,2.52,1.7-2.7
neurovision|250120_145458,2.52,1.7-2.7
neurovision|240405_114846,2.52,1.7-2.7
neurovision|240404_094441,2.52,1.7-2.7
neurovision|250115_141927,2.52,1.7-2.7
neurovision|240404_175227,2.52,1.7-2.7
neurovision|241112_172447,2.52,1.7-2.7
neurovision|250211_114239,2.52,1.7-2.7
neurovision|250217_152135,2.52,1.7-2.7
neurovision|241218_173518,2.52,1.7-2.7
neurovision|241127_104056,2.52,1.7-2.7
neurovision|250218_115948,2.52,1.7-2.7
neurovision|230825_142511,4.425,3.9-4.8
neurovision|240403_093256,2.52,1.7-2.7
neurovision|231109_181352,2.52,1.7-2.7
neurovision|231117_162433,2.52,1.7-2.7
neurovision|231025_191955,2.52,1.7-2.7
neurovision|240402_175039,2.52,1.7-2.7
neurovision|250210_134423,2.52,1.7-2.7
neurovision|250508_122250,8.7,7.5-10
neurovision|250507_150201,2.52,1.7-2.7
neurovision|250819_130934,2.52,1.7-2.7
brainsaw|260224_143036,2.23,1.7-2.7
neurovision|250820_124047,2.52,1.7-2.7
brainsaw|260313_154335,2.23,1.7-2.7
neurovision|251107_141554,2.52,1.7-2.7
brainsaw|260316_150009,2.23,1.7-2.7
neurovision|260709_170116,2.52,1.7-2.7
brainsaw|260423_141722,2.23,1.7-2.7
neurovision|230620_180151,2.52,1.7-2.7
neurovision|241222_142609,2.52,1.7-2.7
neurovision|250513_144234,2.52,1.7-2.7
neurovision|250528_163042,2.52,1.7-2.7
neurovision|250318_150756,2.52,1.7-2.7
neurovision|250609_151714,2.52,1.7-2.7
neurovision|251202_134133,2.52,1.7-2.7
neurovision|250902_133347,2.52,1.7-2.7
neurovision|251001_161721,2.52,1.7-2.7
neurovision|230605_153045,2.52,1.7-2.7
neurovision|230302_141248,2.52,1.7-2.7
neurovision|230817_144944,2.52,1.7-2.7
neurovision|230630_174553,2.52,1.7-2.7
neurovision|230714_111043,2.52,1.7-2.7
neurovision|231012_122958,2.52,1.7-2.7
neurovision|231013_154754,2.52,1.7-2.7
neurovision|240201_125629,2.52,1.7-2.7
neurovision|231122_170437,2.52,1.7-2.7
neurovision|240229_123700,2.52,1.7-2.7
neurovision|240131_181608,2.52,1.7-2.7
neurovision|240307_131054,2.52,1.7-2.7
neurovision|240627_160018,2.52,1.7-2.7
neurovision|240529_181529,2.52,1.7-2.7
neurovision|240902_132945,2.52,1.7-2.7
neurovision|240530_175237,8.7,7.5-10
neurovision|240606_170703,2.52,1.7-2.7
neurovision|240816_122201,2.52,1.7-2.7
neurovision|241111_153201,2.52,1.7-2.7
neurovision|250317_162826,2.52,1.7-2.7
neurovision|250131_134129,2.52,1.7-2.7
neurovision|251030_124507,2.52,1.7-2.7
neurovision|251028_121402,2.52,1.7-2.7
neurovision|251124_144939,2.52,1.7-2.7
neurovision|260507_153920,2.52,1.7-2.7
brainsaw|260223_140858,2.23,1.7-2.7
brainsaw|260330_151445,2.23,1.7-2.7
neurovision|260715_171008,2.52,1.7-2.7
neurovision|260603_152445,2.52,1.7-2.7
brainsaw|230928_121333,4.1,3.9-4.8
neurovision|231116_171340,4.425,3.9-4.8
neurovision|230720_143249,4.425,3.9-4.8
neurovision|240202_150223,4.425,3.9-4.8
brainsaw|240403_123634,4.1,3.9-4.8
neurovision|240222_174416,4.425,3.9-4.8
brainsaw|240524_113629,4.1,3.9-4.8
brainsaw|240618_125523,4.1,3.9-4.8
neurovision|240923_132726,4.425,3.9-4.8
neurovision|240509_160221,2.52,1.7-2.7
neurovision|241126_172653,4.425,3.9-4.8
neurovision|250314_123401,4.425,3.9-4.8
neurovision|240701_175158,4.425,3.9-4.8
neurovision|241105_174732,4.425,3.9-4.8
neurovision|250417_172405,4.425,3.9-4.8
neurovision|241030_165330,4.425,3.9-4.8
neurovision|250724_132755,2.52,1.7-2.7
neurovision|241203_105110,4.425,3.9-4.8
neurovision|250603_150639,4.425,3.9-4.8
neurovision|250214_173853,4.425,3.9-4.8
neurovision|250626_125709,4.425,3.9-4.8
neurovision|251216_155144,4.425,3.9-4.8
neurovision|250619_105843,4.425,3.9-4.8
neurovision|250730_120829,4.425,3.9-4.8
neurovision|250903_134434,4.425,3.9-4.8
neurovision|260708_155436,4.425,3.9-4.8
neurovision|240125_151705,4.425,3.9-4.8
neurovision|231123_170557,2.52,1.7-2.7
brainsaw|260126_115518,2.23,1.7-2.7
neurovision|260428_110715,4.425,3.9-4.8
neurovision|260520_114748,4.425,3.9-4.8
organgrinder|260504_111608,3.975,3.9-4.8
neurovision|260421_112353,4.425,3.9-4.8
brainsaw|260226_090851,2.23,1.7-2.7
brainsaw|240606_113613,4.1,3.9-4.8
organgrinder|240828_132235,4.07,3.9-4.8
neurovision|241016_141231,4.425,3.9-4.8
brainsaw|201013_112543,4.55,3.9-4.8
neurovision|210310_115739,2.35,1.7-2.7
brainsaw|210210_113517,2.19,1.7-2.7
brainsaw|210128_114547,2.19,1.7-2.7
brainsaw|210126_120048,2.19,1.7-2.7
brainsaw|210129_120206,2.19,1.7-2.7
brainsaw|210127_121145,2.19,1.7-2.7
brainsaw|210316_173207,4.44,3.9-4.8
neurovision|200115_165918,4.47,3.9-4.8
neurovision|200121_150626,2.18,1.7-2.7
brainsaw|210830_111857,4.1,3.9-4.8
neurovision|211206_103636,2.52,1.7-2.7
neurovision|211207_140303,2.52,1.7-2.7
neurovision|211213_083223,2.52,1.7-2.7
brainsaw|210915_112426,4.1,3.9-4.8
neurovision|210831_114753,4.425,3.9-4.8
brainsaw|210901_161256,4.1,3.9-4.8
neurovision|210928_113121,4.425,3.9-4.8
neurovision|210929_184815,4.425,3.9-4.8
organgrinder|211012_105035,2.25,1.7-2.7
brainsaw|211018_092947,4.1,3.9-4.8
brainsaw|211019_094423,4.1,3.9-4.8
neurovision|210913_103005,4.425,3.9-4.8
brainsaw|210927_110718,4.1,3.9-4.8
brainsaw|220928_105929,2.23,1.7-2.7
brainsaw|220526_094145,4.1,3.9-4.8
brainsaw|230921_102610,2.23,1.7-2.7
organgrinder|230920_151640,4.07,3.9-4.8
brainsaw|231019_111118,4.1,3.9-4.8
brainsaw|240124_102759,2.23,1.7-2.7
brainsaw|240221_105428,2.23,1.7-2.7
brainsaw|240125_102717,2.23,1.7-2.7
brainsaw|191116_164049,4.55,3.9-4.8
brainsaw|200124_162329,2.19,1.7-2.7
brainsaw|200212_113918,1.012,0.7-1.7
brainsaw|200208_111523,2.19,1.7-2.7
brainsaw|200209_114531,2.19,1.7-2.7
brainsaw|200219_114014,2.19,1.7-2.7
brainsaw|200201_141923,2.19,1.7-2.7
brainsaw|220721_100551,4.1,3.9-4.8
brainsaw|220929_101712,2.23,1.7-2.7
brainsaw|220728_110238,4.1,3.9-4.8
brainsaw|220525_102108,4.1,3.9-4.8
brainsaw|230206_103327,2.23,1.7-2.7
brainsaw|230119_102833,4.1,3.9-4.8
brainsaw|230925_095720,2.23,1.7-2.7
brainsaw|230925_173431,2.23,1.7-2.7
brainsaw|241018_111239,4.1,3.9-4.8
brainsaw|240820_114234,4.1,3.9-4.8
brainsaw|240821_110754,4.1,3.9-4.8
brainsaw|200722_115826,2.19,1.7-2.7
brainsaw|230620_102731,2.23,1.7-2.7
brainsaw|240313_120453,4.1,3.9-4.8
brainsaw|260114_114154,4.1,3.9-4.8
brainsaw|221220_104342,4.1,3.9-4.8
brainsaw|210423_114341,2.19,1.7-2.7
brainsaw|241008_100709,4.1,3.9-4.8
brainsaw|190321_165301,2.19,1.7-2.7
brainsaw|190322_115816,2.19,1.7-2.7
brainsaw|190314_122641,2.19,1.7-2.7
brainsaw|190315_164740,2.19,1.7-2.7
organgrinder|241213_151454,4.07,3.9-4.8
brainsaw|260603_101933,2.23,1.7-2.7
brainsaw|260211_102114,2.23,1.7-2.7
brainsaw|260211_150148,2.23,1.7-2.7
brainsaw|260212_165646,2.23,1.7-2.7
brainsaw|260702_101855,4.1,3.9-4.8
brainsaw|260519_104705,2.23,1.7-2.7
brainsaw|260319_111041,2.23,1.7-2.7
brainsaw|260625_101347,2.23,1.7-2.7
brainsaw|260624_103503,2.23,1.7-2.7
brainsaw|260715_094947,2.23,1.7-2.7
brainsaw|260218_125902,2.23,1.7-2.7
brainsaw|260217_105512,2.23,1.7-2.7
brainsaw|260701_103821,2.23,1.7-2.7
brainsaw|260714_115349,4.1,3.9-4.8
brainsaw|250311_112921,4.1,3.9-4.8
brainsaw|190516_112225,4.55,3.9-4.8
brainsaw|190517_113655,4.55,3.9-4.8
brainsaw|190116_132821,2.19,1.7-2.7
brainsaw|190123_145017,2.19,1.7-2.7
brainsaw|190530_094448,4.55,3.9-4.8
brainsaw|190531_105802,2.19,1.7-2.7
brainsaw|240418_110640,4.1,3.9-4.8
brainsaw|240419_115220,4.1,3.9-4.8
neurovision|240123_130533,4.425,3.9-4.8
organgrinder|240122_113125,4.07,3.9-4.8
organgrinder|240916_103314,4.07,3.9-4.8
neurovision|240916_111603,4.425,3.9-4.8
brainsaw|240916_105609,4.1,3.9-4.8
neurovision|240116_154107,2.52,1.7-2.7
brainsaw|250828_112713,4.1,3.9-4.8
neurovision|240221_112546,2.52,1.7-2.7
neurovision|251217_150101,4.425,3.9-4.8
organgrinder|251216_140950,3.975,3.9-4.8
brainsaw|240322_183118,1.225,0.7-1.7
organgrinder|240327_133401,1.144,0.7-1.7
organgrinder|240502_111724,4.07,3.9-4.8
brainsaw|240330_114603,2.23,1.7-2.7
brainsaw|240331_110020,2.23,1.7-2.7
brainsaw|240513_131605,4.1,3.9-4.8
brainsaw|240323_113423,3.7,2.7-3.9
brainsaw|201207_110216,4.55,3.9-4.8
brainsaw|201204_165934,4.55,3.9-4.8
brainsaw|201204_104842,4.55,3.9-4.8
brainsaw|210712_103835,4.1,3.9-4.8
brainsaw|190121_122149,2.19,1.7-2.7
brainsaw|181205_104445,1.654,0.7-1.7
brainsaw|181206_103958,1.654,0.7-1.7
brainsaw|181205_155121,1.654,0.7-1.7
organgrinder|260528_114003,1.983,1.7-2.7
organgrinder|260601_145815,1.983,1.7-2.7
organgrinder|260603_140824,1.983,1.7-2.7
organgrinder|260602_154258,1.983,1.7-2.7
neurovision|260529_144546,2.52,1.7-2.7
organgrinder|260604_121928,1.983,1.7-2.7
neurovision|260605_145350,4.425,3.9-4.8
organgrinder|250117_115840,4.07,3.9-4.8
organgrinder|250120_133547,4.07,3.9-4.8
organgrinder|250116_135109,4.07,3.9-4.8
organgrinder|250115_162545,4.07,3.9-4.8
organgrinder|241017_134418,4.07,3.9-4.8
organgrinder|240208_130036,4.07,3.9-4.8
organgrinder|240318_131313,4.07,3.9-4.8
organgrinder|240226_124052,4.07,3.9-4.8
organgrinder|240222_120332,4.07,3.9-4.8
organgrinder|240304_122710,4.07,3.9-4.8
organgrinder|240209_153440,4.07,3.9-4.8
brainsaw|260716_172336,2.23,1.7-2.7
organgrinder|240425_131338,4.07,3.9-4.8
organgrinder|240729_185103,4.07,3.9-4.8
organgrinder|230926_111236,4.07,3.9-4.8
organgrinder|230928_113102,4.07,3.9-4.8
neurovision|231023_115247,4.425,3.9-4.8
organgrinder|220215_110402,4.07,3.9-4.8
organgrinder|220201_151416,4.07,3.9-4.8
organgrinder|220214_105951,4.07,3.9-4.8
organgrinder|220216_104840,4.07,3.9-4.8
organgrinder|220217_112606,4.07,3.9-4.8
organgrinder|220218_110212,4.07,3.9-4.8
organgrinder|220322_151246,2.25,1.7-2.7
neurovision|240812_153709,2.52,1.7-2.7
brainsaw|240708_143339,2.23,1.7-2.7
brainsaw|200625_100128,2.19,1.7-2.7
brainsaw|200616_095250,2.19,1.7-2.7
brainsaw|200624_102600,2.19,1.7-2.7
brainsaw|200630_100713,2.19,1.7-2.7
brainsaw|200611_124800,2.19,1.7-2.7
brainsaw|200619_113940,2.19,1.7-2.7
brainsaw|200623_124116,2.19,1.7-2.7
organgrinder|231129_120515,2.04,1.7-2.7
brainsaw|210902_152349,2.23,1.7-2.7
brainsaw|210903_140145,2.23,1.7-2.7
brainsaw|220419_170911,2.23,1.7-2.7
brainsaw|220420_172654,2.23,1.7-2.7
brainsaw|210917_122502,2.23,1.7-2.7
brainsaw|210917_153530,2.23,1.7-2.7
brainsaw|211001_165829,2.23,1.7-2.7
neurovision|210925_105457,2.52,1.7-2.7
neurovision|210924_135410,2.52,1.7-2.7
brainsaw|211020_183039,2.23,1.7-2.7
brainsaw|211021_180800,2.23,1.7-2.7
brainsaw|211020_163123,4.1,3.9-4.8
neurovision|211102_133549,4.425,3.9-4.8
neurovision|211104_114629,4.425,3.9-4.8
neurovision|211106_181103,4.425,3.9-4.8
brainsaw|211230_192256,2.23,1.7-2.7
brainsaw|220110_150524,2.23,1.7-2.7
neurovision|220129_172955,2.52,1.7-2.7
brainsaw|220411_174119,2.23,1.7-2.7
brainsaw|220425_175354,2.23,1.7-2.7
brainsaw|220502_155224,2.23,1.7-2.7
brainsaw|220809_172338,2.23,1.7-2.7
brainsaw|210813_183944,2.23,1.7-2.7
brainsaw|211005_183903,4.1,3.9-4.8
brainsaw|210806_123132,1.66,0.7-1.7
brainsaw|210806_190101,1.66,0.7-1.7
brainsaw|210808_151004,1.66,0.7-1.7
brainsaw|211129_133222,2.23,1.7-2.7
brainsaw|211130_113648,2.23,1.7-2.7
brainsaw|210917_185116,1.66,0.7-1.7
neurovision|211209_151757,2.52,1.7-2.7
brainsaw|220107_135503,2.23,1.7-2.7
brainsaw|211207_155203,2.23,1.7-2.7
brainsaw|230113_142420,2.23,1.7-2.7
brainsaw|211209_150940,2.23,1.7-2.7
brainsaw|220329_165636,1.66,0.7-1.7
brainsaw|220512_172421,2.23,1.7-2.7
brainsaw|220129_172231,2.23,1.7-2.7
brainsaw|220413_150748,2.23,1.7-2.7
brainsaw|220725_172035,2.23,1.7-2.7
brainsaw|220504_175042,2.23,1.7-2.7
brainsaw|220726_125509,4.1,3.9-4.8
brainsaw|220316_183031,2.23,1.7-2.7
brainsaw|220920_164049,2.23,1.7-2.7
neurovision|230103_154427,2.52,1.7-2.7
brainsaw|220812_190650,2.23,1.7-2.7
brainsaw|221213_173748,2.23,1.7-2.7
brainsaw|221002_140351,2.23,1.7-2.7
neurovision|220107_143005,4.425,3.9-4.8
brainsaw|230103_153327,2.23,1.7-2.7
brainsaw|230102_130313,2.23,1.7-2.7
neurovision|230110_131741,2.52,1.7-2.7
neurovision|230111_140201,2.52,1.7-2.7
neurovision|230112_150642,2.52,1.7-2.7
neurovision|230113_130640,2.52,1.7-2.7
brainsaw|220707_142943,2.23,1.7-2.7
brainsaw|240329_165438,2.23,1.7-2.7
organgrinder|230714_133258,2.04,1.7-2.7
organgrinder|230720_111655,2.04,1.7-2.7
organgrinder|230721_145725,2.04,1.7-2.7
organgrinder|230706_125552,2.04,1.7-2.7
organgrinder|230707_152606,2.04,1.7-2.7
brainsaw|230629_110222,2.23,1.7-2.7
brainsaw|230701_112643,2.23,1.7-2.7
brainsaw|210825_131819,1.66,0.7-1.7
brainsaw|211004_172416,1.66,0.7-1.7
brainsaw|211007_134913,1.66,0.7-1.7
neurovision|211124_144410,4.425,3.9-4.8
brainsaw|211110_173824,1.66,0.7-1.7
brainsaw|211116_172209,1.66,0.7-1.7
brainsaw|220105_152025,2.23,1.7-2.7
brainsaw|211211_192405,2.23,1.7-2.7
brainsaw|211231_134726,2.23,1.7-2.7
neurovision|211126_141005,2.52,1.7-2.7
brainsaw|210726_113244,1.66,0.7-1.7
brainsaw|210812_122323,1.66,0.7-1.7
brainsaw|210826_140257,2.23,1.7-2.7
brainsaw|220729_123227,2.23,1.7-2.7
brainsaw|200603_094806,4.55,3.9-4.8
neurovision|200603_121021,4.47,3.9-4.8
brainsaw|200605_091217,4.55,3.9-4.8
neurovision|200605_084937,4.47,3.9-4.8
brainsaw|200609_091603,4.55,3.9-4.8
neurovision|200609_092502,4.47,3.9-4.8
neurovision|200610_150649,4.47,3.9-4.8
brainsaw|210429_104115,1.012,0.7-1.7
neurovision|211215_141519,2.52,1.7-2.7
brainsaw|211109_144924,4.1,3.9-4.8
neurovision|211214_095141,4.425,3.9-4.8
brainsaw|211123_121006,4.1,3.9-4.8
neurovision|220214_143845,4.425,3.9-4.8
brainsaw|220221_142248,4.1,3.9-4.8
neurovision|220127_133612,4.425,3.9-4.8
brainsaw|220606_212306,2.23,1.7-2.7
brainsaw|200623_101818,4.55,3.9-4.8
neurovision|210514_093659,3.95,3.9-4.8
brainsaw|231025_133745,4.1,3.9-4.8
neurovision|211230_192356,4.425,3.9-4.8
brainsaw|200609_174912,2.19,1.7-2.7
brainsaw|220308_135909,2.23,1.7-2.7
neurovision|260622_150355,4.425,3.9-4.8
organgrinder|231201_143134,1.144,0.7-1.7
brainsaw|231202_125240,2.23,1.7-2.7
brainsaw|230514_115339,2.23,1.7-2.7
neurovision|231223_144119,4.425,3.9-4.8
neurovision|240122_132736,4.425,3.9-4.8
neurovision|231101_112957,4.425,3.9-4.8
organgrinder|240127_145741,4.07,3.9-4.8
neurovision|231107_143648,4.425,3.9-4.8
neurovision|240105_141732,4.425,3.9-4.8
brainsaw|210115_113213,4.55,3.9-4.8
brainsaw|231027_133741,4.1,3.9-4.8
brainsaw|210119_110930,2.19,1.7-2.7
brainsaw|240424_125314,2.23,1.7-2.7
neurovision|240306_153344,4.425,3.9-4.8
brainsaw|210122_120057,2.19,1.7-2.7
organgrinder|240212_093711,4.07,3.9-4.8
organgrinder|231130_150534,2.04,1.7-2.7
organgrinder|240727_120841,2.04,1.7-2.7
brainsaw|240307_124649,2.23,1.7-2.7
brainsaw|240309_102046,2.23,1.7-2.7
neurovision|240301_151105,2.52,1.7-2.7
neurovision|240302_143926,2.52,1.7-2.7
brainsaw|240306_142248,2.23,1.7-2.7
brainsaw|210411_101225,2.19,1.7-2.7
brainsaw|210412_091628,2.19,1.7-2.7
brainsaw|210413_105138,2.19,1.7-2.7
brainsaw|210502_124524,2.19,1.7-2.7
brainsaw|210516_113536,2.23,1.7-2.7
brainsaw|210531_153530,2.23,1.7-2.7
brainsaw|210602_145240,2.23,1.7-2.7
brainsaw|210904_133215,2.23,1.7-2.7
brainsaw|210905_135711,2.23,1.7-2.7
brainsaw|211208_120222,2.23,1.7-2.7
brainsaw|211219_122230,2.23,1.7-2.7
brainsaw|211215_114329,2.23,1.7-2.7
brainsaw|220802_134240,2.23,1.7-2.7
brainsaw|220803_123302,2.23,1.7-2.7
brainsaw|220804_120825,2.23,1.7-2.7
neurovision|220804_122017,2.52,1.7-2.7
brainsaw|220805_115210,2.23,1.7-2.7
brainsaw|220808_115923,2.23,1.7-2.7
neurovision|220808_120624,2.52,1.7-2.7
brainsaw|220809_120047,2.23,1.7-2.7
brainsaw|220810_114217,2.23,1.7-2.7
brainsaw|220812_093130,2.23,1.7-2.7
brainsaw|220902_145701,2.23,1.7-2.7
brainsaw|220905_142639,2.23,1.7-2.7
brainsaw|220906_114138,2.23,1.7-2.7
brainsaw|220907_121945,2.23,1.7-2.7
brainsaw|220908_122310,2.23,1.7-2.7
brainsaw|220909_100444,2.23,1.7-2.7
brainsaw|210325_114120,1.648,0.7-1.7
brainsaw|210528_122157,2.23,1.7-2.7
brainsaw|210620_131522,2.23,1.7-2.7
brainsaw|201125_153714,2.19,1.7-2.7
brainsaw|190909_115358,4.55,3.9-4.8
brainsaw|190910_114800,4.55,3.9-4.8
brainsaw|191001_111641,2.19,1.7-2.7
brainsaw|190924_111836,4.55,3.9-4.8
neurovision|201110_102246,4.47,3.9-4.8
neurovision|201111_105404,4.47,3.9-4.8
brainsaw|201109_102859,2.19,1.7-2.7
brainsaw|201111_114912,1.648,0.7-1.7
neurovision|201023_142526,2.18,1.7-2.7
brainsaw|230426_144002,2.23,1.7-2.7
brainsaw|230412_134418,2.23,1.7-2.7
brainsaw|230529_193642,2.23,1.7-2.7
brainsaw|230516_161441,2.23,1.7-2.7
brainsaw|230529_141735,2.23,1.7-2.7
brainsaw|230530_151415,2.23,1.7-2.7
organgrinder|241216_120345,7.94,7.5-10
organgrinder|241217_090351,7.94,7.5-10
organgrinder|250906_121335,1.983,1.7-2.7
organgrinder|250816_110023,1.983,1.7-2.7
brainsaw|210609_110948,4.1,3.9-4.8
brainsaw|210607_150418,4.1,3.9-4.8
neurovision|200306_120355,4.47,3.9-4.8
brainsaw|201016_103308,1.648,0.7-1.7
brainsaw|201023_104437,1.648,0.7-1.7
neurovision|210120_165956,2.61,1.7-2.7
brainsaw|201026_110457,1.648,0.7-1.7
neurovision|210210_115311,4.22,3.9-4.8
brainsaw|201221_125449,1.648,0.7-1.7
neurovision|210217_120709,4.22,3.9-4.8
neurovision|210218_111710,4.22,3.9-4.8
neurovision|210223_104012,4.22,3.9-4.8
neurovision|210224_110408,4.22,3.9-4.8
neurovision|210225_104207,4.22,3.9-4.8
neurovision|210301_104651,4.22,3.9-4.8
neurovision|210729_112537,4.425,3.9-4.8
neurovision|210607_114359,3.95,3.9-4.8
neurovision|210604_112636,3.95,3.9-4.8
brainsaw|210722_115724,4.1,3.9-4.8
neurovision|210726_115240,4.425,3.9-4.8
brainsaw|200923_105908,4.55,3.9-4.8
brainsaw|200916_104752,4.55,3.9-4.8
neurovision|210823_123302,4.425,3.9-4.8
brainsaw|210823_122018,4.1,3.9-4.8
neurovision|210816_154054,4.425,3.9-4.8
brainsaw|210816_150203,4.1,3.9-4.8
brainsaw|201215_195511,1.648,0.7-1.7
brainsaw|210422_115703,2.19,1.7-2.7
brainsaw|210315_132750,2.19,1.7-2.7
brainsaw|200618_191340,4.55,3.9-4.8
neurovision|201012_144619,4.47,3.9-4.8
brainsaw|201124_125533,4.55,3.9-4.8
neurovision|201116_113316,4.47,3.9-4.8
brainsaw|200908_100837,4.55,3.9-4.8
neurovision|201113_135156,4.47,3.9-4.8
neurovision|201008_192153,4.47,3.9-4.8
brainsaw|200907_121056,4.55,3.9-4.8
brainsaw|210319_174520,2.19,1.7-2.7
brainsaw|201216_113922,1.648,0.7-1.7
brainsaw|201214_104510,4.55,3.9-4.8
brainsaw|210105_114410,2.19,1.7-2.7
brainsaw|210107_123816,2.19,1.7-2.7
brainsaw|220811_125330,2.23,1.7-2.7
brainsaw|210430_103108,2.19,1.7-2.7
brainsaw|210503_181448,1.648,0.7-1.7
brainsaw|210407_111109,2.19,1.7-2.7
brainsaw|210409_100348,4.55,3.9-4.8
brainsaw|210717_104012,2.23,1.7-2.7
brainsaw|210710_160429,2.23,1.7-2.7
brainsaw|201120_135357,4.55,3.9-4.8
brainsaw|201214_155716,1.648,0.7-1.7
brainsaw|200603_181122,4.55,3.9-4.8
brainsaw|200911_121100,2.19,1.7-2.7
brainsaw|200910_113834,2.19,1.7-2.7
neurovision|210227_181328,2.61,1.7-2.7
neurovision|210228_130051,2.61,1.7-2.7
neurovision|210228_181409,2.61,1.7-2.7
neurovision|200911_111552,4.47,3.9-4.8
brainsaw|201006_111803,2.19,1.7-2.7
neurovision|201006_115218,4.47,3.9-4.8
neurovision|230326_152629,2.52,1.7-2.7
brainsaw|230517_201410,2.23,1.7-2.7
neurovision|240814_150635,4.425,3.9-4.8
neurovision|240815_154320,4.425,3.9-4.8
brainsaw|250827_113908,2.23,1.7-2.7
brainsaw|251125_113422,4.1,3.9-4.8
organgrinder|251010_103222,1.983,1.7-2.7
brainsaw|260401_144131,2.23,1.7-2.7
brainsaw|250328_113408,4.1,3.9-4.8
brainsaw|250605_172500,4.1,3.9-4.8
brainsaw|250715_112313,4.1,3.9-4.8
brainsaw|250205_105651,4.1,3.9-4.8
neurovision|250206_103959,4.425,3.9-4.8
organgrinder|250207_111808,4.07,3.9-4.8
organgrinder|251016_103318,1.983,1.7-2.7
organgrinder|251017_102540,1.983,1.7-2.7
brainsaw|251105_121225,4.1,3.9-4.8
brainsaw|251203_115629,4.1,3.9-4.8
neurovision|251210_120955,4.425,3.9-4.8
brainsaw|260408_115525,2.23,1.7-2.7
brainsaw|251126_124733,2.23,1.7-2.7
brainsaw|251017_114910,2.23,1.7-2.7
brainsaw|251031_130631,2.23,1.7-2.7
neurovision|250930_120744,2.52,1.7-2.7
brainsaw|211026_124909,4.1,3.9-4.8
neurovision|220406_142826,4.425,3.9-4.8
organgrinder|250311_104759,4.07,3.9-4.8
neurovision|250306_111840,4.425,3.9-4.8
organgrinder|250307_104004,4.07,3.9-4.8
brainsaw|250305_114952,4.1,3.9-4.8
organgrinder|250106_095800,7.94,7.5-10
organgrinder|250119_111114,2.04,1.7-2.7
neurovision|260531_172100,2.52,1.7-2.7
organgrinder|250930_132639,3.975,3.9-4.8
organgrinder|260321_144917,3.975,3.9-4.8
organgrinder|260426_142944,3.975,3.9-4.8
organgrinder|260502_173254,3.975,3.9-4.8
organgrinder|260527_122423,3.975,3.9-4.8
organgrinder|260213_122128,3.975,3.9-4.8
organgrinder|260306_111520,3.975,3.9-4.8
brainsaw|220831_154757,2.23,1.7-2.7
neurovision|220525_111948,4.425,3.9-4.8
brainsaw|220223_105413,4.1,3.9-4.8
brainsaw|220222_111434,2.23,1.7-2.7
brainsaw|221117_114850,2.23,1.7-2.7
brainsaw|221122_120501,1.66,0.7-1.7
brainsaw|230929_105038,1.66,0.7-1.7
brainsaw|231012_103852,1.66,0.7-1.7
brainsaw|231004_123733,4.1,3.9-4.8
brainsaw|230913_114548,2.23,1.7-2.7
brainsaw|230905_112651,2.23,1.7-2.7
brainsaw|230912_113409,2.23,1.7-2.7
neurovision|241029_144539,4.425,3.9-4.8
brainsaw|230315_110853,1.66,0.7-1.7
brainsaw|230627_123805,4.1,3.9-4.8
brainsaw|230704_112412,4.1,3.9-4.8
brainsaw|231003_111618,4.1,3.9-4.8
brainsaw|231114_113643,1.66,0.7-1.7
brainsaw|231107_113529,4.1,3.9-4.8
brainsaw|230628_105414,4.1,3.9-4.8
brainsaw|230314_113344,1.66,0.7-1.7
brainsaw|230310_114706,1.66,0.7-1.7
brainsaw|230303_121013,1.66,0.7-1.7
brainsaw|220912_122000,4.1,3.9-4.8
brainsaw|220523_111239,4.1,3.9-4.8
brainsaw|220602_120050,4.1,3.9-4.8
brainsaw|200211_111512,1.012,0.7-1.7
brainsaw|200225_170107,1.01,0.7-1.7
brainsaw|200901_100659,1.012,0.7-1.7
brainsaw|201222_121554,1.012,0.7-1.7
brainsaw|210109_124648,1.012,0.7-1.7
brainsaw|210314_131133,2.19,1.7-2.7
neurovision|210326_104731,2.35,1.7-2.7
brainsaw|210723_113715,1.66,0.7-1.7
brainsaw|210711_140412,4.1,3.9-4.8
neurovision|220227_121502,2.52,1.7-2.7
neurovision|220212_145541,2.52,1.7-2.7
brainsaw|220429_120031,2.23,1.7-2.7
brainsaw|210309_084113,2.19,1.7-2.7
neurovision|210319_140618,2.35,1.7-2.7
brainsaw|210323_111635,4.55,3.9-4.8
brainsaw|201014_114257,1.205,0.7-1.7
brainsaw|201015_174730,1.648,0.7-1.7
brainsaw|201015_085357,1.205,0.7-1.7
brainsaw|201106_140528,1.648,0.7-1.7
brainsaw|201106_081142,1.648,0.7-1.7
brainsaw|190610_101855,1.652,0.7-1.7
brainsaw|190619_113746,1.652,0.7-1.7
brainsaw|201208_102728,2.19,1.7-2.7
brainsaw|201206_133523,2.19,1.7-2.7
brainsaw|220518_091655,2.23,1.7-2.7
brainsaw|230702_114015,4.1,3.9-4.8
organgrinder|230712_170447,4.07,3.9-4.8
organgrinder|230705_093538,4.07,3.9-4.8
brainsaw|230630_122026,4.1,3.9-4.8
organgrinder|230712_093343,4.07,3.9-4.8
organgrinder|230711_124817,4.07,3.9-4.8
neurovision|230531_102914,2.52,1.7-2.7
neurovision|230601_093721,2.52,1.7-2.7
neurovision|230603_110717,2.52,1.7-2.7
neurovision|230602_094259,2.52,1.7-2.7
brainsaw|201107_122035,2.19,1.7-2.7
brainsaw|190402_142739,2.19,1.7-2.7
brainsaw|190521_110516,1.652,0.7-1.7
brainsaw|190220_133114,2.19,1.7-2.7
brainsaw|190520_174425,1.652,0.7-1.7
brainsaw|210309_154844,2.19,1.7-2.7
brainsaw|210308_090802,2.19,1.7-2.7
neurovision|240925_103427,4.425,3.9-4.8
neurovision|210501_133304,1.556,0.7-1.7
neurovision|210617_073856,2.27,1.7-2.7
neurovision|210626_151205,2.27,1.7-2.7
neurovision|260624_144345,4.425,3.9-4.8
neurovision|260625_113842,4.425,3.9-4.8
organgrinder|251006_150029,3.975,3.9-4.8
organgrinder|260325_163217,1.983,1.7-2.7
brainsaw|260324_145523,2.23,1.7-2.7
organgrinder|260324_150401,1.983,1.7-2.7
organgrinder|260514_125006,3.975,3.9-4.8
brainsaw|260518_124947,2.23,1.7-2.7
neurovision|260508_144317,4.425,3.9-4.8
organgrinder|260304_162544,3.975,3.9-4.8
neurovision|260430_130425,4.425,3.9-4.8
organgrinder|260314_172322,3.975,3.9-4.8
organgrinder|251113_131737,3.975,3.9-4.8
organgrinder|251202_135204,1.983,1.7-2.7
neurovision|251203_125716,2.52,1.7-2.7
organgrinder|251125_122453,3.975,3.9-4.8
organgrinder|251205_125656,1.983,1.7-2.7
neurovision|251128_131929,2.52,1.7-2.7
neurovision|251015_120845,4.425,3.9-4.8
organgrinder|251127_123334,3.975,3.9-4.8
organgrinder|251124_125936,3.975,3.9-4.8
organgrinder|251203_124842,1.983,1.7-2.7
organgrinder|241103_113013,7.94,7.5-10
brainsaw|220510_165728,2.23,1.7-2.7
brainsaw|220727_150154,2.23,1.7-2.7
brainsaw|220516_130053,2.23,1.7-2.7
brainsaw|220517_133425,2.23,1.7-2.7
brainsaw|220524_145316,2.23,1.7-2.7
brainsaw|220816_173332,2.23,1.7-2.7
organgrinder|250110_093053,2.04,1.7-2.7
organgrinder|250206_131932,4.07,3.9-4.8
organgrinder|250210_125035,2.04,1.7-2.7
organgrinder|241129_101346,4.07,3.9-4.8
neurovision|250408_122104,2.52,1.7-2.7
neurovision|250409_101228,2.52,1.7-2.7
organgrinder|250227_133126,2.04,1.7-2.7
neurovision|250429_093648,4.425,3.9-4.8
brainsaw|250314_135529,4.1,3.9-4.8
neurovision|250422_093059,2.52,1.7-2.7
neurovision|250425_132526,2.52,1.7-2.7
neurovision|250712_121501,2.52,1.7-2.7
organgrinder|250829_105528,3.975,3.9-4.8
organgrinder|250805_131722,1.983,1.7-2.7
neurovision|250723_112903,2.52,1.7-2.7
organgrinder|250729_122115,1.983,1.7-2.7
neurovision|241012_105819,8.7,7.5-10
neurovision|241017_160320,8.7,7.5-10
organgrinder|241106_111348,7.94,7.5-10
neurovision|250523_103523,2.52,1.7-2.7
organgrinder|250825_093025,1.983,1.7-2.7
organgrinder|250923_121020,1.983,1.7-2.7
neurovision|241023_130834,8.7,7.5-10
organgrinder|241026_100623,7.94,7.5-10
organgrinder|250817_102901,1.983,1.7-2.7
organgrinder|250818_091459,1.983,1.7-2.7
organgrinder|250708_114025,1.98,1.7-2.7
organgrinder|250910_132126,3.975,3.9-4.8
organgrinder|250911_132534,3.975,3.9-4.8
neurovision|250911_155230,4.425,3.9-4.8
neurovision|250904_142526,4.425,3.9-4.8
neurovision|210316_122803,4.11,3.9-4.8
neurovision|210318_103110,4.11,3.9-4.8
neurovision|200213_113932,4.47,3.9-4.8
brainsaw|260707_112201,4.1,3.9-4.8
brainsaw|210517_140621,2.23,1.7-2.7
brainsaw|190710_164314,2.19,1.7-2.7
neurovision|210805_101451,2.52,1.7-2.7
brainsaw|210804_094322,2.23,1.7-2.7
brainsaw|210603_094822,4.1,3.9-4.8
neurovision|210219_110201,4.22,3.9-4.8
brainsaw|180723_100938,1.654,0.7-1.7
brainsaw|180814_110858,1.654,0.7-1.7
brainsaw|180801_152633,1.654,0.7-1.7
brainsaw|190312_175532,2.19,1.7-2.7
brainsaw|190205_182354,2.19,1.7-2.7
brainsaw|190312_104623,2.19,1.7-2.7
brainsaw|220208_151638,4.1,3.9-4.8
brainsaw|210611_092604,2.23,1.7-2.7
brainsaw|200110_111621,4.55,3.9-4.8
brainsaw|190716_174521,2.19,1.7-2.7
brainsaw|190715_183921,2.19,1.7-2.7
brainsaw|191106_152449,4.55,3.9-4.8
neurovision|191106_142534,4.47,3.9-4.8
neurovision|220120_144800,4.425,3.9-4.8
neurovision|211116_114807,4.425,3.9-4.8
neurovision|220121_110702,4.425,3.9-4.8
neurovision|211119_112556,4.425,3.9-4.8
neurovision|220317_151814,4.425,3.9-4.8
neurovision|210817_115237,4.425,3.9-4.8
neurovision|220318_104208,4.425,3.9-4.8
neurovision|220523_170009,4.425,3.9-4.8
neurovision|220526_101028,4.425,3.9-4.8
brainsaw|191203_141759,4.55,3.9-4.8
neurovision|201029_095043,4.47,3.9-4.8
brainsaw|190205_110853,2.19,1.7-2.7
brainsaw|190206_142335,2.19,1.7-2.7
brainsaw|190614_190045,2.19,1.7-2.7
brainsaw|190614_103253,2.19,1.7-2.7
brainsaw|190809_182857,2.19,1.7-2.7
brainsaw|190814_090818,2.19,1.7-2.7
brainsaw|190814_165907,2.19,1.7-2.7
brainsaw|190805_084659,2.19,1.7-2.7
brainsaw|190808_181545,2.19,1.7-2.7
brainsaw|190812_083640,2.19,1.7-2.7
brainsaw|190812_170014,2.19,1.7-2.7
brainsaw|190813_084631,2.19,1.7-2.7
brainsaw|190813_182817,2.19,1.7-2.7
brainsaw|190801_114854,2.19,1.7-2.7
brainsaw|190802_092804,2.19,1.7-2.7
brainsaw|190809_091010,2.19,1.7-2.7
brainsaw|191202_111656,2.19,1.7-2.7
