file,lab,system,acq_key,event_key,restart_timestamp,year,category,is_failure,gap_seconds
MERGED_LOGS/sjones/data/Brainsaw_Transfer_data/EJT139/acqLog_EJT139.txt,sjones,brainsaw,brainsaw|2021/11/30 11:36:48,brainsaw|2021/11/30 12:07:29,2021/11/30 12:07:29,2021,manual abort,0,477.0
MERGED_LOGS/sjones/data/Brainsaw_Transfer_data/EJT141/acqLog_EJT141.txt,sjones,brainsaw,brainsaw|2021/11/30 11:36:48,brainsaw|2021/11/30 12:07:29,2021/11/30 12:07:29,2021,manual abort,0,477.0
MERGED_LOGS/sjones/data/Brainsaw_Transfer_data/EJT152/acqLog_EJT152.txt,sjones,brainsaw,brainsaw|2021/11/30 11:36:48,brainsaw|2021/11/30 12:07:29,2021/11/30 12:07:29,2021,manual abort,0,477.0
MERGED_LOGS/akrami/Audra/Histology/Brainsaw/Cooordinate_Mapping/AR_ECS6/acqLog_AR_ECS6.txt,akrami,organgrinder,organgrinder|2025/11/26 10:48:34,organgrinder|2025/11/26 13:00:57,2025/11/26 13:00:57,2025,laser fault,1,2546.0
MERGED_LOGS/mrsic_flogel/public/projects/IvOr_20210329_M2_projections/Brains_2pTomo/IO_1120361/acqLog_IO_1120361.txt,mrsic_flogel,neurovision,neurovision|2021/09/17 13:02:39,neurovision|2021/09/17 17:27:34,2021/09/17 17:27:34,2021,laser fault,1,5559.0
MERGED_LOGS/mrsic_flogel/public/projects/IvOr_20210329_M2_projections/Brains_2pTomo/IO_1120361/acqLog_IO_1120361.txt,mrsic_flogel,neurovision,neurovision|2021/09/17 13:02:39,neurovision|2021/09/17 18:31:33,2021/09/17 18:31:33,2021,laser fault,1,1741.0
MERGED_LOGS/mrsic_flogel/public/projects/IvOr_20210329_M2_projections/Brains_2pTomo/IO_1120361/acqLog_IO_1120361.txt,mrsic_flogel,neurovision,neurovision|2021/09/17 13:02:39,neurovision|2021/09/17 19:54:15,2021/09/17 19:54:15,2021,laser fault,1,2480.0
MERGED_LOGS/mrsic_flogel/public/projects/IvOr_20210329_M2_projections/Brains_2pTomo/IO_1120361/acqLog_IO_1120361.txt,mrsic_flogel,neurovision,neurovision|2021/09/17 13:02:39,neurovision|2021/09/17 21:27:46,2021/09/17 21:27:46,2021,laser fault,1,2520.0
MERGED_LOGS/mrsic_flogel/public/projects/IvOr_20210329_M2_projections/Brains_2pTomo/IO_1120361/acqLog_IO_1120361.txt,mrsic_flogel,neurovision,neurovision|2021/09/17 13:02:39,neurovision|2021/09/17 22:40:03,2021/09/17 22:40:03,2021,laser fault,1,1028.0
MERGED_LOGS/mrsic_flogel/public/projects/IvOr_20210329_M2_projections/Brains_2pTomo/IO_1120361/acqLog_IO_1120361.txt,mrsic_flogel,neurovision,neurovision|2021/09/17 13:02:39,neurovision|2021/09/17 23:16:41,2021/09/17 23:16:41,2021,laser fault,1,458.0
MERGED_LOGS/mrsic_flogel/public/projects/IvOr_20210329_M2_projections/Brains_2pTomo/IO_1120361/acqLog_IO_1120361.txt,mrsic_flogel,neurovision,neurovision|2021/09/17 13:02:39,neurovision|2021/09/19 15:09:02,2021/09/19 15:09:02,2021,laser fault,1,787.0
MERGED_LOGS/mrsic_flogel/public/projects/IvOr_20210329_M2_projections/Brains_2pTomo/IO_1120361/acqLog_IO_1120361.txt,mrsic_flogel,neurovision,neurovision|2021/09/17 13:02:39,neurovision|2021/09/19 17:05:23,2021/09/19 17:05:23,2021,laser fault,1,1973.0
MERGED_LOGS/mrsic_flogel/public/projects/IvOr_20210329_M2_projections/Brains_2pTomo/IO_1120384/acqLog_IO_1120384.txt,mrsic_flogel,neurovision,neurovision|2021/09/17 13:02:39,neurovision|2021/09/17 17:27:34,2021/09/17 17:27:34,2021,laser fault,1,5559.0
MERGED_LOGS/mrsic_flogel/public/projects/IvOr_20210329_M2_projections/Brains_2pTomo/IO_1120384/acqLog_IO_1120384.txt,mrsic_flogel,neurovision,neurovision|2021/09/17 13:02:39,neurovision|2021/09/17 18:31:33,2021/09/17 18:31:33,2021,laser fault,1,1741.0
MERGED_LOGS/mrsic_flogel/public/projects/IvOr_20210329_M2_projections/Brains_2pTomo/IO_1120384/acqLog_IO_1120384.txt,mrsic_flogel,neurovision,neurovision|2021/09/17 13:02:39,neurovision|2021/09/17 19:54:15,2021/09/17 19:54:15,2021,laser fault,1,2480.0
MERGED_LOGS/mrsic_flogel/public/projects/IvOr_20210329_M2_projections/Brains_2pTomo/IO_1120384/acqLog_IO_1120384.txt,mrsic_flogel,neurovision,neurovision|2021/09/17 13:02:39,neurovision|2021/09/17 21:27:46,2021/09/17 21:27:46,2021,laser fault,1,2520.0
MERGED_LOGS/mrsic_flogel/public/projects/IvOr_20210329_M2_projections/Brains_2pTomo/IO_1120384/acqLog_IO_1120384.txt,mrsic_flogel,neurovision,neurovision|2021/09/17 13:02:39,neurovision|2021/09/17 22:40:03,2021/09/17 22:40:03,2021,laser fault,1,1028.0
MERGED_LOGS/mrsic_flogel/public/projects/IvOr_20210329_M2_projections/Brains_2pTomo/IO_1120384/acqLog_IO_1120384.txt,mrsic_flogel,neurovision,neurovision|2021/09/17 13:02:39,neurovision|2021/09/17 23:16:41,2021/09/17 23:16:41,2021,laser fault,1,458.0
MERGED_LOGS/mrsic_flogel/public/projects/IvOr_20210329_M2_projections/Brains_2pTomo/IO_1120384/acqLog_IO_1120384.txt,mrsic_flogel,neurovision,neurovision|2021/09/17 13:02:39,neurovision|2021/09/19 15:09:02,2021/09/19 15:09:02,2021,laser fault,1,787.0
MERGED_LOGS/mrsic_flogel/public/projects/IvOr_20210329_M2_projections/Brains_2pTomo/IO_1120384/acqLog_IO_1120384.txt,mrsic_flogel,neurovision,neurovision|2021/09/17 13:02:39,neurovision|2021/09/19 17:05:23,2021/09/19 17:05:23,2021,laser fault,1,1973.0
MERGED_LOGS/mrsic_flogel/public/projects/IvOr_20210329_M2_projections/Brains_2pTomo/IO_1120385/acqLog_IO_1120385.txt,mrsic_flogel,neurovision,neurovision|2021/09/17 13:02:39,neurovision|2021/09/17 17:27:34,2021/09/17 17:27:34,2021,laser fault,1,5559.0
MERGED_LOGS/mrsic_flogel/public/projects/IvOr_20210329_M2_projections/Brains_2pTomo/IO_1120385/acqLog_IO_1120385.txt,mrsic_flogel,neurovision,neurovision|2021/09/17 13:02:39,neurovision|2021/09/17 18:31:33,2021/09/17 18:31:33,2021,laser fault,1,1741.0
MERGED_LOGS/mrsic_flogel/public/projects/IvOr_20210329_M2_projections/Brains_2pTomo/IO_1120385/acqLog_IO_1120385.txt,mrsic_flogel,neurovision,neurovision|2021/09/17 13:02:39,neurovision|2021/09/17 19:54:15,2021/09/17 19:54:15,2021,laser fault,1,2480.0
MERGED_LOGS/mrsic_flogel/public/projects/IvOr_20210329_M2_projections/Brains_2pTomo/IO_1120385/acqLog_IO_1120385.txt,mrsic_flogel,neurovision,neurovision|2021/09/17 13:02:39,neurovision|2021/09/17 21:27:46,2021/09/17 21:27:46,2021,laser fault,1,2520.0
MERGED_LOGS/mrsic_flogel/public/projects/IvOr_20210329_M2_projections/Brains_2pTomo/IO_1120385/acqLog_IO_1120385.txt,mrsic_flogel,neurovision,neurovision|2021/09/17 13:02:39,neurovision|2021/09/17 22:40:03,2021/09/17 22:40:03,2021,laser fault,1,1028.0
MERGED_LOGS/mrsic_flogel/public/projects/IvOr_20210329_M2_projections/Brains_2pTomo/IO_1120385/acqLog_IO_1120385.txt,mrsic_flogel,neurovision,neurovision|2021/09/17 13:02:39,neurovision|2021/09/17 23:16:41,2021/09/17 23:16:41,2021,laser fault,1,458.0
MERGED_LOGS/mrsic_flogel/public/projects/IvOr_20210329_M2_projections/Brains_2pTomo/IO_1120385/acqLog_IO_1120385.txt,mrsic_flogel,neurovision,neurovision|2021/09/17 13:02:39,neurovision|2021/09/19 15:09:02,2021/09/19 15:09:02,2021,laser fault,1,787.0
MERGED_LOGS/mrsic_flogel/public/projects/IvOr_20210329_M2_projections/Brains_2pTomo/IO_1120385/acqLog_IO_1120385.txt,mrsic_flogel,neurovision,neurovision|2021/09/17 13:02:39,neurovision|2021/09/19 17:05:23,2021/09/19 17:05:23,2021,laser fault,1,1973.0
MERGED_LOGS/mrsic_flogel/public/projects/BaBe_20260203_StriatumTwoPhoton/anat/raw/PrismLocationPilots/sub_005/acqLog_BB_prism_005.txt,mrsic_flogel,brainsaw,brainsaw|2026/03/21 15:23:35,brainsaw|2026/03/22 14:22:52,2026/03/22 14:22:52,2026,true unknown,1,43109.0
MERGED_LOGS/mrsic_flogel/public/projects/BaBe_20260203_StriatumTwoPhoton/anat/raw/PrismLocationPilots/sub_006/acqLog_BB_prism_006.txt,mrsic_flogel,brainsaw,brainsaw|2026/03/21 15:23:35,brainsaw|2026/03/22 14:22:52,2026/03/22 14:22:52,2026,true unknown,1,43109.0
MERGED_LOGS/mrsic_flogel/public/projects/BeJG_20230130_VisDetect/wEPhys/injection_validation/BG_DiISNrGPe_802/acqLog_BG_DiISNrGPe_802.txt,mrsic_flogel,brainsaw,brainsaw|2026/03/21 15:23:35,brainsaw|2026/03/22 14:22:52,2026/03/22 14:22:52,2026,true unknown,1,43109.0
MERGED_LOGS/mrsic_flogel/public/projects/BeJG_20230130_VisDetect/wEPhys/injection_validation/BG_DiISNrGPe_804/acqLog_BG_DiISNrGPe_804.txt,mrsic_flogel,brainsaw,brainsaw|2026/03/21 15:23:35,brainsaw|2026/03/22 14:22:52,2026/03/22 14:22:52,2026,true unknown,1,43109.0
MERGED_LOGS/sjones/projects/OSFNT/raw_data/OSFNT_12/2026-05-29T11-45-28/users/Alina/BrainSaw/AG_TS_RV2/acqLog_AG_TS_RV2.txt,sjones,organgrinder,organgrinder|2025/10/17 10:25:40,organgrinder|2025/10/17 13:03:47,2025/10/17 13:03:47,2025,planned stop,0,4878.0
MERGED_LOGS/sjones/projects/OSFNT/raw_data/OSFNT_12/2026-05-29T11-45-28/users/Alina/BrainSaw/AG_TS_RV2/acqLog_AG_TS_RV2.txt,sjones,organgrinder,organgrinder|2025/10/17 10:25:40,organgrinder|2025/10/17 14:52:53,2025/10/17 14:52:53,2025,planned stop,0,2000.0
MERGED_LOGS/sjones/projects/Emmett/Histology/Brainsaw/E81/acqLog_E81.txt,sjones,brainsaw,brainsaw|2020/12/14 10:45:10,brainsaw|2020/12/14 11:02:07,2020/12/14 11:02:07,2020,true unknown,1,399.0
MERGED_LOGS/isogai/brainsaw/Suzy/xc_1086931som/acqLog_xc_1086931som.txt,isogai,organgrinder,organgrinder|2023/06/10 13:37:36,organgrinder|2023/06/10 13:50:54,2023/06/10 13:50:54,2023,manual abort,0,320.0
MERGED_LOGS/margrie/tchapli/brains/TC_1112353_1112355/TC_1112353/acqLog_TC_1112353.txt,margrie,neurovision,neurovision|2021/07/22 11:27:45,neurovision|2021/07/22 19:10:17,2021/07/22 19:10:17,2021,true unknown,1,13041.0
MERGED_LOGS/margrie/tchapli/brains/TC_1112353_1112355/TC_1112355/acqLog_TC_1112355.txt,margrie,neurovision,neurovision|2021/07/22 11:27:45,neurovision|2021/07/22 19:10:17,2021/07/22 19:10:17,2021,true unknown,1,13041.0
MERGED_LOGS/mrsic_flogel/public/projects/SaMe_2023_DataBase/aAnatomy/aNr5a103/acqLog_SM_aNr5a103.txt,mrsic_flogel,organgrinder,organgrinder|2024/05/01 12:15:14,organgrinder|2024/05/01 15:27:14,2024/05/01 15:27:14,2024,true unknown,1,455.0
MERGED_LOGS/sjones/projects/Emmett/Histology/Brainsaw/EJT74/acqLog_EJT74.txt,sjones,brainsaw,brainsaw|2021/04/07 11:11:09,brainsaw|2021/04/07 12:49:57,2021/04/07 12:49:57,2021,manual abort,0,184.0
MERGED_LOGS/mrsic_flogel/public/projects/AnBl_20180101_LPCortexSFTF/Anatomy/retro_RR/RR68/acqLog_RR68.txt,mrsic_flogel,brainsaw,brainsaw|2018/01/18 14:15:52,brainsaw|2018/01/18 23:00:02,2018/01/18 23:00:02,2018,manual abort,0,136.0
MERGED_LOGS/mrsic_flogel/public/projects/AlFr_20180601_vLGN/UncroppedBrains/AF_testblackag/acqLog_AF_testblackag.txt,mrsic_flogel,neurovision,neurovision|2020/11/10 19:42:20,neurovision|2020/11/10 21:29:40,2020/11/10 21:29:40,2020,laser fault,1,3661.0
MERGED_LOGS/mrsic_flogel/public/projects/AlFr_20180601_vLGN/UncroppedBrains/AF_testblackag/Top/acqLog_ROI_1.txt,mrsic_flogel,neurovision,neurovision|2020/11/10 19:42:20,neurovision|2020/11/10 21:29:40,2020/11/10 21:29:40,2020,laser fault,1,3661.0
MERGED_LOGS/mrsic_flogel/public/projects/AlFr_20180601_vLGN/UncroppedBrains/AF_testblackag/Bottom/acqLog_ROI_2.txt,mrsic_flogel,neurovision,neurovision|2020/11/10 19:42:20,neurovision|2020/11/10 21:29:40,2020/11/10 21:29:40,2020,laser fault,1,3661.0
MERGED_LOGS/mrsic_flogel/public/projects/BeJG_20230130_VisDetect/wIntersectChr2/Chr2Cre_AAV21_LLnpxlFem01/acqLog_Chr2Cre_AAV21_LLnpxlFem01.txt,mrsic_flogel,neurovision,neurovision|2025/01/13 12:56:58,neurovision|2025/01/13 15:55:55,2025/01/13 15:55:55,2025,manual abort,0,461.0
MERGED_LOGS/mrsic_flogel/public/projects/BeJG_20230130_VisDetect/wIntersectChr2/Chr2Cre_AAV21_LLnpxlFem02/acqLog_Chr2Cre_AAV21_LLnpxlFem02.txt,mrsic_flogel,neurovision,neurovision|2025/01/13 12:56:58,neurovision|2025/01/13 15:55:55,2025/01/13 15:55:55,2025,manual abort,0,461.0
MERGED_LOGS/akrami/Audra/Histology/Brainsaw/Trained_Animals/EC01/acqLog_EC01.txt,akrami,neurovision,neurovision|2025/10/16 11:28:51,neurovision|2025/10/16 14:52:39,2025/10/16 14:52:39,2025,true unknown,1,69.0
MERGED_LOGS/akrami/Audra/Histology/Brainsaw/Pilots/HAA_1105429/acqLog_HAA_1105429.txt,akrami,neurovision,neurovision|2025/10/16 11:28:51,neurovision|2025/10/16 14:52:39,2025/10/16 14:52:39,2025,true unknown,1,69.0
MERGED_LOGS/mrsic_flogel/public/projects/SaMe_2023_DataBase/bBehaviour/bRbp488/bRbp488_Anatomy/bRbp488_SerialSection/acqLog_bRbp488.txt,mrsic_flogel,brainsaw,brainsaw|2026/04/10 12:03:18,brainsaw|2026/04/10 14:15:26,2026/04/10 14:15:26,2026,manual abort,0,990.0
MERGED_LOGS/mrsic_flogel/public/projects/SaMe_2023_DataBase/bBehaviour/bRbp489/bRbp489_Anatomy/bRbp489_SerialSection/acqLog_bRbp489.txt,mrsic_flogel,brainsaw,brainsaw|2026/04/10 12:03:18,brainsaw|2026/04/10 14:15:26,2026/04/10 14:15:26,2026,manual abort,0,990.0
MERGED_LOGS/mrsic_flogel/public/projects/SaMe_2023_DataBase/bBehaviour/bRbp490/bRbp490_Anatomy/bRbp490_SerialSection/acqLog_bRbp490.txt,mrsic_flogel,brainsaw,brainsaw|2026/04/10 12:03:18,brainsaw|2026/04/10 14:15:26,2026/04/10 14:15:26,2026,manual abort,0,990.0
MERGED_LOGS/mrsic_flogel/public/projects/SaMe_2023_DataBase/bBehaviour/bRbp491/bRbp491_Anatomy/bRbp491_SerialSection/acqLog_bRbp491.txt,mrsic_flogel,brainsaw,brainsaw|2026/04/10 12:03:18,brainsaw|2026/04/10 14:15:26,2026/04/10 14:15:26,2026,manual abort,0,990.0
MERGED_LOGS/mrsic_flogel/public/projects/SaMe_2023_DataBase/fFreelyMoving/fmVGAT-chR2-EYFP102/fmVGAT-chR2-EYFP102_Anatomy/fmVGAT-chR2-EYFP102_SerialSection/acqLog_fmVGAT-chR2-EYFP102.txt,mrsic_flogel,brainsaw,brainsaw|2026/04/10 12:03:18,brainsaw|2026/04/10 14:15:26,2026/04/10 14:15:26,2026,manual abort,0,990.0
MERGED_LOGS/mrsic_flogel/public/projects/AlFr_20180601_vLGN/Anatomy/Anterograde/jumpingAAV_SC/SC_jumpingAAV/acqLog_AF_SC_jumpingAAV.txt,mrsic_flogel,brainsaw,brainsaw|2019/08/27 08:34:24,brainsaw|2019/08/27 11:19:43,2019/08/27 11:19:43,2019,true unknown,1,130.0
MERGED_LOGS/mrsic_flogel/public/projects/AnBl_20180101_LPCortexSFTF/Anatomy/retro_RR/RR63/acqLog_RR63.txt,mrsic_flogel,brainsaw,brainsaw|2018/01/16 01:19:20,brainsaw|2018/01/16 13:29:11,2018/01/16 13:29:11,2018,planned stop,0,369.0
MERGED_LOGS/mrsic_flogel/public/projects/MiLo_20211201_DMDM_CausalCortex/Anatomy/Tracing/Main/CorticalTransynapticTracing/CorticoStriatalTopography/BG_1128768_1128769_1128770_1128771/1128768/acqLog_sample_1128768.txt,mrsic_flogel,neurovision,neurovision|2023/05/07 14:00:46,neurovision|2023/05/07 17:08:34,2023/05/07 17:08:34,2023,manual abort,0,3221.0
MERGED_LOGS/mrsic_flogel/public/projects/MiLo_20211201_DMDM_CausalCortex/Anatomy/Tracing/Main/CorticalTransynapticTracing/CorticoStriatalTopography/BG_1128768_1128769_1128770_1128771/1128769/acqLog_sample_1128769.txt,mrsic_flogel,neurovision,neurovision|2023/05/07 14:00:46,neurovision|2023/05/07 17:08:34,2023/05/07 17:08:34,2023,manual abort,0,3221.0
MERGED_LOGS/mrsic_flogel/public/projects/MiLo_20211201_DMDM_CausalCortex/Anatomy/Tracing/Main/CorticalTransynapticTracing/CorticoStriatalTopography/BG_1128768_1128769_1128770_1128771/1128770/acqLog_sample_1128770.txt,mrsic_flogel,neurovision,neurovision|2023/05/07 14:00:46,neurovision|2023/05/07 17:08:34,2023/05/07 17:08:34,2023,manual abort,0,3221.0
MERGED_LOGS/mrsic_flogel/public/projects/MiLo_20211201_DMDM_CausalCortex/Anatomy/Tracing/Main/CorticalTransynapticTracing/CorticoStriatalTopography/BG_1128768_1128769_1128770_1128771/1128771/acqLog_sample_1128771.txt,mrsic_flogel,neurovision,neurovision|2023/05/07 14:00:46,neurovision|2023/05/07 17:08:34,2023/05/07 17:08:34,2023,manual abort,0,3221.0
MERGED_LOGS/mrsic_flogel/public/projects/SaMe_2020_Pro_Cx_vLGN/Anatomy/Behaviour_Data/Behaviour/Untethered/cFos_Habituation/SM_1132206/acqLog_SM_1132206.txt,mrsic_flogel,organgrinder,organgrinder|2023/07/13 13:08:20,organgrinder|2023/07/13 17:04:35,2023/07/13 17:04:35,2023,true unknown,1,1598.0
MERGED_LOGS/mrsic_flogel/public/projects/SaMe_2020_Pro_Cx_vLGN/Anatomy/Behaviour_Data/Behaviour/Untethered/cFos_Habituation/SM_1132207/acqLog_SM_1132207.txt,mrsic_flogel,organgrinder,organgrinder|2023/07/13 13:08:20,organgrinder|2023/07/13 17:04:35,2023/07/13 17:04:35,2023,true unknown,1,1598.0
MERGED_LOGS/mrsic_flogel/public/projects/AnAl_20240405_Neuromod_PE/brainsaw/LC/DiI/014/acqLog_sample_014.txt,mrsic_flogel,brainsaw,brainsaw|2024/12/18 10:59:15,brainsaw|2024/12/18 11:42:48,2024/12/18 11:42:48,2024,manual abort,0,470.0
MERGED_LOGS/mrsic_flogel/public/projects/AnAl_20240405_Neuromod_PE/brainsaw/LC/DiI/014/acqLog_sample_014.txt,mrsic_flogel,brainsaw,brainsaw|2024/12/18 10:59:15,brainsaw|2024/12/18 12:47:53,2024/12/18 12:47:53,2024,manual abort,0,438.0
MERGED_LOGS/mrsic_flogel/public/projects/AnAl_20240405_Neuromod_PE/brainsaw/LC/DiI/177/acqLog_sample_177.txt,mrsic_flogel,brainsaw,brainsaw|2024/12/18 10:59:15,brainsaw|2024/12/18 11:42:48,2024/12/18 11:42:48,2024,manual abort,0,470.0
MERGED_LOGS/mrsic_flogel/public/projects/AnAl_20240405_Neuromod_PE/brainsaw/LC/DiI/177/acqLog_sample_177.txt,mrsic_flogel,brainsaw,brainsaw|2024/12/18 10:59:15,brainsaw|2024/12/18 12:47:53,2024/12/18 12:47:53,2024,manual abort,0,438.0
MERGED_LOGS/mrsic_flogel/public/projects/AnAl_20240405_Neuromod_PE/brainsaw/LC/DiI/178/acqLog_sample_178.txt,mrsic_flogel,brainsaw,brainsaw|2024/12/18 10:59:15,brainsaw|2024/12/18 11:42:48,2024/12/18 11:42:48,2024,manual abort,0,470.0
MERGED_LOGS/mrsic_flogel/public/projects/AnAl_20240405_Neuromod_PE/brainsaw/LC/DiI/178/acqLog_sample_178.txt,mrsic_flogel,brainsaw,brainsaw|2024/12/18 10:59:15,brainsaw|2024/12/18 12:47:53,2024/12/18 12:47:53,2024,manual abort,0,438.0
MERGED_LOGS/isogai/brainsaw/Suzy/DreaddsExperiment/xc_1086279/acqLog_xc_1086279.txt,isogai,organgrinder,organgrinder|2023/03/14 14:46:58,organgrinder|2023/03/16 14:25:46,2023/03/16 14:25:46,2023,planned stop,0,163378.0
MERGED_LOGS/mrsic_flogel/public/projects/RoCa_20190501_IBLanatomy/wittenlab/lic_1/acqLog_lic_1.txt,mrsic_flogel,neurovision,neurovision|2019/09/25 11:24:26,neurovision|2019/09/25 16:00:58,2019/09/25 16:00:58,2019,true unknown,1,2995.0
MERGED_LOGS/mrsic_flogel/public/projects/NiVi_2021_vLGN/Injections/AnterogradeT2A/NOS/NOShSyn6/acqLog_NOShSyn6.txt,mrsic_flogel,neurovision,neurovision|2024/04/17 10:16:16,neurovision|2024/04/18 09:21:36,2024/04/18 09:21:36,2024,planned stop,0,1784.0
MERGED_LOGS/mrsic_flogel/public/projects/NiVi_2021_vLGN/Injections/AnterogradeT2A/NOS/NOShSyn7/acqLog_NOShSyn7.txt,mrsic_flogel,neurovision,neurovision|2024/04/17 10:16:16,neurovision|2024/04/18 09:21:36,2024/04/18 09:21:36,2024,planned stop,0,1784.0
MERGED_LOGS/branco/yeqing/brainsaw/YW_1103043/acqLog_YW_1103043.txt,branco,brainsaw,brainsaw|2023/04/04 10:36:02,brainsaw|2023/04/04 13:07:36,2023/04/04 13:07:36,2023,true unknown,1,8284.0
MERGED_LOGS/mrsic_flogel/public/projects/NiVi_2021_vLGN/Electrophysiology/Histology/vgat/vgatChR10/acqLog_vgatChR10.txt,mrsic_flogel,neurovision,neurovision|2025/07/22 10:40:12,neurovision|2025/07/22 16:01:36,2025/07/22 16:01:36,2025,natural completion,0,2304.0
MERGED_LOGS/mrsic_flogel/public/projects/NiVi_2021_vLGN/Electrophysiology/Histology/vgat/vgatChR11/acqLog_vgatChR11.txt,mrsic_flogel,neurovision,neurovision|2025/07/22 10:40:12,neurovision|2025/07/22 16:01:36,2025/07/22 16:01:36,2025,natural completion,0,2304.0
MERGED_LOGS/mrsic_flogel/public/projects/NiVi_2021_vLGN/Electrophysiology/Histology/vgat/vgatChR12/acqLog_vgatChR12.txt,mrsic_flogel,neurovision,neurovision|2025/07/22 10:40:12,neurovision|2025/07/22 16:01:36,2025/07/22 16:01:36,2025,natural completion,0,2304.0
MERGED_LOGS/mrsic_flogel/public/projects/NiVi_2021_vLGN/Electrophysiology/Histology/vgat/vgatChR13/acqLog_vgatChR13.txt,mrsic_flogel,neurovision,neurovision|2025/07/22 10:40:12,neurovision|2025/07/22 16:01:36,2025/07/22 16:01:36,2025,natural completion,0,2304.0
MERGED_LOGS/mrsic_flogel/public/projects/AnAl_20240405_Neuromod_PE/brainsaw/ASD_2p/220/acqLog_sample_220.txt,mrsic_flogel,brainsaw,brainsaw|2025/05/14 18:14:34,brainsaw|2025/05/15 11:46:55,2025/05/15 11:46:55,2025,planned stop,0,54158.0
MERGED_LOGS/mrsic_flogel/public/projects/AnAl_20240405_Neuromod_PE/brainsaw/ASD_2p/450/acqLog_sample_450.txt,mrsic_flogel,brainsaw,brainsaw|2025/05/14 18:14:34,brainsaw|2025/05/15 11:46:55,2025/05/15 11:46:55,2025,planned stop,0,54158.0
MERGED_LOGS/mrsic_flogel/public/projects/AnAl_20240405_Neuromod_PE/brainsaw/ASD_2p/606/acqLog_sample_606.txt,mrsic_flogel,brainsaw,brainsaw|2025/05/14 18:14:34,brainsaw|2025/05/15 11:46:55,2025/05/15 11:46:55,2025,planned stop,0,54158.0
MERGED_LOGS/mrsic_flogel/public/projects/AnAl_20240405_Neuromod_PE/brainsaw/ASD_2p/764/acqLog_sample_764.txt,mrsic_flogel,brainsaw,brainsaw|2025/05/14 18:14:34,brainsaw|2025/05/15 11:46:55,2025/05/15 11:46:55,2025,planned stop,0,54158.0
MERGED_LOGS/mrsic_flogel/public/projects/NiVi_2021_vLGN/Electrophysiology/Histology/GFP/GFP5/acqLog_GFP5.txt,mrsic_flogel,neurovision,neurovision|2025/11/21 09:53:12,neurovision|2025/11/21 16:00:18,2025/11/21 16:00:18,2025,manual abort,0,1192.0
MERGED_LOGS/mrsic_flogel/public/projects/NiVi_2021_vLGN/Electrophysiology/Histology/GFP/GFP6/acqLog_GFP6.txt,mrsic_flogel,neurovision,neurovision|2025/11/21 09:53:12,neurovision|2025/11/21 16:00:18,2025/11/21 16:00:18,2025,manual abort,0,1192.0
MERGED_LOGS/mrsic_flogel/public/projects/RoCa_20230401_INSIHGT/BrainSaw/RC_Neurotrans_Ab/acqLog_RC_Neurotrans_Ab.txt,mrsic_flogel,brainsaw,brainsaw|2023/10/31 11:14:01,brainsaw|2023/10/31 14:03:17,2023/10/31 14:03:17,2023,true unknown,1,2359.0
MERGED_LOGS/mrsic_flogel/public/projects/AlFr_20180601_vLGN/Anatomy/Anterograde/AAV_vLGN/SST/SST_GoodRound_AndreAndAlex/acqLog_AMS_AF_SSTcre_EYFP.txt,mrsic_flogel,brainsaw,brainsaw|2019/06/12 11:08:09,brainsaw|2019/06/13 09:27:27,2019/06/13 09:27:27,2019,true unknown,1,30437.0
MERGED_LOGS/mrsic_flogel/public/projects/AlFr_20180601_vLGN/Anatomy/Anterograde/AAV_vLGN/SST/SST_GoodRound_AndreAndAlex/SST1/acqLog_ROI_1.txt,mrsic_flogel,brainsaw,brainsaw|2019/06/12 11:08:09,brainsaw|2019/06/13 09:27:27,2019/06/13 09:27:27,2019,true unknown,1,30437.0
MERGED_LOGS/mrsic_flogel/public/projects/AlFr_20180601_vLGN/Anatomy/Anterograde/AAV_vLGN/SST/SST_GoodRound_AndreAndAlex/SST2/acqLog_ROI_2.txt,mrsic_flogel,brainsaw,brainsaw|2019/06/12 11:08:09,brainsaw|2019/06/13 09:27:27,2019/06/13 09:27:27,2019,true unknown,1,30437.0
MERGED_LOGS/mrsic_flogel/public/projects/AlFr_20180601_vLGN/Anatomy/Anterograde/AAV_vLGN/SST/SST_GoodRound_AndreAndAlex/SST3/acqLog_ROI_3.txt,mrsic_flogel,brainsaw,brainsaw|2019/06/12 11:08:09,brainsaw|2019/06/13 09:27:27,2019/06/13 09:27:27,2019,true unknown,1,30437.0
MERGED_LOGS/mrsic_flogel/public/projects/AlFr_20180601_vLGN/Anatomy/Anterograde/AAV_vLGN/SST/SST_GoodRound_AndreAndAlex/SST4/acqLog_ROI_4.txt,mrsic_flogel,brainsaw,brainsaw|2019/06/12 11:08:09,brainsaw|2019/06/13 09:27:27,2019/06/13 09:27:27,2019,true unknown,1,30437.0
MERGED_LOGS/mrsic_flogel/public/ToTape/adk_singleCellRabies_01/acqLog_singRabies_01.txt,mrsic_flogel,brainsaw,brainsaw|2017/10/11 13:07:44,brainsaw|2017/10/12 08:54:46,2017/10/12 08:54:46,2017,true unknown,1,26063.0
MERGED_LOGS/murray/Zane/Anatomy/BrainSaw/ZM_FAA1034507/ROI_C1/acqLog_ROI_C1.txt,murray,organgrinder,organgrinder|2021/10/12 10:50:34,organgrinder|2021/10/12 11:24:08,2021/10/12 11:24:08,2021,manual abort,0,120.0
MERGED_LOGS/murray/Zane/Anatomy/BrainSaw/ZM_FAA1034507/ROI_C2/acqLog_ROI_C2.txt,murray,organgrinder,organgrinder|2021/10/12 10:50:34,organgrinder|2021/10/12 11:24:08,2021/10/12 11:24:08,2021,manual abort,0,120.0
MERGED_LOGS/murray/Zane/Anatomy/BrainSaw/ZM_FAA1034507/ROI_L1/acqLog_ROI_L1.txt,murray,organgrinder,organgrinder|2021/10/12 10:50:34,organgrinder|2021/10/12 11:24:08,2021/10/12 11:24:08,2021,manual abort,0,120.0
MERGED_LOGS/murray/Zane/Anatomy/BrainSaw/ZM_FAA1034507/ROI_L2/acqLog_ROI_L2.txt,murray,organgrinder,organgrinder|2021/10/12 10:50:34,organgrinder|2021/10/12 11:24:08,2021/10/12 11:24:08,2021,manual abort,0,120.0
MERGED_LOGS/murray/Zane/Anatomy/BrainSaw/ZM_FAA1034507/ROI_T1/acqLog_ROI_T1.txt,murray,organgrinder,organgrinder|2021/10/12 10:50:34,organgrinder|2021/10/12 11:24:08,2021/10/12 11:24:08,2021,manual abort,0,120.0
MERGED_LOGS/murray/Zane/Anatomy/BrainSaw/ZM_FAA1034507/ROI_T2/acqLog_ROI_T2.txt,murray,organgrinder,organgrinder|2021/10/12 10:50:34,organgrinder|2021/10/12 11:24:08,2021/10/12 11:24:08,2021,manual abort,0,120.0
MERGED_LOGS/mrsic_flogel/public/projects/SaMe_2023_DataBase/aAnatomy/aVGAT05/aVGAT05_SerialSection/acqLog_aVGAT05.txt,mrsic_flogel,organgrinder,organgrinder|2025/02/20 10:22:57,organgrinder|2025/02/20 22:31:41,2025/02/20 22:31:41,2025,laser fault,1,7483.0
MERGED_LOGS/mrsic_flogel/public/projects/SaMe_2023_DataBase/aAnatomy/aVGAT06/aVGAT06_SerialSection/acqLog_aVGAT06.txt,mrsic_flogel,organgrinder,organgrinder|2025/02/20 10:22:57,organgrinder|2025/02/20 22:31:41,2025/02/20 22:31:41,2025,laser fault,1,7483.0
MERGED_LOGS/sjones/data/Brainsaw_Transfer_data/Caspase_POST_learning/LS_F14TM03/acqLog_LS_F14TM03.txt,sjones,brainsaw,brainsaw|2020/06/23 12:41:16,brainsaw|2020/06/23 17:03:12,2020/06/23 17:03:12,2020,planned stop,0,105.0
MERGED_LOGS/margrie/SimonWeiler/RawData/Tracing_Imaging/serial2p/Bird_brains/SW_ZF3925/acqLog_SW_ZF3925.txt,margrie,organgrinder,organgrinder|2022/06/09 11:42:01,organgrinder|2022/06/10 12:03:06,2022/06/10 12:03:06,2022,true unknown,1,18164.0
MERGED_LOGS/margrie/SimonWeiler/RawData/Tracing_Imaging/serial2p/Bird_brains/SW_ZF4006/acqLog_SW_ZF4006.txt,margrie,organgrinder,organgrinder|2022/06/09 11:42:01,organgrinder|2022/06/10 12:03:06,2022/06/10 12:03:06,2022,true unknown,1,18164.0
MERGED_LOGS/margrie/SimonWeiler/RawData/Tracing_Imaging/serial2p/Bird_brains/SW_ZF65/acqLog_SW_ZF65.txt,margrie,organgrinder,organgrinder|2022/06/09 11:42:01,organgrinder|2022/06/10 12:03:06,2022/06/10 12:03:06,2022,true unknown,1,18164.0
MERGED_LOGS/mrsic_flogel/public/projects/SaEl_20220201_VIP/2pdata/ACCsilencing/DREADDs/se080/C/brainsaw/acqLog_se080.txt,mrsic_flogel,brainsaw,brainsaw|2024/03/27 10:00:06,brainsaw|2024/03/27 14:36:51,2024/03/27 14:36:51,2024,planned stop,0,6442.0
MERGED_LOGS/mrsic_flogel/public/projects/SaEl_20220201_VIP/2pdata/ACCsilencing/DREADDs/se081/brainsaw/acqLog_se081.txt,mrsic_flogel,brainsaw,brainsaw|2024/03/27 10:00:06,brainsaw|2024/03/27 14:36:51,2024/03/27 14:36:51,2024,planned stop,0,6442.0
MERGED_LOGS/mrsic_flogel/public/projects/SaEl_20220201_VIP/2pdata/RSCaxonimaging/se082/brainsaw/acqLog_se082.txt,mrsic_flogel,brainsaw,brainsaw|2024/03/27 10:00:06,brainsaw|2024/03/27 14:36:51,2024/03/27 14:36:51,2024,planned stop,0,6442.0
MERGED_LOGS/mrsic_flogel/public/projects/SaEl_20220201_VIP/2pdata/RSCaxonimaging/se083/brainsaw/acqLog_se083.txt,mrsic_flogel,brainsaw,brainsaw|2024/03/27 10:00:06,brainsaw|2024/03/27 14:36:51,2024/03/27 14:36:51,2024,planned stop,0,6442.0
MERGED_LOGS/mrsic_flogel/public/projects/MeAh_20210211_Tracing/CTBTracingPilot/Anatomy/BrainSaw/MA_1117282/acqLog_MA_1117282.txt,mrsic_flogel,brainsaw,brainsaw|2021/02/09 11:24:42,brainsaw|2021/02/09 13:42:16,2021/02/09 13:42:16,2021,true unknown,1,1000.0
MERGED_LOGS/mrsic_flogel/public/projects/MeAh_20210211_Tracing/CTBTracingPilot/Anatomy/BrainSaw/MA_1117283/acqLog_MA_1117283.txt,mrsic_flogel,brainsaw,brainsaw|2021/02/09 11:24:42,brainsaw|2021/02/09 13:42:16,2021/02/09 13:42:16,2021,true unknown,1,1000.0
MERGED_LOGS/mrsic_flogel/public/projects/MeAh_20210211_Tracing/CTBTracingPilot/Anatomy/BrainSaw/MA_1117284/acqLog_MA_1117284.txt,mrsic_flogel,brainsaw,brainsaw|2021/02/09 11:24:42,brainsaw|2021/02/09 13:42:16,2021/02/09 13:42:16,2021,true unknown,1,1000.0
MERGED_LOGS/sjones/projects/OSFNT/raw_data/OSFNT_12/2026-05-29T11-45-28/users/Yvonne/BrainSaw/YJ_221122_DATTOM/YJ_DATTOM1/acqLog_YJ_DATTOM1.txt,sjones,brainsaw,brainsaw|2022/11/22 12:04:59,brainsaw|2022/11/22 14:07:00,2022/11/22 14:07:00,2022,true unknown,1,598.0
MERGED_LOGS/sjones/projects/OSFNT/raw_data/OSFNT_12/2026-05-29T11-45-28/users/Yvonne/BrainSaw/YJ_221122_DATTOM/YJ_DATTOM2/acqLog_YJ_DATTOM2.txt,sjones,brainsaw,brainsaw|2022/11/22 12:04:59,brainsaw|2022/11/22 14:07:00,2022/11/22 14:07:00,2022,true unknown,1,598.0
MERGED_LOGS/sjones/projects/OSFNT/raw_data/OSFNT_12/2026-05-29T11-45-28/users/Yvonne/BrainSaw/YJ_221122_DATTOM/YJ_DATTOM3_ChR2/acqLog_YJ_DATTOM3_ChR2.txt,sjones,brainsaw,brainsaw|2022/11/22 12:04:59,brainsaw|2022/11/22 14:07:00,2022/11/22 14:07:00,2022,true unknown,1,598.0
MERGED_LOGS/sjones/projects/thalamus_dls_project/data/SEQ086_m0000000_ttx_experimental/histology_SEQ086_m0000000_ttx_experimental/seq086_dlsttx/acqLog_seq086_dlsttx.txt,sjones,neurovision,neurovision|2025/04/29 09:36:48,neurovision|2025/04/30 10:32:49,2025/04/30 10:32:49,2025,manual abort,0,365.0
MERGED_LOGS/sjones/projects/thalamus_dls_project/data/SEQ097_m0000000_ttx_experimental/histology_SEQ097_m0000000_ttx_experimental/seq097_dlsttx/acqLog_seq097_dlsttx.txt,sjones,neurovision,neurovision|2025/04/29 09:36:48,neurovision|2025/04/30 10:32:49,2025/04/30 10:32:49,2025,manual abort,0,365.0
MERGED_LOGS/sjones/projects/thalamus_dls_project/data/SEQ098_m0000000_ttx_experimental/histology_SEQ098_m0000000_ttx_experimental/seq098_dlsttx/acqLog_seq098_dlsttx.txt,sjones,neurovision,neurovision|2025/04/29 09:36:48,neurovision|2025/04/30 10:32:49,2025/04/30 10:32:49,2025,manual abort,0,365.0
MERGED_LOGS/sjones/projects/thalamus_dls_project/data/SEQ099_m0000000_ttx_experimental/histology_SEQ099_m0000000_ttx_experimental/seq099_dlsttx/acqLog_seq099_dlsttx.txt,sjones,neurovision,neurovision|2025/04/29 09:36:48,neurovision|2025/04/30 10:32:49,2025/04/30 10:32:49,2025,manual abort,0,365.0
MERGED_LOGS/mrsic_flogel/public/projects/AlFr_20180601_vLGN/Anatomy/Retrograde/Rabies_vLGN/WT/CellCounting/RA05/acqLog_FASTPREVIEW.txt,mrsic_flogel,brainsaw,brainsaw|2018/09/25 13:07:19,brainsaw|2018/09/25 16:29:16,2018/09/25 16:29:16,2018,manual abort,0,1263.0
MERGED_LOGS/mrsic_flogel/public/projects/NiVi_2021_vLGN/Electrophysiology/Histology/Penk/PenkChR10/acqLog_PenkChR10.txt,mrsic_flogel,brainsaw,brainsaw|2025/12/12 09:22:01,brainsaw|2025/12/12 17:56:29,2025/12/12 17:56:29,2025,true unknown,1,3076.0
MERGED_LOGS/mrsic_flogel/public/projects/NiVi_2021_vLGN/Electrophysiology/Histology/Penk/PenkChR11/acqLog_PenkChR11.txt,mrsic_flogel,brainsaw,brainsaw|2025/12/12 09:22:01,brainsaw|2025/12/12 17:56:29,2025/12/12 17:56:29,2025,true unknown,1,3076.0
MERGED_LOGS/mrsic_flogel/public/projects/AnBl_20180101_LPCortexSFTF/MoA_ctxInhibitionImagingLP/MoA01/BrainSaw/acqLog_MoA_01.txt,mrsic_flogel,brainsaw,brainsaw|2017/04/14 12:50:03,brainsaw|2017/04/17 14:38:09,2017/04/17 14:38:09,2017,true unknown,1,1183.0
MERGED_LOGS/margrie/slenzi/serial2p/whole_brains/raw/SL_957080/acqLog_SL_957080.txt,margrie,brainsaw,brainsaw|2019/09/06 12:32:26,brainsaw|2019/09/06 14:29:35,2019/09/06 14:29:35,2019,laser fault,1,1865.0
MERGED_LOGS/isogai/SB_TRAP_827_837_822_836_240318/822/acqLog_sample_822.txt,isogai,neurovision,neurovision|2024/03/18 13:03:57,neurovision|2024/03/19 15:38:09,2024/03/19 15:38:09,2024,manual abort,0,15352.0
MERGED_LOGS/isogai/SB_TRAP_827_837_822_836_240318/827/acqLog_sample_827.txt,isogai,neurovision,neurovision|2024/03/18 13:03:57,neurovision|2024/03/19 15:38:09,2024/03/19 15:38:09,2024,manual abort,0,15352.0
MERGED_LOGS/isogai/SB_TRAP_827_837_822_836_240318/836/acqLog_sample_836.txt,isogai,neurovision,neurovision|2024/03/18 13:03:57,neurovision|2024/03/19 15:38:09,2024/03/19 15:38:09,2024,manual abort,0,15352.0
MERGED_LOGS/isogai/SB_TRAP_827_837_822_836_240318/837/acqLog_sample_837.txt,isogai,neurovision,neurovision|2024/03/18 13:03:57,neurovision|2024/03/19 15:38:09,2024/03/19 15:38:09,2024,manual abort,0,15352.0
MERGED_LOGS/sjones/users/hernando/Microscopy_data/MouseLinesCharacterization/674983_BrainSaw_20180723/acqLog_HMV_674983.txt,sjones,brainsaw,brainsaw|2018/07/23 10:09:38,brainsaw|2018/07/23 11:56:17,2018/07/23 11:56:17,2018,laser fault,1,3015.0
MERGED_LOGS/sjones/data/Brainsaw_Transfer_data/EJT183_eOPN3/acqLog_EJT183_eOPN3.txt,sjones,brainsaw,brainsaw|2022/03/16 18:30:30,brainsaw|2022/03/17 09:06:31,2022/03/17 09:06:31,2022,true unknown,1,41769.0
MERGED_LOGS/okeefe/Loukia/BrainSaw/LK_1122546__1120709__1121127__1120711__1122547__1121125/1120709_JB-22mo/acqLog_sample_1120709_JB-22mo.txt,okeefe,neurovision,neurovision|2026/05/29 14:45:45,neurovision|2026/05/30 17:41:53,2026/05/30 17:41:53,2026,true unknown,1,36129.0
MERGED_LOGS/okeefe/Loukia/BrainSaw/LK_1122546__1120709__1121127__1120711__1122547__1121125/1120711_JB-22mo/acqLog_sample_1120711_JB-22mo.txt,okeefe,neurovision,neurovision|2026/05/29 14:45:45,neurovision|2026/05/30 17:41:53,2026/05/30 17:41:53,2026,true unknown,1,36129.0
MERGED_LOGS/okeefe/Loukia/BrainSaw/LK_1122546__1120709__1121127__1120711__1122547__1121125/1121125_JC-22mo/acqLog_sample_1121125_JC-22mo.txt,okeefe,neurovision,neurovision|2026/05/29 14:45:45,neurovision|2026/05/30 17:41:53,2026/05/30 17:41:53,2026,true unknown,1,36129.0
MERGED_LOGS/okeefe/Loukia/BrainSaw/LK_1122546__1120709__1121127__1120711__1122547__1121125/1121127_JC-22mo/acqLog_sample_1121127_JC-22mo.txt,okeefe,neurovision,neurovision|2026/05/29 14:45:45,neurovision|2026/05/30 17:41:53,2026/05/30 17:41:53,2026,true unknown,1,36129.0
MERGED_LOGS/okeefe/Loukia/BrainSaw/LK_1122546__1120709__1121127__1120711__1122547__1121125/1122546_LM-22mo/acqLog_sample_1122546_LM-22mo.txt,okeefe,neurovision,neurovision|2026/05/29 14:45:45,neurovision|2026/05/30 17:41:53,2026/05/30 17:41:53,2026,true unknown,1,36129.0
MERGED_LOGS/okeefe/Loukia/BrainSaw/LK_1122546__1120709__1121127__1120711__1122547__1121125/1122547_LM-22mo/acqLog_sample_1122547_LM-22mo.txt,okeefe,neurovision,neurovision|2026/05/29 14:45:45,neurovision|2026/05/30 17:41:53,2026/05/30 17:41:53,2026,true unknown,1,36129.0
MERGED_LOGS/mrsic_flogel/public/projects/AnAl_20240405_Neuromod_PE/brainsaw/LC/A065(axon_tracing)/WT_LC_8/aquisition_logs/acqLog_AMA_LC_syn_040625_420.txt,mrsic_flogel,brainsaw,brainsaw|2025/06/04 16:46:43,brainsaw|2025/06/05 10:53:31,2025/06/05 10:53:31,2025,true unknown,1,14964.0
MERGED_LOGS/mrsic_flogel/public/projects/AlFr_20180601_vLGN/EscapeBehaviour/Histology/GtACR/old/872680/acqLog_AF_GtACR_Weird_Behaviour.txt,mrsic_flogel,brainsaw,brainsaw|2019/03/08 12:57:42,brainsaw|2019/03/08 15:48:32,2019/03/08 15:48:32,2019,true unknown,1,245.0
MERGED_LOGS/okeefe/Cristina/Brainsaw/Rat_11_12_acute/acqLog_Rat10_11.txt,okeefe,brainsaw,brainsaw|2019/05/31 10:58:02,brainsaw|2019/06/01 14:42:49,2019/06/01 14:42:49,2019,true unknown,1,64561.0
MERGED_LOGS/margrie/juliaw/serial2p/whole_brains/raw/1106447/acqLog_JW_1106447.txt,margrie,brainsaw,brainsaw|2026/02/09 14:32:16,brainsaw|2026/02/09 17:57:18,2026/02/09 17:57:18,2026,natural completion,0,6563.0
MERGED_LOGS/branco/yeqing/brainsaw/YW_1103764/acqLog_YW_1103764.txt,branco,brainsaw,brainsaw|2023/10/09 19:56:00,brainsaw|2023/10/10 14:07:05,2023/10/10 14:07:05,2023,true unknown,1,53205.0
MERGED_LOGS/mrsic_flogel/public/projects/AnBl_20180101_LPCortexSFTF/Anatomy/retro_RR/RR64/acqLog_RR64.txt,mrsic_flogel,brainsaw,brainsaw|2018/01/16 19:33:01,brainsaw|2018/01/17 08:56:47,2018/01/17 08:56:47,2018,laser fault,1,1655.0
MERGED_LOGS/margrie/Molly/serial_2p/MS_FN_1111806/acqLog_MS_FN_1111806.txt,margrie,brainsaw,brainsaw|2020/06/20 16:40:49,brainsaw|2020/06/22 12:47:50,2020/06/22 12:47:50,2020,true unknown,1,129696.0
MERGED_LOGS/sjones/projects/OSFNT/raw_data/OSFNT_12/2026-05-29T11-45-28/users/Alina/BrainSaw/AG_1102163/acqLog_AG_1102163.txt,sjones,organgrinder,organgrinder|2025/10/10 10:32:21,organgrinder|2025/10/10 13:53:50,2025/10/10 13:53:50,2025,true unknown,1,2996.0
MERGED_LOGS/sjones/projects/OSFNT/raw_data/OSFNT_12/2026-05-29T11-45-28/users/Alina/BrainSaw/AG_1102163/acqLog_AG_1102163.txt,sjones,organgrinder,organgrinder|2025/10/10 10:32:21,organgrinder|2025/10/10 14:57:43,2025/10/10 14:57:43,2025,true unknown,1,236.0
MERGED_LOGS/murray/Egzona/BrainSaw/EM_CTB2_bilateral/EM_CTB_01_210310/acqLog_EM_CTB_01_210310.txt,murray,neurovision,neurovision|2021/03/10 11:57:39,neurovision|2021/03/10 16:26:00,2021/03/10 16:26:00,2021,natural completion,0,1544.0
MERGED_LOGS/murray/Egzona/BrainSaw/EM_CTB2_bilateral/EM_CTB_02_210310/acqLog_EM_CTB_02_210310.txt,murray,neurovision,neurovision|2021/03/10 11:57:39,neurovision|2021/03/10 16:26:00,2021/03/10 16:26:00,2021,natural completion,0,1544.0
MERGED_LOGS/mrsic_flogel/public/projects/SjWe_20230307_IBLAnatomy/ss2p/cortexlab/SP061/acqLog_SP061.txt,mrsic_flogel,neurovision,neurovision|2025/04/23 17:45:26,neurovision|2025/04/25 10:29:00,2025/04/25 10:29:00,2025,true unknown,1,59172.0
MERGED_LOGS/mrsic_flogel/public/projects/SjWe_20230307_IBLAnatomy/ss2p/rawDataArchive/SP061_063_065/acqLog_SP061_063_065.txt,mrsic_flogel,neurovision,neurovision|2025/04/23 17:45:26,neurovision|2025/04/25 10:29:00,2025/04/25 10:29:00,2025,true unknown,1,59172.0
MERGED_LOGS/mrsic_flogel/public/projects/SjWe_20230307_IBLAnatomy/ss2p/cortexlab/SP063/acqLog_SP063.txt,mrsic_flogel,neurovision,neurovision|2025/04/23 17:45:26,neurovision|2025/04/25 10:29:00,2025/04/25 10:29:00,2025,true unknown,1,59172.0
MERGED_LOGS/mrsic_flogel/public/projects/SjWe_20230307_IBLAnatomy/ss2p/cortexlab/SP065/acqLog_SP065.txt,mrsic_flogel,neurovision,neurovision|2025/04/23 17:45:26,neurovision|2025/04/25 10:29:00,2025/04/25 10:29:00,2025,true unknown,1,59172.0
MERGED_LOGS/mrsic_flogel/public/projects/SaMe_2023_DataBase/fFreelyMoving/fVGAT-chR2-EYFP03/acqLog_SM_fVGAT-chR2-EYFP03.txt,mrsic_flogel,organgrinder,organgrinder|2024/11/13 18:53:01,organgrinder|2024/11/14 10:55:44,2024/11/14 10:55:44,2024,true unknown,1,30648.0
MERGED_LOGS/branco/Catarina/histology/on_hold/CA_mPFC_053_20221208/acqLog_CA_052_20221208.txt,branco,organgrinder,organgrinder|2022/12/08 10:33:29,organgrinder|2022/12/09 10:16:33,2022/12/09 10:16:33,2022,laser fault,1,58968.0
MERGED_LOGS/branco/Catarina/histology/on_hold/CA_mPFC_055_20221208/acqLog_CA_053_20221208.txt,branco,organgrinder,organgrinder|2022/12/08 10:33:29,organgrinder|2022/12/09 10:16:33,2022/12/09 10:16:33,2022,laser fault,1,58968.0
MERGED_LOGS/branco/Catarina/histology/on_hold/CA_mPFC_056_20221208/acqLog_CA_055_20221208.txt,branco,organgrinder,organgrinder|2022/12/08 10:33:29,organgrinder|2022/12/09 10:16:33,2022/12/09 10:16:33,2022,laser fault,1,58968.0
MERGED_LOGS/branco/Catarina/histology/on_hold/CA_OFC_052_20221208/acqLog_CA_056_20221208.txt,branco,organgrinder,organgrinder|2022/12/08 10:33:29,organgrinder|2022/12/09 10:16:33,2022/12/09 10:16:33,2022,laser fault,1,58968.0
MERGED_LOGS/mrsic_flogel/public/projects/NiVi_2021_vLGN/Injections/Retrograde/LP/NV_LPvLGT2A1_2_18122023/NV_LPvLGT2A1/acqLog_NV_LPvLGT2A1.txt,mrsic_flogel,brainsaw,brainsaw|2023/12/18 09:09:46,brainsaw|2023/12/18 12:49:47,2023/12/18 12:49:47,2023,true unknown,1,3083.0
MERGED_LOGS/mrsic_flogel/public/projects/NiVi_2021_vLGN/Injections/Retrograde/LP/NV_LPvLGT2A1_2_18122023/NV_LPvLGT2A2/acqLog_NV_LPvLGT2A2.txt,mrsic_flogel,brainsaw,brainsaw|2023/12/18 09:09:46,brainsaw|2023/12/18 12:49:47,2023/12/18 12:49:47,2023,true unknown,1,3083.0
MERGED_LOGS/mrsic_flogel/public/projects/SaMe_2020_Pro_Cx_vLGN/Anatomy/Behaviour_Data/Behaviour/Untethered/Caspase/SM_1132129/acqLog_SM_1132129.txt,mrsic_flogel,neurovision,neurovision|2023/07/10 11:20:57,neurovision|2023/07/10 17:32:10,2023/07/10 17:32:10,2023,true unknown,1,9223.0
MERGED_LOGS/sjones/store/hernando/Microscopy_Data/LFPandLTD/LFP01/acqLog_LFP01.txt,sjones,neurovision,neurovision|2021/03/16 12:28:03,neurovision|2021/03/17 13:35:19,2021/03/17 13:35:19,2021,true unknown,1,66409.0
MERGED_LOGS/sjones/store/hernando/Microscopy_Data/LFPandLTD/LFP03/acqLog_LFP03.txt,sjones,neurovision,neurovision|2021/03/16 12:28:03,neurovision|2021/03/17 13:35:19,2021/03/17 13:35:19,2021,true unknown,1,66409.0
MERGED_LOGS/sjones/store/hernando/Microscopy_Data/LFPandLTD/LFP04/acqLog_LFP04.txt,sjones,neurovision,neurovision|2021/03/16 12:28:03,neurovision|2021/03/17 13:35:19,2021/03/17 13:35:19,2021,true unknown,1,66409.0
MERGED_LOGS/sjones/store/hernando/Microscopy_Data/LFPandLTD/LFP05/acqLog_LFP05.txt,sjones,neurovision,neurovision|2021/03/16 12:28:03,neurovision|2021/03/17 13:35:19,2021/03/17 13:35:19,2021,true unknown,1,66409.0
MERGED_LOGS/sjones/store/hernando/Microscopy_Data/LFPandLTD/LFP06/acqLog_LFP06.txt,sjones,neurovision,neurovision|2021/03/16 12:28:03,neurovision|2021/03/17 13:35:19,2021/03/17 13:35:19,2021,true unknown,1,66409.0
MERGED_LOGS/mrsic_flogel/public/projects/SaMe_2020_Pro_Cx_vLGN/Anatomy_fromwinstor/Viral_Injections_Data/Rabies/PVcre/1118193_240121/acqLog_SM_1118193_240121.txt,mrsic_flogel,brainsaw,brainsaw|2021/01/24 11:46:09,brainsaw|2021/01/24 12:39:05,2021/01/24 12:39:05,2021,planned stop,0,94.0
MERGED_LOGS/mrsic_flogel/public/projects/AnAl_20240405_Neuromod_PE/brainsaw/PE_mapping/AMA_071_241108/acqLog_AMA_071_241108.txt,mrsic_flogel,organgrinder,organgrinder|2024/11/08 18:25:52,organgrinder|2024/11/08 19:47:30,2024/11/08 19:47:30,2024,manual abort,0,308.0
MERGED_LOGS/mrsic_flogel/public/projects/AlFr_20180601_vLGN/EscapeBehaviour/Histology/Controls/C2vGvLS_ctrl2/acqLog_AF_NV_FPvGvLG5_GFPcontrols.txt,mrsic_flogel,brainsaw,brainsaw|2020/06/26 12:21:48,brainsaw|2020/06/26 13:48:34,2020/06/26 13:48:34,2020,manual abort,0,437.0
MERGED_LOGS/akrami/Audra/Histology/Brainsaw/Trained_Animals/AR__EC22/acqLog_AR__EC22.txt,akrami,neurovision,neurovision|2026/01/14 10:46:22,neurovision|2026/01/14 11:10:43,2026/01/14 11:10:43,2026,true unknown,1,280.0
MERGED_LOGS/okeefe/Cristina/Brainsaw/Mouse/CM_1125528/acqLog_CM_1125528.txt,okeefe,brainsaw,brainsaw|2026/02/11 15:01:48,brainsaw|2026/02/12 09:34:25,2026/02/12 09:34:25,2026,true unknown,1,64557.0
MERGED_LOGS/mrsic_flogel/public/projects/SaMe_2023_DataBase/aAnatomy/aVGAT-chR2-EYFP03_fVGAT-chR2-EYFP02/acqLog_SM_fVGAT-chR2-EYFP02.txt,mrsic_flogel,brainsaw,brainsaw|2024/11/11 11:16:23,brainsaw|2024/11/12 10:34:28,2024/11/12 10:34:28,2024,true unknown,1,62686.0
MERGED_LOGS/sjones/projects/gpe/gpe_hcr/from_acquisition/serial_section/HL_GPeRB_LR/acqLog_HL_GPeRB_LR.txt,sjones,organgrinder,organgrinder|2026/03/25 16:32:16,organgrinder|2026/03/26 09:27:02,2026/03/26 09:27:02,2026,true unknown,1,4575.0
MERGED_LOGS/mrsic_flogel/public/projects/HaDa_20231215_LearnedLoops/brainsaw/DMS_mSNr/HD_044/acqLog_HD_044_290525.txt,mrsic_flogel,neurovision,neurovision|2025/05/29 12:05:11,neurovision|2025/05/30 10:18:02,2025/05/30 10:18:02,2025,true unknown,1,38543.0
MERGED_LOGS/mrsic_flogel/public/projects/AnBl_20180101_LPCortexSFTF/Anatomy/RR (RetroRabies)/RR47/brainsaw/acqLog_RR47.txt,mrsic_flogel,brainsaw,brainsaw|2017/12/12 16:54:25,brainsaw|2017/12/13 13:31:52,2017/12/13 13:31:52,2017,planned stop,0,40136.0
MERGED_LOGS/mrsic_flogel/public/projects/SjWe_20230307_IBLAnatomy/ss2p/mrsicflogellab/SWC_NM_061/acqLog_SWC_NM_061.txt,mrsic_flogel,neurovision,neurovision|2024/05/29 18:15:29,neurovision|2024/05/30 09:28:55,2024/05/30 09:28:55,2024,true unknown,1,523.0
MERGED_LOGS/mrsic_flogel/public/projects/SjWe_20230307_IBLAnatomy/ss2p/rawDataArchive/SWC_NM_061_066_069_070/acqLog_SWC_NM_061_066_069_070.txt,mrsic_flogel,neurovision,neurovision|2024/05/29 18:15:29,neurovision|2024/05/30 09:28:55,2024/05/30 09:28:55,2024,true unknown,1,523.0
MERGED_LOGS/mrsic_flogel/public/projects/SjWe_20230307_IBLAnatomy/ss2p/mrsicflogellab/SWC_NM_066/acqLog_SWC_NM_066.txt,mrsic_flogel,neurovision,neurovision|2024/05/29 18:15:29,neurovision|2024/05/30 09:28:55,2024/05/30 09:28:55,2024,true unknown,1,523.0
MERGED_LOGS/mrsic_flogel/public/projects/SjWe_20230307_IBLAnatomy/ss2p/mrsicflogellab/SWC_NM_069/acqLog_SWC_NM_069.txt,mrsic_flogel,neurovision,neurovision|2024/05/29 18:15:29,neurovision|2024/05/30 09:28:55,2024/05/30 09:28:55,2024,true unknown,1,523.0
MERGED_LOGS/mrsic_flogel/public/projects/SjWe_20230307_IBLAnatomy/ss2p/mrsicflogellab/SWC_NM_070/acqLog_SWC_NM_070.txt,mrsic_flogel,neurovision,neurovision|2024/05/29 18:15:29,neurovision|2024/05/30 09:28:55,2024/05/30 09:28:55,2024,true unknown,1,523.0
MERGED_LOGS/mrsic_flogel/public/projects/ShFu_20180910_Plasticity_with_Dulcie/Data/JAWS_LP/brainsaw/JL2/SF_085L_JL2/acqLog_SF_085L_JL2.txt,mrsic_flogel,neurovision,neurovision|2021/08/30 11:02:57,neurovision|2021/08/30 14:57:59,2021/08/30 14:57:59,2021,planned stop,0,3863.0
MERGED_LOGS/mrsic_flogel/public/projects/ShFu_20180910_Plasticity_with_Dulcie/Data/JAWS_LP/brainsaw/JS1/SF_535LR_JS1/acqLog_SF_535LR_JS1.txt,mrsic_flogel,neurovision,neurovision|2021/08/30 11:02:57,neurovision|2021/08/30 14:57:59,2021/08/30 14:57:59,2021,planned stop,0,3863.0
MERGED_LOGS/margrie/juliaw/serial2p/whole_brains/raw/1143589/acqLog_sample_1143589.txt,margrie,brainsaw,brainsaw|2025/12/15 14:55:34,brainsaw|2025/12/16 13:25:46,2025/12/16 13:25:46,2025,true unknown,1,399.0
MERGED_LOGS/branco/Catarina/histology/brainsaw/134/acqLog_sample_134.txt,branco,brainsaw,brainsaw|2025/12/15 14:55:34,brainsaw|2025/12/16 13:25:46,2025/12/16 13:25:46,2025,true unknown,1,399.0
MERGED_LOGS/branco/Catarina/histology/brainsaw/135/acqLog_sample_135.txt,branco,brainsaw,brainsaw|2025/12/15 14:55:34,brainsaw|2025/12/16 13:25:46,2025/12/16 13:25:46,2025,true unknown,1,399.0
MERGED_LOGS/branco/Catarina/histology/brainsaw/136/acqLog_sample_136.txt,branco,brainsaw,brainsaw|2025/12/15 14:55:34,brainsaw|2025/12/16 13:25:46,2025/12/16 13:25:46,2025,true unknown,1,399.0
MERGED_LOGS/mrsic_flogel/public/projects/AnBl_20180101_LPCortexSFTF/Anatomy/retro_RR/RR67/acqLog_RR67.txt,mrsic_flogel,brainsaw,brainsaw|2018/05/20 15:35:37,brainsaw|2018/05/21 10:18:01,2018/05/21 10:18:01,2018,planned stop,0,19424.0
MERGED_LOGS/mrsic_flogel/public/projects/AnBl_20180101_LPCortexSFTF/Anatomy/retro_RR/RR67/acqLog_RR67.txt,mrsic_flogel,brainsaw,brainsaw|2018/05/20 15:35:37,brainsaw|2018/05/21 13:45:09,2018/05/21 13:45:09,2018,planned stop,0,2848.0
MERGED_LOGS/mrsic_flogel/public/projects/AnBl_20180101_LPCortexSFTF/Anatomy/retro_RR/RR67/acqLog_RR67.txt,mrsic_flogel,brainsaw,brainsaw|2018/05/20 15:35:37,brainsaw|2018/05/21 15:29:12,2018/05/21 15:29:12,2018,planned stop,0,1501.0
MERGED_LOGS/margrie/Molly/serial_2p/MS_FN_1111808/acqLog_MS_FN_1111808.txt,margrie,brainsaw,brainsaw|2020/07/15 12:15:16,brainsaw|2020/07/15 23:27:52,2020/07/15 23:27:52,2020,true unknown,1,2676.0
MERGED_LOGS/margrie/Molly/serial_2p/MS_FN_1111808/acqLog_MS_FN_1111808.txt,margrie,brainsaw,brainsaw|2020/07/15 12:15:16,brainsaw|2020/07/16 02:56:20,2020/07/16 02:56:20,2020,true unknown,1,2698.0
MERGED_LOGS/margrie/Molly/serial_2p/MS_FN_1111808/acqLog_MS_FN_1111808.txt,margrie,brainsaw,brainsaw|2020/07/15 12:15:16,brainsaw|2020/07/16 05:46:21,2020/07/16 05:46:21,2020,true unknown,1,5148.0
MERGED_LOGS/margrie/Molly/serial_2p/MS_FN_1111808/acqLog_MS_FN_1111808.txt,margrie,brainsaw,brainsaw|2020/07/15 12:15:16,brainsaw|2020/07/16 23:46:49,2020/07/16 23:46:49,2020,manual abort,0,86.0
MERGED_LOGS/margrie/sweiler/RawData/Tracing_Imaging/serial2p/Bird_brains/zebra_finch_atlas/female/ZF_8277f_trans/acqLog_ZF_8277f_trans.txt,margrie,brainsaw,brainsaw|2025/07/30 14:26:00,brainsaw|2025/07/30 17:24:29,2025/07/30 17:24:29,2025,natural completion,0,442.0
MERGED_LOGS/mrsic_flogel/public/projects/RoCa_20190501_IBLanatomy/angelakilab/NYU-28/acqLog_NYU-28.txt,mrsic_flogel,neurovision,neurovision|2021/02/05 14:01:07,neurovision|2021/02/06 11:12:46,2021/02/06 11:12:46,2021,true unknown,1,7283.0
MERGED_LOGS/mrsic_flogel/public/projects/RoCa_20190501_IBLanatomy/angelakilab/NYU-28-1/acqLog_NYU-28-1.txt,mrsic_flogel,neurovision,neurovision|2021/02/05 14:01:07,neurovision|2021/02/06 11:12:46,2021/02/06 11:12:46,2021,true unknown,1,7283.0
MERGED_LOGS/mrsic_flogel/public/projects/RoCa_20190501_IBLanatomy/angelakilab/NYU-28-2/acqLog_NYU-28-2.txt,mrsic_flogel,neurovision,neurovision|2021/02/05 14:01:07,neurovision|2021/02/06 11:12:46,2021/02/06 11:12:46,2021,true unknown,1,7283.0
MERGED_LOGS/mrsic_flogel/public/projects/RoCa_20190501_IBLanatomy/angelakilab/NYU-30/acqLog_NYU-30.txt,mrsic_flogel,neurovision,neurovision|2021/02/05 14:01:07,neurovision|2021/02/06 11:12:46,2021/02/06 11:12:46,2021,true unknown,1,7283.0
MERGED_LOGS/mrsic_flogel/public/projects/RoCa_20190501_IBLanatomy/angelakilab/NYU-30-1/acqLog_NYU-30-1.txt,mrsic_flogel,neurovision,neurovision|2021/02/05 14:01:07,neurovision|2021/02/06 11:12:46,2021/02/06 11:12:46,2021,true unknown,1,7283.0
MERGED_LOGS/mrsic_flogel/public/projects/RoCa_20190501_IBLanatomy/angelakilab/NYU-30-2/acqLog_NYU-30-2.txt,mrsic_flogel,neurovision,neurovision|2021/02/05 14:01:07,neurovision|2021/02/06 11:12:46,2021/02/06 11:12:46,2021,true unknown,1,7283.0
MERGED_LOGS/mrsic_flogel/public/projects/RoCa_20190501_IBLanatomy/mrsicflogellab/SWC_058/acqLog_SWC_058.txt,mrsic_flogel,neurovision,neurovision|2021/02/05 14:01:07,neurovision|2021/02/06 11:12:46,2021/02/06 11:12:46,2021,true unknown,1,7283.0
MERGED_LOGS/mrsic_flogel/public/projects/RoCa_20190501_IBLanatomy/mrsicflogellab/SWC_058-1/acqLog_SWC_058-1.txt,mrsic_flogel,neurovision,neurovision|2021/02/05 14:01:07,neurovision|2021/02/06 11:12:46,2021/02/06 11:12:46,2021,true unknown,1,7283.0
MERGED_LOGS/mrsic_flogel/public/projects/RoCa_20190501_IBLanatomy/mrsicflogellab/SWC_058-2/acqLog_SWC_058-2.txt,mrsic_flogel,neurovision,neurovision|2021/02/05 14:01:07,neurovision|2021/02/06 11:12:46,2021/02/06 11:12:46,2021,true unknown,1,7283.0
MERGED_LOGS/mrsic_flogel/public/projects/RoCa_20190501_IBLanatomy/rawDataArchive/SWC_058_SWC_060_NYU-30_NYU-28-3/acqLog_SWC_058_SWC_060_NYU-30_NYU-28.txt,mrsic_flogel,neurovision,neurovision|2021/02/05 14:01:07,neurovision|2021/02/06 11:12:46,2021/02/06 11:12:46,2021,true unknown,1,7283.0
MERGED_LOGS/mrsic_flogel/public/projects/RoCa_20190501_IBLanatomy/mrsicflogellab/SWC_060/acqLog_SWC_060.txt,mrsic_flogel,neurovision,neurovision|2021/02/05 14:01:07,neurovision|2021/02/06 11:12:46,2021/02/06 11:12:46,2021,true unknown,1,7283.0
MERGED_LOGS/mrsic_flogel/public/projects/RoCa_20190501_IBLanatomy/mrsicflogellab/SWC_060-1/acqLog_SWC_060-1.txt,mrsic_flogel,neurovision,neurovision|2021/02/05 14:01:07,neurovision|2021/02/06 11:12:46,2021/02/06 11:12:46,2021,true unknown,1,7283.0
MERGED_LOGS/mrsic_flogel/public/projects/RoCa_20190501_IBLanatomy/mrsicflogellab/SWC_060-2/acqLog_SWC_060-2.txt,mrsic_flogel,neurovision,neurovision|2021/02/05 14:01:07,neurovision|2021/02/06 11:12:46,2021/02/06 11:12:46,2021,true unknown,1,7283.0
MERGED_LOGS/mrsic_flogel/public/projects/SaMe_2020_Pro_Cx_vLGN/Anatomy_fromwinstor/Viral_Injections_Data/Rabies/PVcre/1118194_230121/acqLog_SM_1118194_230121.txt,mrsic_flogel,brainsaw,brainsaw|2021/01/23 11:15:19,brainsaw|2021/01/23 11:33:22,2021/01/23 11:33:22,2021,planned stop,0,229.0
MERGED_LOGS/isogai/SB_TRAP_821_240325/acqLog_SB_TRAP_821_240325.txt,isogai,neurovision,neurovision|2024/03/25 12:58:14,neurovision|2024/03/25 16:23:31,2024/03/25 16:23:31,2024,planned stop,0,2127.0
MERGED_LOGS/margrie/SimonWeiler/RawData/Tracing_Imaging/serial2p/Bird_brains/SW_BC40/acqLog_SW_BC40.txt,margrie,brainsaw,brainsaw|2021/03/18 17:46:30,brainsaw|2021/03/19 10:54:19,2021/03/19 10:54:19,2021,planned stop,0,647.0
MERGED_LOGS/mrsic_flogel/public/projects/MiLo_20211201_DMDM_CausalCortex/Anatomy/Tracing/Main/CorticalTransynapticTracing/CorticoStriatalTopography/BB_SNr_789_788_783_784/BB_783/acqLog_BB_783.txt,mrsic_flogel,neurovision,neurovision|2024/10/26 16:53:00,neurovision|2024/10/28 13:46:03,2024/10/28 13:46:03,2024,manual abort,0,299.0
MERGED_LOGS/mrsic_flogel/public/projects/MiLo_20211201_DMDM_CausalCortex/Anatomy/Tracing/Main/CorticalTransynapticTracing/CorticoStriatalTopography/BB_SNr_789_788_783_784/BB_784/acqLog_BB_784.txt,mrsic_flogel,neurovision,neurovision|2024/10/26 16:53:00,neurovision|2024/10/28 13:46:03,2024/10/28 13:46:03,2024,manual abort,0,299.0
MERGED_LOGS/mrsic_flogel/public/projects/MiLo_20211201_DMDM_CausalCortex/Anatomy/Tracing/Main/CorticalTransynapticTracing/CorticoStriatalTopography/BB_SNr_789_788_783_784/BB_788/acqLog_BB_788.txt,mrsic_flogel,neurovision,neurovision|2024/10/26 16:53:00,neurovision|2024/10/28 13:46:03,2024/10/28 13:46:03,2024,manual abort,0,299.0
MERGED_LOGS/mrsic_flogel/public/projects/MiLo_20211201_DMDM_CausalCortex/Anatomy/Tracing/Main/CorticalTransynapticTracing/CorticoStriatalTopography/BB_SNr_789_788_783_784/BB_789/acqLog_BB_789.txt,mrsic_flogel,neurovision,neurovision|2024/10/26 16:53:00,neurovision|2024/10/28 13:46:03,2024/10/28 13:46:03,2024,manual abort,0,299.0
MERGED_LOGS/mrsic_flogel/public/projects/RoCa_20190501_IBLanatomy/angelakilab/CSP015/acq-1-metadata/acqLog_NYU-31_KS046_ZFM-01576_01936_01934_CSP018_015_FMR010.txt,mrsic_flogel,neurovision,neurovision|2021/03/08 13:22:55,neurovision|2021/03/09 13:59:53,2021/03/09 13:59:53,2021,manual abort,0,53384.0
MERGED_LOGS/mrsic_flogel/public/projects/AnBl_20180101_LPCortexSFTF/Anatomy/retro_RR/first_rab06_part/AB_rab040506/acqLog_RC_GCaMP_aveTest.txt,mrsic_flogel,brainsaw,brainsaw|2019/05/02 13:31:35,brainsaw|2019/05/02 16:38:21,2019/05/02 16:38:21,2019,laser fault,1,715.0
MERGED_LOGS/mrsic_flogel/public/projects/AnBl_20180101_LPCortexSFTF/Anatomy/retro_RR/first_rab06_part/AB_rab040506/rab06/acqLog_rab06.txt,mrsic_flogel,brainsaw,brainsaw|2019/05/02 13:31:35,brainsaw|2019/05/02 16:38:21,2019/05/02 16:38:21,2019,laser fault,1,715.0
MERGED_LOGS/akrami/Dammy/anatomy/DO80/acqLog_DO80.txt,akrami,organgrinder,organgrinder|2024/08/14 15:07:10,organgrinder|2024/08/14 17:18:44,2024/08/14 17:18:44,2024,laser fault,1,653.0
MERGED_LOGS/akrami/Dammy/anatomy/DO80/acqLog_DO80.txt,akrami,organgrinder,organgrinder|2024/08/14 15:07:10,organgrinder|2024/08/14 18:17:21,2024/08/14 18:17:21,2024,laser fault,1,968.0
MERGED_LOGS/akrami/Dammy/anatomy/DO80/acqLog_DO80.txt,akrami,organgrinder,organgrinder|2024/08/14 15:07:10,organgrinder|2024/08/15 13:47:21,2024/08/15 13:47:21,2024,natural completion,0,67190.0
MERGED_LOGS/mrsic_flogel/public/projects/NiVi_2021_vLGN/Injections/AnterogradeT2A/LP/vLGLPT2A1/acqLog_vLGLPT2A1.txt,mrsic_flogel,organgrinder,organgrinder|2024/07/25 10:51:51,organgrinder|2024/07/25 14:52:43,2024/07/25 14:52:43,2024,manual abort,0,221.0
MERGED_LOGS/mrsic_flogel/public/projects/NiVi_2021_vLGN/Injections/AnterogradeT2A/LP/vLGLPT2A2/acqLog_vLGLPT2A2.txt,mrsic_flogel,organgrinder,organgrinder|2024/07/25 10:51:51,organgrinder|2024/07/25 14:52:43,2024/07/25 14:52:43,2024,manual abort,0,221.0
MERGED_LOGS/mrsic_flogel/public/projects/AlFr_20180601_vLGN/Anatomy/Retrograde/CAV2_Test/CAV2_SC/acqLog_AF_CAV_SC.txt,mrsic_flogel,brainsaw,brainsaw|2019/03/05 13:43:34,brainsaw|2019/03/05 18:55:29,2019/03/05 18:55:29,2019,manual abort,0,677.0
MERGED_LOGS/mrsic_flogel/public/projects/AlFr_20180601_vLGN/Anatomy/Retrograde/CAV2_Test/CAV2_Cortex/acqLog_IG_CAV_Corte.txt,mrsic_flogel,brainsaw,brainsaw|2019/03/05 13:43:34,brainsaw|2019/03/05 18:55:29,2019/03/05 18:55:29,2019,manual abort,0,677.0
MERGED_LOGS/mrsic_flogel/public/projects/SaMe_2023_DataBase/bBehaviour/bRbp415/bRBp415_Anatomy/bRbp415_SerialSection/bRbp415/acqLog_bRbp415.txt,mrsic_flogel,brainsaw,brainsaw|2023/11/24 18:59:44,brainsaw|2023/11/25 15:25:25,2023/11/25 15:25:25,2023,true unknown,1,65065.0
MERGED_LOGS/mrsic_flogel/public/projects/SaMe_2023_DataBase/bBehaviour/bRbp416/bRbp416_Anatomy/bRbp416_SerialSection/bRbp416/acqLog_bRbp416.txt,mrsic_flogel,brainsaw,brainsaw|2023/11/24 18:59:44,brainsaw|2023/11/25 15:25:25,2023/11/25 15:25:25,2023,true unknown,1,65065.0
MERGED_LOGS/mrsic_flogel/public/projects/SaMe_2023_DataBase/bBehaviour/bRbp417/bRbp417_Anatomy/bRbp417_SerialSection/acqLog_bRbp417.txt,mrsic_flogel,brainsaw,brainsaw|2023/11/24 18:59:44,brainsaw|2023/11/25 15:25:25,2023/11/25 15:25:25,2023,true unknown,1,65065.0
MERGED_LOGS/mrsic_flogel/public/projects/SaMe_2023_DataBase/bBehaviour/bRbp418/bRBp418_Anatomy/bRbp418_SerialSection/acqLog_bRbp418.txt,mrsic_flogel,brainsaw,brainsaw|2023/11/24 18:59:44,brainsaw|2023/11/25 15:25:25,2023/11/25 15:25:25,2023,true unknown,1,65065.0
MERGED_LOGS/mrsic_flogel/public/projects/NiVi_2021_vLGN/Injections/AnterogradeT2A/PV/NV_PVhSyn4_06022024/acqLog_NV_PVhSyn4_06022024.txt,mrsic_flogel,organgrinder,organgrinder|2024/02/06 10:45:31,organgrinder|2024/02/06 18:17:00,2024/02/06 18:17:00,2024,true unknown,1,5869.0
MERGED_LOGS/mrsic_flogel/public/projects/SaMe_2020_Pro_Cx_vLGN/Anatomy_fromwinstor/SF/SM_1125617/SM_1125617p1/acqLog_SM_1125617p1.txt,mrsic_flogel,brainsaw,brainsaw|2022/08/14 15:56:44,brainsaw|2022/08/14 16:58:02,2022/08/14 16:58:02,2022,planned stop,0,2665.0
MERGED_LOGS/mrsic_flogel/public/projects/SaMe_2020_Pro_Cx_vLGN/Anatomy_fromwinstor/Rbp4_insitu/SM_insiturbp4p1/acqLog_SM_insiturbp4p1.txt,mrsic_flogel,brainsaw,brainsaw|2022/08/14 15:56:44,brainsaw|2022/08/14 16:58:02,2022/08/14 16:58:02,2022,planned stop,0,2665.0
MERGED_LOGS/mrsic_flogel/public/projects/SaMe_2020_Pro_Cx_vLGN/Anatomy_fromwinstor/Viral_Injections_Data/SM_insitus11p1/acqLog_SM_insitus11p1.txt,mrsic_flogel,brainsaw,brainsaw|2022/08/14 15:56:44,brainsaw|2022/08/14 16:58:02,2022/08/14 16:58:02,2022,planned stop,0,2665.0
MERGED_LOGS/mrsic_flogel/public/projects/AnBl_20180101_LPCortexSFTF/Anatomy/CTB_ALPM/CTB1/acqLog_CTB1.txt,mrsic_flogel,brainsaw,brainsaw|2019/08/27 17:32:34,brainsaw|2019/08/28 20:00:28,2019/08/28 20:00:28,2019,manual abort,0,194.0
MERGED_LOGS/mrsic_flogel/public/projects/AnBl_20180101_LPCortexSFTF/Anatomy/CTB_ALPM/CTB2/acqLog_CTB2.txt,mrsic_flogel,brainsaw,brainsaw|2019/08/27 17:32:34,brainsaw|2019/08/28 20:00:28,2019/08/28 20:00:28,2019,manual abort,0,194.0
MERGED_LOGS/mrsic_flogel/public/projects/AnBl_20180101_LPCortexSFTF/Anatomy/CTB_ALPM/CTB3/acqLog_CTB3.txt,mrsic_flogel,brainsaw,brainsaw|2019/08/27 17:32:34,brainsaw|2019/08/28 20:00:28,2019/08/28 20:00:28,2019,manual abort,0,194.0
MERGED_LOGS/mrsic_flogel/public/projects/SjWe_20230307_IBLAnatomy/histology/00-SWC/SWCTissueBank/ms/ms-mut/ms-mut~002/ss2p/SJ_1188964/acqLog_SJ_1188964.txt,mrsic_flogel,neurovision,neurovision|2025/06/18 15:09:51,neurovision|2025/06/18 15:50:03,2025/06/18 15:50:03,2025,manual abort,0,162.0
MERGED_LOGS/sjones/projects/gpe/gpe_hcr/from_acquisition/serial_section/HL_s123_rb/acqLog_HL_s123_rb.txt,sjones,organgrinder,organgrinder|2025/11/25 12:24:53,organgrinder|2025/11/25 18:22:55,2025/11/25 18:22:55,2025,laser fault,1,9163.0
MERGED_LOGS/mrsic_flogel/public/projects/SaMe_2020_Pro_Cx_vLGN/Anatomy_fromwinstor/Behaviour_Data/SM_1130488/acqLog_SM_1130488.txt,mrsic_flogel,brainsaw,brainsaw|2023/02/23 11:17:51,brainsaw|2023/02/23 15:20:01,2023/02/23 15:20:01,2023,true unknown,1,304.0
MERGED_LOGS/mrsic_flogel/public/projects/SaMe_2020_Pro_Cx_vLGN/Anatomy_fromwinstor/Behaviour_Data/SM_1130490/acqLog_SM_1130490.txt,mrsic_flogel,brainsaw,brainsaw|2023/02/23 11:17:51,brainsaw|2023/02/23 15:20:01,2023/02/23 15:20:01,2023,true unknown,1,304.0
MERGED_LOGS/murray/Zane/Anatomy/BrainSaw/ZM_BAA1100144/ROI_C1/acqLog_ROI_C1.txt,murray,neurovision,neurovision|2021/12/06 10:36:35,neurovision|2021/12/07 08:23:38,2021/12/07 08:23:38,2021,planned stop,0,12462.0
MERGED_LOGS/murray/Zane/Anatomy/BrainSaw/ZM_BAA1100144/ROI_C2/acqLog_ROI_C2.txt,murray,neurovision,neurovision|2021/12/06 10:36:35,neurovision|2021/12/07 08:23:38,2021/12/07 08:23:38,2021,planned stop,0,12462.0
MERGED_LOGS/murray/Zane/Anatomy/BrainSaw/ZM_BAA1100144/ROI_L1/acqLog_ROI_L1.txt,murray,neurovision,neurovision|2021/12/06 10:36:35,neurovision|2021/12/07 08:23:38,2021/12/07 08:23:38,2021,planned stop,0,12462.0
MERGED_LOGS/murray/Zane/Anatomy/BrainSaw/ZM_BAA1100144/ROI_L2/acqLog_ROI_L2.txt,murray,neurovision,neurovision|2021/12/06 10:36:35,neurovision|2021/12/07 08:23:38,2021/12/07 08:23:38,2021,planned stop,0,12462.0
MERGED_LOGS/murray/Zane/Anatomy/BrainSaw/ZM_BAA1100144/ROI_T1/acqLog_ROI_T1.txt,murray,neurovision,neurovision|2021/12/06 10:36:35,neurovision|2021/12/07 08:23:38,2021/12/07 08:23:38,2021,planned stop,0,12462.0
MERGED_LOGS/murray/Zane/Anatomy/BrainSaw/ZM_BAA1100144/ROI_T2/acqLog_ROI_T2.txt,murray,neurovision,neurovision|2021/12/06 10:36:35,neurovision|2021/12/07 08:23:38,2021/12/07 08:23:38,2021,planned stop,0,12462.0
MERGED_LOGS/mrsic_flogel/public/projects/AlFr_20180601_vLGN/Anatomy/Retrograde/Other/RA06/acqLog_RA06.txt,mrsic_flogel,brainsaw,brainsaw|2018/09/26 20:03:08,brainsaw|2018/09/27 09:04:49,2018/09/27 09:04:49,2018,planned stop,0,15207.0
MERGED_LOGS/sjones/data/Brainsaw_Transfer_data/DTR-01_SP_HMV/acqLog_DTR-01_DT_400_ng_kg.txt,sjones,brainsaw,brainsaw|2021/09/02 15:23:49,brainsaw|2021/09/02 17:50:11,2021/09/02 17:50:11,2021,manual abort,0,320.0
MERGED_LOGS/mrsic_flogel/public/projects/NiVi_2021_vLGN/Optogenetics/Histology/LP/SOMChRLP/SOMChRLP1/acqLog_SOMChRLP1.txt,mrsic_flogel,neurovision,neurovision|2024/08/01 12:30:41,neurovision|2024/08/01 13:09:24,2024/08/01 13:09:24,2024,true unknown,1,947.0
MERGED_LOGS/mrsic_flogel/public/projects/NiVi_2021_vLGN/Optogenetics/Histology/LP/SOMChRLP/SOMChRLP2/acqLog_SOMChRLP2.txt,mrsic_flogel,neurovision,neurovision|2024/08/01 12:30:41,neurovision|2024/08/01 13:09:24,2024/08/01 13:09:24,2024,true unknown,1,947.0
MERGED_LOGS/mrsic_flogel/public/projects/NiVi_2021_vLGN/Optogenetics/Histology/LP/SOMChRLP/SOMChRLP3/acqLog_SOMChRLP3.txt,mrsic_flogel,neurovision,neurovision|2024/08/01 12:30:41,neurovision|2024/08/01 13:09:24,2024/08/01 13:09:24,2024,true unknown,1,947.0
MERGED_LOGS/mrsic_flogel/public/projects/NiVi_2021_vLGN/Optogenetics/Histology/LP/SOMChRLP/SOMChRLP4/acqLog_SOMChRLP4.txt,mrsic_flogel,neurovision,neurovision|2024/08/01 12:30:41,neurovision|2024/08/01 13:09:24,2024/08/01 13:09:24,2024,true unknown,1,947.0
MERGED_LOGS/mrsic_flogel/public/projects/NiVi_2021_vLGN/Optogenetics/Histology/LP/SOMChRLP/SOMChRLP5/acqLog_SOMChRLP5.txt,mrsic_flogel,neurovision,neurovision|2024/08/01 12:30:41,neurovision|2024/08/01 13:09:24,2024/08/01 13:09:24,2024,true unknown,1,947.0
MERGED_LOGS/branco/Yiota/Atlas/JF1/1106974/acqLog_sample_1106974.txt,branco,brainsaw,brainsaw|2026/06/23 12:14:20,brainsaw|2026/06/23 14:51:49,2026/06/23 14:51:49,2026,true unknown,1,613.0
MERGED_LOGS/branco/Yiota/Atlas/JF1/1106974/acqLog_sample_1106974.txt,branco,brainsaw,brainsaw|2026/06/23 12:14:20,brainsaw|2026/06/24 09:34:20,2026/06/24 09:34:20,2026,manual abort,0,1867.0
MERGED_LOGS/branco/Yiota/Atlas/JF1/1106976/acqLog_sample_1106976.txt,branco,brainsaw,brainsaw|2026/06/23 12:14:20,brainsaw|2026/06/23 14:51:49,2026/06/23 14:51:49,2026,true unknown,1,613.0
MERGED_LOGS/branco/Yiota/Atlas/JF1/1106976/acqLog_sample_1106976.txt,branco,brainsaw,brainsaw|2026/06/23 12:14:20,brainsaw|2026/06/24 09:34:20,2026/06/24 09:34:20,2026,manual abort,0,1867.0
MERGED_LOGS/branco/Yiota/Atlas/JF1/1106977/acqLog_sample_1106977.txt,branco,brainsaw,brainsaw|2026/06/23 12:14:20,brainsaw|2026/06/23 14:51:49,2026/06/23 14:51:49,2026,true unknown,1,613.0
MERGED_LOGS/branco/Yiota/Atlas/JF1/1106977/acqLog_sample_1106977.txt,branco,brainsaw,brainsaw|2026/06/23 12:14:20,brainsaw|2026/06/24 09:34:20,2026/06/24 09:34:20,2026,manual abort,0,1867.0
MERGED_LOGS/branco/Yiota/Atlas/JF1/1106978/acqLog_sample_1106978.txt,branco,brainsaw,brainsaw|2026/06/23 12:14:20,brainsaw|2026/06/23 14:51:49,2026/06/23 14:51:49,2026,true unknown,1,613.0
MERGED_LOGS/branco/Yiota/Atlas/JF1/1106978/acqLog_sample_1106978.txt,branco,brainsaw,brainsaw|2026/06/23 12:14:20,brainsaw|2026/06/24 09:34:20,2026/06/24 09:34:20,2026,manual abort,0,1867.0
MERGED_LOGS/murray/Zane/Anatomy/BrainSaw/ZM_FAA1034504/ROI_C/acqLog_ROI_C.txt,murray,neurovision,neurovision|2021/08/31 11:47:53,neurovision|2021/08/31 15:04:15,2021/08/31 15:04:15,2021,true unknown,1,234.0
MERGED_LOGS/murray/Zane/Anatomy/BrainSaw/ZM_FAA1034504/ROI_LS/acqLog_ROI_LS.txt,murray,neurovision,neurovision|2021/08/31 11:47:53,neurovision|2021/08/31 15:04:15,2021/08/31 15:04:15,2021,true unknown,1,234.0
MERGED_LOGS/murray/Zane/Anatomy/BrainSaw/ZM_FAA1034504/ROI_T/acqLog_ROI_T.txt,murray,neurovision,neurovision|2021/08/31 11:47:53,neurovision|2021/08/31 15:04:15,2021/08/31 15:04:15,2021,true unknown,1,234.0
MERGED_LOGS/murray/Zane/Anatomy/BrainSaw/ZM_FAA1034504/ROI_TL/acqLog_ROI_TL.txt,murray,neurovision,neurovision|2021/08/31 11:47:53,neurovision|2021/08/31 15:04:15,2021/08/31 15:04:15,2021,true unknown,1,234.0
MERGED_LOGS/akrami/_projects/rat_atlas/rawdata/sub-01_id-ATL01/ses-01_dtype-serial2p/2pe/acqLog_VP_ATL01.txt,akrami,brainsaw,brainsaw|2025/06/13 17:10:24,brainsaw|2025/06/13 17:32:05,2025/06/13 17:32:05,2025,true unknown,1,178.0
MERGED_LOGS/isogai/Suzy_backup/Rabies_tracing/BrainSaw/VgatSample/XC_1085535/acqLog_XC_1085535_vgatcre.txt,isogai,brainsaw,brainsaw|2022/08/24 11:22:16,brainsaw|2022/08/24 16:41:23,2022/08/24 16:41:23,2022,laser fault,1,15399.0
MERGED_LOGS/isogai/Suzy_backup/Rabies_tracing/BrainSaw/SomSamples/XC_1085592_somcre/acqLog_XC_1085592_somcre.txt,isogai,brainsaw,brainsaw|2022/08/24 11:22:16,brainsaw|2022/08/24 16:41:23,2022/08/24 16:41:23,2022,laser fault,1,15399.0
MERGED_LOGS/sjones/users/hernando/Microscopy_data/RabiesTracing/HMV_737776/acqLog_HMV_737776.txt,sjones,brainsaw,brainsaw|2019/02/05 11:08:53,brainsaw|2019/02/05 15:44:03,2019/02/05 15:44:03,2019,true unknown,1,3113.0
MERGED_LOGS/mrsic_flogel/public/projects/AnBl_20180101_LPCortexSFTF/Anatomy/RR (RetroRabies)/RR45/brainsaw/acqLog_RR45_20171019.txt,mrsic_flogel,brainsaw,brainsaw|2017/10/19 14:41:30,brainsaw|2017/10/20 08:41:49,2017/10/20 08:41:49,2017,planned stop,0,19465.0
MERGED_LOGS/mrsic_flogel/public/projects/AnBl_20180101_LPCortexSFTF/Anatomy/RR (RetroRabies)/RR45/brainsaw/acqLog_RR45_20171019.txt,mrsic_flogel,brainsaw,brainsaw|2017/10/19 14:41:30,brainsaw|2017/10/20 11:14:18,2017/10/20 11:14:18,2017,planned stop,0,213.0
MERGED_LOGS/mrsic_flogel/public/projects/AnBl_20180101_LPCortexSFTF/Anatomy/RR (RetroRabies)/RR45/brainsaw/acqLog_RR45_20171019.txt,mrsic_flogel,brainsaw,brainsaw|2017/10/19 14:41:30,brainsaw|2017/10/20 13:38:13,2017/10/20 13:38:13,2017,planned stop,0,1867.0
MERGED_LOGS/mrsic_flogel/public/projects/NiVi_2021_vLGN/Injections/AnterogradeT2A/vgat/unilateral/vgathSyn4/acqLog_vgathSyn4.txt,mrsic_flogel,organgrinder,organgrinder|2024/03/19 10:28:45,organgrinder|2024/03/19 14:47:15,2024/03/19 14:47:15,2024,manual abort,0,72.0
MERGED_LOGS/mrsic_flogel/public/projects/NiVi_2021_vLGN/Injections/AnterogradeT2A/vgat/unilateral/vgathSyn5/acqLog_vgathSyn5.txt,mrsic_flogel,organgrinder,organgrinder|2024/03/19 10:28:45,organgrinder|2024/03/19 14:47:15,2024/03/19 14:47:15,2024,manual abort,0,72.0
MERGED_LOGS/margrie/sweiler/RawData/Tracing_Imaging/serial2p/ZF_8798f/acqLog_ZF_8798f.txt,margrie,organgrinder,organgrinder|2025/07/11 16:27:40,organgrinder|2025/07/13 15:33:17,2025/07/13 15:33:17,2025,true unknown,1,126211.0
MERGED_LOGS/margrie/sweiler/RawData/Tracing_Imaging/serial2p/ZF_8840f/acqLog_ZF_8840f.txt,margrie,organgrinder,organgrinder|2025/07/11 16:27:40,organgrinder|2025/07/13 15:33:17,2025/07/13 15:33:17,2025,true unknown,1,126211.0
MERGED_LOGS/mrsic_flogel/public/projects/NiVi_2021_vLGN/Injections/AnterogradeT2A/PV/PVhSyn5/acqLog_PVhSyn5.txt,mrsic_flogel,neurovision,neurovision|2024/04/11 09:48:32,neurovision|2024/04/11 11:36:20,2024/04/11 11:36:20,2024,true unknown,1,487.0
MERGED_LOGS/mrsic_flogel/public/projects/NiVi_2021_vLGN/Injections/AnterogradeT2A/PV/PVhSyn5/acqLog_PVhSyn5.txt,mrsic_flogel,neurovision,neurovision|2024/04/11 09:48:32,neurovision|2024/04/11 13:36:42,2024/04/11 13:36:42,2024,manual abort,0,72.0
MERGED_LOGS/mrsic_flogel/public/projects/NiVi_2021_vLGN/Injections/AnterogradeT2A/PV/PVhSyn6/acqLog_PVhSyn6.txt,mrsic_flogel,neurovision,neurovision|2024/04/11 09:48:32,neurovision|2024/04/11 11:36:20,2024/04/11 11:36:20,2024,true unknown,1,487.0
MERGED_LOGS/mrsic_flogel/public/projects/NiVi_2021_vLGN/Injections/AnterogradeT2A/PV/PVhSyn6/acqLog_PVhSyn6.txt,mrsic_flogel,neurovision,neurovision|2024/04/11 09:48:32,neurovision|2024/04/11 13:36:42,2024/04/11 13:36:42,2024,manual abort,0,72.0
MERGED_LOGS/mrsic_flogel/public/projects/MeAh_20210211_Tracing/retroTracing_PMnR/1110472/acqLog_sample_1110472.txt,mrsic_flogel,brainsaw,brainsaw|2021/06/27 13:16:40,brainsaw|2021/06/27 22:42:48,2021/06/27 22:42:48,2021,laser fault,1,9399.0
MERGED_LOGS/mrsic_flogel/public/projects/MeAh_20210211_Tracing/retroTracing_PMnR/1110659/acqLog_sample_1110659.txt,mrsic_flogel,brainsaw,brainsaw|2021/06/27 13:16:40,brainsaw|2021/06/27 22:42:48,2021/06/27 22:42:48,2021,laser fault,1,9399.0
MERGED_LOGS/mrsic_flogel/public/projects/SaEl_20220201_VIP/2pdata/ACCaxonimaging/se018/brainsaw/acqLog_se014.txt,mrsic_flogel,brainsaw,brainsaw|2022/10/08 16:16:33,brainsaw|2022/10/10 16:16:59,2022/10/10 16:16:59,2022,laser fault,1,136501.0
MERGED_LOGS/mrsic_flogel/public/projects/SaEl_20220201_VIP/2pdata/ACCaxonimaging/se020/brainsaw/acqLog_se015.txt,mrsic_flogel,brainsaw,brainsaw|2022/10/08 16:16:33,brainsaw|2022/10/10 16:16:59,2022/10/10 16:16:59,2022,laser fault,1,136501.0
MERGED_LOGS/mrsic_flogel/public/projects/SaEl_20220201_VIP/2pdata/ACCsilencing/Halo/se015/brainsaw/acqLog_se018.txt,mrsic_flogel,brainsaw,brainsaw|2022/10/08 16:16:33,brainsaw|2022/10/10 16:16:59,2022/10/10 16:16:59,2022,laser fault,1,136501.0
MERGED_LOGS/mrsic_flogel/public/projects/SaEl_20220201_VIP/2pdata/ACCsilencing/Halo/se014/brainsaw/acqLog_se020.txt,mrsic_flogel,brainsaw,brainsaw|2022/10/08 16:16:33,brainsaw|2022/10/10 16:16:59,2022/10/10 16:16:59,2022,laser fault,1,136501.0
MERGED_LOGS/mrsic_flogel/public/projects/AnAl_20240405_Neuromod_PE/brainsaw/PE_mapping/WT_CT/mouse2/aquisition_logs/acqLog_cFos60.txt,mrsic_flogel,brainsaw,brainsaw|2024/05/16 16:49:23,brainsaw|2024/05/20 10:36:21,2024/05/20 10:36:21,2024,true unknown,1,227706.0
MERGED_LOGS/mrsic_flogel/public/projects/AnAl_20240405_Neuromod_PE/brainsaw/PE_mapping/WT_PE_bl2/mouse2/aquisitio_logs/acqLog_cFos61.txt,mrsic_flogel,brainsaw,brainsaw|2024/05/16 16:49:23,brainsaw|2024/05/20 10:36:21,2024/05/20 10:36:21,2024,true unknown,1,227706.0
MERGED_LOGS/mrsic_flogel/public/projects/AnAl_20240405_Neuromod_PE/brainsaw/PE_mapping/WT_PE_bl2/mouse1/aquisition_logs/acqLog_cFos74.txt,mrsic_flogel,brainsaw,brainsaw|2024/05/16 16:49:23,brainsaw|2024/05/20 10:36:21,2024/05/20 10:36:21,2024,true unknown,1,227706.0
MERGED_LOGS/mrsic_flogel/public/projects/AnAl_20240405_Neuromod_PE/brainsaw/PE_mapping/WT_CT/mouse1/aquisition_logs/acqLog_cFos76.txt,mrsic_flogel,brainsaw,brainsaw|2024/05/16 16:49:23,brainsaw|2024/05/20 10:36:21,2024/05/20 10:36:21,2024,true unknown,1,227706.0
MERGED_LOGS/mrsic_flogel/public/projects/AnBl_20180101_LPCortexSFTF/MoA_ctxInhibitionImagingLP/MoA_histo/MoA_07/acqLog_MoA07.txt,mrsic_flogel,brainsaw,brainsaw|2017/04/12 14:20:59,brainsaw|2017/04/12 15:50:59,2017/04/12 15:50:59,2017,true unknown,1,495.0
MERGED_LOGS/mrsic_flogel/public/projects/AnBl_20180101_LPCortexSFTF/MoA_ctxInhibitionImagingLP/MoA_histo/MoA_07/acqLog_MoA07.txt,mrsic_flogel,brainsaw,brainsaw|2017/04/12 14:20:59,brainsaw|2017/04/12 17:12:59,2017/04/12 17:12:59,2017,true unknown,1,771.0
MERGED_LOGS/sjones/projects/OSFNT/raw_data/OSFNT_12/2026-05-29T11-45-28/users/Alina/BrainSaw/AG_TS_RV1/acqLog_AG__TS_RV1.txt,sjones,organgrinder,organgrinder|2025/10/16 10:33:18,organgrinder|2025/10/16 13:06:06,2025/10/16 13:06:06,2025,true unknown,1,1182.0
MERGED_LOGS/mrsic_flogel/public/projects/SaRe_20240219_hfs/Histology/IAA-1138014/014/acqLog_sample_014.txt,mrsic_flogel,organgrinder,organgrinder|2024/11/12 14:26:32,organgrinder|2024/11/12 19:05:56,2024/11/12 19:05:56,2024,true unknown,1,1840.0
MERGED_LOGS/mrsic_flogel/public/projects/SaRe_20240219_hfs/Histology/IAA-1138015/015/acqLog_sample_015.txt,mrsic_flogel,organgrinder,organgrinder|2024/11/12 14:26:32,organgrinder|2024/11/12 19:05:56,2024/11/12 19:05:56,2024,true unknown,1,1840.0
MERGED_LOGS/mrsic_flogel/public/projects/MiJa_20170801_AAVretro/brainsaw/MJ_Retro_01/acqLog_MJ_Retro_01.txt,mrsic_flogel,brainsaw,brainsaw|2017/07/20 11:10:13,brainsaw|2017/07/20 13:02:48,2017/07/20 13:02:48,2017,planned stop,0,306.0
MERGED_LOGS/mrsic_flogel/public/projects/ShFu_20180910_Plasticity_with_Dulcie/Data/eNpHR3_LP/brainsaw/Group_S6/SF_158L/acqLog_SF_158L.txt,mrsic_flogel,neurovision,neurovision|2021/08/04 11:56:54,neurovision|2021/08/04 20:47:59,2021/08/04 20:47:59,2021,manual abort,0,754.0
MERGED_LOGS/mrsic_flogel/public/projects/ShFu_20180910_Plasticity_with_Dulcie/Data/eNpHR3_LP/brainsaw/Group_S6/SF_159R/acqLog_SF_159R.txt,mrsic_flogel,neurovision,neurovision|2021/08/04 11:56:54,neurovision|2021/08/04 20:47:59,2021/08/04 20:47:59,2021,manual abort,0,754.0
MERGED_LOGS/mrsic_flogel/public/projects/ShFu_20180910_Plasticity_with_Dulcie/Data/eNpHR3_LP/brainsaw/Group_S3/SF_35R/acqLog_SF_35R.txt,mrsic_flogel,neurovision,neurovision|2021/08/04 11:56:54,neurovision|2021/08/04 20:47:59,2021/08/04 20:47:59,2021,manual abort,0,754.0
MERGED_LOGS/mrsic_flogel/public/projects/ShFu_20180910_Plasticity_with_Dulcie/Data/eNpHR3_LP/brainsaw/Group_S1/SF_766L/acqLog_SF_766L.txt,mrsic_flogel,neurovision,neurovision|2021/08/04 11:56:54,neurovision|2021/08/04 20:47:59,2021/08/04 20:47:59,2021,manual abort,0,754.0
MERGED_LOGS/mrsic_flogel/public/projects/ShFu_20180910_Plasticity_with_Dulcie/Data/eNpHR3_LP/brainsaw/Group_S1/SF_767R/acqLog_SF_767R.txt,mrsic_flogel,neurovision,neurovision|2021/08/04 11:56:54,neurovision|2021/08/04 20:47:59,2021/08/04 20:47:59,2021,manual abort,0,754.0
MERGED_LOGS/mrsic_flogel/public/projects/ShFu_20180910_Plasticity_with_Dulcie/Data/eNpHR3_LP/brainsaw/Group_S1/SF_768LR/acqLog_SF_768LR.txt,mrsic_flogel,neurovision,neurovision|2021/08/04 11:56:54,neurovision|2021/08/04 20:47:59,2021/08/04 20:47:59,2021,manual abort,0,754.0
MERGED_LOGS/margrie/Molly/serial_2p/MS_1111986_GAD/acqLog_MS_1111986_GAD.txt,margrie,brainsaw,brainsaw|2020/07/21 10:54:32,brainsaw|2020/07/21 19:20:42,2020/07/21 19:20:42,2020,manual abort,0,80.0
MERGED_LOGS/mrsic_flogel/public/projects/SaEl_20220201_VIP/2pdata/vipsilencing_axonimaging/se0/brainsaw/acqLog_se0.txt,mrsic_flogel,brainsaw,brainsaw|2024/12/04 11:44:00,brainsaw|2024/12/04 16:12:52,2024/12/04 16:12:52,2024,true unknown,1,667.0
MERGED_LOGS/mrsic_flogel/public/projects/SaEl_20220201_VIP/2pdata/vipsilencing_axonimaging/se2/brainsaw/acqLog_se2.txt,mrsic_flogel,brainsaw,brainsaw|2024/12/04 11:44:00,brainsaw|2024/12/04 16:12:52,2024/12/04 16:12:52,2024,true unknown,1,667.0
MERGED_LOGS/mrsic_flogel/public/projects/SaEl_20220201_VIP/2pdata/vipsilencing_axonimaging/se3/brainsaw/acqLog_se3.txt,mrsic_flogel,brainsaw,brainsaw|2024/12/04 11:44:00,brainsaw|2024/12/04 16:12:52,2024/12/04 16:12:52,2024,true unknown,1,667.0
MERGED_LOGS/mrsic_flogel/public/projects/SaEl_20220201_VIP/2pdata/vipsilencing_axonimaging/se6/brainsaw/acqLog_se6.txt,mrsic_flogel,brainsaw,brainsaw|2024/12/04 11:44:00,brainsaw|2024/12/04 16:12:52,2024/12/04 16:12:52,2024,true unknown,1,667.0
MERGED_LOGS/margrie/slenzi/serial2p/whole_brains/raw/SL_949637/acqLog_SL_949637.txt,margrie,brainsaw,brainsaw|2019/09/05 11:50:25,brainsaw|2019/09/05 17:50:46,2019/09/05 17:50:46,2019,laser fault,1,1979.0
MERGED_LOGS/margrie/slenzi/serial2p/whole_brains/raw/SL_949637/acqLog_SL_949637.txt,margrie,brainsaw,brainsaw|2019/09/05 11:50:25,brainsaw|2019/09/05 21:49:41,2019/09/05 21:49:41,2019,laser fault,1,4650.0
MERGED_LOGS/mrsic_flogel/public/projects/AnAl_20240405_Neuromod_PE/brainsaw/PE_mapping/Shank3_CT/mouse9/aquisition_logs/acqLog_AMA_ASD_cfos_486_110825.txt,mrsic_flogel,brainsaw,brainsaw|2025/08/11 14:29:37,brainsaw|2025/08/11 18:45:59,2025/08/11 18:45:59,2025,laser fault,1,12388.0
MERGED_LOGS/mrsic_flogel/public/projects/NiVi_2021_vLGN/Injections/Retrograde/SC/NV_SCvLGT2A3_18122023/acqLog_NV_SCvLGT2A3_18122023.txt,mrsic_flogel,neurovision,neurovision|2023/12/18 09:04:26,neurovision|2023/12/18 09:36:10,2023/12/18 09:36:10,2023,manual abort,0,120.0
MERGED_LOGS/mrsic_flogel/public/projects/PeZn_20150501_AL_PM/histology/T15/acqLog_T15.txt,mrsic_flogel,brainsaw,brainsaw|2016/11/16 11:52:58,brainsaw|2016/11/16 14:03:20,2016/11/16 14:03:20,2016,true unknown,1,255.0
MERGED_LOGS/okeefe/Marius/BrainSaw/HKAGE/MH30/acqLog_MH30.txt,okeefe,organgrinder,organgrinder|2022/02/18 11:02:11,organgrinder|2022/03/01 12:36:56,2022/03/01 12:36:56,2022,laser fault,1,939954.0
MERGED_LOGS/okeefe/Marius/BrainSaw/HKAGE/MH30/acqLog_MH30.txt,okeefe,organgrinder,organgrinder|2022/02/18 11:02:11,organgrinder|2022/03/01 13:38:59,2022/03/01 13:38:59,2022,true unknown,1,379.0
MERGED_LOGS/okeefe/Marius/BrainSaw/HKAGE/MH31/acqLog_MH31.txt,okeefe,organgrinder,organgrinder|2022/02/18 11:02:11,organgrinder|2022/03/01 12:36:56,2022/03/01 12:36:56,2022,laser fault,1,939954.0
MERGED_LOGS/okeefe/Marius/BrainSaw/HKAGE/MH31/acqLog_MH31.txt,okeefe,organgrinder,organgrinder|2022/02/18 11:02:11,organgrinder|2022/03/01 13:38:59,2022/03/01 13:38:59,2022,true unknown,1,379.0
MERGED_LOGS/okeefe/Marius/BrainSaw/HKAGE/MH32/acqLog_MH32.txt,okeefe,organgrinder,organgrinder|2022/02/18 11:02:11,organgrinder|2022/03/01 12:36:56,2022/03/01 12:36:56,2022,laser fault,1,939954.0
MERGED_LOGS/okeefe/Marius/BrainSaw/HKAGE/MH32/acqLog_MH32.txt,okeefe,organgrinder,organgrinder|2022/02/18 11:02:11,organgrinder|2022/03/01 13:38:59,2022/03/01 13:38:59,2022,true unknown,1,379.0
MERGED_LOGS/okeefe/Marius/BrainSaw/HKAGE/MH33/acqLog_MH33.txt,okeefe,organgrinder,organgrinder|2022/02/18 11:02:11,organgrinder|2022/03/01 12:36:56,2022/03/01 12:36:56,2022,laser fault,1,939954.0
MERGED_LOGS/okeefe/Marius/BrainSaw/HKAGE/MH33/acqLog_MH33.txt,okeefe,organgrinder,organgrinder|2022/02/18 11:02:11,organgrinder|2022/03/01 13:38:59,2022/03/01 13:38:59,2022,true unknown,1,379.0
MERGED_LOGS/mrsic_flogel/public/projects/AnBl_20180101_LPCortexSFTF/AMo_LPInhibitionEphysCtx/brainsaw/AMo_15/acqLog_AMo_15.txt,mrsic_flogel,brainsaw,brainsaw|2017/05/10 11:42:59,brainsaw|2017/05/10 16:03:39,2017/05/10 16:03:39,2017,true unknown,1,2868.0
MERGED_LOGS/margrie/SimonWeiler/RawData/Tracing_Imaging/serial2p/SW_5269/acqLog_SW_5269.txt,margrie,brainsaw,brainsaw|2021/09/28 10:45:39,brainsaw|2021/09/28 13:23:04,2021/09/28 13:23:04,2021,manual abort,0,247.0
MERGED_LOGS/mrsic_flogel/public/projects/RoCa_20210125_SPEARs_collaboration/KH_iDISCO_2021_03_15/KH_iDISCO_CHAT_SERIALSECTION/acqLog_sample_210405_154712.txt,mrsic_flogel,neurovision,neurovision|2021/04/05 16:06:50,neurovision|2021/04/05 16:35:09,2021/04/05 16:35:09,2021,true unknown,1,230.0
MERGED_LOGS/sjones/data/francesca/brainsaw/FG_SNL_photo30/acqLog_FG_SNL_photo30.txt,sjones,neurovision,neurovision|2021/02/17 12:07:09,neurovision|2021/02/17 13:37:47,2021/02/17 13:37:47,2021,true unknown,1,3935.0
MERGED_LOGS/mrsic_flogel/public/projects/NiVi_2021_vLGN/Injections/AnterogradeT2A/PV/PVhSyn7/acqLog_PVhSyn7.txt,mrsic_flogel,brainsaw,brainsaw|2024/04/11 09:41:48,brainsaw|2024/04/11 11:29:00,2024/04/11 11:29:00,2024,true unknown,1,169.0
MERGED_LOGS/mrsic_flogel/public/projects/NiVi_2021_vLGN/Injections/AnterogradeT2A/SOM/SOMhSyn7/acqLog_SOMhSyn7.txt,mrsic_flogel,brainsaw,brainsaw|2024/04/11 09:41:48,brainsaw|2024/04/11 11:29:00,2024/04/11 11:29:00,2024,true unknown,1,169.0
MERGED_LOGS/mrsic_flogel/public/projects/RoCa_20190501_IBLanatomy/mainenlab/ZFM-03064/acqLog_ZFM-03064.txt,mrsic_flogel,neurovision,neurovision|2022/09/07 11:53:33,neurovision|2022/09/07 14:11:10,2022/09/07 14:11:10,2022,true unknown,1,2774.0
MERGED_LOGS/okeefe/Cristina/Brainsaw/RatData/Rat08/acqLog_Rat08.txt,okeefe,brainsaw,brainsaw|2019/05/17 11:36:55,brainsaw|2019/05/17 15:23:12,2019/05/17 15:23:12,2019,laser fault,1,1518.0
MERGED_LOGS/okeefe/Cristina/Brainsaw/RatData/Rat09/acqLog_Rat09.txt,okeefe,brainsaw,brainsaw|2019/05/17 11:36:55,brainsaw|2019/05/17 15:23:12,2019/05/17 15:23:12,2019,laser fault,1,1518.0
MERGED_LOGS/okeefe/Cristina/Brainsaw/Rat08_09/acqLog_ratbrains_08and09.txt,okeefe,brainsaw,brainsaw|2019/05/17 11:36:55,brainsaw|2019/05/17 15:23:12,2019/05/17 15:23:12,2019,laser fault,1,1518.0
MERGED_LOGS/mrsic_flogel/public/projects/MiLo_20211201_DMDM_CausalCortex/Anatomy/Tracing/Main/CorticalTransynapticTracing/CorticoStriatalTopography/1121455/acqLog_sample_1121455.txt,mrsic_flogel,neurovision,neurovision|2024/03/23 14:12:29,neurovision|2024/03/24 16:03:57,2024/03/24 16:03:57,2024,manual abort,0,544.0
MERGED_LOGS/mrsic_flogel/public/projects/MiLo_20211201_DMDM_CausalCortex/Anatomy/Tracing/Main/CorticalTransynapticTracing/CorticoStriatalTopography/1135424/acqLog_sample_1135424.txt,mrsic_flogel,neurovision,neurovision|2024/03/23 14:12:29,neurovision|2024/03/24 16:03:57,2024/03/24 16:03:57,2024,manual abort,0,544.0
MERGED_LOGS/mrsic_flogel/public/projects/MiLo_20211201_DMDM_CausalCortex/Anatomy/Tracing/Main/CorticalTransynapticTracing/CorticoStriatalTopography/1135426/acqLog_sample_1135426.txt,mrsic_flogel,neurovision,neurovision|2024/03/23 14:12:29,neurovision|2024/03/24 16:03:57,2024/03/24 16:03:57,2024,manual abort,0,544.0
MERGED_LOGS/mrsic_flogel/public/projects/MiLo_20211201_DMDM_CausalCortex/Anatomy/Tracing/Main/CorticalTransynapticTracing/CorticoStriatalTopography/1135427/acqLog_sample_1135427.txt,mrsic_flogel,neurovision,neurovision|2024/03/23 14:12:29,neurovision|2024/03/24 16:03:57,2024/03/24 16:03:57,2024,manual abort,0,544.0
MERGED_LOGS/mrsic_flogel/public/projects/NiVi_2021_vLGN/Optogenetics/Histology/vLGN_SOM/GTA/SOMGTA1/acqLog_SOMGTA1.txt,mrsic_flogel,neurovision,neurovision|2021/12/17 13:27:14,neurovision|2021/12/17 13:49:10,2021/12/17 13:49:10,2021,manual abort,0,239.0
MERGED_LOGS/mrsic_flogel/public/projects/NiVi_2021_vLGN/Optogenetics/Histology/vLGN_SOM/GTA/SOMGTA2/acqLog_SOMGTA2.txt,mrsic_flogel,neurovision,neurovision|2021/12/17 13:27:14,neurovision|2021/12/17 13:49:10,2021/12/17 13:49:10,2021,manual abort,0,239.0
MERGED_LOGS/mrsic_flogel/public/projects/NiVi_2021_vLGN/Optogenetics/Histology/vLGN_SOM/GTA/SOMGTA3/acqLog_SOMGTA3.txt,mrsic_flogel,neurovision,neurovision|2021/12/17 13:27:14,neurovision|2021/12/17 13:49:10,2021/12/17 13:49:10,2021,manual abort,0,239.0
MERGED_LOGS/mrsic_flogel/public/projects/NiVi_2021_vLGN/Optogenetics/Histology/vLGN_SOM/GTA/SOMGTA4/acqLog_SOMGTA4.txt,mrsic_flogel,neurovision,neurovision|2021/12/17 13:27:14,neurovision|2021/12/17 13:49:10,2021/12/17 13:49:10,2021,manual abort,0,239.0
MERGED_LOGS/mrsic_flogel/public/projects/NiVi_2021_vLGN/Optogenetics/Histology/vLGN_SOM/GTA/SOMGTA5/acqLog_SOMGTA5.txt,mrsic_flogel,neurovision,neurovision|2021/12/17 13:27:14,neurovision|2021/12/17 13:49:10,2021/12/17 13:49:10,2021,manual abort,0,239.0
MERGED_LOGS/isogai/brainsaw/Suzy/xc_1086932som/acqLog_xc_1086932som.txt,isogai,neurovision,neurovision|2023/06/11 16:00:49,neurovision|2023/06/11 16:39:55,2023/06/11 16:39:55,2023,manual abort,0,893.0
MERGED_LOGS/sjones/users/hernando/Microscopy_data/MouseLinesCharacterization/HMV_719881/acqLog_HMV_719881.txt,sjones,brainsaw,brainsaw|2019/03/12 17:55:32,brainsaw|2019/03/12 18:11:43,2019/03/12 18:11:43,2019,manual abort,0,78.0
MERGED_LOGS/margrie/juliaw/2023_SNL/rawdata/972991/acqLog_SL_972991.txt,margrie,brainsaw,brainsaw|2019/11/19 12:39:45,brainsaw|2019/11/19 18:19:09,2019/11/19 18:19:09,2019,true unknown,1,764.0
MERGED_LOGS/margrie/slenzi/serial2p/whole_brains/raw/SL_972991/SL_972992/acqLog_SL_972992.txt,margrie,brainsaw,brainsaw|2019/11/19 12:39:45,brainsaw|2019/11/19 18:19:09,2019/11/19 18:19:09,2019,true unknown,1,764.0
MERGED_LOGS/mrsic_flogel/public/projects/AlFr_20180601_vLGN/Anatomy/Anterograde/AAV_vLGN/Old/VCI7/acqLog_VCI7.txt,mrsic_flogel,brainsaw,brainsaw|2018/07/19 19:57:08,brainsaw|2018/07/20 09:48:24,2018/07/20 09:48:24,2018,true unknown,1,42584.0
MERGED_LOGS/mrsic_flogel/public/projects/AnKh_20200820_NPX_DMDM/Temporal expectation data/1117910/Histology/AK_1117910/acqLog_AK_1117910.txt,mrsic_flogel,neurovision,neurovision|2021/03/20 15:04:51,neurovision|2021/03/21 12:28:57,2021/03/21 12:28:57,2021,true unknown,1,54825.0
MERGED_LOGS/mrsic_flogel/public/projects/AnKh_20200820_NPX_DMDM/Temporal expectation data/1117910/Histology/AK_1117910/acqLog_AK_1117910.txt,mrsic_flogel,neurovision,neurovision|2021/03/20 15:04:51,neurovision|2021/03/22 18:01:13,2021/03/22 18:01:13,2021,planned stop,0,428.0
MERGED_LOGS/mrsic_flogel/public/projects/MiLo_20201201_DMDM_Circuit/brainsaw/ML_1118270_optobeh2/acqLog_ML_1118270_optobeh2.txt,mrsic_flogel,neurovision,neurovision|2021/03/20 15:04:51,neurovision|2021/03/21 12:28:57,2021/03/21 12:28:57,2021,true unknown,1,54825.0
MERGED_LOGS/mrsic_flogel/public/projects/MiLo_20201201_DMDM_Circuit/brainsaw/ML_1118270_optobeh2/acqLog_ML_1118270_optobeh2.txt,mrsic_flogel,neurovision,neurovision|2021/03/20 15:04:51,neurovision|2021/03/22 18:01:13,2021/03/22 18:01:13,2021,planned stop,0,428.0
MERGED_LOGS/sjones/projects/OSFNT/raw_data/OSFNT_12/2026-05-29T11-45-28/users/lars/data/s047_anatomygpegpirabieson_m000047/s047_anatomygpegpirabieson_m000047__20191031_000000__serial_section_gpegpirabieson_rg1/acqLog_LBR_rb_rgON_1.txt,sjones,brainsaw,brainsaw|2019/10/31 10:35:11,brainsaw|2019/10/31 16:22:51,2019/10/31 16:22:51,2019,laser fault,1,316.0
MERGED_LOGS/mrsic_flogel/public/projects/AnBl_20180101_LPCortexSFTF/Anatomy/RR (RetroRabies)/RR51/brainsaw/acqLog_RR51.txt,mrsic_flogel,brainsaw,brainsaw|2017/10/24 10:18:10,brainsaw|2017/10/24 18:44:54,2017/10/24 18:44:54,2017,planned stop,0,1178.0
MERGED_LOGS/mrsic_flogel/public/projects/SaMe_2023_DataBase/aAnatomy/aPenk1/DA_aPenk1_04142026/DA_aPenk1_04142026/acqLog_DA_aPenk1_04142026.txt,mrsic_flogel,brainsaw,brainsaw|2026/04/14 12:25:51,brainsaw|2026/04/14 16:45:13,2026/04/14 16:45:13,2026,true unknown,1,5986.0
MERGED_LOGS/sjones/data/Brainsaw_Transfer_data/SP57/acqLog_SP57_M2ToS_Lesion_Experiment.txt,sjones,brainsaw,brainsaw|2022/08/04 12:08:24,brainsaw|2022/08/04 17:37:08,2022/08/04 17:37:08,2022,laser fault,1,13015.0
MERGED_LOGS/akrami/_projects/capsid_testing/rawdata/sub-026_id-CAP26/ses-01_date-20240503_dtype-2pe/2pe/acqLog_VP_CAP26.txt,akrami,neurovision,neurovision|2022/08/24 14:37:07,neurovision|2022/08/25 10:26:38,2022/08/25 10:26:38,2022,true unknown,1,60519.0
MERGED_LOGS/margrie/Molly/serial_2p/MS_DD5_3/acqLog_MS_DD5_3.txt,margrie,brainsaw,brainsaw|2019/03/29 14:18:47,brainsaw|2019/03/29 16:39:39,2019/03/29 16:39:39,2019,manual abort,0,142.0
MERGED_LOGS/akrami/_projects/capsid_testing/rawdata/sub-065_id-CAP65/ses-01_date-20240731_dtype-2pe/2pe/acqLog_VP_CAP65.txt,akrami,organgrinder,organgrinder|2024/05/30 11:31:07,organgrinder|2024/05/31 13:31:59,2024/05/31 13:31:59,2024,true unknown,1,66580.0
MERGED_LOGS/mrsic_flogel/public/projects/SaMe_2023_DataBase/aAnatomy/aDbh01/aDbh01_SerialSection/acqLog_SM_aDbh01.txt,mrsic_flogel,organgrinder,organgrinder|2025/06/26 10:24:49,organgrinder|2025/06/27 09:20:45,2025/06/27 09:20:45,2025,true unknown,1,5586.0
MERGED_LOGS/sjones/data/francesca/brainsaw/FG_SNLphoto24/acqLog_FG_SNLphoto24.txt,sjones,brainsaw,brainsaw|2020/09/16 10:47:51,brainsaw|2020/09/16 16:54:26,2020/09/16 16:54:26,2020,planned stop,0,1989.0
MERGED_LOGS/mrsic_flogel/public/projects/SaMe_2023_DataBase/fpFibrePhotometry/fpVGAT09/fpVGAT09_Anatomy/fpVGAT09_SerialSection/acqLog_SM_fpVGAT09.txt,mrsic_flogel,organgrinder,organgrinder|2025/03/12 11:23:19,organgrinder|2025/03/12 13:41:13,2025/03/12 13:41:13,2025,true unknown,1,1453.0
MERGED_LOGS/mrsic_flogel/public/projects/SaMe_2020_Pro_Cx_vLGN/Anatomy_fromwinstor/Behaviour_Data/SM_1128708/acqLog_SM_1128708.txt,mrsic_flogel,brainsaw,brainsaw|2023/02/12 16:46:56,brainsaw|2023/02/12 18:42:56,2023/02/12 18:42:56,2023,manual abort,0,167.0
MERGED_LOGS/mrsic_flogel/public/projects/SaMe_2020_Pro_Cx_vLGN/Anatomy_fromwinstor/Behaviour_Data/SM_1128708/acqLog_SM_1128708.txt,mrsic_flogel,brainsaw,brainsaw|2023/02/12 16:46:56,brainsaw|2023/02/12 22:13:11,2023/02/12 22:13:11,2023,manual abort,0,65.0
MERGED_LOGS/mrsic_flogel/public/projects/SaMe_2020_Pro_Cx_vLGN/Anatomy_fromwinstor/Behaviour_Data/SM_1129091/acqLog_SM_1129091.txt,mrsic_flogel,brainsaw,brainsaw|2023/02/12 16:46:56,brainsaw|2023/02/12 18:42:56,2023/02/12 18:42:56,2023,manual abort,0,167.0
MERGED_LOGS/mrsic_flogel/public/projects/SaMe_2020_Pro_Cx_vLGN/Anatomy_fromwinstor/Behaviour_Data/SM_1129091/acqLog_SM_1129091.txt,mrsic_flogel,brainsaw,brainsaw|2023/02/12 16:46:56,brainsaw|2023/02/12 22:13:11,2023/02/12 22:13:11,2023,manual abort,0,65.0
MERGED_LOGS/mrsic_flogel/public/projects/SaMe_2020_Pro_Cx_vLGN/Anatomy_fromwinstor/Behaviour_Data/SM_1129093/acqLog_SM_1129093.txt,mrsic_flogel,brainsaw,brainsaw|2023/02/12 16:46:56,brainsaw|2023/02/12 18:42:56,2023/02/12 18:42:56,2023,manual abort,0,167.0
MERGED_LOGS/mrsic_flogel/public/projects/SaMe_2020_Pro_Cx_vLGN/Anatomy_fromwinstor/Behaviour_Data/SM_1129093/acqLog_SM_1129093.txt,mrsic_flogel,brainsaw,brainsaw|2023/02/12 16:46:56,brainsaw|2023/02/12 22:13:11,2023/02/12 22:13:11,2023,manual abort,0,65.0
MERGED_LOGS/mrsic_flogel/public/projects/SaMe_2020_Pro_Cx_vLGN/Anatomy_fromwinstor/Behaviour_Data/SM_1129094/acqLog_SM_1129094.txt,mrsic_flogel,brainsaw,brainsaw|2023/02/12 16:46:56,brainsaw|2023/02/12 18:42:56,2023/02/12 18:42:56,2023,manual abort,0,167.0
MERGED_LOGS/mrsic_flogel/public/projects/SaMe_2020_Pro_Cx_vLGN/Anatomy_fromwinstor/Behaviour_Data/SM_1129094/acqLog_SM_1129094.txt,mrsic_flogel,brainsaw,brainsaw|2023/02/12 16:46:56,brainsaw|2023/02/12 22:13:11,2023/02/12 22:13:11,2023,manual abort,0,65.0
MERGED_LOGS/sjones/users/hernando/Microscopy_data/Histology_of_tail_lesions/D2_caspase/D2_caspase_HMV_secondbatch/HMV_A2_028/acqLog_HMV_A2_028.txt,sjones,brainsaw,brainsaw|2021/08/04 09:43:22,brainsaw|2021/08/04 10:38:20,2021/08/04 10:38:20,2021,manual abort,0,256.0
MERGED_LOGS/sjones/users/hernando/Microscopy_data/Histology_of_tail_lesions/D2_caspase/D2_caspase_HMV_secondbatch/HMV_A2_028/acqLog_HMV_A2_028.txt,sjones,brainsaw,brainsaw|2021/08/04 09:43:22,brainsaw|2021/08/04 23:43:03,2021/08/04 23:43:03,2021,true unknown,1,2127.0
MERGED_LOGS/sjones/users/hernando/Microscopy_data/Histology_of_tail_lesions/D2_caspase/D2_caspase_HMV_secondbatch/HMV_A2_029/acqLog_HMV_A2_029.txt,sjones,brainsaw,brainsaw|2021/08/04 09:43:22,brainsaw|2021/08/04 10:38:20,2021/08/04 10:38:20,2021,manual abort,0,256.0
MERGED_LOGS/sjones/users/hernando/Microscopy_data/Histology_of_tail_lesions/D2_caspase/D2_caspase_HMV_secondbatch/HMV_A2_029/acqLog_HMV_A2_029.txt,sjones,brainsaw,brainsaw|2021/08/04 09:43:22,brainsaw|2021/08/04 23:43:03,2021/08/04 23:43:03,2021,true unknown,1,2127.0
MERGED_LOGS/sjones/users/hernando/Microscopy_data/Histology_of_tail_lesions/D2_caspase/D2_caspase_HMV_secondbatch/HMV_A2_030/acqLog_HMV_A2_030.txt,sjones,brainsaw,brainsaw|2021/08/04 09:43:22,brainsaw|2021/08/04 10:38:20,2021/08/04 10:38:20,2021,manual abort,0,256.0
MERGED_LOGS/sjones/users/hernando/Microscopy_data/Histology_of_tail_lesions/D2_caspase/D2_caspase_HMV_secondbatch/HMV_A2_030/acqLog_HMV_A2_030.txt,sjones,brainsaw,brainsaw|2021/08/04 09:43:22,brainsaw|2021/08/04 23:43:03,2021/08/04 23:43:03,2021,true unknown,1,2127.0
MERGED_LOGS/sjones/users/hernando/Microscopy_data/Histology_of_tail_lesions/D2_caspase/D2_caspase_HMV_secondbatch/HMV_A2_031/acqLog_HMV_A2_031.txt,sjones,brainsaw,brainsaw|2021/08/04 09:43:22,brainsaw|2021/08/04 10:38:20,2021/08/04 10:38:20,2021,manual abort,0,256.0
MERGED_LOGS/sjones/users/hernando/Microscopy_data/Histology_of_tail_lesions/D2_caspase/D2_caspase_HMV_secondbatch/HMV_A2_031/acqLog_HMV_A2_031.txt,sjones,brainsaw,brainsaw|2021/08/04 09:43:22,brainsaw|2021/08/04 23:43:03,2021/08/04 23:43:03,2021,true unknown,1,2127.0
MERGED_LOGS/sjones/users/hernando/Microscopy_data/Histology_of_tail_lesions/D2_caspase/D2_caspase_HMV_secondbatch/HMV_A2_032/acqLog_HMV_A2_032.txt,sjones,brainsaw,brainsaw|2021/08/04 09:43:22,brainsaw|2021/08/04 10:38:20,2021/08/04 10:38:20,2021,manual abort,0,256.0
MERGED_LOGS/sjones/users/hernando/Microscopy_data/Histology_of_tail_lesions/D2_caspase/D2_caspase_HMV_secondbatch/HMV_A2_032/acqLog_HMV_A2_032.txt,sjones,brainsaw,brainsaw|2021/08/04 09:43:22,brainsaw|2021/08/04 23:43:03,2021/08/04 23:43:03,2021,true unknown,1,2127.0
MERGED_LOGS/sjones/users/hernando/Microscopy_data/Histology_of_tail_lesions/D2_caspase/D2_caspase_HMV_secondbatch/HMV_A2_033/acqLog_HMV_A2_033.txt,sjones,brainsaw,brainsaw|2021/08/04 09:43:22,brainsaw|2021/08/04 10:38:20,2021/08/04 10:38:20,2021,manual abort,0,256.0
MERGED_LOGS/sjones/users/hernando/Microscopy_data/Histology_of_tail_lesions/D2_caspase/D2_caspase_HMV_secondbatch/HMV_A2_033/acqLog_HMV_A2_033.txt,sjones,brainsaw,brainsaw|2021/08/04 09:43:22,brainsaw|2021/08/04 23:43:03,2021/08/04 23:43:03,2021,true unknown,1,2127.0
MERGED_LOGS/mrsic_flogel/public/projects/AnBl_20180101_LPCortexSFTF/Anatomy/retro_RR/RR61/acqLog_RR_61.txt,mrsic_flogel,brainsaw,brainsaw|2018/01/13 15:30:04,brainsaw|2018/01/14 18:38:23,2018/01/14 18:38:23,2018,true unknown,1,68635.0
MERGED_LOGS/mrsic_flogel/public/projects/AlFr_20180601_vLGN/Anatomy/Anterograde/AAV_vLGN/NOS/NOS_FirstRound_Andre/acqLog_AMS_EYFP_NOS_vlgn.txt,mrsic_flogel,brainsaw,brainsaw|2019/05/01 11:50:33,brainsaw|2019/05/01 18:05:59,2019/05/01 18:05:59,2019,laser fault,1,416.0
MERGED_LOGS/mrsic_flogel/public/projects/AlFr_20180601_vLGN/Anatomy/Anterograde/AAV_vLGN/NOS/NOS_FirstRound_Andre/acqLog_AMS_EYFP_NOS_vlgn.txt,mrsic_flogel,brainsaw,brainsaw|2019/05/01 11:50:33,brainsaw|2019/05/01 19:15:10,2019/05/01 19:15:10,2019,laser fault,1,1015.0
MERGED_LOGS/mrsic_flogel/public/projects/AlFr_20180601_vLGN/Anatomy/Anterograde/AAV_vLGN/NOS/NOS_FirstRound_Andre/acqLog_AMS_EYFP_NOS_vlgn.txt,mrsic_flogel,brainsaw,brainsaw|2019/05/01 11:50:33,brainsaw|2019/05/01 21:08:36,2019/05/01 21:08:36,2019,laser fault,1,1272.0
MERGED_LOGS/mrsic_flogel/public/projects/AlFr_20180601_vLGN/Anatomy/Anterograde/AAV_vLGN/NOS/NOS_FirstRound_Andre/acqLog_AMS_EYFP_NOS_vlgn.txt,mrsic_flogel,brainsaw,brainsaw|2019/05/01 11:50:33,brainsaw|2019/05/01 23:48:30,2019/05/01 23:48:30,2019,laser fault,1,2760.0
MERGED_LOGS/akrami/_projects/capsid_testing/rawdata/sub-041_id-CAP41/ses-01_date-20230817_dtype-2pe/2pe/acqLog_VP_CAP41.txt,akrami,organgrinder,organgrinder|2023/08/14 11:15:14,organgrinder|2023/08/15 10:34:28,2023/08/15 10:34:28,2023,true unknown,1,70318.0
MERGED_LOGS/murray/Zane/Anatomy/BrainSaw/ZM_FAA1034508/ROI_C1/acqLog_ROI_C1.txt,murray,brainsaw,brainsaw|2021/10/18 09:29:47,brainsaw|2021/10/18 12:38:07,2021/10/18 12:38:07,2021,manual abort,0,1392.0
MERGED_LOGS/murray/Zane/Anatomy/BrainSaw/ZM_FAA1034508/ROI_C2/acqLog_ROI_C2.txt,murray,brainsaw,brainsaw|2021/10/18 09:29:47,brainsaw|2021/10/18 12:38:07,2021/10/18 12:38:07,2021,manual abort,0,1392.0
MERGED_LOGS/murray/Zane/Anatomy/BrainSaw/ZM_FAA1034508/ROI_L1/acqLog_ROI_L1.txt,murray,brainsaw,brainsaw|2021/10/18 09:29:47,brainsaw|2021/10/18 12:38:07,2021/10/18 12:38:07,2021,manual abort,0,1392.0
MERGED_LOGS/murray/Zane/Anatomy/BrainSaw/ZM_FAA1034508/ROI_L2_posterior/acqLog_ROI_L2_posterior.txt,murray,brainsaw,brainsaw|2021/10/18 09:29:47,brainsaw|2021/10/18 12:38:07,2021/10/18 12:38:07,2021,manual abort,0,1392.0
MERGED_LOGS/murray/Zane/Anatomy/BrainSaw/ZM_FAA1034508/ROI_T1_posterior/acqLog_ROI_T1_posterior.txt,murray,brainsaw,brainsaw|2021/10/18 09:29:47,brainsaw|2021/10/18 12:38:07,2021/10/18 12:38:07,2021,manual abort,0,1392.0
MERGED_LOGS/murray/Zane/Anatomy/BrainSaw/ZM_FAA1034508/ROI_T2/acqLog_ROI_T2.txt,murray,brainsaw,brainsaw|2021/10/18 09:29:47,brainsaw|2021/10/18 12:38:07,2021/10/18 12:38:07,2021,manual abort,0,1392.0
MERGED_LOGS/mrsic_flogel/public/projects/JeKr_260424_PTIT/Histology_images/JK_1136273_YFP_Halo/acqLog_JK_1136273_YFP_Halo.txt,mrsic_flogel,organgrinder,organgrinder|2024/09/24 10:55:08,organgrinder|2024/09/24 12:14:30,2024/09/24 12:14:30,2024,true unknown,1,3457.0
MERGED_LOGS/mrsic_flogel/public/projects/NiVi_2021_vLGN/Injections/AnterogradeT2A/PV/NV_PVhSyn3_06022024/acqLog_NV_PVhSyn3_06022024.txt,mrsic_flogel,neurovision,neurovision|2024/02/06 09:58:52,neurovision|2024/02/06 14:52:31,2024/02/06 14:52:31,2024,laser fault,1,3662.0
MERGED_LOGS/mrsic_flogel/public/projects/AnBl_20180101_LPCortexSFTF/Anatomy/retro_RR/rab02/acqLog_AB_rab02.txt,mrsic_flogel,brainsaw,brainsaw|2019/04/15 10:53:45,brainsaw|2019/04/15 18:11:20,2019/04/15 18:11:20,2019,true unknown,1,4248.0
MERGED_LOGS/margrie/sweiler/winstor_migrate/RawData/Tracing_Imaging/serial2p/SW_musc1/acqLog_SW_musc1.txt,margrie,organgrinder,organgrinder|2023/08/18 12:07:30,organgrinder|2023/08/18 13:56:58,2023/08/18 13:56:58,2023,true unknown,1,426.0
MERGED_LOGS/sjones/projects/gpe/gpe_hcr/from_acquisition/serial_section/HL_GPeRB_R_A283/acqLog_HL_GPeRB_R_f_3329.txt,sjones,brainsaw,brainsaw|2026/03/24 14:55:22,brainsaw|2026/03/24 19:20:26,2026/03/24 19:20:26,2026,true unknown,1,6774.0
MERGED_LOGS/mrsic_flogel/public/projects/NiVi_2021_vLGN/Injections/AnterogradeT2A/vglut/NV_vgluthSyn5_20032024/acqLog_NV_vgluthSyn5_20032024.txt,mrsic_flogel,organgrinder,organgrinder|2024/03/20 12:08:13,organgrinder|2024/03/20 14:57:40,2024/03/20 14:57:40,2024,manual abort,0,102.0
MERGED_LOGS/mrsic_flogel/public/projects/SaMe_2023_DataBase/bBehaviour/bVGAT-chR2-EYFP98/bVGAT-chR2-EYFP98_Anatomy/bVGAT-chR2-EYFP98_SerialSection/acqLog_bVGAT-chR2-EYFP98.txt,mrsic_flogel,organgrinder,organgrinder|2025/12/19 11:53:25,organgrinder|2025/12/19 20:54:01,2025/12/19 20:54:01,2025,laser fault,1,1087.0
MERGED_LOGS/mrsic_flogel/public/projects/SaMe_2023_DataBase/bBehaviour/bVGAT-chR2-EYFP99/bVGAT-chR2-EYFP99_Anatomy/bVGAT-chR2-EYFP99_SerialSection/acqLog_bVGAT-chR2-EYFP99.txt,mrsic_flogel,organgrinder,organgrinder|2025/12/19 11:53:25,organgrinder|2025/12/19 20:54:01,2025/12/19 20:54:01,2025,laser fault,1,1087.0
MERGED_LOGS/mrsic_flogel/public/projects/SaMe_2023_DataBase/fFreelyMoving/bVGAT68-fmVGAT68/fmVGAT68_Anatomy/fmVGAT68_SerialSection/acqLog_fmVGAT68.txt,mrsic_flogel,organgrinder,organgrinder|2025/12/19 11:53:25,organgrinder|2025/12/19 20:54:01,2025/12/19 20:54:01,2025,laser fault,1,1087.0
MERGED_LOGS/mrsic_flogel/public/projects/AnBl_20180101_LPCortexSFTF/Anatomy/retro_RR/retro_RR_N/acqLog_retro_RR_N.txt,mrsic_flogel,brainsaw,brainsaw|2018/12/02 15:49:45,brainsaw|2018/12/03 09:41:58,2018/12/03 09:41:58,2018,laser fault,1,49653.0
MERGED_LOGS/mrsic_flogel/public/projects/AlFr_20180601_vLGN/UncroppedBrains/AF_AK_C2vgvlgmsc_191120/acqLog_AF_AK_C2vgvlgmsc_191120.txt,mrsic_flogel,brainsaw,brainsaw|2020/11/19 14:56:43,brainsaw|2020/11/19 17:52:40,2020/11/19 17:52:40,2020,manual abort,0,491.0
MERGED_LOGS/mrsic_flogel/public/projects/AlFr_20180601_vLGN/EscapeBehaviour/Histology/Chr2/C2vGvLG/C2vGvLG9/acqLog_ROI_1.txt,mrsic_flogel,brainsaw,brainsaw|2020/11/19 14:56:43,brainsaw|2020/11/19 17:52:40,2020/11/19 17:52:40,2020,manual abort,0,491.0
MERGED_LOGS/mrsic_flogel/public/projects/AlFr_20180601_vLGN/EscapeBehaviour/Histology/Chr2/C2vGvLG/C2vGvLG10/acqLog_ROI_2.txt,mrsic_flogel,brainsaw,brainsaw|2020/11/19 14:56:43,brainsaw|2020/11/19 17:52:40,2020/11/19 17:52:40,2020,manual abort,0,491.0
MERGED_LOGS/mrsic_flogel/public/projects/AlFr_20180601_vLGN/EscapeBehaviour/Histology/Chr2/C2vGvLG/C2vGvLG11/acqLog_ROI_3.txt,mrsic_flogel,brainsaw,brainsaw|2020/11/19 14:56:43,brainsaw|2020/11/19 17:52:40,2020/11/19 17:52:40,2020,manual abort,0,491.0
MERGED_LOGS/mrsic_flogel/public/projects/AlFr_20180601_vLGN/EscapeBehaviour/Histology/Chr2/C2vGmSC/C2vGmSC7/acqLog_ROI_4.txt,mrsic_flogel,brainsaw,brainsaw|2020/11/19 14:56:43,brainsaw|2020/11/19 17:52:40,2020/11/19 17:52:40,2020,manual abort,0,491.0
MERGED_LOGS/mrsic_flogel/public/projects/AlFr_20180601_vLGN/EscapeBehaviour/Histology/Chr2/C2vGmSC/C2vGmSC9/acqLog_ROI_5.txt,mrsic_flogel,brainsaw,brainsaw|2020/11/19 14:56:43,brainsaw|2020/11/19 17:52:40,2020/11/19 17:52:40,2020,manual abort,0,491.0
MERGED_LOGS/mrsic_flogel/public/projects/AlFr_20180601_vLGN/EscapeBehaviour/Histology/Chr2/C2vGmSC/C2vGmSC10/acqLog_ROI_6.txt,mrsic_flogel,brainsaw,brainsaw|2020/11/19 14:56:43,brainsaw|2020/11/19 17:52:40,2020/11/19 17:52:40,2020,manual abort,0,491.0
MERGED_LOGS/mrsic_flogel/public/projects/SjWe_20230307_IBLAnatomy/ss2p/cortexlab/SP066/acqLog_SP066.txt,mrsic_flogel,brainsaw,brainsaw|2026/03/17 15:42:43,brainsaw|2026/03/18 09:26:40,2026/03/18 09:26:40,2026,true unknown,1,33118.0
MERGED_LOGS/mrsic_flogel/public/projects/SjWe_20230307_IBLAnatomy/ss2p/rawDataArchive/SP066_067_072_076/acqLog_SP066_067_072_076.txt,mrsic_flogel,brainsaw,brainsaw|2026/03/17 15:42:43,brainsaw|2026/03/18 09:26:40,2026/03/18 09:26:40,2026,true unknown,1,33118.0
MERGED_LOGS/mrsic_flogel/public/projects/SjWe_20230307_IBLAnatomy/ss2p/cortexlab/SP067/acqLog_SP067.txt,mrsic_flogel,brainsaw,brainsaw|2026/03/17 15:42:43,brainsaw|2026/03/18 09:26:40,2026/03/18 09:26:40,2026,true unknown,1,33118.0
MERGED_LOGS/mrsic_flogel/public/projects/SjWe_20230307_IBLAnatomy/ss2p/cortexlab/SP072/acqLog_SP072.txt,mrsic_flogel,brainsaw,brainsaw|2026/03/17 15:42:43,brainsaw|2026/03/18 09:26:40,2026/03/18 09:26:40,2026,true unknown,1,33118.0
MERGED_LOGS/mrsic_flogel/public/projects/SjWe_20230307_IBLAnatomy/ss2p/cortexlab/SP076/acqLog_SP076.txt,mrsic_flogel,brainsaw,brainsaw|2026/03/17 15:42:43,brainsaw|2026/03/18 09:26:40,2026/03/18 09:26:40,2026,true unknown,1,33118.0
MERGED_LOGS/margrie/Molly/serial_2p/AM118_5/acqLog_AM118_5.txt,margrie,brainsaw,brainsaw|2019/02/04 11:34:08,brainsaw|2019/02/04 12:39:04,2019/02/04 12:39:04,2019,laser fault,1,1258.0
MERGED_LOGS/margrie/Molly/serial_2p/AM118_5/acqLog_AM118_5.txt,margrie,brainsaw,brainsaw|2019/02/04 11:34:08,brainsaw|2019/02/04 13:07:41,2019/02/04 13:07:41,2019,laser fault,1,502.0
MERGED_LOGS/mrsic_flogel/public/projects/NiVi_2021_vLGN/Injections/Retrograde_tracing/HbNr/acqLog_HbNr.txt,mrsic_flogel,neurovision,neurovision|2022/03/28 19:00:37,neurovision|2022/03/28 20:12:39,2022/03/28 20:12:39,2022,manual abort,0,556.0
MERGED_LOGS/mrsic_flogel/public/projects/NiVi_2021_vLGN/Injections/Retrograde_tracing/LP/acqLog_LP.txt,mrsic_flogel,neurovision,neurovision|2022/03/28 19:00:37,neurovision|2022/03/28 20:12:39,2022/03/28 20:12:39,2022,manual abort,0,556.0
MERGED_LOGS/mrsic_flogel/public/projects/NiVi_2021_vLGN/Injections/Retrograde_tracing/PRNpretectum/acqLog_PRNpretectum.txt,mrsic_flogel,neurovision,neurovision|2022/03/28 19:00:37,neurovision|2022/03/28 20:12:39,2022/03/28 20:12:39,2022,manual abort,0,556.0
MERGED_LOGS/mrsic_flogel/public/projects/NiVi_2021_vLGN/Injections/Retrograde_tracing/V1mSC/acqLog_V1mSC.txt,mrsic_flogel,neurovision,neurovision|2022/03/28 19:00:37,neurovision|2022/03/28 20:12:39,2022/03/28 20:12:39,2022,manual abort,0,556.0
MERGED_LOGS/mrsic_flogel/public/projects/NiVi_2021_vLGN/Injections/Retrograde_tracing/vLGN/acqLog_vLGN.txt,mrsic_flogel,neurovision,neurovision|2022/03/28 19:00:37,neurovision|2022/03/28 20:12:39,2022/03/28 20:12:39,2022,manual abort,0,556.0
MERGED_LOGS/margrie/RSP_tracing/SK_CT/SK_CX_2137_brainsaw/acqLog_SK_CX2137.txt,margrie,neurovision,neurovision|2021/05/10 11:15:29,neurovision|2021/05/10 12:56:25,2021/05/10 12:56:25,2021,true unknown,1,914.0
MERGED_LOGS/margrie/RSP_tracing/SK_CT/SK_CX_2139_brainsaw/acqLog_SK_CX2139.txt,margrie,neurovision,neurovision|2021/05/10 11:15:29,neurovision|2021/05/10 12:56:25,2021/05/10 12:56:25,2021,true unknown,1,914.0
MERGED_LOGS/histology/steve_west/00_SWC_ELN/00-SWC/NRF/NRF~015-00/NRF~015-001/00_DATA/DL004/acqLog_DL004.txt,histology,neurovision,neurovision|2021/03/30 12:24:25,neurovision|2021/03/30 13:29:18,2021/03/30 13:29:18,2021,true unknown,1,2916.0
MERGED_LOGS/mrsic_flogel/public/projects/SaMe_2020_Pro_Cx_vLGN/Anatomy_fromwinstor/Behaviour_Data/Habituation_wall/VGat-ChR2-cortex/1118137/acqLog_sample_1118137.txt,mrsic_flogel,neurovision,neurovision|2021/01/30 11:55:37,neurovision|2021/01/31 12:28:52,2021/01/31 12:28:52,2021,true unknown,1,28249.0
MERGED_LOGS/mrsic_flogel/public/projects/SaMe_2020_Pro_Cx_vLGN/Anatomy_fromwinstor/Behaviour_Data/Habituation_wall/VGat-ChR2-cortex/1118138/acqLog_sample_1118138.txt,mrsic_flogel,neurovision,neurovision|2021/01/30 11:55:37,neurovision|2021/01/31 12:28:52,2021/01/31 12:28:52,2021,true unknown,1,28249.0
MERGED_LOGS/mrsic_flogel/public/projects/MiJa_20170801_AAVretro/brainsaw/Retro_03/acqLog_Retro_03.txt,mrsic_flogel,brainsaw,brainsaw|2017/10/05 11:37:28,brainsaw|2017/10/05 16:39:58,2017/10/05 16:39:58,2017,manual abort,0,688.0
MERGED_LOGS/mrsic_flogel/public/projects/PeZn_20150501_AL_PM/histology/PZ133/acqLog_PZ133.txt,mrsic_flogel,brainsaw,brainsaw|2018/06/25 11:09:30,brainsaw|2018/06/25 14:11:29,2018/06/25 14:11:29,2018,manual abort,0,145.0
MERGED_LOGS/mrsic_flogel/public/projects/RoCa_20190213_SerialSectionClearing/RC_05_CR01_CUBIC_dsRed/lowResInitialStack/acqLog_RC_CR_CUBIC_05.txt,mrsic_flogel,brainsaw,brainsaw|2019/03/15 10:52:29,brainsaw|2019/03/15 11:37:43,2019/03/15 11:37:43,2019,manual abort,0,843.0
MERGED_LOGS/mrsic_flogel/public/projects/AnBl_20180101_LPCortexSFTF/Anatomy/retro_RR/first_rab06_part/AB_rab040506/acqLog_AB_rab040506.txt,mrsic_flogel,brainsaw,brainsaw|2019/04/17 12:22:40,brainsaw|2019/04/17 13:59:55,2019/04/17 13:59:55,2019,manual abort,0,1943.0
MERGED_LOGS/margrie/slenzi/training_data/ab_brainsaw_rab04/metadata/acqLog_rab04.txt,margrie,brainsaw,brainsaw|2019/04/17 15:38:34,brainsaw|2019/04/18 17:31:58,2019/04/18 17:31:58,2019,manual abort,0,28224.0
MERGED_LOGS/mrsic_flogel/public/projects/AlFr_20180601_vLGN/UncroppedBrains/ForMaxime/AF_PCA_19_20_22_25_first_slices/acqLog_AF_PCA_19_20_22_25.txt,mrsic_flogel,brainsaw,brainsaw|2019/10/28 16:29:19,brainsaw|2019/10/28 17:33:05,2019/10/28 17:33:05,2019,manual abort,0,64.0
MERGED_LOGS/mrsic_flogel/public/projects/SaEl_20220201_VIP/2pdata/ACCsilencing/DREADDs/se070/brainsaw/acqLog_se070.txt,mrsic_flogel,brainsaw,brainsaw|2024/01/10 12:27:46,brainsaw|2024/01/11 10:00:17,2024/01/11 10:00:17,2024,planned stop,0,61983.0
MERGED_LOGS/mrsic_flogel/public/projects/SaEl_20220201_VIP/2pdata/ACCaxonimaging/se068/brainsaw/acqLog_se068.txt,mrsic_flogel,brainsaw,brainsaw|2024/01/11 19:44:14,brainsaw|2024/01/11 22:18:05,2024/01/11 22:18:05,2024,manual abort,0,1546.0
MERGED_LOGS/mrsic_flogel/public/projects/SjWe_20230307_IBLAnatomy/histology/01-IBL/ibl-personal-projects/TinyaVisMap/fluo-2p-ex-opt/fluo-2p-ex-opt~001/ss2p/Gelatin-Block-50um/acqLog_Gelatin-Block-50um.txt,mrsic_flogel,brainsaw,brainsaw|2025/09/18 17:18:45,brainsaw|2025/09/18 18:00:08,2025/09/18 18:00:08,2025,laser fault,1,779.0
MERGED_LOGS/mrsic_flogel/public/projects/SjWe_20230307_IBLAnatomy/ss2p/mainenlab/ZFM-08457c/acqLog_ZFM-08457c.txt,mrsic_flogel,neurovision,neurovision|2025/05/08 12:22:50,neurovision|2025/05/08 14:37:13,2025/05/08 14:37:13,2025,manual abort,0,243.0
MERGED_LOGS/mrsic_flogel/public/projects/JeKr_260424_PTIT/Histology_images/JK_260825_ML_157_159_160_163_164/ML159_163__164_JK_C4__JK_2_B/ML157/acqLog_JK2.txt,mrsic_flogel,neurovision,neurovision|2025/08/22 15:27:13,neurovision|2025/08/25 10:23:07,2025/08/25 10:23:07,2025,true unknown,1,195884.0
MERGED_LOGS/mrsic_flogel/public/projects/RoCa_20230401_INSIHGT/BrainSaw/human/RC__HS_subCrtx_DAPI_488_594_647_highres/acqLog_RC__HS_subCrtx_DAPI_488_594_647.txt,mrsic_flogel,organgrinder,organgrinder|2023/05/10 11:50:09,organgrinder|2023/05/11 23:29:36,2023/05/11 23:29:36,2023,planned stop,0,47440.0
MERGED_LOGS/okeefe/Loukia/BrainSaw/LK_LesionWTAug2023_102/acqLog_LK_LesionWTAug2023_102.txt,okeefe,organgrinder,organgrinder|2024/03/18 13:13:13,organgrinder|2024/03/18 14:24:48,2024/03/18 14:24:48,2024,manual abort,0,2217.0
MERGED_LOGS/mrsic_flogel/public/projects/AnAl_20240405_Neuromod_PE/brainsaw/DiI/AMA_LC_V1_19924/acqLog_AMA_LC_V1_19924.txt,mrsic_flogel,organgrinder,organgrinder|2024/09/19 14:08:17,organgrinder|2024/09/19 15:13:18,2024/09/19 15:13:18,2024,manual abort,0,434.0
