discarded_resume_recipe,original_recipe
MERGED_LOGS/akrami/Audra/Histology/Brainsaw/Pilots/HAA_1105429/recipe_HAA_1105429_251016_145246.yml,MERGED_LOGS/akrami/Audra/Histology/Brainsaw/Pilots/HAA_1105429/recipe_HAA_1105429_251016_112858.yml
MERGED_LOGS/akrami/Audra/Histology/Brainsaw/Trained_Animals/AR__EC22/recipe_AR__EC22_260114_111050.yml,MERGED_LOGS/akrami/Audra/Histology/Brainsaw/Trained_Animals/AR__EC22/recipe_AR__EC22_260114_104628.yml
MERGED_LOGS/akrami/Audra/Histology/Brainsaw/Trained_Animals/EC01/recipe_EC01_251016_145246.yml,MERGED_LOGS/akrami/Audra/Histology/Brainsaw/Trained_Animals/EC01/recipe_EC01_251016_112858.yml
MERGED_LOGS/akrami/Dammy/anatomy/DO80/recipe_DO80_240814_171848.yml,MERGED_LOGS/akrami/Dammy/anatomy/DO80/recipe_DO80_240814_150716.yml
MERGED_LOGS/akrami/Dammy/anatomy/DO80/recipe_DO80_240814_181725.yml,MERGED_LOGS/akrami/Dammy/anatomy/DO80/recipe_DO80_240814_150716.yml
MERGED_LOGS/akrami/Dammy/anatomy/DO80/recipe_DO80_240816_091304.yml,MERGED_LOGS/akrami/Dammy/anatomy/DO80/recipe_DO80_240814_150716.yml
MERGED_LOGS/akrami/Leda/brains/LE_04/recipe_LE_04_240507_144833.yml,MERGED_LOGS/akrami/Leda/brains/LE_04/recipe_LE_04_240507_145630.yml
MERGED_LOGS/akrami/_projects/capsid_testing/rawdata/sub-026_id-CAP26/ses-01_date-20240503_dtype-2pe/2pe/recipe_VP_CAP26_220825_102639.yml,MERGED_LOGS/akrami/_projects/capsid_testing/rawdata/sub-026_id-CAP26/ses-01_date-20240503_dtype-2pe/2pe/recipe_VP_CAP26_220824_143708.yml
MERGED_LOGS/akrami/_projects/capsid_testing/rawdata/sub-028_id-CAP28/ses-01_date-20240504_dtype-2pe/2pe/recipe_VP_CAP28_220830_155737.yml,MERGED_LOGS/akrami/_projects/capsid_testing/rawdata/sub-028_id-CAP28/ses-01_date-20240504_dtype-2pe/2pe/recipe_VP_CAP28_220830_160812.yml
MERGED_LOGS/akrami/_projects/capsid_testing/rawdata/sub-041_id-CAP41/ses-01_date-20230817_dtype-2pe/2pe/recipe_VP_CAP41_230815_103433.yml,MERGED_LOGS/akrami/_projects/capsid_testing/rawdata/sub-041_id-CAP41/ses-01_date-20230817_dtype-2pe/2pe/recipe_VP_CAP41_230814_111519.yml
MERGED_LOGS/akrami/_projects/capsid_testing/rawdata/sub-066_id-CAP66/ses-01_date-20240731_dtype-2pe/2pe/heart/recipe_heart_240723_132610.yml,MERGED_LOGS/akrami/_projects/capsid_testing/rawdata/sub-066_id-CAP66/ses-01_date-20240731_dtype-2pe/2pe/heart/recipe_heart_240723_133456.yml
MERGED_LOGS/akrami/_projects/capsid_testing/rawdata/sub-066_id-CAP66/ses-01_date-20240731_dtype-2pe/2pe/liver/recipe_liver_240723_132610.yml,MERGED_LOGS/akrami/_projects/capsid_testing/rawdata/sub-066_id-CAP66/ses-01_date-20240731_dtype-2pe/2pe/liver/recipe_liver_240723_133456.yml
MERGED_LOGS/akrami/_projects/rat_atlas/rawdata/sub-01_id-ATL01/ses-01_dtype-serial2p/2pe/recipe_VP_ATL01_250613_173212.yml,MERGED_LOGS/akrami/_projects/rat_atlas/rawdata/sub-01_id-ATL01/ses-01_dtype-serial2p/2pe/recipe_VP_ATL01_250613_171029.yml
MERGED_LOGS/akrami/anatomy/QP0100/recipe_QP0100_240322_100609.yml,MERGED_LOGS/akrami/anatomy/QP0100/recipe_QP0100_240322_103041.yml
MERGED_LOGS/akrami/anatomy/virus_tests/VP_CAP26/recipe_VP_CAP26_220825_102639.yml,MERGED_LOGS/akrami/anatomy/virus_tests/VP_CAP26/recipe_VP_CAP26_220824_143708.yml
MERGED_LOGS/akrami/anatomy/virus_tests/VP_CAP28/recipe_VP_CAP28_220830_155737.yml,MERGED_LOGS/akrami/anatomy/virus_tests/VP_CAP28/recipe_VP_CAP28_220830_160812.yml
MERGED_LOGS/akrami/capsid_testing/imaging/2p/VP_CAP26/recipe_VP_CAP26_220825_102639.yml,MERGED_LOGS/akrami/capsid_testing/imaging/2p/VP_CAP26/recipe_VP_CAP26_220824_143708.yml
MERGED_LOGS/akrami/capsid_testing/imaging/2p/VP_CAP28/recipe_VP_CAP28_220830_155737.yml,MERGED_LOGS/akrami/capsid_testing/imaging/2p/VP_CAP28/recipe_VP_CAP28_220830_160812.yml
MERGED_LOGS/akrami/capsid_testing/imaging/2p/VP_CAP41/recipe_VP_CAP41_230815_103433.yml,MERGED_LOGS/akrami/capsid_testing/imaging/2p/VP_CAP41/recipe_VP_CAP41_230814_111519.yml
MERGED_LOGS/akrami/capsid_testing/imaging/2p/VP_CAP66/heart/recipe_heart_240723_132610.yml,MERGED_LOGS/akrami/capsid_testing/imaging/2p/VP_CAP66/heart/recipe_heart_240723_133456.yml
MERGED_LOGS/akrami/capsid_testing/imaging/2p/VP_CAP66/liver/recipe_liver_240723_132610.yml,MERGED_LOGS/akrami/capsid_testing/imaging/2p/VP_CAP66/liver/recipe_liver_240723_133456.yml
MERGED_LOGS/akrami/capsid_testing/new_structure/scratch/capsid_testing/rawdata/sub-018_id-CAP26/ses-001_dtype-2p/anat/2p/recipe_VP_CAP26_220825_102639.yml,MERGED_LOGS/akrami/capsid_testing/new_structure/scratch/capsid_testing/rawdata/sub-018_id-CAP26/ses-001_dtype-2p/anat/2p/recipe_VP_CAP26_220824_143708.yml
MERGED_LOGS/branco/Brainsaw/EJT43/recipe_EJT43_201002_173702.yml,MERGED_LOGS/branco/Brainsaw/EJT43/recipe_EJT43_201002_170357.yml
MERGED_LOGS/branco/Brainsaw/YI_1102983_1102985/YI_1102983/recipe_YI_1102983_230209_123301.yml,MERGED_LOGS/branco/Brainsaw/YI_1102983_1102985/YI_1102983/recipe_YI_1102983_230209_125929.yml
MERGED_LOGS/branco/Brainsaw/YI_1102983_1102985/YI_1102985/recipe_YI_1102985_230209_123301.yml,MERGED_LOGS/branco/Brainsaw/YI_1102983_1102985/YI_1102985/recipe_YI_1102985_230209_125929.yml
MERGED_LOGS/branco/Catarina/histology/brainsaw/134/recipe_sample_134_251215_145543.yml,MERGED_LOGS/branco/Catarina/histology/brainsaw/134/recipe_YI_134_135_136_1143589_251215_145543.yml
MERGED_LOGS/branco/Catarina/histology/brainsaw/134/recipe_sample_134_251216_132552.yml,MERGED_LOGS/branco/Catarina/histology/brainsaw/134/recipe_YI_134_135_136_1143589_251215_145543.yml
MERGED_LOGS/branco/Catarina/histology/brainsaw/135/recipe_sample_135_251216_132552.yml,MERGED_LOGS/branco/Catarina/histology/brainsaw/135/recipe_sample_135_251215_145543.yml
MERGED_LOGS/branco/Catarina/histology/brainsaw/136/recipe_sample_136_251216_132552.yml,MERGED_LOGS/branco/Catarina/histology/brainsaw/136/recipe_sample_136_251215_145543.yml
MERGED_LOGS/branco/Catarina/histology/on_hold/CA_OFC_052_20221208/recipe_CA_056_20221208_221209_101633.yml,MERGED_LOGS/branco/Catarina/histology/on_hold/CA_OFC_052_20221208/recipe_CA_056_20221208_221208_103329.yml
MERGED_LOGS/branco/Catarina/histology/on_hold/CA_mPFC_053_20221208/recipe_CA_052_20221208_221209_101633.yml,MERGED_LOGS/branco/Catarina/histology/on_hold/CA_mPFC_053_20221208/recipe_CA_052_20221208_221208_103329.yml
MERGED_LOGS/branco/Catarina/histology/on_hold/CA_mPFC_055_20221208/recipe_CA_053_20221208_221209_101633.yml,MERGED_LOGS/branco/Catarina/histology/on_hold/CA_mPFC_055_20221208/recipe_CA_053_20221208_221208_103329.yml
MERGED_LOGS/branco/Catarina/histology/on_hold/CA_mPFC_056_20221208/recipe_CA_055_20221208_221209_101633.yml,MERGED_LOGS/branco/Catarina/histology/on_hold/CA_mPFC_056_20221208/recipe_CA_055_20221208_221208_103329.yml
MERGED_LOGS/branco/Marie/Brainsaw_Images/MH_1106265_266_268_StitchingFailed/FirstAttempt_9am_Stitched Images/MH_1106265/recipe_MH_1106265_260108_161043.yml,MERGED_LOGS/branco/Marie/Brainsaw_Images/MH_1106265_266_268_StitchingFailed/FirstAttempt_9am_Stitched Images/MH_1106265/recipe_MH_1106265_260109_135808.yml
MERGED_LOGS/branco/Marie/Brainsaw_Images/MH_1106265_266_268_StitchingFailed/FirstAttempt_9am_Stitched Images/MH_1106266/recipe_MH_1106266_260108_161043.yml,MERGED_LOGS/branco/Marie/Brainsaw_Images/MH_1106265_266_268_StitchingFailed/FirstAttempt_9am_Stitched Images/MH_1106266/recipe_MH_1106266_260109_135808.yml
MERGED_LOGS/branco/Marie/Brainsaw_Images/MH_1106265_266_268_StitchingFailed/FirstAttempt_9am_Stitched Images/MH_1106268/recipe_MH_1106268_260108_161043.yml,MERGED_LOGS/branco/Marie/Brainsaw_Images/MH_1106265_266_268_StitchingFailed/FirstAttempt_9am_Stitched Images/MH_1106268/recipe_MH_1106268_260109_135808.yml
MERGED_LOGS/branco/Yiota/Atlas/JF1/1106974/recipe_sample_1106974_260623_145157.yml,MERGED_LOGS/branco/Yiota/Atlas/JF1/1106974/recipe_sample_1106974_260623_121427.yml
MERGED_LOGS/branco/Yiota/Atlas/JF1/1106974/recipe_sample_1106974_260624_093427.yml,MERGED_LOGS/branco/Yiota/Atlas/JF1/1106974/recipe_sample_1106974_260623_121427.yml
MERGED_LOGS/branco/Yiota/Atlas/JF1/1106974/recipe_sample_1106974_260624_093603.yml,MERGED_LOGS/branco/Yiota/Atlas/JF1/1106974/recipe_sample_1106974_260623_121427.yml
MERGED_LOGS/branco/Yiota/Atlas/JF1/1106974/recipe_sample_1106974_260624_094801.yml,MERGED_LOGS/branco/Yiota/Atlas/JF1/1106974/recipe_sample_1106974_260623_121427.yml
MERGED_LOGS/branco/Yiota/Atlas/JF1/1106976/recipe_sample_1106976_260623_145157.yml,MERGED_LOGS/branco/Yiota/Atlas/JF1/1106976/recipe_sample_1106976_260623_121427.yml
MERGED_LOGS/branco/Yiota/Atlas/JF1/1106976/recipe_sample_1106976_260624_093427.yml,MERGED_LOGS/branco/Yiota/Atlas/JF1/1106976/recipe_sample_1106976_260623_121427.yml
MERGED_LOGS/branco/Yiota/Atlas/JF1/1106976/recipe_sample_1106976_260624_093603.yml,MERGED_LOGS/branco/Yiota/Atlas/JF1/1106976/recipe_sample_1106976_260623_121427.yml
MERGED_LOGS/branco/Yiota/Atlas/JF1/1106976/recipe_sample_1106976_260624_094801.yml,MERGED_LOGS/branco/Yiota/Atlas/JF1/1106976/recipe_sample_1106976_260623_121427.yml
MERGED_LOGS/branco/Yiota/Atlas/JF1/1106977/recipe_sample_1106977_260623_145157.yml,MERGED_LOGS/branco/Yiota/Atlas/JF1/1106977/recipe_sample_1106977_260623_121427.yml
MERGED_LOGS/branco/Yiota/Atlas/JF1/1106977/recipe_sample_1106977_260624_093427.yml,MERGED_LOGS/branco/Yiota/Atlas/JF1/1106977/recipe_sample_1106977_260623_121427.yml
MERGED_LOGS/branco/Yiota/Atlas/JF1/1106977/recipe_sample_1106977_260624_093603.yml,MERGED_LOGS/branco/Yiota/Atlas/JF1/1106977/recipe_sample_1106977_260623_121427.yml
MERGED_LOGS/branco/Yiota/Atlas/JF1/1106977/recipe_sample_1106977_260624_094801.yml,MERGED_LOGS/branco/Yiota/Atlas/JF1/1106977/recipe_sample_1106977_260623_121427.yml
MERGED_LOGS/branco/Yiota/Atlas/JF1/1106978/recipe_sample_1106978_260623_145157.yml,MERGED_LOGS/branco/Yiota/Atlas/JF1/1106978/recipe_sample_1106978_260623_121427.yml
MERGED_LOGS/branco/Yiota/Atlas/JF1/1106978/recipe_sample_1106978_260624_093427.yml,MERGED_LOGS/branco/Yiota/Atlas/JF1/1106978/recipe_sample_1106978_260623_121427.yml
MERGED_LOGS/branco/Yiota/Atlas/JF1/1106978/recipe_sample_1106978_260624_093603.yml,MERGED_LOGS/branco/Yiota/Atlas/JF1/1106978/recipe_sample_1106978_260623_121427.yml
MERGED_LOGS/branco/Yiota/Atlas/JF1/1106978/recipe_sample_1106978_260624_094801.yml,MERGED_LOGS/branco/Yiota/Atlas/JF1/1106978/recipe_sample_1106978_260623_121427.yml
MERGED_LOGS/branco/yeqing/brainsaw/YW_1103043/recipe_YW_1103043_230404_130741.yml,MERGED_LOGS/branco/yeqing/brainsaw/YW_1103043/recipe_YW_1103043_230404_103608.yml
MERGED_LOGS/branco/yeqing/brainsaw/YW_1103764/recipe_YW_1103764_231010_140712.yml,MERGED_LOGS/branco/yeqing/brainsaw/YW_1103764/recipe_YW_1103764_231009_195606.yml
MERGED_LOGS/branco/yeqing/brainsaw/YW_1103862/recipe_YW_1103862_231109_174122.yml,MERGED_LOGS/branco/yeqing/brainsaw/YW_1103862/recipe_YW_1103862_231109_174839.yml
MERGED_LOGS/branco/yeqing/brainsaw/YW_1103862_copy/recipe_YW_1103862_231109_174122.yml,MERGED_LOGS/branco/yeqing/brainsaw/YW_1103862_copy/recipe_YW_1103862_231109_174839.yml
MERGED_LOGS/histology/steve_west/00_SWC_ELN/00-SWC/NRF/NRF~015-00/NRF~015-001/00_DATA/DL004/recipe_DL004_210330_132919.yml,MERGED_LOGS/histology/steve_west/00_SWC_ELN/00-SWC/NRF/NRF~015-00/NRF~015-001/00_DATA/DL004/recipe_DL004_210330_122426.yml
MERGED_LOGS/histology/steve_west/00_SWC_ELN/01-SJW/LAB/LAB~011-00/LAB~011-001/00_DATA/DL004/recipe_DL004_210330_132919.yml,MERGED_LOGS/histology/steve_west/00_SWC_ELN/01-SJW/LAB/LAB~011-00/LAB~011-001/00_DATA/DL004/recipe_DL004_210330_122426.yml
MERGED_LOGS/isogai/SB_TRAP_821_240325/recipe_SB_TRAP_821_240325_240325_162346.yml,MERGED_LOGS/isogai/SB_TRAP_821_240325/recipe_SB_TRAP_821_240325_240325_125826.yml
MERGED_LOGS/isogai/SB_TRAP_827_837_822_836_240318/822/recipe_sample_822_240319_153818.yml,MERGED_LOGS/isogai/SB_TRAP_827_837_822_836_240318/822/recipe_sample_822_240318_130403.yml
MERGED_LOGS/isogai/SB_TRAP_827_837_822_836_240318/827/recipe_sample_827_240319_153818.yml,MERGED_LOGS/isogai/SB_TRAP_827_837_822_836_240318/827/recipe_sample_827_240318_130403.yml
MERGED_LOGS/isogai/SB_TRAP_827_837_822_836_240318/836/recipe_sample_836_240319_153818.yml,MERGED_LOGS/isogai/SB_TRAP_827_837_822_836_240318/836/recipe_sample_836_240318_130403.yml
MERGED_LOGS/isogai/SB_TRAP_827_837_822_836_240318/837/recipe_sample_837_240319_153818.yml,MERGED_LOGS/isogai/SB_TRAP_827_837_822_836_240318/837/recipe_sample_837_240318_130403.yml
MERGED_LOGS/isogai/Suzy_backup/Rabies_tracing/BrainSaw/SomSamples/XC_1085592_somcre/recipe_XC_1085592_somcre_220824_164124.yml,MERGED_LOGS/isogai/Suzy_backup/Rabies_tracing/BrainSaw/SomSamples/XC_1085592_somcre/recipe_XC_1085592_somcre_220824_112217.yml
MERGED_LOGS/isogai/Suzy_backup/Rabies_tracing/BrainSaw/VgatSample/XC_1085535/recipe_XC_1085535_vgatcre_220824_164124.yml,MERGED_LOGS/isogai/Suzy_backup/Rabies_tracing/BrainSaw/VgatSample/XC_1085535/recipe_XC_1085535_vgatcre_220824_112217.yml
MERGED_LOGS/isogai/brainsaw/Suzy/DreaddsExperiment/xc_1086279/recipe_xc_1086279_230316_142546.yml,MERGED_LOGS/isogai/brainsaw/Suzy/DreaddsExperiment/xc_1086279/recipe_xc_1086279_230314_144659.yml
MERGED_LOGS/isogai/brainsaw/Suzy/SB_TRAP029_030_031_230904/firstrun/recipe_SB_TRAP029_030_031_230904_230904_174448.yml,MERGED_LOGS/isogai/brainsaw/Suzy/SB_TRAP029_030_031_230904/TRAP029/recipe_TRAP029_230904_175642.yml
MERGED_LOGS/isogai/brainsaw/Suzy/synGFPproject/xc_1086941synGFP/recipe_xc_1086941synGFP_230701_133027.yml,MERGED_LOGS/isogai/brainsaw/Suzy/synGFPproject/xc_1086941synGFP/recipe_xc_1086941synGFP_230701_134050.yml
MERGED_LOGS/isogai/brainsaw/Suzy/xc_1086931som/recipe_xc_1086931som_230610_135055.yml,MERGED_LOGS/isogai/brainsaw/Suzy/xc_1086931som/recipe_xc_1086931som_230610_133737.yml
MERGED_LOGS/isogai/brainsaw/Suzy/xc_1086932som/recipe_xc_1086932som_230611_163956.yml,MERGED_LOGS/isogai/brainsaw/Suzy/xc_1086932som/recipe_xc_1086932som_230611_160050.yml
MERGED_LOGS/isogai/brainsaw/Suzy/xc_1087075som/recipe_xc_1087075som_230618_141553.yml,MERGED_LOGS/isogai/brainsaw/Suzy/xc_1087075som/recipe_xc_1087075som_230618_142649.yml
MERGED_LOGS/isogai/brainsaw/risa_1086595/recipe_risa_1086595_230516_202906.yml,MERGED_LOGS/isogai/brainsaw/risa_1086595/recipe_risa_1086595_230516_193954.yml
MERGED_LOGS/margrie/Molly/serial_2p/AM118_5/recipe_AM118_5_190204_123908.yml,MERGED_LOGS/margrie/Molly/serial_2p/AM118_5/recipe_AM118_5_190204_113411.yml
MERGED_LOGS/margrie/Molly/serial_2p/AM118_5/recipe_AM118_5_190204_130743.yml,MERGED_LOGS/margrie/Molly/serial_2p/AM118_5/recipe_AM118_5_190204_113411.yml
MERGED_LOGS/margrie/Molly/serial_2p/MS_1111986_GAD/recipe_MS_1111986_GAD_200721_192043.yml,MERGED_LOGS/margrie/Molly/serial_2p/MS_1111986_GAD/recipe_MS_1111986_GAD_200721_105433.yml
MERGED_LOGS/margrie/Molly/serial_2p/MS_DD20_4/recipe_MS_DD20_1_190919_102532.yml,MERGED_LOGS/margrie/Molly/serial_2p/MS_DD20_4/recipe_MS_DD20_4_190919_102532.yml
MERGED_LOGS/margrie/Molly/serial_2p/MS_DD5_3/recipe_MS_DD5_3_190329_163944.yml,MERGED_LOGS/margrie/Molly/serial_2p/MS_DD5_3/recipe_MS_DD5_3_190329_141851.yml
MERGED_LOGS/margrie/Molly/serial_2p/MS_FN_1111806/recipe_MS_FN_1111806_200622_124753.yml,MERGED_LOGS/margrie/Molly/serial_2p/MS_FN_1111806/recipe_MS_FN_1111806_200620_164054.yml
MERGED_LOGS/margrie/Molly/serial_2p/MS_FN_1111808/recipeArchive/recipe_MS_FN_1111808_200715_232752.yml,MERGED_LOGS/margrie/Molly/serial_2p/MS_FN_1111808/recipeArchive/recipe_MS_FN_1111808_200715_121517.yml
MERGED_LOGS/margrie/Molly/serial_2p/MS_FN_1111808/recipeArchive/recipe_MS_FN_1111808_200716_025621.yml,MERGED_LOGS/margrie/Molly/serial_2p/MS_FN_1111808/recipeArchive/recipe_MS_FN_1111808_200715_121517.yml
MERGED_LOGS/margrie/Molly/serial_2p/MS_FN_1111808/recipeArchive/recipe_MS_FN_1111808_200716_054622.yml,MERGED_LOGS/margrie/Molly/serial_2p/MS_FN_1111808/recipeArchive/recipe_MS_FN_1111808_200715_121517.yml
MERGED_LOGS/margrie/Molly/serial_2p/MS_FN_1111808/recipeArchive/recipe_MS_FN_1111808_200716_064813.yml,MERGED_LOGS/margrie/Molly/serial_2p/MS_FN_1111808/recipeArchive/recipe_MS_FN_1111808_200715_121517.yml
MERGED_LOGS/margrie/Molly/serial_2p/MS_FN_1111808/recipeArchive/recipe_MS_FN_1111808_200716_070622.yml,MERGED_LOGS/margrie/Molly/serial_2p/MS_FN_1111808/recipeArchive/recipe_MS_FN_1111808_200715_121517.yml
MERGED_LOGS/margrie/Molly/serial_2p/MS_FN_1111808/recipeArchive/recipe_MS_FN_1111808_200716_073159.yml,MERGED_LOGS/margrie/Molly/serial_2p/MS_FN_1111808/recipeArchive/recipe_MS_FN_1111808_200715_121517.yml
MERGED_LOGS/margrie/RSP_tracing/SK_CT/SK_CX_2137_brainsaw/recipe_SK_CX2137_210510_125627.yml,MERGED_LOGS/margrie/RSP_tracing/SK_CT/SK_CX_2137_brainsaw/recipe_SK_CX2137_210510_111531.yml
MERGED_LOGS/margrie/RSP_tracing/SK_CT/SK_CX_2139_brainsaw/recipe_SK_CX2139_210510_125627.yml,MERGED_LOGS/margrie/RSP_tracing/SK_CT/SK_CX_2139_brainsaw/recipe_SK_CX2139_210510_111531.yml
MERGED_LOGS/margrie/SimonWeiler/RawData/Tracing_Imaging/serial2p/Bird_brains/SW_BC40/recipe_SW_BC40_210319_105419.yml,MERGED_LOGS/margrie/SimonWeiler/RawData/Tracing_Imaging/serial2p/Bird_brains/SW_BC40/recipe_SW_BC40_210318_174631.yml
MERGED_LOGS/margrie/SimonWeiler/RawData/Tracing_Imaging/serial2p/Bird_brains/SW_ZF3925/recipe_SW_ZF3925_220610_120307.yml,MERGED_LOGS/margrie/SimonWeiler/RawData/Tracing_Imaging/serial2p/Bird_brains/SW_ZF3925/recipe_SW_ZF3925_220609_114202.yml
MERGED_LOGS/margrie/SimonWeiler/RawData/Tracing_Imaging/serial2p/Bird_brains/SW_ZF4006/recipe_SW_ZF4006_220610_120307.yml,MERGED_LOGS/margrie/SimonWeiler/RawData/Tracing_Imaging/serial2p/Bird_brains/SW_ZF4006/recipe_SW_ZF4006_220609_114202.yml
MERGED_LOGS/margrie/SimonWeiler/RawData/Tracing_Imaging/serial2p/Bird_brains/SW_ZF65/recipe_SW_ZF65_220610_120307.yml,MERGED_LOGS/margrie/SimonWeiler/RawData/Tracing_Imaging/serial2p/Bird_brains/SW_ZF65/recipe_SW_ZF65_220609_114202.yml
MERGED_LOGS/margrie/SimonWeiler/RawData/Tracing_Imaging/serial2p/SW_5269/recipe_SW_5269_210928_132305.yml,MERGED_LOGS/margrie/SimonWeiler/RawData/Tracing_Imaging/serial2p/SW_5269/recipe_SW_5269_210928_104541.yml
MERGED_LOGS/margrie/SimonWeiler/RawData/Tracing_Imaging/serial2p/SW_5269/recipe_SW_5269_210928_133321.yml,MERGED_LOGS/margrie/SimonWeiler/RawData/Tracing_Imaging/serial2p/SW_5269/recipe_SW_5269_210928_104541.yml
MERGED_LOGS/margrie/SimonWeiler/RawData/Tracing_Imaging/serial2p/SW_5269/recipe_SW_5269_210928_134018.yml,MERGED_LOGS/margrie/SimonWeiler/RawData/Tracing_Imaging/serial2p/SW_5269/recipe_SW_5269_210928_104541.yml
MERGED_LOGS/margrie/atyson/cellfinder/data/nuclear/LR/LBR_rb_rg_ON_1/recipe_LBR_rb_rgON_1_191031_162255.yml,MERGED_LOGS/margrie/atyson/cellfinder/data/nuclear/LR/LBR_rb_rg_ON_1/recipe_LBR_rb_rgON_1_191031_103516.yml
MERGED_LOGS/margrie/juliaw/2023_SNL/rawdata/972991/recipe_SL_972991_191119_181912.yml,MERGED_LOGS/margrie/juliaw/2023_SNL/rawdata/972991/recipe_SL_972991_191119_123949.yml
MERGED_LOGS/margrie/juliaw/rawdata/972991/recipe_SL_972991_191119_181912.yml,MERGED_LOGS/margrie/juliaw/rawdata/972991/recipe_SL_972991_191119_123949.yml
MERGED_LOGS/margrie/juliaw/serial2p/whole_brains/raw/1106447/recipe_JW_1106447_260209_175725.yml,MERGED_LOGS/margrie/juliaw/serial2p/whole_brains/raw/1106447/recipe_JW_1106447_260209_143222.yml
MERGED_LOGS/margrie/juliaw/serial2p/whole_brains/raw/1143589/recipe_sample_1143589_251216_132552.yml,MERGED_LOGS/margrie/juliaw/serial2p/whole_brains/raw/1143589/recipe_sample_1143589_251215_145543.yml
MERGED_LOGS/margrie/mvelez/mateoData_NeuroVision/CA_468_4/recipe_CA_468_4_190725_114919.yml,MERGED_LOGS/margrie/mvelez/mateoData_NeuroVision/CA_468_4/recipe_CA_468_4_190725_114453.yml
MERGED_LOGS/margrie/mvelez/mateoData_NeuroVision/MVF_CAA-1115211/recipe_MVF_CAA-1115211_210920_114157.yml,MERGED_LOGS/margrie/mvelez/mateoData_NeuroVision/MVF_CAA-1115211/recipe_MVF_CAA-1115211_210920_113519.yml
MERGED_LOGS/margrie/mvelez/mateoData_NeuroVision/MVF_four_probe_brains/CAA_1110262/recipe_MVF_four_brains_200713_143447.yml,MERGED_LOGS/margrie/mvelez/mateoData_NeuroVision/MVF_four_probe_brains/CAA_1110262/recipe_MVF_four_brains_200713_142540.yml
MERGED_LOGS/margrie/mvelez/mateoData_NeuroVision/MVF_four_probe_brains/CAA_1110263/recipe_MVF_four_brains_200713_143447.yml,MERGED_LOGS/margrie/mvelez/mateoData_NeuroVision/MVF_four_probe_brains/CAA_1110263/recipe_MVF_four_brains_200713_142540.yml
MERGED_LOGS/margrie/mvelez/mateoData_NeuroVision/MVF_four_probe_brains/CAA_1110264/recipe_MVF_four_brains_200713_143447.yml,MERGED_LOGS/margrie/mvelez/mateoData_NeuroVision/MVF_four_probe_brains/CAA_1110264/recipe_MVF_four_brains_200713_142540.yml
MERGED_LOGS/margrie/mvelez/mateoData_NeuroVision/MVF_four_probe_brains/CAA_1110265/recipe_MVF_four_brains_200713_143447.yml,MERGED_LOGS/margrie/mvelez/mateoData_NeuroVision/MVF_four_probe_brains/CAA_1110265/recipe_MVF_four_brains_200713_142540.yml
MERGED_LOGS/margrie/slenzi/serial2p/whole_brains/raw/972991/recipe_SL_972991_191119_181912.yml,MERGED_LOGS/margrie/slenzi/serial2p/whole_brains/raw/972991/recipe_SL_972991_191119_123949.yml
MERGED_LOGS/margrie/slenzi/serial2p/whole_brains/raw/SL_1100816_b/recipe_SL_1100816_b_240628_142459.yml,MERGED_LOGS/margrie/slenzi/serial2p/whole_brains/raw/SL_1100816/recipe_SL_1100816_240628_142030.yml
MERGED_LOGS/margrie/slenzi/serial2p/whole_brains/raw/SL_949637/recipe_SL_949637_190905_175048.yml,MERGED_LOGS/margrie/slenzi/serial2p/whole_brains/raw/SL_949637/recipe_SL_949637_190905_115028.yml
MERGED_LOGS/margrie/slenzi/serial2p/whole_brains/raw/SL_949637/recipe_SL_949637_190905_214943.yml,MERGED_LOGS/margrie/slenzi/serial2p/whole_brains/raw/SL_949637/recipe_SL_949637_190905_115028.yml
MERGED_LOGS/margrie/slenzi/serial2p/whole_brains/raw/SL_957080/recipe_SL_957080_190906_142937.yml,MERGED_LOGS/margrie/slenzi/serial2p/whole_brains/raw/SL_957080/recipe_SL_957080_190906_123230.yml
MERGED_LOGS/margrie/slenzi/serial2p/whole_brains/raw/SL_972991/SL_972992/recipe_SL_972992_191119_181912.yml,MERGED_LOGS/margrie/slenzi/serial2p/whole_brains/raw/SL_972991/SL_972992/recipe_SL_972992_191119_123949.yml
MERGED_LOGS/margrie/slenzi/winstor_copy/serial2p/whole_brains/raw/972991/recipe_SL_972991_191119_181912.yml,MERGED_LOGS/margrie/slenzi/winstor_copy/serial2p/whole_brains/raw/972991/recipe_SL_972991_191119_123949.yml
MERGED_LOGS/margrie/slenzi/winstor_copy/serial2p/whole_brains/raw/SL_949637/recipe_SL_949637_190905_175048.yml,MERGED_LOGS/margrie/slenzi/winstor_copy/serial2p/whole_brains/raw/SL_949637/recipe_SL_949637_190905_115028.yml
MERGED_LOGS/margrie/slenzi/winstor_copy/serial2p/whole_brains/raw/SL_949637/recipe_SL_949637_190905_214943.yml,MERGED_LOGS/margrie/slenzi/winstor_copy/serial2p/whole_brains/raw/SL_949637/recipe_SL_949637_190905_115028.yml
MERGED_LOGS/margrie/slenzi/winstor_copy/serial2p/whole_brains/raw/SL_957080/recipe_SL_957080_190906_142937.yml,MERGED_LOGS/margrie/slenzi/winstor_copy/serial2p/whole_brains/raw/SL_957080/recipe_SL_957080_190906_123230.yml
MERGED_LOGS/margrie/slenzi/winstor_copy/serial2p/whole_brains/raw/SL_972991/SL_972992/recipe_SL_972992_191119_181912.yml,MERGED_LOGS/margrie/slenzi/winstor_copy/serial2p/whole_brains/raw/SL_972991/SL_972992/recipe_SL_972992_191119_123949.yml
MERGED_LOGS/margrie/sweiler/RawData/Tracing_Imaging/serial2p/Bird_brains/zebra_finch_atlas/female/SW_ZF65f/recipe_SW_ZF65_220610_120307.yml,MERGED_LOGS/margrie/sweiler/RawData/Tracing_Imaging/serial2p/Bird_brains/zebra_finch_atlas/female/SW_ZF65f/recipe_SW_ZF65_220609_114202.yml
MERGED_LOGS/margrie/sweiler/RawData/Tracing_Imaging/serial2p/Bird_brains/zebra_finch_atlas/female/ZF_8277f_trans/recipe_ZF_8277f_trans_250730_172435.yml,MERGED_LOGS/margrie/sweiler/RawData/Tracing_Imaging/serial2p/Bird_brains/zebra_finch_atlas/female/ZF_8277f_trans/recipe_ZF_8277f_trans_250730_142606.yml
MERGED_LOGS/margrie/sweiler/RawData/Tracing_Imaging/serial2p/SW_0181/recipe_SW_0181_260612_105842.yml,MERGED_LOGS/margrie/sweiler/RawData/Tracing_Imaging/serial2p/SW_0181/recipe_SW_0181_260612_113112.yml
MERGED_LOGS/margrie/sweiler/RawData/Tracing_Imaging/serial2p/SW_0182/recipe_SW_0182_260612_105842.yml,MERGED_LOGS/margrie/sweiler/RawData/Tracing_Imaging/serial2p/SW_0182/recipe_SW_0182_260612_113112.yml
MERGED_LOGS/margrie/sweiler/RawData/Tracing_Imaging/serial2p/SW_0509/recipe_SW_0509_260612_105842.yml,MERGED_LOGS/margrie/sweiler/RawData/Tracing_Imaging/serial2p/SW_0509/recipe_SW_0509_260612_113112.yml
MERGED_LOGS/margrie/sweiler/RawData/Tracing_Imaging/serial2p/SW_0819/recipe_SW_0819_260612_105842.yml,MERGED_LOGS/margrie/sweiler/RawData/Tracing_Imaging/serial2p/SW_0819/recipe_SW_0819_260612_113112.yml
MERGED_LOGS/margrie/sweiler/RawData/Tracing_Imaging/serial2p/SW_3991/recipe_SW_3991_260518_175601.yml,MERGED_LOGS/margrie/sweiler/RawData/Tracing_Imaging/serial2p/SW_3991/recipe_SW_3991_260518_190012.yml
MERGED_LOGS/margrie/sweiler/winstor_migrate/RawData/Tracing_Imaging/serial2p/Bird_brains/black_cap_atlas/SW_BC40/recipe_SW_BC40_210319_105419.yml,MERGED_LOGS/margrie/sweiler/winstor_migrate/RawData/Tracing_Imaging/serial2p/Bird_brains/black_cap_atlas/SW_BC40/recipe_SW_BC40_210318_174631.yml
MERGED_LOGS/margrie/sweiler/winstor_migrate/RawData/Tracing_Imaging/serial2p/Bird_brains/try_out_brains/SW_ZF4006/recipe_SW_ZF4006_220610_120307.yml,MERGED_LOGS/margrie/sweiler/winstor_migrate/RawData/Tracing_Imaging/serial2p/Bird_brains/try_out_brains/SW_ZF4006/recipe_SW_ZF4006_220609_114202.yml
MERGED_LOGS/margrie/sweiler/winstor_migrate/RawData/Tracing_Imaging/serial2p/Bird_brains/zebra_finch_atlas/SW_ZF3925/recipe_SW_ZF3925_220610_120307.yml,MERGED_LOGS/margrie/sweiler/winstor_migrate/RawData/Tracing_Imaging/serial2p/Bird_brains/zebra_finch_atlas/SW_ZF3925/recipe_SW_ZF3925_220609_114202.yml
MERGED_LOGS/margrie/sweiler/winstor_migrate/RawData/Tracing_Imaging/serial2p/SW_5269/recipe_SW_5269_210928_132305.yml,MERGED_LOGS/margrie/sweiler/winstor_migrate/RawData/Tracing_Imaging/serial2p/SW_5269/recipe_SW_5269_210928_104541.yml
MERGED_LOGS/margrie/sweiler/winstor_migrate/RawData/Tracing_Imaging/serial2p/SW_5269/recipe_SW_5269_210928_133321.yml,MERGED_LOGS/margrie/sweiler/winstor_migrate/RawData/Tracing_Imaging/serial2p/SW_5269/recipe_SW_5269_210928_104541.yml
MERGED_LOGS/margrie/sweiler/winstor_migrate/RawData/Tracing_Imaging/serial2p/SW_5269/recipe_SW_5269_210928_134018.yml,MERGED_LOGS/margrie/sweiler/winstor_migrate/RawData/Tracing_Imaging/serial2p/SW_5269/recipe_SW_5269_210928_104541.yml
MERGED_LOGS/margrie/sweiler/winstor_migrate/RawData/Tracing_Imaging/serial2p/SW_musc1/recipe_SW_musc1_230818_135703.yml,MERGED_LOGS/margrie/sweiler/winstor_migrate/RawData/Tracing_Imaging/serial2p/SW_musc1/recipe_SW_musc1_230818_120735.yml
MERGED_LOGS/margrie/tchapli/brains/TC_1112353_1112355/TC_1112353/recipe_TC_1112353_210722_191018.yml,MERGED_LOGS/margrie/tchapli/brains/TC_1112353_1112355/TC_1112353/recipe_TC_1112353_210722_112746.yml
MERGED_LOGS/margrie/tchapli/brains/TC_1112353_1112355/TC_1112355/recipe_TC_1112355_210722_191018.yml,MERGED_LOGS/margrie/tchapli/brains/TC_1112353_1112355/TC_1112355/recipe_TC_1112355_210722_112746.yml
MERGED_LOGS/margrie/tchapli/brains/TC_1118318_CCX/recipe_TC_1118318_CCX_221214_104725.yml,MERGED_LOGS/margrie/tchapli/brains/TC_1118318_CCX/recipe_TC_1118318_CCX_221214_122419.yml
MERGED_LOGS/margrie/tchapli/brains/TC_CX_1116663/recipe_TC_CX_1116663_220705_113040.yml,MERGED_LOGS/margrie/tchapli/brains/TC_CX_1116663/recipe_TC_CX_1116663_220705_114634.yml
MERGED_LOGS/margrie/tchapli/brains/TC_CX_1116994/recipe_TC_CX_1116994_220705_113040.yml,MERGED_LOGS/margrie/tchapli/brains/TC_CX_1116994/recipe_TC_CX_1116994_220705_114634.yml
MERGED_LOGS/margrie/tchapli/brains/TC_CX_1117217/recipe_TC_CX_1117217_220705_113040.yml,MERGED_LOGS/margrie/tchapli/brains/TC_CX_1117217/recipe_TC_CX_1117217_220705_114634.yml
MERGED_LOGS/mrsic_flogel/public/projects/AlFr_20180601_vLGN/Anatomy/Anterograde/AAV_vLGN/NOS/NOS_FirstRound_Andre/recipe_AMS_EYFP_NOS_vlgn_190501_180601.yml,MERGED_LOGS/mrsic_flogel/public/projects/AlFr_20180601_vLGN/Anatomy/Anterograde/AAV_vLGN/NOS/NOS_FirstRound_Andre/recipe_AMS_EYFP_NOS_vlgn_190501_115036.yml
MERGED_LOGS/mrsic_flogel/public/projects/AlFr_20180601_vLGN/Anatomy/Anterograde/AAV_vLGN/NOS/NOS_FirstRound_Andre/recipe_AMS_EYFP_NOS_vlgn_190501_191513.yml,MERGED_LOGS/mrsic_flogel/public/projects/AlFr_20180601_vLGN/Anatomy/Anterograde/AAV_vLGN/NOS/NOS_FirstRound_Andre/recipe_AMS_EYFP_NOS_vlgn_190501_115036.yml
MERGED_LOGS/mrsic_flogel/public/projects/AlFr_20180601_vLGN/Anatomy/Anterograde/AAV_vLGN/NOS/NOS_FirstRound_Andre/recipe_AMS_EYFP_NOS_vlgn_190501_210839.yml,MERGED_LOGS/mrsic_flogel/public/projects/AlFr_20180601_vLGN/Anatomy/Anterograde/AAV_vLGN/NOS/NOS_FirstRound_Andre/recipe_AMS_EYFP_NOS_vlgn_190501_115036.yml
MERGED_LOGS/mrsic_flogel/public/projects/AlFr_20180601_vLGN/Anatomy/Anterograde/AAV_vLGN/NOS/NOS_FirstRound_Andre/recipe_AMS_EYFP_NOS_vlgn_190501_234833.yml,MERGED_LOGS/mrsic_flogel/public/projects/AlFr_20180601_vLGN/Anatomy/Anterograde/AAV_vLGN/NOS/NOS_FirstRound_Andre/recipe_AMS_EYFP_NOS_vlgn_190501_115036.yml
MERGED_LOGS/mrsic_flogel/public/projects/AlFr_20180601_vLGN/Anatomy/Anterograde/AAV_vLGN/PV/PV_SecoundRound_Andre/ROI_1/recipe_ROI_1_190425_132232.yml,MERGED_LOGS/mrsic_flogel/public/projects/AlFr_20180601_vLGN/Anatomy/Anterograde/AAV_vLGN/PV/PV_SecoundRound_Andre/ROI_1/recipe_ROI_1_190425_132008.yml
MERGED_LOGS/mrsic_flogel/public/projects/AlFr_20180601_vLGN/Anatomy/Anterograde/AAV_vLGN/PV/PV_SecoundRound_Andre/ROI_2/recipe_ROI_2_190425_132232.yml,MERGED_LOGS/mrsic_flogel/public/projects/AlFr_20180601_vLGN/Anatomy/Anterograde/AAV_vLGN/PV/PV_SecoundRound_Andre/ROI_2/recipe_ROI_2_190425_132008.yml
MERGED_LOGS/mrsic_flogel/public/projects/AlFr_20180601_vLGN/Anatomy/Anterograde/AAV_vLGN/PV/PV_SecoundRound_Andre/recipe_AMS_EYFP_PV_vlgn_190425_132232.yml,MERGED_LOGS/mrsic_flogel/public/projects/AlFr_20180601_vLGN/Anatomy/Anterograde/AAV_vLGN/PV/PV_SecoundRound_Andre/recipe_AMS_EYFP_PV_vlgn_190425_132008.yml
MERGED_LOGS/mrsic_flogel/public/projects/AlFr_20180601_vLGN/Anatomy/Anterograde/AAV_vLGN/SST/SST_GoodRound_AndreAndAlex/SST1/recipe_ROI_1_190613_092730.yml,MERGED_LOGS/mrsic_flogel/public/projects/AlFr_20180601_vLGN/Anatomy/Anterograde/AAV_vLGN/SST/SST_GoodRound_AndreAndAlex/SST1/recipe_ROI_1_190612_110815.yml
MERGED_LOGS/mrsic_flogel/public/projects/AlFr_20180601_vLGN/Anatomy/Anterograde/AAV_vLGN/SST/SST_GoodRound_AndreAndAlex/SST2/recipe_ROI_2_190613_092730.yml,MERGED_LOGS/mrsic_flogel/public/projects/AlFr_20180601_vLGN/Anatomy/Anterograde/AAV_vLGN/SST/SST_GoodRound_AndreAndAlex/SST2/recipe_ROI_2_190612_110815.yml
MERGED_LOGS/mrsic_flogel/public/projects/AlFr_20180601_vLGN/Anatomy/Anterograde/AAV_vLGN/SST/SST_GoodRound_AndreAndAlex/SST3/recipe_ROI_3_190613_092730.yml,MERGED_LOGS/mrsic_flogel/public/projects/AlFr_20180601_vLGN/Anatomy/Anterograde/AAV_vLGN/SST/SST_GoodRound_AndreAndAlex/SST3/recipe_ROI_3_190612_110815.yml
MERGED_LOGS/mrsic_flogel/public/projects/AlFr_20180601_vLGN/Anatomy/Anterograde/AAV_vLGN/SST/SST_GoodRound_AndreAndAlex/SST4/recipe_ROI_4_190613_092730.yml,MERGED_LOGS/mrsic_flogel/public/projects/AlFr_20180601_vLGN/Anatomy/Anterograde/AAV_vLGN/SST/SST_GoodRound_AndreAndAlex/SST4/recipe_ROI_4_190612_110815.yml
MERGED_LOGS/mrsic_flogel/public/projects/AlFr_20180601_vLGN/Anatomy/Anterograde/AAV_vLGN/SST/SST_GoodRound_AndreAndAlex/recipe_AMS_AF_SSTcre_EYFP_190613_092730.yml,MERGED_LOGS/mrsic_flogel/public/projects/AlFr_20180601_vLGN/Anatomy/Anterograde/AAV_vLGN/SST/SST_GoodRound_AndreAndAlex/recipe_AMS_AF_SSTcre_EYFP_190612_110815.yml
MERGED_LOGS/mrsic_flogel/public/projects/AlFr_20180601_vLGN/Anatomy/Anterograde/jumpingAAV_SC/SC_jumpingAAV/recipe_AF_SC_jumpingAAV_190827_111948.yml,MERGED_LOGS/mrsic_flogel/public/projects/AlFr_20180601_vLGN/Anatomy/Anterograde/jumpingAAV_SC/SC_jumpingAAV/recipe_AF_SC_jumpingAAV_190827_083427.yml
MERGED_LOGS/mrsic_flogel/public/projects/AlFr_20180601_vLGN/Anatomy/Retrograde/Rabies_vLGN/WT/RA05/recipe_FASTPREVIEW_180925_162918.yml,MERGED_LOGS/mrsic_flogel/public/projects/AlFr_20180601_vLGN/Anatomy/Retrograde/Rabies_vLGN/WT/RA05/recipe_FASTPREVIEW_180925_130721.yml
MERGED_LOGS/mrsic_flogel/public/projects/AlFr_20180601_vLGN/Anatomy/Retrograde/Retrograde_SC/CAV2_SC/recipe_CAv2_SC_181203_175929.yml,MERGED_LOGS/mrsic_flogel/public/projects/AlFr_20180601_vLGN/Anatomy/Retrograde/Retrograde_SC/CAV2_SC/recipe_CAV2_SC_181203_173645.yml
MERGED_LOGS/mrsic_flogel/public/projects/AlFr_20180601_vLGN/EscapeBehaviour/Histology/Chr2/C2vGmSC/C2vGmSC10/recipe_ROI_6_201119_175241.yml,MERGED_LOGS/mrsic_flogel/public/projects/AlFr_20180601_vLGN/EscapeBehaviour/Histology/Chr2/C2vGmSC/C2vGmSC10/recipe_ROI_6_201119_145645.yml
MERGED_LOGS/mrsic_flogel/public/projects/AlFr_20180601_vLGN/EscapeBehaviour/Histology/Chr2/C2vGmSC/C2vGmSC7/recipe_ROI_4_201119_175241.yml,MERGED_LOGS/mrsic_flogel/public/projects/AlFr_20180601_vLGN/EscapeBehaviour/Histology/Chr2/C2vGmSC/C2vGmSC7/recipe_ROI_4_201119_145645.yml
MERGED_LOGS/mrsic_flogel/public/projects/AlFr_20180601_vLGN/EscapeBehaviour/Histology/Chr2/C2vGmSC/C2vGmSC9/recipe_ROI_5_201119_175241.yml,MERGED_LOGS/mrsic_flogel/public/projects/AlFr_20180601_vLGN/EscapeBehaviour/Histology/Chr2/C2vGmSC/C2vGmSC9/recipe_ROI_5_201119_145645.yml
MERGED_LOGS/mrsic_flogel/public/projects/AlFr_20180601_vLGN/EscapeBehaviour/Histology/Chr2/C2vGvLG/C2vGvLG10/recipe_ROI_2_201119_175241.yml,MERGED_LOGS/mrsic_flogel/public/projects/AlFr_20180601_vLGN/EscapeBehaviour/Histology/Chr2/C2vGvLG/C2vGvLG10/recipe_ROI_2_201119_145645.yml
MERGED_LOGS/mrsic_flogel/public/projects/AlFr_20180601_vLGN/EscapeBehaviour/Histology/Chr2/C2vGvLG/C2vGvLG11/recipe_ROI_3_201119_175241.yml,MERGED_LOGS/mrsic_flogel/public/projects/AlFr_20180601_vLGN/EscapeBehaviour/Histology/Chr2/C2vGvLG/C2vGvLG11/recipe_ROI_3_201119_145645.yml
MERGED_LOGS/mrsic_flogel/public/projects/AlFr_20180601_vLGN/EscapeBehaviour/Histology/Chr2/C2vGvLG/C2vGvLG15/recipe_C2vGvLG15_210623_232955.yml,MERGED_LOGS/mrsic_flogel/public/projects/AlFr_20180601_vLGN/EscapeBehaviour/Histology/Chr2/C2vGvLG/C2vGvLG15/recipe_C2vGvLG15_210623_231812.yml
MERGED_LOGS/mrsic_flogel/public/projects/AlFr_20180601_vLGN/EscapeBehaviour/Histology/Chr2/C2vGvLG/C2vGvLG16/recipe_C2vGvLG16_210623_232955.yml,MERGED_LOGS/mrsic_flogel/public/projects/AlFr_20180601_vLGN/EscapeBehaviour/Histology/Chr2/C2vGvLG/C2vGvLG16/recipe_C2vGvLG16_210623_231812.yml
MERGED_LOGS/mrsic_flogel/public/projects/AlFr_20180601_vLGN/EscapeBehaviour/Histology/Chr2/C2vGvLG/C2vGvLG17/recipe_C2vGvLG17_210623_232955.yml,MERGED_LOGS/mrsic_flogel/public/projects/AlFr_20180601_vLGN/EscapeBehaviour/Histology/Chr2/C2vGvLG/C2vGvLG17/recipe_C2vGvLG17_210623_231812.yml
MERGED_LOGS/mrsic_flogel/public/projects/AlFr_20180601_vLGN/EscapeBehaviour/Histology/Chr2/C2vGvLG/C2vGvLG18/recipe_C2vGvLG18_210623_232955.yml,MERGED_LOGS/mrsic_flogel/public/projects/AlFr_20180601_vLGN/EscapeBehaviour/Histology/Chr2/C2vGvLG/C2vGvLG18/recipe_C2vGvLG18_210623_231812.yml
MERGED_LOGS/mrsic_flogel/public/projects/AlFr_20180601_vLGN/EscapeBehaviour/Histology/Chr2/C2vGvLG/C2vGvLG9/recipe_ROI_1_201119_175241.yml,MERGED_LOGS/mrsic_flogel/public/projects/AlFr_20180601_vLGN/EscapeBehaviour/Histology/Chr2/C2vGvLG/C2vGvLG9/recipe_ROI_1_201119_145645.yml
MERGED_LOGS/mrsic_flogel/public/projects/AlFr_20180601_vLGN/EscapeBehaviour/Histology/Controls/C2vGvLS_ctrl2/recipe_AF_NV_FPvGvLG5_GFPcontrols_200626_135242.yml,MERGED_LOGS/mrsic_flogel/public/projects/AlFr_20180601_vLGN/EscapeBehaviour/Histology/Controls/C2vGvLS_ctrl2/recipe_AF_NV_FPvGvLG5_GFPcontrols_200626_122149.yml
MERGED_LOGS/mrsic_flogel/public/projects/AlFr_20180601_vLGN/EscapeBehaviour/Histology/Controls/C2vGvLS_ctrl2/recipe_AF_NV_FPvGvLG5_GFPcontrols_200626_140424.yml,MERGED_LOGS/mrsic_flogel/public/projects/AlFr_20180601_vLGN/EscapeBehaviour/Histology/Controls/C2vGvLS_ctrl2/recipe_AF_NV_FPvGvLG5_GFPcontrols_200626_122149.yml
MERGED_LOGS/mrsic_flogel/public/projects/AlFr_20180601_vLGN/EscapeBehaviour/Histology/Controls/C2vGvLS_ctrl3/recipe_AF_NV_FPvGvLG5_GFPcontrols_200626_135242.yml,MERGED_LOGS/mrsic_flogel/public/projects/AlFr_20180601_vLGN/EscapeBehaviour/Histology/Controls/C2vGvLS_ctrl3/recipe_AF_NV_FPvGvLG5_GFPcontrols_200626_122149.yml
MERGED_LOGS/mrsic_flogel/public/projects/AlFr_20180601_vLGN/EscapeBehaviour/Histology/Controls/C2vGvLS_ctrl3/recipe_AF_NV_FPvGvLG5_GFPcontrols_200626_140424.yml,MERGED_LOGS/mrsic_flogel/public/projects/AlFr_20180601_vLGN/EscapeBehaviour/Histology/Controls/C2vGvLS_ctrl3/recipe_AF_NV_FPvGvLG5_GFPcontrols_200626_122149.yml
MERGED_LOGS/mrsic_flogel/public/projects/AlFr_20180601_vLGN/EscapeBehaviour/Histology/GtACR/old/872680/recipe_AF_GtACR_Weird_Behaviour_190308_154834.yml,MERGED_LOGS/mrsic_flogel/public/projects/AlFr_20180601_vLGN/EscapeBehaviour/Histology/GtACR/old/872680/recipe_AF_GtACR_Weird_Behaviour_190308_125746.yml
MERGED_LOGS/mrsic_flogel/public/projects/AlFr_20180601_vLGN/FibrePhotometry/Histology/CellBodies/FPvGvLG/FPvGvLG5/recipe_AF_NV_FPvGvLG5_GFPcontrols_200626_135242.yml,MERGED_LOGS/mrsic_flogel/public/projects/AlFr_20180601_vLGN/FibrePhotometry/Histology/CellBodies/FPvGvLG/FPvGvLG5/recipe_AF_NV_FPvGvLG5_GFPcontrols_200626_122149.yml
MERGED_LOGS/mrsic_flogel/public/projects/AlFr_20180601_vLGN/FibrePhotometry/Histology/CellBodies/FPvGvLG/FPvGvLG5/recipe_AF_NV_FPvGvLG5_GFPcontrols_200626_140424.yml,MERGED_LOGS/mrsic_flogel/public/projects/AlFr_20180601_vLGN/FibrePhotometry/Histology/CellBodies/FPvGvLG/FPvGvLG5/recipe_AF_NV_FPvGvLG5_GFPcontrols_200626_122149.yml
MERGED_LOGS/mrsic_flogel/public/projects/AlFr_20180601_vLGN/UncroppedBrains/AF_AK_C2vgvlgmsc_191120/recipe_AF_AK_C2vgvlgmsc_191120_201119_175241.yml,MERGED_LOGS/mrsic_flogel/public/projects/AlFr_20180601_vLGN/UncroppedBrains/AF_AK_C2vgvlgmsc_191120/recipe_AF_AK_C2vgvlgmsc_191120_201119_145645.yml
MERGED_LOGS/mrsic_flogel/public/projects/AlFr_20180601_vLGN/UncroppedBrains/AF_C2vGvLG15_18/recipe_AF_C2vGvLG15_18_210623_232955.yml,MERGED_LOGS/mrsic_flogel/public/projects/AlFr_20180601_vLGN/UncroppedBrains/AF_C2vGvLG15_18/recipe_AF_C2vGvLG15_18_210623_231812.yml
MERGED_LOGS/mrsic_flogel/public/projects/AlFr_20180601_vLGN/UncroppedBrains/AF_FPmSCtovLGN1/recipe_AF_FPmSCtovLGN1_210503_115654.yml,MERGED_LOGS/mrsic_flogel/public/projects/AlFr_20180601_vLGN/UncroppedBrains/AF_FPmSCtovLGN1/recipe_AF_FPmSCtovLGN1_210503_115940.yml
MERGED_LOGS/mrsic_flogel/public/projects/AlFr_20180601_vLGN/UncroppedBrains/AF_testblackag/Bottom/recipe_ROI_2_201110_212940.yml,MERGED_LOGS/mrsic_flogel/public/projects/AlFr_20180601_vLGN/UncroppedBrains/AF_testblackag/Bottom/recipe_ROI_2_201110_194220.yml
MERGED_LOGS/mrsic_flogel/public/projects/AlFr_20180601_vLGN/UncroppedBrains/AF_testblackag/Bottom/recipe_ROI_2_201110_213540.yml,MERGED_LOGS/mrsic_flogel/public/projects/AlFr_20180601_vLGN/UncroppedBrains/AF_testblackag/Bottom/recipe_ROI_2_201110_194220.yml
MERGED_LOGS/mrsic_flogel/public/projects/AlFr_20180601_vLGN/UncroppedBrains/AF_testblackag/Top/recipe_ROI_1_201110_212940.yml,MERGED_LOGS/mrsic_flogel/public/projects/AlFr_20180601_vLGN/UncroppedBrains/AF_testblackag/Top/recipe_ROI_1_201110_194220.yml
MERGED_LOGS/mrsic_flogel/public/projects/AlFr_20180601_vLGN/UncroppedBrains/AF_testblackag/Top/recipe_ROI_1_201110_213540.yml,MERGED_LOGS/mrsic_flogel/public/projects/AlFr_20180601_vLGN/UncroppedBrains/AF_testblackag/Top/recipe_ROI_1_201110_194220.yml
MERGED_LOGS/mrsic_flogel/public/projects/AlFr_20180601_vLGN/UncroppedBrains/AF_testblackag/recipe_AF_testblackag_201110_212940.yml,MERGED_LOGS/mrsic_flogel/public/projects/AlFr_20180601_vLGN/UncroppedBrains/AF_testblackag/recipe_AF_testblackag_201110_194220.yml
MERGED_LOGS/mrsic_flogel/public/projects/AlFr_20180601_vLGN/UncroppedBrains/AF_testblackag/recipe_AF_testblackag_201110_213540.yml,MERGED_LOGS/mrsic_flogel/public/projects/AlFr_20180601_vLGN/UncroppedBrains/AF_testblackag/recipe_AF_testblackag_201110_194220.yml
MERGED_LOGS/mrsic_flogel/public/projects/AlFr_20180601_vLGN/UncroppedBrains/ForMaxime/AF_FL05/recipe_AF_FL05_191029_152015.yml,MERGED_LOGS/mrsic_flogel/public/projects/AlFr_20180601_vLGN/UncroppedBrains/ForMaxime/AF_FL05/recipe_AF_FL05_191029_151837.yml
MERGED_LOGS/mrsic_flogel/public/projects/AlFr_20180601_vLGN/UncroppedBrains/ForMaxime/AF_PCA_19_20_22_25_first_slices/recipe_AF_PCA_19_20_22_25_191028_162922.yml,MERGED_LOGS/mrsic_flogel/public/projects/AlFr_20180601_vLGN/UncroppedBrains/ForMaxime/AF_PCA_19_20_22_25_full/PCA19/recipe_ROI_1_191028_173307.yml
MERGED_LOGS/mrsic_flogel/public/projects/AnAl_20240405_Neuromod_PE/brainsaw/ASD_2p/220/recipe_sample_220_250515_114701.yml,MERGED_LOGS/mrsic_flogel/public/projects/AnAl_20240405_Neuromod_PE/brainsaw/ASD_2p/220/recipe_sample_220_250514_181440.yml
MERGED_LOGS/mrsic_flogel/public/projects/AnAl_20240405_Neuromod_PE/brainsaw/ASD_2p/450/recipe_sample_450_250515_114701.yml,MERGED_LOGS/mrsic_flogel/public/projects/AnAl_20240405_Neuromod_PE/brainsaw/ASD_2p/450/recipe_sample_450_250514_181440.yml
MERGED_LOGS/mrsic_flogel/public/projects/AnAl_20240405_Neuromod_PE/brainsaw/ASD_2p/606/recipe_sample_606_250515_114701.yml,MERGED_LOGS/mrsic_flogel/public/projects/AnAl_20240405_Neuromod_PE/brainsaw/ASD_2p/606/recipe_sample_606_250514_181440.yml
MERGED_LOGS/mrsic_flogel/public/projects/AnAl_20240405_Neuromod_PE/brainsaw/ASD_2p/764/recipe_sample_764_250515_114701.yml,MERGED_LOGS/mrsic_flogel/public/projects/AnAl_20240405_Neuromod_PE/brainsaw/ASD_2p/764/recipe_sample_764_250514_181440.yml
MERGED_LOGS/mrsic_flogel/public/projects/AnAl_20240405_Neuromod_PE/brainsaw/DiI/AMA_LC_V1_19924_2/recipe_AMA_LC_V1_19924_2_240919_151323.yml,MERGED_LOGS/mrsic_flogel/public/projects/AnAl_20240405_Neuromod_PE/brainsaw/DiI/AMA_LC_V1_19924/recipe_AMA_LC_V1_19924_240919_140821.yml
MERGED_LOGS/mrsic_flogel/public/projects/AnAl_20240405_Neuromod_PE/brainsaw/LC/A065(axon_tracing)/WT_LC_8/aquisition_logs/recipe_AMA_LC_syn_040625_420_250605_105344.yml,MERGED_LOGS/mrsic_flogel/public/projects/AnAl_20240405_Neuromod_PE/brainsaw/LC/A065(axon_tracing)/WT_LC_8/aquisition_logs/recipe_AMA_LC_syn_040625_420_250604_164650.yml
MERGED_LOGS/mrsic_flogel/public/projects/AnAl_20240405_Neuromod_PE/brainsaw/PE_mapping/834/recipe_sample_834_240802_123929.yml,MERGED_LOGS/mrsic_flogel/public/projects/AnAl_20240405_Neuromod_PE/brainsaw/PE_mapping/834/recipe_sample_834_240802_123110.yml
MERGED_LOGS/mrsic_flogel/public/projects/AnAl_20240405_Neuromod_PE/brainsaw/PE_mapping/838/recipe_sample_838_240802_123929.yml,MERGED_LOGS/mrsic_flogel/public/projects/AnAl_20240405_Neuromod_PE/brainsaw/PE_mapping/838/recipe_sample_838_240802_123110.yml
MERGED_LOGS/mrsic_flogel/public/projects/AnAl_20240405_Neuromod_PE/brainsaw/PE_mapping/WT_CT/mouse1/aquisition_logs/recipe_cFos76_240520_103630.yml,MERGED_LOGS/mrsic_flogel/public/projects/AnAl_20240405_Neuromod_PE/brainsaw/PE_mapping/WT_CT/mouse1/aquisition_logs/recipe_cFos76_240516_164930.yml
MERGED_LOGS/mrsic_flogel/public/projects/AnAl_20240405_Neuromod_PE/brainsaw/PE_mapping/WT_CT/mouse2/aquisition_logs/recipe_cFos60_240520_103630.yml,MERGED_LOGS/mrsic_flogel/public/projects/AnAl_20240405_Neuromod_PE/brainsaw/PE_mapping/WT_CT/mouse2/aquisition_logs/recipe_cFos60_240516_164930.yml
MERGED_LOGS/mrsic_flogel/public/projects/AnAl_20240405_Neuromod_PE/brainsaw/PE_mapping/WT_CT/mouse6/aquisition_logs/recipe_sample_834_240802_123929.yml,MERGED_LOGS/mrsic_flogel/public/projects/AnAl_20240405_Neuromod_PE/brainsaw/PE_mapping/WT_CT/mouse6/aquisition_logs/recipe_sample_834_240802_123110.yml
MERGED_LOGS/mrsic_flogel/public/projects/AnAl_20240405_Neuromod_PE/brainsaw/PE_mapping/WT_CT/mouse7/aquisition_logs/recipe_sample_838_240802_123929.yml,MERGED_LOGS/mrsic_flogel/public/projects/AnAl_20240405_Neuromod_PE/brainsaw/PE_mapping/WT_CT/mouse7/aquisition_logs/recipe_sample_838_240802_123110.yml
MERGED_LOGS/mrsic_flogel/public/projects/AnAl_20240405_Neuromod_PE/brainsaw/PE_mapping/WT_PE_bl2/mouse1/aquisition_logs/recipe_cFos74_240520_103630.yml,MERGED_LOGS/mrsic_flogel/public/projects/AnAl_20240405_Neuromod_PE/brainsaw/PE_mapping/WT_PE_bl2/mouse1/aquisition_logs/recipe_cFos74_240516_164930.yml
MERGED_LOGS/mrsic_flogel/public/projects/AnAl_20240405_Neuromod_PE/brainsaw/PE_mapping/WT_PE_bl2/mouse2/aquisitio_logs/recipe_cFos61_240520_103630.yml,MERGED_LOGS/mrsic_flogel/public/projects/AnAl_20240405_Neuromod_PE/brainsaw/PE_mapping/WT_PE_bl2/mouse2/aquisitio_logs/recipe_cFos61_240516_164930.yml
MERGED_LOGS/mrsic_flogel/public/projects/AnAl_20240405_Neuromod_PE/brainsaw/PE_mapping/cFos60/recipe_cFos60_240520_103630.yml,MERGED_LOGS/mrsic_flogel/public/projects/AnAl_20240405_Neuromod_PE/brainsaw/PE_mapping/cFos60/recipe_cFos60_240516_164930.yml
MERGED_LOGS/mrsic_flogel/public/projects/AnAl_20240405_Neuromod_PE/brainsaw/PE_mapping/cFos61/recipe_cFos61_240520_103630.yml,MERGED_LOGS/mrsic_flogel/public/projects/AnAl_20240405_Neuromod_PE/brainsaw/PE_mapping/cFos61/recipe_cFos61_240516_164930.yml
MERGED_LOGS/mrsic_flogel/public/projects/AnAl_20240405_Neuromod_PE/brainsaw/PE_mapping/cFos74/recipe_cFos74_240520_103630.yml,MERGED_LOGS/mrsic_flogel/public/projects/AnAl_20240405_Neuromod_PE/brainsaw/PE_mapping/cFos74/recipe_cFos74_240516_164930.yml
MERGED_LOGS/mrsic_flogel/public/projects/AnAl_20240405_Neuromod_PE/brainsaw/PE_mapping/cFos76/recipe_cFos76_240520_103630.yml,MERGED_LOGS/mrsic_flogel/public/projects/AnAl_20240405_Neuromod_PE/brainsaw/PE_mapping/cFos76/recipe_cFos76_240516_164930.yml
MERGED_LOGS/mrsic_flogel/public/projects/AnAl_20240405_Neuromod_PE/brainsaw/Practice/220/recipe_sample_220_250515_114701.yml,MERGED_LOGS/mrsic_flogel/public/projects/AnAl_20240405_Neuromod_PE/brainsaw/Practice/220/recipe_sample_220_250514_181440.yml
MERGED_LOGS/mrsic_flogel/public/projects/AnAl_20240405_Neuromod_PE/brainsaw/Practice/450/recipe_sample_450_250515_114701.yml,MERGED_LOGS/mrsic_flogel/public/projects/AnAl_20240405_Neuromod_PE/brainsaw/Practice/450/recipe_sample_450_250514_181440.yml
MERGED_LOGS/mrsic_flogel/public/projects/AnAl_20240405_Neuromod_PE/brainsaw/Practice/606/recipe_sample_606_250515_114701.yml,MERGED_LOGS/mrsic_flogel/public/projects/AnAl_20240405_Neuromod_PE/brainsaw/Practice/606/recipe_sample_606_250514_181440.yml
MERGED_LOGS/mrsic_flogel/public/projects/AnAl_20240405_Neuromod_PE/brainsaw/Practice/764/recipe_sample_764_250515_114701.yml,MERGED_LOGS/mrsic_flogel/public/projects/AnAl_20240405_Neuromod_PE/brainsaw/Practice/764/recipe_sample_764_250514_181440.yml
MERGED_LOGS/mrsic_flogel/public/projects/AnBl_20170301_VirusTests/PvCre_test/recipe_AB_cavcre_200821_145439.yml,MERGED_LOGS/mrsic_flogel/public/projects/AnBl_20170301_VirusTests/PvCre_test/recipe_AB_ctrls_200902_114214.yml
MERGED_LOGS/mrsic_flogel/public/projects/AnBl_20180101_LPCortexSFTF/Anatomy/CTB_ALPM/CTB1/recipe_CTB1_190828_200034.yml,MERGED_LOGS/mrsic_flogel/public/projects/AnBl_20180101_LPCortexSFTF/Anatomy/CTB_ALPM/CTB1/recipe_CTB1_190827_173243.yml
MERGED_LOGS/mrsic_flogel/public/projects/AnBl_20180101_LPCortexSFTF/Anatomy/CTB_ALPM/CTB2/recipe_CTB2_190828_200034.yml,MERGED_LOGS/mrsic_flogel/public/projects/AnBl_20180101_LPCortexSFTF/Anatomy/CTB_ALPM/CTB2/recipe_CTB2_190827_173243.yml
MERGED_LOGS/mrsic_flogel/public/projects/AnBl_20180101_LPCortexSFTF/Anatomy/CTB_ALPM/CTB3/recipe_CTB3_190828_200034.yml,MERGED_LOGS/mrsic_flogel/public/projects/AnBl_20180101_LPCortexSFTF/Anatomy/CTB_ALPM/CTB3/recipe_CTB3_190827_173243.yml
MERGED_LOGS/mrsic_flogel/public/projects/AnBl_20180101_LPCortexSFTF/Anatomy/RA_SimpleRabies/RA05/recipe_FASTPREVIEW_180925_162918.yml,MERGED_LOGS/mrsic_flogel/public/projects/AnBl_20180101_LPCortexSFTF/Anatomy/RA_SimpleRabies/RA05/recipe_FASTPREVIEW_180925_130721.yml
MERGED_LOGS/mrsic_flogel/public/projects/AnBl_20180101_LPCortexSFTF/Anatomy/retro_RR/first_rab06_part/AB_rab040506/rab06/recipe_rab06_190502_133138.yml,MERGED_LOGS/mrsic_flogel/public/projects/AnBl_20180101_LPCortexSFTF/Anatomy/retro_RR/first_rab06_part/AB_rab040506/rab06/recipe_AB_rab040506_190417_122246.yml
MERGED_LOGS/mrsic_flogel/public/projects/AnBl_20180101_LPCortexSFTF/Anatomy/retro_RR/first_rab06_part/AB_rab040506/rab06/recipe_rab06_190502_163823.yml,MERGED_LOGS/mrsic_flogel/public/projects/AnBl_20180101_LPCortexSFTF/Anatomy/retro_RR/first_rab06_part/AB_rab040506/rab06/recipe_AB_rab040506_190417_122246.yml
MERGED_LOGS/mrsic_flogel/public/projects/AnBl_20180101_LPCortexSFTF/Anatomy/retro_RR/first_rab06_part/AB_rab040506/rab06/recipe_rab06_190502_164000.yml,MERGED_LOGS/mrsic_flogel/public/projects/AnBl_20180101_LPCortexSFTF/Anatomy/retro_RR/first_rab06_part/AB_rab040506/rab06/recipe_AB_rab040506_190417_122246.yml
MERGED_LOGS/mrsic_flogel/public/projects/AnBl_20180101_LPCortexSFTF/Anatomy/retro_RR/first_rab06_part/AB_rab040506/recipe_RC_GCaMP_aveTest_190502_133138.yml,MERGED_LOGS/mrsic_flogel/public/projects/AnBl_20180101_LPCortexSFTF/Anatomy/retro_RR/first_rab06_part/AB_rab040506/recipe_AB_rab040506_190417_122246.yml
MERGED_LOGS/mrsic_flogel/public/projects/AnBl_20180101_LPCortexSFTF/Anatomy/retro_RR/first_rab06_part/AB_rab040506/recipe_RC_GCaMP_aveTest_190502_163823.yml,MERGED_LOGS/mrsic_flogel/public/projects/AnBl_20180101_LPCortexSFTF/Anatomy/retro_RR/first_rab06_part/AB_rab040506/recipe_AB_rab040506_190417_122246.yml
MERGED_LOGS/mrsic_flogel/public/projects/AnBl_20180101_LPCortexSFTF/Anatomy/retro_RR/first_rab06_part/AB_rab040506/recipe_RC_GCaMP_aveTest_190502_164000.yml,MERGED_LOGS/mrsic_flogel/public/projects/AnBl_20180101_LPCortexSFTF/Anatomy/retro_RR/first_rab06_part/AB_rab040506/recipe_AB_rab040506_190417_122246.yml
MERGED_LOGS/mrsic_flogel/public/projects/AnBl_20180101_LPCortexSFTF/Anatomy/retro_RR/first_rab06_part/AB_rab040506_2/rab06/recipe_rab06_190417_140000.yml,MERGED_LOGS/mrsic_flogel/public/projects/AnBl_20180101_LPCortexSFTF/Anatomy/retro_RR/first_rab06_part/AB_rab040506/rab06/recipe_AB_rab040506_190417_122246.yml
MERGED_LOGS/mrsic_flogel/public/projects/AnBl_20180101_LPCortexSFTF/Anatomy/retro_RR/rab04_new_laser/rab04/recipe_rab04_190418_173203.yml,MERGED_LOGS/margrie/slenzi/training_data/ab_brainsaw_rab04/metadata/recipe_rab04_190417_153840.yml
MERGED_LOGS/mrsic_flogel/public/projects/AnBl_20180101_LPCortexSFTF/Anatomy/retro_RR/rab05_new_laser/rab05/recipe_rab05_190418_173203.yml,MERGED_LOGS/margrie/slenzi/training_data/ab_brainsaw_rab04/metadata/recipe_rab04_190417_153840.yml
MERGED_LOGS/mrsic_flogel/public/projects/AnKh_20200820_NPX_DMDM/Temporal expectation data/1117910/Histology/AK_1117910/recipe_AK_1117910_210321_122858.yml,MERGED_LOGS/mrsic_flogel/public/projects/AnKh_20200820_NPX_DMDM/Temporal expectation data/1117910/Histology/AK_1117910/recipe_AK_1117910_210320_150451.yml
MERGED_LOGS/mrsic_flogel/public/projects/AnKh_20200820_NPX_DMDM/Temporal expectation data/1117910/Histology/AK_1117910/recipe_AK_1117910_210321_125555.yml,MERGED_LOGS/mrsic_flogel/public/projects/AnKh_20200820_NPX_DMDM/Temporal expectation data/1117910/Histology/AK_1117910/recipe_AK_1117910_210320_150451.yml
MERGED_LOGS/mrsic_flogel/public/projects/AnKh_20200820_NPX_DMDM/Temporal expectation data/1117910/Histology/AK_1117910/recipe_AK_1117910_210322_150746.yml,MERGED_LOGS/mrsic_flogel/public/projects/AnKh_20200820_NPX_DMDM/Temporal expectation data/1117910/Histology/AK_1117910/recipe_AK_1117910_210320_150451.yml
MERGED_LOGS/mrsic_flogel/public/projects/AnKh_20200820_NPX_DMDM/Temporal expectation data/1117910/Histology/AK_1117910/recipe_AK_1117910_210322_180114.yml,MERGED_LOGS/mrsic_flogel/public/projects/AnKh_20200820_NPX_DMDM/Temporal expectation data/1117910/Histology/AK_1117910/recipe_AK_1117910_210320_150451.yml
MERGED_LOGS/mrsic_flogel/public/projects/BaBe_20260203_StriatumTwoPhoton/anat/raw/PrismLocationPilots/sub_005/recipe_BB_prism_005_260322_142303.yml,MERGED_LOGS/mrsic_flogel/public/projects/BaBe_20260203_StriatumTwoPhoton/anat/raw/PrismLocationPilots/sub_005/recipe_BB_prism_005_260321_152341.yml
MERGED_LOGS/mrsic_flogel/public/projects/BaBe_20260203_StriatumTwoPhoton/anat/raw/PrismLocationPilots/sub_006/recipe_BB_prism_006_260322_142303.yml,MERGED_LOGS/mrsic_flogel/public/projects/BaBe_20260203_StriatumTwoPhoton/anat/raw/PrismLocationPilots/sub_006/recipe_BB_prism_006_260321_152341.yml
MERGED_LOGS/mrsic_flogel/public/projects/BeJG_20230130_VisDetect/wEPhys/injection_validation/BG_DiISNrGPe_802/recipe_BG_DiISNrGPe_802_260322_142303.yml,MERGED_LOGS/mrsic_flogel/public/projects/BeJG_20230130_VisDetect/wEPhys/injection_validation/BG_DiISNrGPe_802/recipe_BG_DiISNrGPe_802_260321_152341.yml
MERGED_LOGS/mrsic_flogel/public/projects/BeJG_20230130_VisDetect/wEPhys/injection_validation/BG_DiISNrGPe_804/recipe_BG_DiISNrGPe_804_260322_142303.yml,MERGED_LOGS/mrsic_flogel/public/projects/BeJG_20230130_VisDetect/wEPhys/injection_validation/BG_DiISNrGPe_804/recipe_BG_DiISNrGPe_804_260321_152341.yml
MERGED_LOGS/mrsic_flogel/public/projects/BeJG_20230130_VisDetect/wIntersectChr2/Chr2Cre_AAV21_LLnpxlFem01/recipe_Chr2Cre_AAV21_LLnpxlFem01_250113_155601.yml,MERGED_LOGS/mrsic_flogel/public/projects/BeJG_20230130_VisDetect/wIntersectChr2/Chr2Cre_AAV21_LLnpxlFem01/recipe_Chr2Cre_AAV21_LLnpxlFem01_250113_125703.yml
MERGED_LOGS/mrsic_flogel/public/projects/BeJG_20230130_VisDetect/wIntersectChr2/Chr2Cre_AAV21_LLnpxlFem02/recipe_Chr2Cre_AAV21_LLnpxlFem02_250113_155601.yml,MERGED_LOGS/mrsic_flogel/public/projects/BeJG_20230130_VisDetect/wIntersectChr2/Chr2Cre_AAV21_LLnpxlFem02/recipe_Chr2Cre_AAV21_LLnpxlFem02_250113_125703.yml
MERGED_LOGS/mrsic_flogel/public/projects/BeJG_20230130_VisDetect/wPhotometry/Injection_validation/BG_016/recipe_BG_016_240620_170725.yml,MERGED_LOGS/mrsic_flogel/public/projects/BeJG_20230130_VisDetect/wPhotometry/Injection_validation/BG_016/recipe_BG_016_240620_164252.yml
MERGED_LOGS/mrsic_flogel/public/projects/BeJG_20230130_VisDetect/wPhotometry/Injection_validation/BG_018/recipe_BG_018_240620_170725.yml,MERGED_LOGS/mrsic_flogel/public/projects/BeJG_20230130_VisDetect/wPhotometry/Injection_validation/BG_018/recipe_BG_018_240620_164252.yml
MERGED_LOGS/mrsic_flogel/public/projects/BeJG_20230130_VisDetect/wPhotometry/Injection_validation/BG_019/recipe_BG_019_240620_170725.yml,MERGED_LOGS/mrsic_flogel/public/projects/BeJG_20230130_VisDetect/wPhotometry/Injection_validation/BG_019/recipe_BG_019_240620_164252.yml
MERGED_LOGS/mrsic_flogel/public/projects/BeJG_20230130_VisDetect/wPhotometry/Injection_validation/BG_020/recipe_BG_020_240620_170725.yml,MERGED_LOGS/mrsic_flogel/public/projects/BeJG_20230130_VisDetect/wPhotometry/Injection_validation/BG_020/recipe_BG_020_240620_164252.yml
MERGED_LOGS/mrsic_flogel/public/projects/HaDa_20231215_LearnedLoops/brainsaw/DMS_mSNr/HD_044/recipe_HD_044_290525_250530_101808.yml,MERGED_LOGS/mrsic_flogel/public/projects/HaDa_20231215_LearnedLoops/brainsaw/DMS_mSNr/HD_044/recipe_HD_044_290525_250529_120517.yml
MERGED_LOGS/mrsic_flogel/public/projects/IvOr_20210329_M2_projections/Brains_2pTomo/IO_1117020/recipe_IO_1120473_1120474_1120295_1117020_210803_120046.yml,MERGED_LOGS/mrsic_flogel/public/projects/IvOr_20210329_M2_projections/Brains_2pTomo/IO_1117020/recipe_IO_1117020_210803_120046.yml
MERGED_LOGS/mrsic_flogel/public/projects/IvOr_20210329_M2_projections/Brains_2pTomo/IO_1120361/recipe_IO_1120361_210917_172735.yml,MERGED_LOGS/mrsic_flogel/public/projects/IvOr_20210329_M2_projections/Brains_2pTomo/IO_1120361/recipe_IO_1120361_210917_130240.yml
MERGED_LOGS/mrsic_flogel/public/projects/IvOr_20210329_M2_projections/Brains_2pTomo/IO_1120361/recipe_IO_1120361_210917_183134.yml,MERGED_LOGS/mrsic_flogel/public/projects/IvOr_20210329_M2_projections/Brains_2pTomo/IO_1120361/recipe_IO_1120361_210917_130240.yml
MERGED_LOGS/mrsic_flogel/public/projects/IvOr_20210329_M2_projections/Brains_2pTomo/IO_1120361/recipe_IO_1120361_210917_195417.yml,MERGED_LOGS/mrsic_flogel/public/projects/IvOr_20210329_M2_projections/Brains_2pTomo/IO_1120361/recipe_IO_1120361_210917_130240.yml
MERGED_LOGS/mrsic_flogel/public/projects/IvOr_20210329_M2_projections/Brains_2pTomo/IO_1120361/recipe_IO_1120361_210917_212747.yml,MERGED_LOGS/mrsic_flogel/public/projects/IvOr_20210329_M2_projections/Brains_2pTomo/IO_1120361/recipe_IO_1120361_210917_130240.yml
MERGED_LOGS/mrsic_flogel/public/projects/IvOr_20210329_M2_projections/Brains_2pTomo/IO_1120361/recipe_IO_1120361_210917_224005.yml,MERGED_LOGS/mrsic_flogel/public/projects/IvOr_20210329_M2_projections/Brains_2pTomo/IO_1120361/recipe_IO_1120361_210917_130240.yml
MERGED_LOGS/mrsic_flogel/public/projects/IvOr_20210329_M2_projections/Brains_2pTomo/IO_1120361/recipe_IO_1120361_210917_224654.yml,MERGED_LOGS/mrsic_flogel/public/projects/IvOr_20210329_M2_projections/Brains_2pTomo/IO_1120361/recipe_IO_1120361_210917_130240.yml
MERGED_LOGS/mrsic_flogel/public/projects/IvOr_20210329_M2_projections/Brains_2pTomo/IO_1120361/recipe_IO_1120361_210917_231642.yml,MERGED_LOGS/mrsic_flogel/public/projects/IvOr_20210329_M2_projections/Brains_2pTomo/IO_1120361/recipe_IO_1120361_210917_130240.yml
MERGED_LOGS/mrsic_flogel/public/projects/IvOr_20210329_M2_projections/Brains_2pTomo/IO_1120361/recipe_IO_1120361_210917_232317.yml,MERGED_LOGS/mrsic_flogel/public/projects/IvOr_20210329_M2_projections/Brains_2pTomo/IO_1120361/recipe_IO_1120361_210917_130240.yml
MERGED_LOGS/mrsic_flogel/public/projects/IvOr_20210329_M2_projections/Brains_2pTomo/IO_1120361/recipe_IO_1120361_210919_115829.yml,MERGED_LOGS/mrsic_flogel/public/projects/IvOr_20210329_M2_projections/Brains_2pTomo/IO_1120361/recipe_IO_1120361_210917_130240.yml
MERGED_LOGS/mrsic_flogel/public/projects/IvOr_20210329_M2_projections/Brains_2pTomo/IO_1120361/recipe_IO_1120361_210919_150903.yml,MERGED_LOGS/mrsic_flogel/public/projects/IvOr_20210329_M2_projections/Brains_2pTomo/IO_1120361/recipe_IO_1120361_210917_130240.yml
MERGED_LOGS/mrsic_flogel/public/projects/IvOr_20210329_M2_projections/Brains_2pTomo/IO_1120361/recipe_IO_1120361_210919_170524.yml,MERGED_LOGS/mrsic_flogel/public/projects/IvOr_20210329_M2_projections/Brains_2pTomo/IO_1120361/recipe_IO_1120361_210917_130240.yml
MERGED_LOGS/mrsic_flogel/public/projects/IvOr_20210329_M2_projections/Brains_2pTomo/IO_1120384/recipe_IO_1120384_210917_172735.yml,MERGED_LOGS/mrsic_flogel/public/projects/IvOr_20210329_M2_projections/Brains_2pTomo/IO_1120384/recipe_IO_1120384_210917_130240.yml
MERGED_LOGS/mrsic_flogel/public/projects/IvOr_20210329_M2_projections/Brains_2pTomo/IO_1120384/recipe_IO_1120384_210917_183134.yml,MERGED_LOGS/mrsic_flogel/public/projects/IvOr_20210329_M2_projections/Brains_2pTomo/IO_1120384/recipe_IO_1120384_210917_130240.yml
MERGED_LOGS/mrsic_flogel/public/projects/IvOr_20210329_M2_projections/Brains_2pTomo/IO_1120384/recipe_IO_1120384_210917_195417.yml,MERGED_LOGS/mrsic_flogel/public/projects/IvOr_20210329_M2_projections/Brains_2pTomo/IO_1120384/recipe_IO_1120384_210917_130240.yml
MERGED_LOGS/mrsic_flogel/public/projects/IvOr_20210329_M2_projections/Brains_2pTomo/IO_1120384/recipe_IO_1120384_210917_212747.yml,MERGED_LOGS/mrsic_flogel/public/projects/IvOr_20210329_M2_projections/Brains_2pTomo/IO_1120384/recipe_IO_1120384_210917_130240.yml
MERGED_LOGS/mrsic_flogel/public/projects/IvOr_20210329_M2_projections/Brains_2pTomo/IO_1120384/recipe_IO_1120384_210917_224005.yml,MERGED_LOGS/mrsic_flogel/public/projects/IvOr_20210329_M2_projections/Brains_2pTomo/IO_1120384/recipe_IO_1120384_210917_130240.yml
MERGED_LOGS/mrsic_flogel/public/projects/IvOr_20210329_M2_projections/Brains_2pTomo/IO_1120384/recipe_IO_1120384_210917_224654.yml,MERGED_LOGS/mrsic_flogel/public/projects/IvOr_20210329_M2_projections/Brains_2pTomo/IO_1120384/recipe_IO_1120384_210917_130240.yml
MERGED_LOGS/mrsic_flogel/public/projects/IvOr_20210329_M2_projections/Brains_2pTomo/IO_1120384/recipe_IO_1120384_210917_231642.yml,MERGED_LOGS/mrsic_flogel/public/projects/IvOr_20210329_M2_projections/Brains_2pTomo/IO_1120384/recipe_IO_1120384_210917_130240.yml
MERGED_LOGS/mrsic_flogel/public/projects/IvOr_20210329_M2_projections/Brains_2pTomo/IO_1120384/recipe_IO_1120384_210917_232317.yml,MERGED_LOGS/mrsic_flogel/public/projects/IvOr_20210329_M2_projections/Brains_2pTomo/IO_1120384/recipe_IO_1120384_210917_130240.yml
MERGED_LOGS/mrsic_flogel/public/projects/IvOr_20210329_M2_projections/Brains_2pTomo/IO_1120384/recipe_IO_1120384_210919_115829.yml,MERGED_LOGS/mrsic_flogel/public/projects/IvOr_20210329_M2_projections/Brains_2pTomo/IO_1120384/recipe_IO_1120384_210917_130240.yml
MERGED_LOGS/mrsic_flogel/public/projects/IvOr_20210329_M2_projections/Brains_2pTomo/IO_1120384/recipe_IO_1120384_210919_150903.yml,MERGED_LOGS/mrsic_flogel/public/projects/IvOr_20210329_M2_projections/Brains_2pTomo/IO_1120384/recipe_IO_1120384_210917_130240.yml
MERGED_LOGS/mrsic_flogel/public/projects/IvOr_20210329_M2_projections/Brains_2pTomo/IO_1120384/recipe_IO_1120384_210919_170524.yml,MERGED_LOGS/mrsic_flogel/public/projects/IvOr_20210329_M2_projections/Brains_2pTomo/IO_1120384/recipe_IO_1120384_210917_130240.yml
MERGED_LOGS/mrsic_flogel/public/projects/IvOr_20210329_M2_projections/Brains_2pTomo/IO_1120385/recipe_IO_1120385_210917_172735.yml,MERGED_LOGS/mrsic_flogel/public/projects/IvOr_20210329_M2_projections/Brains_2pTomo/IO_1120385/recipe_IO_1120385_210917_130240.yml
MERGED_LOGS/mrsic_flogel/public/projects/IvOr_20210329_M2_projections/Brains_2pTomo/IO_1120385/recipe_IO_1120385_210917_183134.yml,MERGED_LOGS/mrsic_flogel/public/projects/IvOr_20210329_M2_projections/Brains_2pTomo/IO_1120385/recipe_IO_1120385_210917_130240.yml
MERGED_LOGS/mrsic_flogel/public/projects/IvOr_20210329_M2_projections/Brains_2pTomo/IO_1120385/recipe_IO_1120385_210917_195417.yml,MERGED_LOGS/mrsic_flogel/public/projects/IvOr_20210329_M2_projections/Brains_2pTomo/IO_1120385/recipe_IO_1120385_210917_130240.yml
MERGED_LOGS/mrsic_flogel/public/projects/IvOr_20210329_M2_projections/Brains_2pTomo/IO_1120385/recipe_IO_1120385_210917_212747.yml,MERGED_LOGS/mrsic_flogel/public/projects/IvOr_20210329_M2_projections/Brains_2pTomo/IO_1120385/recipe_IO_1120385_210917_130240.yml
MERGED_LOGS/mrsic_flogel/public/projects/IvOr_20210329_M2_projections/Brains_2pTomo/IO_1120385/recipe_IO_1120385_210917_224005.yml,MERGED_LOGS/mrsic_flogel/public/projects/IvOr_20210329_M2_projections/Brains_2pTomo/IO_1120385/recipe_IO_1120385_210917_130240.yml
MERGED_LOGS/mrsic_flogel/public/projects/IvOr_20210329_M2_projections/Brains_2pTomo/IO_1120385/recipe_IO_1120385_210917_224654.yml,MERGED_LOGS/mrsic_flogel/public/projects/IvOr_20210329_M2_projections/Brains_2pTomo/IO_1120385/recipe_IO_1120385_210917_130240.yml
MERGED_LOGS/mrsic_flogel/public/projects/IvOr_20210329_M2_projections/Brains_2pTomo/IO_1120385/recipe_IO_1120385_210917_231642.yml,MERGED_LOGS/mrsic_flogel/public/projects/IvOr_20210329_M2_projections/Brains_2pTomo/IO_1120385/recipe_IO_1120385_210917_130240.yml
MERGED_LOGS/mrsic_flogel/public/projects/IvOr_20210329_M2_projections/Brains_2pTomo/IO_1120385/recipe_IO_1120385_210917_232317.yml,MERGED_LOGS/mrsic_flogel/public/projects/IvOr_20210329_M2_projections/Brains_2pTomo/IO_1120385/recipe_IO_1120385_210917_130240.yml
MERGED_LOGS/mrsic_flogel/public/projects/IvOr_20210329_M2_projections/Brains_2pTomo/IO_1120385/recipe_IO_1120385_210919_115829.yml,MERGED_LOGS/mrsic_flogel/public/projects/IvOr_20210329_M2_projections/Brains_2pTomo/IO_1120385/recipe_IO_1120385_210917_130240.yml
MERGED_LOGS/mrsic_flogel/public/projects/IvOr_20210329_M2_projections/Brains_2pTomo/IO_1120385/recipe_IO_1120385_210919_150903.yml,MERGED_LOGS/mrsic_flogel/public/projects/IvOr_20210329_M2_projections/Brains_2pTomo/IO_1120385/recipe_IO_1120385_210917_130240.yml
MERGED_LOGS/mrsic_flogel/public/projects/IvOr_20210329_M2_projections/Brains_2pTomo/IO_1120385/recipe_IO_1120385_210919_170524.yml,MERGED_LOGS/mrsic_flogel/public/projects/IvOr_20210329_M2_projections/Brains_2pTomo/IO_1120385/recipe_IO_1120385_210917_130240.yml
MERGED_LOGS/mrsic_flogel/public/projects/JeKr_260424_PTIT/Histology_images/JK_241204_ML_149/recipe_JK_021124_ML_149_241202_164757.yml,MERGED_LOGS/mrsic_flogel/public/projects/JeKr_260424_PTIT/Histology_images/JK_241204_ML_149/recipe_JK_021124_ML_149_241202_172309.yml
MERGED_LOGS/mrsic_flogel/public/projects/JeKr_260424_PTIT/Histology_images/JK_260825_ML_157_159_160_163_164/ML159_163__164_JK_C4__JK_2_C/ML157/recipe_JK2_250825_102314.yml,MERGED_LOGS/mrsic_flogel/public/projects/JeKr_260424_PTIT/Histology_images/JK_260825_ML_157_159_160_163_164/ML159_163__164_JK_C4__JK_2_B/ML157/recipe_JK2_250822_152719.yml
MERGED_LOGS/mrsic_flogel/public/projects/JeKr_260424_PTIT/Histology_images/JK_260825_ML_157_159_160_163_164/ML159_163__164_JK_C4__JK_2_C/ML159/recipe_ML159_250825_102314.yml,MERGED_LOGS/mrsic_flogel/public/projects/JeKr_260424_PTIT/Histology_images/JK_260825_ML_157_159_160_163_164/ML159_163__164_JK_C4__JK_2_B/ML157/recipe_JK2_250822_152719.yml
MERGED_LOGS/mrsic_flogel/public/projects/JeKr_260424_PTIT/Histology_images/JK_260825_ML_157_159_160_163_164/ML159_163__164_JK_C4__JK_2_C/ML160/recipe_JKc4_250825_102314.yml,MERGED_LOGS/mrsic_flogel/public/projects/JeKr_260424_PTIT/Histology_images/JK_260825_ML_157_159_160_163_164/ML159_163__164_JK_C4__JK_2_B/ML157/recipe_JK2_250822_152719.yml
MERGED_LOGS/mrsic_flogel/public/projects/JeKr_260424_PTIT/Histology_images/JK_260825_ML_157_159_160_163_164/ML159_163__164_JK_C4__JK_2_C/ML163/recipe_ML163_250825_102314.yml,MERGED_LOGS/mrsic_flogel/public/projects/JeKr_260424_PTIT/Histology_images/JK_260825_ML_157_159_160_163_164/ML159_163__164_JK_C4__JK_2_B/ML157/recipe_JK2_250822_152719.yml
MERGED_LOGS/mrsic_flogel/public/projects/JeKr_260424_PTIT/Histology_images/JK_260825_ML_157_159_160_163_164/ML159_163__164_JK_C4__JK_2_C/ML164/recipe_ML164_250825_102314.yml,MERGED_LOGS/mrsic_flogel/public/projects/JeKr_260424_PTIT/Histology_images/JK_260825_ML_157_159_160_163_164/ML159_163__164_JK_C4__JK_2_B/ML157/recipe_JK2_250822_152719.yml
MERGED_LOGS/mrsic_flogel/public/projects/MeAh_20210211_Tracing/CTBTracingPilot/Anatomy/BrainSaw/MA_1117282/recipe_MA_1117282_210209_134218.yml,MERGED_LOGS/mrsic_flogel/public/projects/MeAh_20210211_Tracing/CTBTracingPilot/Anatomy/BrainSaw/MA_1117282/recipe_MA_1117282_210209_112444.yml
MERGED_LOGS/mrsic_flogel/public/projects/MeAh_20210211_Tracing/CTBTracingPilot/Anatomy/BrainSaw/MA_1117283/recipe_MA_1117283_210209_134218.yml,MERGED_LOGS/mrsic_flogel/public/projects/MeAh_20210211_Tracing/CTBTracingPilot/Anatomy/BrainSaw/MA_1117283/recipe_MA_1117283_210209_112444.yml
MERGED_LOGS/mrsic_flogel/public/projects/MeAh_20210211_Tracing/CTBTracingPilot/Anatomy/BrainSaw/MA_1117284/recipe_MA_1117284_210209_134218.yml,MERGED_LOGS/mrsic_flogel/public/projects/MeAh_20210211_Tracing/CTBTracingPilot/Anatomy/BrainSaw/MA_1117284/recipe_MA_1117284_210209_112444.yml
MERGED_LOGS/mrsic_flogel/public/projects/MeAh_20210211_Tracing/retroTracing_PMnR/1110472/recipe_sample_1110472_210627_224249.yml,MERGED_LOGS/mrsic_flogel/public/projects/MeAh_20210211_Tracing/retroTracing_PMnR/1110472/recipe_sample_1110472_210627_131642.yml
MERGED_LOGS/mrsic_flogel/public/projects/MeAh_20210211_Tracing/retroTracing_PMnR/1110659/recipe_sample_1110659_210627_224249.yml,MERGED_LOGS/mrsic_flogel/public/projects/MeAh_20210211_Tracing/retroTracing_PMnR/1110659/recipe_sample_1110659_210627_131642.yml
MERGED_LOGS/mrsic_flogel/public/projects/MiJa_20170801_AAVretro/brainsaw/Retro_03/Retro_03_rostral/recipe_Retro_03_171005.yml,MERGED_LOGS/mrsic_flogel/public/projects/MiJa_20170801_AAVretro/brainsaw/Retro_03/recipe_Retro_03_171005.yml
MERGED_LOGS/mrsic_flogel/public/projects/MiLo_20201201_DMDM_Circuit/brainsaw/AK_1117910/recipe_AK_1117910_210321_122858.yml,MERGED_LOGS/mrsic_flogel/public/projects/MiLo_20201201_DMDM_Circuit/brainsaw/AK_1117910/recipe_AK_1117910_210320_150451.yml
MERGED_LOGS/mrsic_flogel/public/projects/MiLo_20201201_DMDM_Circuit/brainsaw/AK_1117910/recipe_AK_1117910_210321_125555.yml,MERGED_LOGS/mrsic_flogel/public/projects/MiLo_20201201_DMDM_Circuit/brainsaw/AK_1117910/recipe_AK_1117910_210320_150451.yml
MERGED_LOGS/mrsic_flogel/public/projects/MiLo_20201201_DMDM_Circuit/brainsaw/AK_1117910/recipe_AK_1117910_210322_150746.yml,MERGED_LOGS/mrsic_flogel/public/projects/MiLo_20201201_DMDM_Circuit/brainsaw/AK_1117910/recipe_AK_1117910_210320_150451.yml
MERGED_LOGS/mrsic_flogel/public/projects/MiLo_20201201_DMDM_Circuit/brainsaw/AK_1117910/recipe_AK_1117910_210322_180114.yml,MERGED_LOGS/mrsic_flogel/public/projects/MiLo_20201201_DMDM_Circuit/brainsaw/AK_1117910/recipe_AK_1117910_210320_150451.yml
MERGED_LOGS/mrsic_flogel/public/projects/MiLo_20201201_DMDM_Circuit/brainsaw/ML_1118270_optobeh2/recipe_ML_1118270_optobeh2_210321_122858.yml,MERGED_LOGS/mrsic_flogel/public/projects/MiLo_20201201_DMDM_Circuit/brainsaw/ML_1118270_optobeh2/recipe_ML_1118270_optobeh2_210320_150451.yml
MERGED_LOGS/mrsic_flogel/public/projects/MiLo_20201201_DMDM_Circuit/brainsaw/ML_1118270_optobeh2/recipe_ML_1118270_optobeh2_210321_125555.yml,MERGED_LOGS/mrsic_flogel/public/projects/MiLo_20201201_DMDM_Circuit/brainsaw/ML_1118270_optobeh2/recipe_ML_1118270_optobeh2_210320_150451.yml
MERGED_LOGS/mrsic_flogel/public/projects/MiLo_20201201_DMDM_Circuit/brainsaw/ML_1118270_optobeh2/recipe_ML_1118270_optobeh2_210322_150746.yml,MERGED_LOGS/mrsic_flogel/public/projects/MiLo_20201201_DMDM_Circuit/brainsaw/ML_1118270_optobeh2/recipe_ML_1118270_optobeh2_210320_150451.yml
MERGED_LOGS/mrsic_flogel/public/projects/MiLo_20201201_DMDM_Circuit/brainsaw/ML_1118270_optobeh2/recipe_ML_1118270_optobeh2_210322_180114.yml,MERGED_LOGS/mrsic_flogel/public/projects/MiLo_20201201_DMDM_Circuit/brainsaw/ML_1118270_optobeh2/recipe_ML_1118270_optobeh2_210320_150451.yml
MERGED_LOGS/mrsic_flogel/public/projects/MiLo_20211201_DMDM_CausalCortex/Anatomy/Tracing/Main/CorticalTransynapticTracing/CorticoStriatalTopography/1121455/recipe_sample_1121455_240324_160405.yml,MERGED_LOGS/mrsic_flogel/public/projects/MiLo_20211201_DMDM_CausalCortex/Anatomy/Tracing/Main/CorticalTransynapticTracing/CorticoStriatalTopography/1121455/recipe_sample_1121455_240323_141241.yml
MERGED_LOGS/mrsic_flogel/public/projects/MiLo_20211201_DMDM_CausalCortex/Anatomy/Tracing/Main/CorticalTransynapticTracing/CorticoStriatalTopography/1135424/recipe_sample_1135424_240324_160405.yml,MERGED_LOGS/mrsic_flogel/public/projects/MiLo_20211201_DMDM_CausalCortex/Anatomy/Tracing/Main/CorticalTransynapticTracing/CorticoStriatalTopography/1135424/recipe_sample_1135424_240323_141241.yml
MERGED_LOGS/mrsic_flogel/public/projects/MiLo_20211201_DMDM_CausalCortex/Anatomy/Tracing/Main/CorticalTransynapticTracing/CorticoStriatalTopography/1135426/recipe_sample_1135426_240324_160405.yml,MERGED_LOGS/mrsic_flogel/public/projects/MiLo_20211201_DMDM_CausalCortex/Anatomy/Tracing/Main/CorticalTransynapticTracing/CorticoStriatalTopography/1135426/recipe_sample_1135426_240323_141241.yml
MERGED_LOGS/mrsic_flogel/public/projects/MiLo_20211201_DMDM_CausalCortex/Anatomy/Tracing/Main/CorticalTransynapticTracing/CorticoStriatalTopography/1135427/recipe_sample_1135427_240324_160405.yml,MERGED_LOGS/mrsic_flogel/public/projects/MiLo_20211201_DMDM_CausalCortex/Anatomy/Tracing/Main/CorticalTransynapticTracing/CorticoStriatalTopography/1135427/recipe_sample_1135427_240323_141241.yml
MERGED_LOGS/mrsic_flogel/public/projects/MiLo_20211201_DMDM_CausalCortex/Anatomy/Tracing/Main/CorticalTransynapticTracing/CorticoStriatalTopography/BB_SNr_789_788_783_784/BB_783/recipe_BB_783_241028_134609.yml,MERGED_LOGS/mrsic_flogel/public/projects/MiLo_20211201_DMDM_CausalCortex/Anatomy/Tracing/Main/CorticalTransynapticTracing/CorticoStriatalTopography/BB_SNr_789_788_783_784/BB_783/recipe_BB_783_241026_165315.yml
MERGED_LOGS/mrsic_flogel/public/projects/MiLo_20211201_DMDM_CausalCortex/Anatomy/Tracing/Main/CorticalTransynapticTracing/CorticoStriatalTopography/BB_SNr_789_788_783_784/BB_784/recipe_BB_784_241028_134609.yml,MERGED_LOGS/mrsic_flogel/public/projects/MiLo_20211201_DMDM_CausalCortex/Anatomy/Tracing/Main/CorticalTransynapticTracing/CorticoStriatalTopography/BB_SNr_789_788_783_784/BB_784/recipe_BB_784_241026_165315.yml
MERGED_LOGS/mrsic_flogel/public/projects/MiLo_20211201_DMDM_CausalCortex/Anatomy/Tracing/Main/CorticalTransynapticTracing/CorticoStriatalTopography/BB_SNr_789_788_783_784/BB_788/recipe_BB_788_241028_134609.yml,MERGED_LOGS/mrsic_flogel/public/projects/MiLo_20211201_DMDM_CausalCortex/Anatomy/Tracing/Main/CorticalTransynapticTracing/CorticoStriatalTopography/BB_SNr_789_788_783_784/BB_788/recipe_BB_788_241026_165315.yml
MERGED_LOGS/mrsic_flogel/public/projects/MiLo_20211201_DMDM_CausalCortex/Anatomy/Tracing/Main/CorticalTransynapticTracing/CorticoStriatalTopography/BB_SNr_789_788_783_784/BB_789/recipe_BB_789_241028_134609.yml,MERGED_LOGS/mrsic_flogel/public/projects/MiLo_20211201_DMDM_CausalCortex/Anatomy/Tracing/Main/CorticalTransynapticTracing/CorticoStriatalTopography/BB_SNr_789_788_783_784/BB_789/recipe_BB_789_241026_165315.yml
MERGED_LOGS/mrsic_flogel/public/projects/NiVi_2021_vLGN/Electrophysiology/Histology/GFP/GFP5/recipe_GFP5_251121_160024.yml,MERGED_LOGS/mrsic_flogel/public/projects/NiVi_2021_vLGN/Electrophysiology/Histology/GFP/GFP5/recipe_GFP5_251121_095319.yml
MERGED_LOGS/mrsic_flogel/public/projects/NiVi_2021_vLGN/Electrophysiology/Histology/GFP/GFP6/recipe_GFP6_251121_160024.yml,MERGED_LOGS/mrsic_flogel/public/projects/NiVi_2021_vLGN/Electrophysiology/Histology/GFP/GFP6/recipe_GFP6_251121_095319.yml
MERGED_LOGS/mrsic_flogel/public/projects/NiVi_2021_vLGN/Electrophysiology/Histology/Penk/PenkChR10/recipe_PenkChR10_251212_175637.yml,MERGED_LOGS/mrsic_flogel/public/projects/NiVi_2021_vLGN/Electrophysiology/Histology/Penk/PenkChR10/recipe_PenkChR10_251212_092208.yml
MERGED_LOGS/mrsic_flogel/public/projects/NiVi_2021_vLGN/Electrophysiology/Histology/Penk/PenkChR10/recipe_PenkChR10_251212_181217.yml,MERGED_LOGS/mrsic_flogel/public/projects/NiVi_2021_vLGN/Electrophysiology/Histology/Penk/PenkChR10/recipe_PenkChR10_251212_092208.yml
MERGED_LOGS/mrsic_flogel/public/projects/NiVi_2021_vLGN/Electrophysiology/Histology/Penk/PenkChR10/recipe_PenkChR10_251212_190756.yml,MERGED_LOGS/mrsic_flogel/public/projects/NiVi_2021_vLGN/Electrophysiology/Histology/Penk/PenkChR10/recipe_PenkChR10_251212_092208.yml
MERGED_LOGS/mrsic_flogel/public/projects/NiVi_2021_vLGN/Electrophysiology/Histology/Penk/PenkChR11/recipe_PenkChR11_251212_175637.yml,MERGED_LOGS/mrsic_flogel/public/projects/NiVi_2021_vLGN/Electrophysiology/Histology/Penk/PenkChR11/recipe_PenkChR11_251212_092208.yml
MERGED_LOGS/mrsic_flogel/public/projects/NiVi_2021_vLGN/Electrophysiology/Histology/Penk/PenkChR11/recipe_PenkChR11_251212_181217.yml,MERGED_LOGS/mrsic_flogel/public/projects/NiVi_2021_vLGN/Electrophysiology/Histology/Penk/PenkChR11/recipe_PenkChR11_251212_092208.yml
MERGED_LOGS/mrsic_flogel/public/projects/NiVi_2021_vLGN/Electrophysiology/Histology/Penk/PenkChR11/recipe_PenkChR11_251212_190756.yml,MERGED_LOGS/mrsic_flogel/public/projects/NiVi_2021_vLGN/Electrophysiology/Histology/Penk/PenkChR11/recipe_PenkChR11_251212_092208.yml
MERGED_LOGS/mrsic_flogel/public/projects/NiVi_2021_vLGN/Electrophysiology/Histology/vgat/vgatChR10/recipe_vgatChR10_250722_160142.yml,MERGED_LOGS/mrsic_flogel/public/projects/NiVi_2021_vLGN/Electrophysiology/Histology/vgat/vgatChR10/recipe_vgatChR10_250722_104018.yml
MERGED_LOGS/mrsic_flogel/public/projects/NiVi_2021_vLGN/Electrophysiology/Histology/vgat/vgatChR11/recipe_vgatChR11_250722_160142.yml,MERGED_LOGS/mrsic_flogel/public/projects/NiVi_2021_vLGN/Electrophysiology/Histology/vgat/vgatChR11/recipe_vgatChR11_250722_104018.yml
MERGED_LOGS/mrsic_flogel/public/projects/NiVi_2021_vLGN/Electrophysiology/Histology/vgat/vgatChR12/recipe_vgatChR12_250722_160142.yml,MERGED_LOGS/mrsic_flogel/public/projects/NiVi_2021_vLGN/Electrophysiology/Histology/vgat/vgatChR12/recipe_vgatChR12_250722_104018.yml
MERGED_LOGS/mrsic_flogel/public/projects/NiVi_2021_vLGN/Electrophysiology/Histology/vgat/vgatChR13/recipe_vgatChR13_250722_160142.yml,MERGED_LOGS/mrsic_flogel/public/projects/NiVi_2021_vLGN/Electrophysiology/Histology/vgat/vgatChR13/recipe_vgatChR13_250722_104018.yml
MERGED_LOGS/mrsic_flogel/public/projects/NiVi_2021_vLGN/Injections/AnterogradeT2A/LP/vLGLPT2A1/recipe_vLGLPT2A1_240725_145249.yml,MERGED_LOGS/mrsic_flogel/public/projects/NiVi_2021_vLGN/Injections/AnterogradeT2A/LP/vLGLPT2A1/recipe_vLGLPT2A1_240725_105157.yml
MERGED_LOGS/mrsic_flogel/public/projects/NiVi_2021_vLGN/Injections/AnterogradeT2A/LP/vLGLPT2A2/recipe_vLGLPT2A2_240725_145249.yml,MERGED_LOGS/mrsic_flogel/public/projects/NiVi_2021_vLGN/Injections/AnterogradeT2A/LP/vLGLPT2A2/recipe_vLGLPT2A2_240725_105157.yml
MERGED_LOGS/mrsic_flogel/public/projects/NiVi_2021_vLGN/Injections/AnterogradeT2A/NOS/NOShSyn6/recipe_NOShSyn6_240418_092145.yml,MERGED_LOGS/mrsic_flogel/public/projects/NiVi_2021_vLGN/Injections/AnterogradeT2A/NOS/NOShSyn6/recipe_NOShSyn6_240417_101625.yml
MERGED_LOGS/mrsic_flogel/public/projects/NiVi_2021_vLGN/Injections/AnterogradeT2A/NOS/NOShSyn7/recipe_NOShSyn7_240418_092145.yml,MERGED_LOGS/mrsic_flogel/public/projects/NiVi_2021_vLGN/Injections/AnterogradeT2A/NOS/NOShSyn7/recipe_NOShSyn7_240417_101625.yml
MERGED_LOGS/mrsic_flogel/public/projects/NiVi_2021_vLGN/Injections/AnterogradeT2A/PV/NV_PVhSyn3_06022024/recipe_NV_PVhSyn3_06022024_240206_145243.yml,MERGED_LOGS/mrsic_flogel/public/projects/NiVi_2021_vLGN/Injections/AnterogradeT2A/PV/NV_PVhSyn3_06022024/recipe_NV_PVhSyn3_06022024_240206_095904.yml
MERGED_LOGS/mrsic_flogel/public/projects/NiVi_2021_vLGN/Injections/AnterogradeT2A/PV/NV_PVhSyn4_06022024/recipe_NV_PVhSyn4_06022024_240206_181707.yml,MERGED_LOGS/mrsic_flogel/public/projects/NiVi_2021_vLGN/Injections/AnterogradeT2A/PV/NV_PVhSyn4_06022024/recipe_NV_PVhSyn4_06022024_240206_104537.yml
MERGED_LOGS/mrsic_flogel/public/projects/NiVi_2021_vLGN/Injections/AnterogradeT2A/PV/PVhSyn5/recipe_PVhSyn5_240411_113626.yml,MERGED_LOGS/mrsic_flogel/public/projects/NiVi_2021_vLGN/Injections/AnterogradeT2A/PV/PVhSyn5/recipe_PVhSyn5_240411_094840.yml
MERGED_LOGS/mrsic_flogel/public/projects/NiVi_2021_vLGN/Injections/AnterogradeT2A/PV/PVhSyn5/recipe_PVhSyn5_240411_133647.yml,MERGED_LOGS/mrsic_flogel/public/projects/NiVi_2021_vLGN/Injections/AnterogradeT2A/PV/PVhSyn5/recipe_PVhSyn5_240411_094840.yml
MERGED_LOGS/mrsic_flogel/public/projects/NiVi_2021_vLGN/Injections/AnterogradeT2A/PV/PVhSyn6/recipe_PVhSyn6_240411_113626.yml,MERGED_LOGS/mrsic_flogel/public/projects/NiVi_2021_vLGN/Injections/AnterogradeT2A/PV/PVhSyn6/recipe_PVhSyn6_240411_094840.yml
MERGED_LOGS/mrsic_flogel/public/projects/NiVi_2021_vLGN/Injections/AnterogradeT2A/PV/PVhSyn6/recipe_PVhSyn6_240411_133647.yml,MERGED_LOGS/mrsic_flogel/public/projects/NiVi_2021_vLGN/Injections/AnterogradeT2A/PV/PVhSyn6/recipe_PVhSyn6_240411_094840.yml
MERGED_LOGS/mrsic_flogel/public/projects/NiVi_2021_vLGN/Injections/AnterogradeT2A/PV/PVhSyn7/recipe_PVhSyn7_240411_112908.yml,MERGED_LOGS/mrsic_flogel/public/projects/NiVi_2021_vLGN/Injections/AnterogradeT2A/PV/PVhSyn7/recipe_PVhSyn7_240411_094154.yml
MERGED_LOGS/mrsic_flogel/public/projects/NiVi_2021_vLGN/Injections/AnterogradeT2A/SOM/SOMhSyn7/recipe_SOMhSyn7_240411_112908.yml,MERGED_LOGS/mrsic_flogel/public/projects/NiVi_2021_vLGN/Injections/AnterogradeT2A/SOM/SOMhSyn7/recipe_SOMhSyn7_240411_094154.yml
MERGED_LOGS/mrsic_flogel/public/projects/NiVi_2021_vLGN/Injections/AnterogradeT2A/vgat/unilateral/vgathSyn4/recipe_vgathSyn4_240319_144722.yml,MERGED_LOGS/mrsic_flogel/public/projects/NiVi_2021_vLGN/Injections/AnterogradeT2A/vgat/unilateral/vgathSyn4/recipe_vgathSyn4_240319_102851.yml
MERGED_LOGS/mrsic_flogel/public/projects/NiVi_2021_vLGN/Injections/AnterogradeT2A/vgat/unilateral/vgathSyn5/recipe_vgathSyn5_240319_144722.yml,MERGED_LOGS/mrsic_flogel/public/projects/NiVi_2021_vLGN/Injections/AnterogradeT2A/vgat/unilateral/vgathSyn5/recipe_vgathSyn5_240319_102851.yml
MERGED_LOGS/mrsic_flogel/public/projects/NiVi_2021_vLGN/Injections/AnterogradeT2A/vglut/NV_vgluthSyn5_20032024/recipe_NV_vgluthSyn5_20032024_240320_145748.yml,MERGED_LOGS/mrsic_flogel/public/projects/NiVi_2021_vLGN/Injections/AnterogradeT2A/vglut/NV_vgluthSyn5_20032024/recipe_NV_vgluthSyn5_20032024_240320_120819.yml
MERGED_LOGS/mrsic_flogel/public/projects/NiVi_2021_vLGN/Injections/AnterogradeT2A/vglut/vgluthSyn3/recipe_vgluthSyn3_240321_074912.yml,MERGED_LOGS/mrsic_flogel/public/projects/NiVi_2021_vLGN/Injections/AnterogradeT2A/vglut/vgluthSyn3/recipe_vgluthSyn3_240321_072001.yml
MERGED_LOGS/mrsic_flogel/public/projects/NiVi_2021_vLGN/Injections/AnterogradeT2A/vglut/vgluthSyn4/recipe_vgluthSyn4_240321_074912.yml,MERGED_LOGS/mrsic_flogel/public/projects/NiVi_2021_vLGN/Injections/AnterogradeT2A/vglut/vgluthSyn4/recipe_vgluthSyn4_240321_072001.yml
MERGED_LOGS/mrsic_flogel/public/projects/NiVi_2021_vLGN/Injections/Retrograde/LP/NV_LPvLGT2A1_2_18122023/NV_LPvLGT2A1/recipe_NV_LPvLGT2A1_231218_124954.yml,MERGED_LOGS/mrsic_flogel/public/projects/NiVi_2021_vLGN/Injections/Retrograde/LP/NV_LPvLGT2A1_2_18122023/NV_LPvLGT2A1/recipe_NV_LPvLGT2A1_231218_090952.yml
MERGED_LOGS/mrsic_flogel/public/projects/NiVi_2021_vLGN/Injections/Retrograde/LP/NV_LPvLGT2A1_2_18122023/NV_LPvLGT2A2/recipe_NV_LPvLGT2A2_231218_124954.yml,MERGED_LOGS/mrsic_flogel/public/projects/NiVi_2021_vLGN/Injections/Retrograde/LP/NV_LPvLGT2A1_2_18122023/NV_LPvLGT2A2/recipe_NV_LPvLGT2A2_231218_090952.yml
MERGED_LOGS/mrsic_flogel/public/projects/NiVi_2021_vLGN/Injections/Retrograde/SC/NV_SCvLGT2A3_18122023/recipe_NV_SCvLGT2A3_18122023_231218_093619.yml,MERGED_LOGS/mrsic_flogel/public/projects/NiVi_2021_vLGN/Injections/Retrograde/SC/NV_SCvLGT2A3_18122023/recipe_NV_SCvLGT2A3_18122023_231218_090432.yml
MERGED_LOGS/mrsic_flogel/public/projects/NiVi_2021_vLGN/Optogenetics/Histology/LP/SOMChRLP/SOMChRLP1/recipe_SOMChRLP1_240801_130929.yml,MERGED_LOGS/mrsic_flogel/public/projects/NiVi_2021_vLGN/Optogenetics/Histology/LP/SOMChRLP/SOMChRLP1/recipe_SOMChRLP1_240801_123047.yml
MERGED_LOGS/mrsic_flogel/public/projects/NiVi_2021_vLGN/Optogenetics/Histology/LP/SOMChRLP/SOMChRLP2/recipe_SOMChRLP2_240801_130929.yml,MERGED_LOGS/mrsic_flogel/public/projects/NiVi_2021_vLGN/Optogenetics/Histology/LP/SOMChRLP/SOMChRLP2/recipe_SOMChRLP2_240801_123047.yml
MERGED_LOGS/mrsic_flogel/public/projects/NiVi_2021_vLGN/Optogenetics/Histology/LP/SOMChRLP/SOMChRLP3/recipe_SOMChRLP3_240801_130929.yml,MERGED_LOGS/mrsic_flogel/public/projects/NiVi_2021_vLGN/Optogenetics/Histology/LP/SOMChRLP/SOMChRLP3/recipe_SOMChRLP3_240801_123047.yml
MERGED_LOGS/mrsic_flogel/public/projects/NiVi_2021_vLGN/Optogenetics/Histology/LP/SOMChRLP/SOMChRLP4/recipe_SOMChRLP4_240801_130929.yml,MERGED_LOGS/mrsic_flogel/public/projects/NiVi_2021_vLGN/Optogenetics/Histology/LP/SOMChRLP/SOMChRLP4/recipe_SOMChRLP4_240801_123047.yml
MERGED_LOGS/mrsic_flogel/public/projects/NiVi_2021_vLGN/Optogenetics/Histology/LP/SOMChRLP/SOMChRLP5/recipe_SOMChRLP5_240801_130929.yml,MERGED_LOGS/mrsic_flogel/public/projects/NiVi_2021_vLGN/Optogenetics/Histology/LP/SOMChRLP/SOMChRLP5/recipe_SOMChRLP5_240801_123047.yml
MERGED_LOGS/mrsic_flogel/public/projects/NiVi_2021_vLGN/Optogenetics/Histology/LP/SOMChRLP1/recipe_SOMChRLP1_240801_130929.yml,MERGED_LOGS/mrsic_flogel/public/projects/NiVi_2021_vLGN/Optogenetics/Histology/LP/SOMChRLP1/recipe_SOMChRLP1_240801_123047.yml
MERGED_LOGS/mrsic_flogel/public/projects/NiVi_2021_vLGN/Optogenetics/Histology/LP/SOMChRLP2/recipe_SOMChRLP2_240801_130929.yml,MERGED_LOGS/mrsic_flogel/public/projects/NiVi_2021_vLGN/Optogenetics/Histology/LP/SOMChRLP2/recipe_SOMChRLP2_240801_123047.yml
MERGED_LOGS/mrsic_flogel/public/projects/NiVi_2021_vLGN/Optogenetics/Histology/LP/SOMChRLP3/recipe_SOMChRLP3_240801_130929.yml,MERGED_LOGS/mrsic_flogel/public/projects/NiVi_2021_vLGN/Optogenetics/Histology/LP/SOMChRLP3/recipe_SOMChRLP3_240801_123047.yml
MERGED_LOGS/mrsic_flogel/public/projects/NiVi_2021_vLGN/Optogenetics/Histology/LP/SOMChRLP4/recipe_SOMChRLP4_240801_130929.yml,MERGED_LOGS/mrsic_flogel/public/projects/NiVi_2021_vLGN/Optogenetics/Histology/LP/SOMChRLP4/recipe_SOMChRLP4_240801_123047.yml
MERGED_LOGS/mrsic_flogel/public/projects/NiVi_2021_vLGN/Optogenetics/Histology/LP/SOMChRLP5/recipe_SOMChRLP5_240801_130929.yml,MERGED_LOGS/mrsic_flogel/public/projects/NiVi_2021_vLGN/Optogenetics/Histology/LP/SOMChRLP5/recipe_SOMChRLP5_240801_123047.yml
MERGED_LOGS/mrsic_flogel/public/projects/PeZn_20150501_AL_PM/histology/PZ133b/recipe_PZ133_180625.yml,MERGED_LOGS/mrsic_flogel/public/projects/PeZn_20150501_AL_PM/histology/PZ133/recipe_PZ133_180625.yml
MERGED_LOGS/mrsic_flogel/public/projects/RoCa_20190213_SerialSectionClearing/RC_05_CR01_CUBIC_dsRed/highResSecondStack/recipe_RC_CR_CUBIC_05_hires_190315_113751.yml,MERGED_LOGS/mrsic_flogel/public/projects/RoCa_20190213_SerialSectionClearing/RC_05_CR01_CUBIC_dsRed/lowResInitialStack/recipe_RC_CR_CUBIC_05_190315_105235.yml
MERGED_LOGS/mrsic_flogel/public/projects/RoCa_20190501_IBLanatomy/angelakilab/CI038/recipe_CI038_210812_165240.yml,MERGED_LOGS/mrsic_flogel/public/projects/RoCa_20190501_IBLanatomy/angelakilab/CI038/recipe_CI038.yml
MERGED_LOGS/mrsic_flogel/public/projects/RoCa_20190501_IBLanatomy/angelakilab/CI039/recipe_CI039_210812_165240.yml,MERGED_LOGS/mrsic_flogel/public/projects/RoCa_20190501_IBLanatomy/angelakilab/CI039/recipe_CI039.yml
MERGED_LOGS/mrsic_flogel/public/projects/RoCa_20190501_IBLanatomy/angelakilab/CI040/recipe_CI040_210812_165240.yml,MERGED_LOGS/mrsic_flogel/public/projects/RoCa_20190501_IBLanatomy/angelakilab/CI040/recipe_CI040.yml
MERGED_LOGS/mrsic_flogel/public/projects/RoCa_20190501_IBLanatomy/angelakilab/CI042/recipe_CI042_211027_135047.yml,MERGED_LOGS/mrsic_flogel/public/projects/RoCa_20190501_IBLanatomy/angelakilab/CI042/recipe_CI042.yml
MERGED_LOGS/mrsic_flogel/public/projects/RoCa_20190501_IBLanatomy/angelakilab/CI043/recipe_CI043_211027_135047.yml,MERGED_LOGS/mrsic_flogel/public/projects/RoCa_20190501_IBLanatomy/angelakilab/CI043/recipe_CI043.yml
MERGED_LOGS/mrsic_flogel/public/projects/RoCa_20190501_IBLanatomy/angelakilab/CI044/recipe_CI044_211027_135047.yml,MERGED_LOGS/mrsic_flogel/public/projects/RoCa_20190501_IBLanatomy/angelakilab/CI044/recipe_CI044.yml
MERGED_LOGS/mrsic_flogel/public/projects/RoCa_20190501_IBLanatomy/angelakilab/CI047/recipe_CI047_211104_125509.yml,MERGED_LOGS/mrsic_flogel/public/projects/RoCa_20190501_IBLanatomy/angelakilab/CI047/recipe_CI047.yml
MERGED_LOGS/mrsic_flogel/public/projects/RoCa_20190501_IBLanatomy/angelakilab/CI048/recipe_CI048_211104_125509.yml,MERGED_LOGS/mrsic_flogel/public/projects/RoCa_20190501_IBLanatomy/angelakilab/CI048/recipe_CI048.yml
MERGED_LOGS/mrsic_flogel/public/projects/RoCa_20190501_IBLanatomy/angelakilab/CSP015/acq-2-metadata/recipe_NYU-31_KS046_ZFM-01576_01936_01934_CSP018_015_FMR010_210309_135953.yml,MERGED_LOGS/mrsic_flogel/public/projects/RoCa_20190501_IBLanatomy/angelakilab/CSP015/acq-2-metadata/recipe_NYU-31_KS046_ZFM-01576_01936_01934_CSP018_015_FMR010_210308_132256.yml
MERGED_LOGS/mrsic_flogel/public/projects/RoCa_20190501_IBLanatomy/angelakilab/CSP018/acq-2-metadata/recipe_NYU-31_KS046_ZFM-01576_01936_01934_CSP018_015_FMR010_210309_135953.yml,MERGED_LOGS/mrsic_flogel/public/projects/RoCa_20190501_IBLanatomy/angelakilab/CSP018/acq-2-metadata/recipe_NYU-31_KS046_ZFM-01576_01936_01934_CSP018_015_FMR010_210308_132256.yml
MERGED_LOGS/mrsic_flogel/public/projects/RoCa_20190501_IBLanatomy/angelakilab/CSP025/recipe_CSP025_210812_165240.yml,MERGED_LOGS/mrsic_flogel/public/projects/RoCa_20190501_IBLanatomy/angelakilab/CSP025/recipe_CSP025.yml
MERGED_LOGS/mrsic_flogel/public/projects/RoCa_20190501_IBLanatomy/angelakilab/CSP026/recipe_CSP026_210825_170011.yml,MERGED_LOGS/mrsic_flogel/public/projects/RoCa_20190501_IBLanatomy/angelakilab/CSP026/recipe_CSP026.yml
MERGED_LOGS/mrsic_flogel/public/projects/RoCa_20190501_IBLanatomy/angelakilab/CSP027/recipe_CSP027_210914_111117.yml,MERGED_LOGS/mrsic_flogel/public/projects/RoCa_20190501_IBLanatomy/angelakilab/CSP027/recipe_CSP027.yml
MERGED_LOGS/mrsic_flogel/public/projects/RoCa_20190501_IBLanatomy/angelakilab/CSP028/recipe_CSP028_210914_111117.yml,MERGED_LOGS/mrsic_flogel/public/projects/RoCa_20190501_IBLanatomy/angelakilab/CSP028/recipe_CSP028.yml
MERGED_LOGS/mrsic_flogel/public/projects/RoCa_20190501_IBLanatomy/angelakilab/CSP029/recipe_CSP029_210914_111117.yml,MERGED_LOGS/mrsic_flogel/public/projects/RoCa_20190501_IBLanatomy/angelakilab/CSP029/recipe_CSP029.yml
MERGED_LOGS/mrsic_flogel/public/projects/RoCa_20190501_IBLanatomy/angelakilab/FMR010/acq-2-metadata/recipe_NYU-31_KS046_ZFM-01576_01936_01934_CSP018_015_FMR010_210309_135953.yml,MERGED_LOGS/mrsic_flogel/public/projects/RoCa_20190501_IBLanatomy/angelakilab/FMR010/acq-2-metadata/recipe_NYU-31_KS046_ZFM-01576_01936_01934_CSP018_015_FMR010_210308_132256.yml
MERGED_LOGS/mrsic_flogel/public/projects/RoCa_20190501_IBLanatomy/angelakilab/FMR019/recipe_FMR019_210818_154100.yml,MERGED_LOGS/mrsic_flogel/public/projects/RoCa_20190501_IBLanatomy/angelakilab/FMR019/recipe_FMR019.yml
MERGED_LOGS/mrsic_flogel/public/projects/RoCa_20190501_IBLanatomy/angelakilab/FMR025/recipe_FMR025_211104_125509.yml,MERGED_LOGS/mrsic_flogel/public/projects/RoCa_20190501_IBLanatomy/angelakilab/FMR025/recipe_FMR025.yml
MERGED_LOGS/mrsic_flogel/public/projects/RoCa_20190501_IBLanatomy/angelakilab/FMR027/recipe_FMR027_211104_125509.yml,MERGED_LOGS/mrsic_flogel/public/projects/RoCa_20190501_IBLanatomy/angelakilab/FMR027/recipe_FMR027.yml
MERGED_LOGS/mrsic_flogel/public/projects/RoCa_20190501_IBLanatomy/angelakilab/NYU-31/acq-2-metadata/recipe_NYU-31_KS046_ZFM-01576_01936_01934_CSP018_015_FMR010_210309_135953.yml,MERGED_LOGS/mrsic_flogel/public/projects/RoCa_20190501_IBLanatomy/angelakilab/NYU-31/acq-2-metadata/recipe_NYU-31_KS046_ZFM-01576_01936_01934_CSP018_015_FMR010_210308_132256.yml
MERGED_LOGS/mrsic_flogel/public/projects/RoCa_20190501_IBLanatomy/angelakilab/NYU-45/recipe_NYU-45_210825_170011.yml,MERGED_LOGS/mrsic_flogel/public/projects/RoCa_20190501_IBLanatomy/angelakilab/NYU-45/recipe_NYU-45.yml
MERGED_LOGS/mrsic_flogel/public/projects/RoCa_20190501_IBLanatomy/angelakilab/NYU-46/recipe_NYU-46_210825_170011.yml,MERGED_LOGS/mrsic_flogel/public/projects/RoCa_20190501_IBLanatomy/angelakilab/NYU-46/recipe_NYU-46.yml
MERGED_LOGS/mrsic_flogel/public/projects/RoCa_20190501_IBLanatomy/angelakilab/NYU-47/recipe_NYU-47_210825_170011.yml,MERGED_LOGS/mrsic_flogel/public/projects/RoCa_20190501_IBLanatomy/angelakilab/NYU-47/recipe_NYU-47.yml
MERGED_LOGS/mrsic_flogel/public/projects/RoCa_20190501_IBLanatomy/angelakilab/NYU-48/recipe_NYU-48_210825_170011.yml,MERGED_LOGS/mrsic_flogel/public/projects/RoCa_20190501_IBLanatomy/angelakilab/NYU-48/recipe_NYU-48.yml
MERGED_LOGS/mrsic_flogel/public/projects/RoCa_20190501_IBLanatomy/angelakilab/NYU-49/recipe_NYU-49_210825_170011.yml,MERGED_LOGS/mrsic_flogel/public/projects/RoCa_20190501_IBLanatomy/angelakilab/NYU-49/recipe_NYU-49.yml
MERGED_LOGS/mrsic_flogel/public/projects/RoCa_20190501_IBLanatomy/angelakilab/NYU-50/recipe_NYU-50_211027_135047.yml,MERGED_LOGS/mrsic_flogel/public/projects/RoCa_20190501_IBLanatomy/angelakilab/NYU-50/recipe_NYU-50.yml
MERGED_LOGS/mrsic_flogel/public/projects/RoCa_20190501_IBLanatomy/angelakilab/NYU-52/recipe_NYU-52_211027_135047.yml,MERGED_LOGS/mrsic_flogel/public/projects/RoCa_20190501_IBLanatomy/angelakilab/NYU-52/recipe_NYU-52.yml
MERGED_LOGS/mrsic_flogel/public/projects/RoCa_20190501_IBLanatomy/churchlandlab/UCLA005/recipe_UCLA005_210819_174316.yml,MERGED_LOGS/mrsic_flogel/public/projects/RoCa_20190501_IBLanatomy/churchlandlab/UCLA005/recipe_UCLA005.yml
MERGED_LOGS/mrsic_flogel/public/projects/RoCa_20190501_IBLanatomy/churchlandlab/UCLA011/recipe_UCLA011_210819_174316.yml,MERGED_LOGS/mrsic_flogel/public/projects/RoCa_20190501_IBLanatomy/churchlandlab/UCLA011/recipe_UCLA011.yml
MERGED_LOGS/mrsic_flogel/public/projects/RoCa_20190501_IBLanatomy/churchlandlab/UCLA012/recipe_UCLA012_210819_174316.yml,MERGED_LOGS/mrsic_flogel/public/projects/RoCa_20190501_IBLanatomy/churchlandlab/UCLA012/recipe_UCLA012.yml
MERGED_LOGS/mrsic_flogel/public/projects/RoCa_20190501_IBLanatomy/churchlandlab/UCLA013/recipe_UCLA013_211104_125509.yml,MERGED_LOGS/mrsic_flogel/public/projects/RoCa_20190501_IBLanatomy/churchlandlab/UCLA013/recipe_UCLA013.yml
MERGED_LOGS/mrsic_flogel/public/projects/RoCa_20190501_IBLanatomy/churchlandlab/UCLA014/recipe_UCLA014_211027_135047.yml,MERGED_LOGS/mrsic_flogel/public/projects/RoCa_20190501_IBLanatomy/churchlandlab/UCLA014/recipe_UCLA014.yml
MERGED_LOGS/mrsic_flogel/public/projects/RoCa_20190501_IBLanatomy/churchlandlab/UCLA022/recipe_UCLA022_211104_125509.yml,MERGED_LOGS/mrsic_flogel/public/projects/RoCa_20190501_IBLanatomy/churchlandlab/UCLA022/recipe_UCLA022.yml
MERGED_LOGS/mrsic_flogel/public/projects/RoCa_20190501_IBLanatomy/churchlandlab_ucla/UCLA005/UCLA005/recipe_UCLA005_210819_174316.yml,MERGED_LOGS/mrsic_flogel/public/projects/RoCa_20190501_IBLanatomy/churchlandlab_ucla/UCLA005/UCLA005/recipe_UCLA005.yml
MERGED_LOGS/mrsic_flogel/public/projects/RoCa_20190501_IBLanatomy/churchlandlab_ucla/UCLA005/recipe_UCLA005_210819_174316.yml,MERGED_LOGS/mrsic_flogel/public/projects/RoCa_20190501_IBLanatomy/churchlandlab_ucla/UCLA005/recipe_UCLA005.yml
MERGED_LOGS/mrsic_flogel/public/projects/RoCa_20190501_IBLanatomy/churchlandlab_ucla/UCLA011/UCLA011/recipe_UCLA011_210819_174316.yml,MERGED_LOGS/mrsic_flogel/public/projects/RoCa_20190501_IBLanatomy/churchlandlab_ucla/UCLA011/UCLA011/recipe_UCLA011.yml
MERGED_LOGS/mrsic_flogel/public/projects/RoCa_20190501_IBLanatomy/churchlandlab_ucla/UCLA011/recipe_UCLA011_210819_174316.yml,MERGED_LOGS/mrsic_flogel/public/projects/RoCa_20190501_IBLanatomy/churchlandlab_ucla/UCLA011/recipe_UCLA011.yml
MERGED_LOGS/mrsic_flogel/public/projects/RoCa_20190501_IBLanatomy/churchlandlab_ucla/UCLA012/UCLA012/recipe_UCLA012_210819_174316.yml,MERGED_LOGS/mrsic_flogel/public/projects/RoCa_20190501_IBLanatomy/churchlandlab_ucla/UCLA012/UCLA012/recipe_UCLA012.yml
MERGED_LOGS/mrsic_flogel/public/projects/RoCa_20190501_IBLanatomy/churchlandlab_ucla/UCLA012/recipe_UCLA012_210819_174316.yml,MERGED_LOGS/mrsic_flogel/public/projects/RoCa_20190501_IBLanatomy/churchlandlab_ucla/UCLA012/recipe_UCLA012.yml
MERGED_LOGS/mrsic_flogel/public/projects/RoCa_20190501_IBLanatomy/churchlandlab_ucla/UCLA013/UCLA013/recipe_UCLA013_211104_125509.yml,MERGED_LOGS/mrsic_flogel/public/projects/RoCa_20190501_IBLanatomy/churchlandlab_ucla/UCLA013/UCLA013/recipe_UCLA013.yml
MERGED_LOGS/mrsic_flogel/public/projects/RoCa_20190501_IBLanatomy/churchlandlab_ucla/UCLA013/recipe_UCLA013_211104_125509.yml,MERGED_LOGS/mrsic_flogel/public/projects/RoCa_20190501_IBLanatomy/churchlandlab_ucla/UCLA013/recipe_UCLA013.yml
MERGED_LOGS/mrsic_flogel/public/projects/RoCa_20190501_IBLanatomy/churchlandlab_ucla/UCLA014/UCLA014/recipe_UCLA014_211027_135047.yml,MERGED_LOGS/mrsic_flogel/public/projects/RoCa_20190501_IBLanatomy/churchlandlab_ucla/UCLA014/UCLA014/recipe_UCLA014.yml
MERGED_LOGS/mrsic_flogel/public/projects/RoCa_20190501_IBLanatomy/churchlandlab_ucla/UCLA014/recipe_UCLA014_211027_135047.yml,MERGED_LOGS/mrsic_flogel/public/projects/RoCa_20190501_IBLanatomy/churchlandlab_ucla/UCLA014/recipe_UCLA014.yml
MERGED_LOGS/mrsic_flogel/public/projects/RoCa_20190501_IBLanatomy/churchlandlab_ucla/UCLA022/UCLA022/recipe_UCLA022_211104_125509.yml,MERGED_LOGS/mrsic_flogel/public/projects/RoCa_20190501_IBLanatomy/churchlandlab_ucla/UCLA022/UCLA022/recipe_UCLA022.yml
MERGED_LOGS/mrsic_flogel/public/projects/RoCa_20190501_IBLanatomy/churchlandlab_ucla/UCLA022/recipe_UCLA022_211104_125509.yml,MERGED_LOGS/mrsic_flogel/public/projects/RoCa_20190501_IBLanatomy/churchlandlab_ucla/UCLA022/recipe_UCLA022.yml
MERGED_LOGS/mrsic_flogel/public/projects/RoCa_20190501_IBLanatomy/cortexlab/KS046/acq-2-metadata/recipe_NYU-31_KS046_ZFM-01576_01936_01934_CSP018_015_FMR010_210309_135953.yml,MERGED_LOGS/mrsic_flogel/public/projects/RoCa_20190501_IBLanatomy/cortexlab/KS046/acq-2-metadata/recipe_NYU-31_KS046_ZFM-01576_01936_01934_CSP018_015_FMR010_210308_132256.yml
MERGED_LOGS/mrsic_flogel/public/projects/RoCa_20190501_IBLanatomy/cortexlab/KS050/recipe_KS050_210813_175659.yml,MERGED_LOGS/mrsic_flogel/public/projects/RoCa_20190501_IBLanatomy/cortexlab/KS050/recipe_KS050.yml
MERGED_LOGS/mrsic_flogel/public/projects/RoCa_20190501_IBLanatomy/cortexlab/KS054/recipe_KS054_210813_175659.yml,MERGED_LOGS/mrsic_flogel/public/projects/RoCa_20190501_IBLanatomy/cortexlab/KS054/recipe_KS054.yml
MERGED_LOGS/mrsic_flogel/public/projects/RoCa_20190501_IBLanatomy/cortexlab/KS056/recipe_KS056_210813_175659.yml,MERGED_LOGS/mrsic_flogel/public/projects/RoCa_20190501_IBLanatomy/cortexlab/KS056/recipe_KS056.yml
MERGED_LOGS/mrsic_flogel/public/projects/RoCa_20190501_IBLanatomy/cortexlab/KS059/recipe_KS059_210902_134444.yml,MERGED_LOGS/mrsic_flogel/public/projects/RoCa_20190501_IBLanatomy/cortexlab/KS059/recipe_KS059.yml
MERGED_LOGS/mrsic_flogel/public/projects/RoCa_20190501_IBLanatomy/cortexlab/KS061/recipe_KS061_210902_134444.yml,MERGED_LOGS/mrsic_flogel/public/projects/RoCa_20190501_IBLanatomy/cortexlab/KS061/recipe_KS061.yml
MERGED_LOGS/mrsic_flogel/public/projects/RoCa_20190501_IBLanatomy/cortexlab/KS064/recipe_KS064_210902_134444.yml,MERGED_LOGS/mrsic_flogel/public/projects/RoCa_20190501_IBLanatomy/cortexlab/KS064/recipe_KS064.yml
MERGED_LOGS/mrsic_flogel/public/projects/RoCa_20190501_IBLanatomy/cortexlab/KS066/recipe_KS066_210902_134444.yml,MERGED_LOGS/mrsic_flogel/public/projects/RoCa_20190501_IBLanatomy/cortexlab/KS066/recipe_KS066.yml
MERGED_LOGS/mrsic_flogel/public/projects/RoCa_20190501_IBLanatomy/cortexlab/KS067/recipe_KS067_210902_134444.yml,MERGED_LOGS/mrsic_flogel/public/projects/RoCa_20190501_IBLanatomy/cortexlab/KS067/recipe_KS067.yml
MERGED_LOGS/mrsic_flogel/public/projects/RoCa_20190501_IBLanatomy/cortexlab/KS068/recipe_KS068_210902_134444.yml,MERGED_LOGS/mrsic_flogel/public/projects/RoCa_20190501_IBLanatomy/cortexlab/KS068/recipe_KS068.yml
MERGED_LOGS/mrsic_flogel/public/projects/RoCa_20190501_IBLanatomy/mainenlab/ZFM-01576/acq-2-metadata/recipe_NYU-31_KS046_ZFM-01576_01936_01934_CSP018_015_FMR010_210309_135953.yml,MERGED_LOGS/mrsic_flogel/public/projects/RoCa_20190501_IBLanatomy/mainenlab/ZFM-01576/acq-2-metadata/recipe_NYU-31_KS046_ZFM-01576_01936_01934_CSP018_015_FMR010_210308_132256.yml
MERGED_LOGS/mrsic_flogel/public/projects/RoCa_20190501_IBLanatomy/mainenlab/ZFM-01867/recipe_ZFM-01867_210812_165240.yml,MERGED_LOGS/mrsic_flogel/public/projects/RoCa_20190501_IBLanatomy/mainenlab/ZFM-01867/recipe_ZFM-01867.yml
MERGED_LOGS/mrsic_flogel/public/projects/RoCa_20190501_IBLanatomy/mainenlab/ZFM-01934/acq-2-metadata/recipe_NYU-31_KS046_ZFM-01576_01936_01934_CSP018_015_FMR010_210309_135953.yml,MERGED_LOGS/mrsic_flogel/public/projects/RoCa_20190501_IBLanatomy/mainenlab/ZFM-01934/acq-2-metadata/recipe_NYU-31_KS046_ZFM-01576_01936_01934_CSP018_015_FMR010_210308_132256.yml
MERGED_LOGS/mrsic_flogel/public/projects/RoCa_20190501_IBLanatomy/mainenlab/ZFM-01936/acq-2-metadata/recipe_NYU-31_KS046_ZFM-01576_01936_01934_CSP018_015_FMR010_210309_135953.yml,MERGED_LOGS/mrsic_flogel/public/projects/RoCa_20190501_IBLanatomy/mainenlab/ZFM-01936/acq-2-metadata/recipe_NYU-31_KS046_ZFM-01576_01936_01934_CSP018_015_FMR010_210308_132256.yml
MERGED_LOGS/mrsic_flogel/public/projects/RoCa_20190501_IBLanatomy/mainenlab/ZFM-02180/recipe_ZFM-02180_210812_165240.yml,MERGED_LOGS/mrsic_flogel/public/projects/RoCa_20190501_IBLanatomy/mainenlab/ZFM-02180/recipe_ZFM-02180.yml
MERGED_LOGS/mrsic_flogel/public/projects/RoCa_20190501_IBLanatomy/mainenlab/ZFM-02181/recipe_ZFM-02181_210914_111117.yml,MERGED_LOGS/mrsic_flogel/public/projects/RoCa_20190501_IBLanatomy/mainenlab/ZFM-02181/recipe_ZFM-02181.yml
MERGED_LOGS/mrsic_flogel/public/projects/RoCa_20190501_IBLanatomy/mainenlab/ZFM-02183/recipe_ZFM-02183_210914_111117.yml,MERGED_LOGS/mrsic_flogel/public/projects/RoCa_20190501_IBLanatomy/mainenlab/ZFM-02183/recipe_ZFM-02183.yml
MERGED_LOGS/mrsic_flogel/public/projects/RoCa_20190501_IBLanatomy/mainenlab/ZFM-02184/recipe_ZFM-02184_210921_182753.yml,MERGED_LOGS/mrsic_flogel/public/projects/RoCa_20190501_IBLanatomy/mainenlab/ZFM-02184/recipe_ZFM-02184.yml
MERGED_LOGS/mrsic_flogel/public/projects/RoCa_20190501_IBLanatomy/mainenlab/ZFM-02373/recipe_ZFM-02373_210914_111117.yml,MERGED_LOGS/mrsic_flogel/public/projects/RoCa_20190501_IBLanatomy/mainenlab/ZFM-02373/recipe_ZFM-02373.yml
MERGED_LOGS/mrsic_flogel/public/projects/RoCa_20190501_IBLanatomy/mainenlab/ZFM-02600/recipe_ZFM-02600_210921_182753.yml,MERGED_LOGS/mrsic_flogel/public/projects/RoCa_20190501_IBLanatomy/mainenlab/ZFM-02600/recipe_ZFM-02600.yml
MERGED_LOGS/mrsic_flogel/public/projects/RoCa_20190501_IBLanatomy/mainenlab/ZFM-03064/recipe_ZFM-03064_220907_141111.yml,MERGED_LOGS/mrsic_flogel/public/projects/RoCa_20190501_IBLanatomy/mainenlab/ZFM-03064/recipe_ZFM-03064.yml
MERGED_LOGS/mrsic_flogel/public/projects/RoCa_20190501_IBLanatomy/mrsicflogellab/SWC_NM_001/recipe_SWC_NM_001_210813_175659.yml,MERGED_LOGS/mrsic_flogel/public/projects/RoCa_20190501_IBLanatomy/mrsicflogellab/SWC_NM_001/recipe_SWC_NM_001.yml
MERGED_LOGS/mrsic_flogel/public/projects/RoCa_20190501_IBLanatomy/mrsicflogellab/SWC_NM_002/recipe_SWC_NM_002_210813_175659.yml,MERGED_LOGS/mrsic_flogel/public/projects/RoCa_20190501_IBLanatomy/mrsicflogellab/SWC_NM_002/recipe_SWC_NM_002.yml
MERGED_LOGS/mrsic_flogel/public/projects/RoCa_20190501_IBLanatomy/mrsicflogellab/SWC_NM_009/recipe_SWC_NM_009_210813_175659.yml,MERGED_LOGS/mrsic_flogel/public/projects/RoCa_20190501_IBLanatomy/mrsicflogellab/SWC_NM_009/recipe_SWC_NM_009.yml
MERGED_LOGS/mrsic_flogel/public/projects/RoCa_20190501_IBLanatomy/rawDataArchive/DL004-1/recipe_DL004_210330_132919.yml,MERGED_LOGS/mrsic_flogel/public/projects/RoCa_20190501_IBLanatomy/rawDataArchive/DL004-1/recipe_DL004_210330_122426.yml
MERGED_LOGS/mrsic_flogel/public/projects/RoCa_20190501_IBLanatomy/rawDataArchive/DL004-2/recipe_DL004_210330_132919.yml,MERGED_LOGS/mrsic_flogel/public/projects/RoCa_20190501_IBLanatomy/rawDataArchive/DL004-2/recipe_DL004_210330_122426.yml
MERGED_LOGS/mrsic_flogel/public/projects/RoCa_20190501_IBLanatomy/rawDataArchive/DL004/recipe_DL004_210330_132919.yml,MERGED_LOGS/mrsic_flogel/public/projects/RoCa_20190501_IBLanatomy/rawDataArchive/DL004/recipe_DL004_210330_122426.yml
MERGED_LOGS/mrsic_flogel/public/projects/RoCa_20190501_IBLanatomy/rawDataArchive/NYU-31_KS046_ZFM-01576_01936_01934_CSP018_015_FMR010/acq-2-metadata/recipe_NYU-31_KS046_ZFM-01576_01936_01934_CSP018_015_FMR010_210309_135953.yml,MERGED_LOGS/mrsic_flogel/public/projects/RoCa_20190501_IBLanatomy/rawDataArchive/NYU-31_KS046_ZFM-01576_01936_01934_CSP018_015_FMR010/acq-2-metadata/recipe_NYU-31_KS046_ZFM-01576_01936_01934_CSP018_015_FMR010_210308_132256.yml
MERGED_LOGS/mrsic_flogel/public/projects/RoCa_20190501_IBLanatomy/rawDataArchive/ZFM-03064/recipe_ZFM-03064_220907_141111.yml,MERGED_LOGS/mrsic_flogel/public/projects/RoCa_20190501_IBLanatomy/rawDataArchive/ZFM-03064/recipe_ZFM-03064_220907_115334.yml
MERGED_LOGS/mrsic_flogel/public/projects/RoCa_20190501_IBLanatomy/wittenlab/DiI_Trial/recipe_IBL_Witten_13_190509_110157.yml,MERGED_LOGS/mrsic_flogel/public/projects/RoCa_20190501_IBLanatomy/wittenlab/DiI_Trial/recipe_IBL_Witten_13_190509_104433.yml
MERGED_LOGS/mrsic_flogel/public/projects/RoCa_20190501_IBLanatomy/wittenlab/dop_21/recipe_dop_21_210818_154100.yml,MERGED_LOGS/mrsic_flogel/public/projects/RoCa_20190501_IBLanatomy/wittenlab/dop_21/recipe_dop_21.yml
MERGED_LOGS/mrsic_flogel/public/projects/RoCa_20190501_IBLanatomy/wittenlab/dop_22/recipe_dop_22_210819_174316.yml,MERGED_LOGS/mrsic_flogel/public/projects/RoCa_20190501_IBLanatomy/wittenlab/dop_22/recipe_dop_22.yml
MERGED_LOGS/mrsic_flogel/public/projects/RoCa_20190501_IBLanatomy/wittenlab/dop_36/recipe_dop_36_210818_154100.yml,MERGED_LOGS/mrsic_flogel/public/projects/RoCa_20190501_IBLanatomy/wittenlab/dop_36/recipe_dop_36.yml
MERGED_LOGS/mrsic_flogel/public/projects/RoCa_20190501_IBLanatomy/wittenlab/ibl_witten_29/recipe_ibl_witten_29_210818_154100.yml,MERGED_LOGS/mrsic_flogel/public/projects/RoCa_20190501_IBLanatomy/wittenlab/ibl_witten_29/recipe_ibl_witten_29.yml
MERGED_LOGS/mrsic_flogel/public/projects/RoCa_20190501_IBLanatomy/wittenlab/ibl_witten_32/recipe_ibl_witten_32_210818_154100.yml,MERGED_LOGS/mrsic_flogel/public/projects/RoCa_20190501_IBLanatomy/wittenlab/ibl_witten_32/recipe_ibl_witten_32.yml
MERGED_LOGS/mrsic_flogel/public/projects/RoCa_20190501_IBLanatomy/wittenlab/lic_1/recipe_lic_1_190925_160059.yml,MERGED_LOGS/mrsic_flogel/public/projects/RoCa_20190501_IBLanatomy/wittenlab/lic_1/recipe_lic_1_190925_112428.yml
MERGED_LOGS/mrsic_flogel/public/projects/RoCa_20190501_IBLanatomy/wittenlab/lic_1/recipe_lic_1_190925_160229.yml,MERGED_LOGS/mrsic_flogel/public/projects/RoCa_20190501_IBLanatomy/wittenlab/lic_1/recipe_lic_1_190925_112428.yml
MERGED_LOGS/mrsic_flogel/public/projects/RoCa_20190601_SerialSectionDevelopment/earlyNeuroVisionAcqs/CA_468_4/recipe_CA_468_4_190725_114919.yml,MERGED_LOGS/mrsic_flogel/public/projects/RoCa_20190601_SerialSectionDevelopment/earlyNeuroVisionAcqs/CA_468_4/recipe_CA_468_4_190725_114453.yml
MERGED_LOGS/mrsic_flogel/public/projects/RoCa_20190601_SerialSectionDevelopment/earlyNeuroVisionAcqs/PC_041/recipe_PC_041_190718_173934.yml,MERGED_LOGS/mrsic_flogel/public/projects/RoCa_20190601_SerialSectionDevelopment/earlyNeuroVisionAcqs/PC_041/recipe_PC_041_190718_173442.yml
MERGED_LOGS/mrsic_flogel/public/projects/RoCa_20210125_SPEARs_collaboration/KH_iDISCO_2021_03_15/KH_iDISCO_CHAT_SERIALSECTION/recipe_sample_210405_154712_210405_163509.yml,MERGED_LOGS/mrsic_flogel/public/projects/RoCa_20210125_SPEARs_collaboration/KH_iDISCO_2021_03_15/KH_iDISCO_CHAT_SERIALSECTION/recipe_sample_210405_154712_210405_160651.yml
MERGED_LOGS/mrsic_flogel/public/projects/RoCa_20230401_INSIHGT/BrainSaw/RC_DAPI_GABA_488_Neun_594_cFos_SeTau647_02/recipe_RC_DAPI_GABA_488_Neun_594_cFos_SeTau647_02_230328_114432.yml,MERGED_LOGS/mrsic_flogel/public/projects/RoCa_20230401_INSIHGT/BrainSaw/RC_DAPI_GABA_488_Neun_594_cFos_SeTau647_01/recipe_RC_DAPI_GABA_488_Neun_594_cFos_SeTau647_01_230328_110619.yml
MERGED_LOGS/mrsic_flogel/public/projects/RoCa_20230401_INSIHGT/BrainSaw/RC_Neurotrans_Ab/recipe_RC_Neurotrans_Ab_231031_140322.yml,MERGED_LOGS/mrsic_flogel/public/projects/RoCa_20230401_INSIHGT/BrainSaw/RC_Neurotrans_Ab/recipe_RC_Neurotrans_Ab_231031_111409.yml
MERGED_LOGS/mrsic_flogel/public/projects/RoCa_20230401_INSIHGT/BrainSaw/human/RC__HS_subCrtx_DAPI_488_594_647_03/recipe_RC__HS_subCrtx_DAPI_488_594_647_03_230511_230937.yml,MERGED_LOGS/mrsic_flogel/public/projects/RoCa_20230401_INSIHGT/BrainSaw/human/RC__HS_subCrtx_DAPI_488_594_647_03/recipe_RC__HS_subCrtx_DAPI_488_594_647_03_230511_232937.yml
MERGED_LOGS/mrsic_flogel/public/projects/RoCa_20230401_INSIHGT/BrainSaw/human/RC__HS_subCrtx_DAPI_488_594_647_03/recipe_RC__HS_subCrtx_DAPI_488_594_647_03_230511_232937.yml,MERGED_LOGS/mrsic_flogel/public/projects/RoCa_20230401_INSIHGT/BrainSaw/human/RC__HS_subCrtx_DAPI_488_594_647_highres/recipe_RC__HS_subCrtx_DAPI_488_594_647_230510_115010.yml
MERGED_LOGS/mrsic_flogel/public/projects/SaEl_20220201_VIP/2pdata/ACCaxonimaging/se018/brainsaw/recipe_se014_221010_161700.yml,MERGED_LOGS/mrsic_flogel/public/projects/SaEl_20220201_VIP/2pdata/ACCaxonimaging/se018/brainsaw/recipe_se014_221008_161634.yml
MERGED_LOGS/mrsic_flogel/public/projects/SaEl_20220201_VIP/2pdata/ACCaxonimaging/se020/brainsaw/recipe_se015_221010_161700.yml,MERGED_LOGS/mrsic_flogel/public/projects/SaEl_20220201_VIP/2pdata/ACCaxonimaging/se020/brainsaw/recipe_se015_221008_161634.yml
MERGED_LOGS/mrsic_flogel/public/projects/SaEl_20220201_VIP/2pdata/ACCaxonimaging/se068/brainsaw_2/recipe_se068_240111_221813.yml,MERGED_LOGS/mrsic_flogel/public/projects/SaEl_20220201_VIP/2pdata/ACCaxonimaging/se068/brainsaw/recipe_se068_240111_194422.yml
MERGED_LOGS/mrsic_flogel/public/projects/SaEl_20220201_VIP/2pdata/ACCaxonimaging/se069/brainsaw_2/recipe_se069_240111_221813.yml,MERGED_LOGS/mrsic_flogel/public/projects/SaEl_20220201_VIP/2pdata/ACCaxonimaging/se068/brainsaw/recipe_se068_240111_194422.yml
MERGED_LOGS/mrsic_flogel/public/projects/SaEl_20220201_VIP/2pdata/ACCsilencing/DREADDs/se070/brainsaw_2/recipe_se070_240111_100025.yml,MERGED_LOGS/mrsic_flogel/public/projects/SaEl_20220201_VIP/2pdata/ACCsilencing/DREADDs/se070/brainsaw/recipe_se070_240110_122754.yml
MERGED_LOGS/mrsic_flogel/public/projects/SaEl_20220201_VIP/2pdata/ACCsilencing/DREADDs/se080/C/brainsaw/recipe_se080_240327_143659.yml,MERGED_LOGS/mrsic_flogel/public/projects/SaEl_20220201_VIP/2pdata/ACCsilencing/DREADDs/se080/C/brainsaw/recipe_se080_240327_100012.yml
MERGED_LOGS/mrsic_flogel/public/projects/SaEl_20220201_VIP/2pdata/ACCsilencing/DREADDs/se081/brainsaw/recipe_se081_240327_143659.yml,MERGED_LOGS/mrsic_flogel/public/projects/SaEl_20220201_VIP/2pdata/ACCsilencing/DREADDs/se081/brainsaw/recipe_se081_240327_100012.yml
MERGED_LOGS/mrsic_flogel/public/projects/SaEl_20220201_VIP/2pdata/ACCsilencing/Halo/se014/brainsaw/recipe_se020_221010_161700.yml,MERGED_LOGS/mrsic_flogel/public/projects/SaEl_20220201_VIP/2pdata/ACCsilencing/Halo/se014/brainsaw/recipe_se020_221008_161634.yml
MERGED_LOGS/mrsic_flogel/public/projects/SaEl_20220201_VIP/2pdata/ACCsilencing/Halo/se015/brainsaw/recipe_se018_221010_161700.yml,MERGED_LOGS/mrsic_flogel/public/projects/SaEl_20220201_VIP/2pdata/ACCsilencing/Halo/se015/brainsaw/recipe_se018_221008_161634.yml
MERGED_LOGS/mrsic_flogel/public/projects/SaEl_20220201_VIP/2pdata/ACCsilencing/se014/brainsaw/recipe_se020_221010_161700.yml,MERGED_LOGS/mrsic_flogel/public/projects/SaEl_20220201_VIP/2pdata/ACCsilencing/se014/brainsaw/recipe_se020_221008_161634.yml
MERGED_LOGS/mrsic_flogel/public/projects/SaEl_20220201_VIP/2pdata/ACCsilencing/se015/brainsaw/recipe_se018_221010_161700.yml,MERGED_LOGS/mrsic_flogel/public/projects/SaEl_20220201_VIP/2pdata/ACCsilencing/se015/brainsaw/recipe_se018_221008_161634.yml
MERGED_LOGS/mrsic_flogel/public/projects/SaEl_20220201_VIP/2pdata/RSCaxonimaging/se071/brainsaw_2/recipe_se071_240111_100025.yml,MERGED_LOGS/mrsic_flogel/public/projects/SaEl_20220201_VIP/2pdata/ACCsilencing/DREADDs/se070/brainsaw/recipe_se070_240110_122754.yml
MERGED_LOGS/mrsic_flogel/public/projects/SaEl_20220201_VIP/2pdata/RSCaxonimaging/se077/brainsaw_2/recipe_se077_240111_221813.yml,MERGED_LOGS/mrsic_flogel/public/projects/SaEl_20220201_VIP/2pdata/ACCaxonimaging/se068/brainsaw/recipe_se068_240111_194422.yml
MERGED_LOGS/mrsic_flogel/public/projects/SaEl_20220201_VIP/2pdata/RSCaxonimaging/se078/brainsaw_2/recipe_se078_240111_221813.yml,MERGED_LOGS/mrsic_flogel/public/projects/SaEl_20220201_VIP/2pdata/ACCaxonimaging/se068/brainsaw/recipe_se068_240111_194422.yml
MERGED_LOGS/mrsic_flogel/public/projects/SaEl_20220201_VIP/2pdata/RSCaxonimaging/se082/brainsaw/recipe_se082_240327_143659.yml,MERGED_LOGS/mrsic_flogel/public/projects/SaEl_20220201_VIP/2pdata/RSCaxonimaging/se082/brainsaw/recipe_se082_240327_100012.yml
MERGED_LOGS/mrsic_flogel/public/projects/SaEl_20220201_VIP/2pdata/RSCaxonimaging/se083/brainsaw/recipe_se083_240327_100012.yml,MERGED_LOGS/mrsic_flogel/public/projects/SaEl_20220201_VIP/2pdata/RSCaxonimaging/se083/brainsaw/recipe_SE80_83_240327_100012.yml
MERGED_LOGS/mrsic_flogel/public/projects/SaEl_20220201_VIP/2pdata/RSCaxonimaging/se083/brainsaw/recipe_se083_240327_143659.yml,MERGED_LOGS/mrsic_flogel/public/projects/SaEl_20220201_VIP/2pdata/RSCaxonimaging/se083/brainsaw/recipe_SE80_83_240327_100012.yml
MERGED_LOGS/mrsic_flogel/public/projects/SaEl_20220201_VIP/2pdata/RSCsilencing/DREADDs/se074/brainsaw_2/recipe_se074_240111_100025.yml,MERGED_LOGS/mrsic_flogel/public/projects/SaEl_20220201_VIP/2pdata/ACCsilencing/DREADDs/se070/brainsaw/recipe_se070_240110_122754.yml
MERGED_LOGS/mrsic_flogel/public/projects/SaEl_20220201_VIP/2pdata/RSCsilencing/DREADDs/se075/brainsaw_2/recipe_se075_240111_100025.yml,MERGED_LOGS/mrsic_flogel/public/projects/SaEl_20220201_VIP/2pdata/ACCsilencing/DREADDs/se070/brainsaw/recipe_se070_240110_122754.yml
MERGED_LOGS/mrsic_flogel/public/projects/SaEl_20220201_VIP/2pdata/RSCsilencing/Halo/se030/brainsaw/recipe_se030_230107_131427.yml,MERGED_LOGS/mrsic_flogel/public/projects/SaEl_20220201_VIP/2pdata/RSCsilencing/Halo/se030/brainsaw/recipe_se030_230107_132359.yml
MERGED_LOGS/mrsic_flogel/public/projects/SaEl_20220201_VIP/2pdata/RSCsilencing/Halo/se031/brainsaw/recipe_se031_230107_131427.yml,MERGED_LOGS/mrsic_flogel/public/projects/SaEl_20220201_VIP/2pdata/RSCsilencing/Halo/se031/brainsaw/recipe_se031_230107_132359.yml
MERGED_LOGS/mrsic_flogel/public/projects/SaEl_20220201_VIP/2pdata/RSCsilencing/Halo/se032/brainsaw/recipe_se032_230107_131427.yml,MERGED_LOGS/mrsic_flogel/public/projects/SaEl_20220201_VIP/2pdata/RSCsilencing/Halo/se032/brainsaw/recipe_se032_230107_132359.yml
MERGED_LOGS/mrsic_flogel/public/projects/SaEl_20220201_VIP/2pdata/RSCsilencing/se030/brainsaw/recipe_se030_230107_131427.yml,MERGED_LOGS/mrsic_flogel/public/projects/SaEl_20220201_VIP/2pdata/RSCsilencing/se030/brainsaw/recipe_se030_230107_132359.yml
MERGED_LOGS/mrsic_flogel/public/projects/SaEl_20220201_VIP/2pdata/RSCsilencing/se031/brainsaw/recipe_se031_230107_131427.yml,MERGED_LOGS/mrsic_flogel/public/projects/SaEl_20220201_VIP/2pdata/RSCsilencing/se031/brainsaw/recipe_se031_230107_132359.yml
MERGED_LOGS/mrsic_flogel/public/projects/SaEl_20220201_VIP/2pdata/RSCsilencing/se032/brainsaw/recipe_se032_230107_131427.yml,MERGED_LOGS/mrsic_flogel/public/projects/SaEl_20220201_VIP/2pdata/RSCsilencing/se032/brainsaw/recipe_se032_230107_132359.yml
MERGED_LOGS/mrsic_flogel/public/projects/SaEl_20220201_VIP/2pdata/vipsilencing_axonimaging/se0/brainsaw/recipe_se0_241204_161300.yml,MERGED_LOGS/mrsic_flogel/public/projects/SaEl_20220201_VIP/2pdata/vipsilencing_axonimaging/se0/brainsaw/recipe_se0_241204_114407.yml
MERGED_LOGS/mrsic_flogel/public/projects/SaEl_20220201_VIP/2pdata/vipsilencing_axonimaging/se2/brainsaw/recipe_se2_241204_161300.yml,MERGED_LOGS/mrsic_flogel/public/projects/SaEl_20220201_VIP/2pdata/vipsilencing_axonimaging/se2/brainsaw/recipe_se2_241204_114407.yml
MERGED_LOGS/mrsic_flogel/public/projects/SaEl_20220201_VIP/2pdata/vipsilencing_axonimaging/se3/brainsaw/recipe_se3_241204_161300.yml,MERGED_LOGS/mrsic_flogel/public/projects/SaEl_20220201_VIP/2pdata/vipsilencing_axonimaging/se3/brainsaw/recipe_se3_241204_114407.yml
MERGED_LOGS/mrsic_flogel/public/projects/SaEl_20220201_VIP/2pdata/vipsilencing_axonimaging/se6/brainsaw/recipe_se6_241204_161300.yml,MERGED_LOGS/mrsic_flogel/public/projects/SaEl_20220201_VIP/2pdata/vipsilencing_axonimaging/se6/brainsaw/recipe_se6_241204_114407.yml
MERGED_LOGS/mrsic_flogel/public/projects/SaMe_2020_Pro_Cx_vLGN/Anatomy/Behaviour_Data/Behaviour/Untethered/Caspase/SM_1132129/recipe_SM_1132129_230710_173211.yml,MERGED_LOGS/mrsic_flogel/public/projects/SaMe_2020_Pro_Cx_vLGN/Anatomy/Behaviour_Data/Behaviour/Untethered/Caspase/SM_1132129/recipe_SM_1132129_230710_112058.yml
MERGED_LOGS/mrsic_flogel/public/projects/SaMe_2020_Pro_Cx_vLGN/Anatomy/Behaviour_Data/Behaviour/Untethered/cFos_Habituation/SM_1132206/recipe_SM_1132206_230713_170435.yml,MERGED_LOGS/mrsic_flogel/public/projects/SaMe_2020_Pro_Cx_vLGN/Anatomy/Behaviour_Data/Behaviour/Untethered/cFos_Habituation/SM_1132206/recipe_SM_1132206_230713_130821.yml
MERGED_LOGS/mrsic_flogel/public/projects/SaMe_2020_Pro_Cx_vLGN/Anatomy/Behaviour_Data/Behaviour/Untethered/cFos_Habituation/SM_1132207/recipe_SM_1132207_230713_170435.yml,MERGED_LOGS/mrsic_flogel/public/projects/SaMe_2020_Pro_Cx_vLGN/Anatomy/Behaviour_Data/Behaviour/Untethered/cFos_Habituation/SM_1132207/recipe_SM_1132207_230713_130821.yml
MERGED_LOGS/mrsic_flogel/public/projects/SaMe_2020_Pro_Cx_vLGN/Anatomy_fromwinstor/Behaviour_Data/Habituation_wall/GtARC-retro/V1-fibres/1117886/recipe_sample_1117886_210205_105859.yml,MERGED_LOGS/mrsic_flogel/public/projects/SaMe_2020_Pro_Cx_vLGN/Anatomy_fromwinstor/Behaviour_Data/Habituation_wall/GtARC-retro/V1-fibres/1117886/recipe_sample_1117886_210212_114739.yml
MERGED_LOGS/mrsic_flogel/public/projects/SaMe_2020_Pro_Cx_vLGN/Anatomy_fromwinstor/Behaviour_Data/Habituation_wall/VGat-ChR2-cortex/1118137/recipe_sample_1118137_210131_122853.yml,MERGED_LOGS/mrsic_flogel/public/projects/SaMe_2020_Pro_Cx_vLGN/Anatomy_fromwinstor/Behaviour_Data/Habituation_wall/VGat-ChR2-cortex/1118137/recipe_sample_1118137_210130_115537.yml
MERGED_LOGS/mrsic_flogel/public/projects/SaMe_2020_Pro_Cx_vLGN/Anatomy_fromwinstor/Behaviour_Data/Habituation_wall/VGat-ChR2-cortex/1118138/recipe_sample_1118138_210131_122853.yml,MERGED_LOGS/mrsic_flogel/public/projects/SaMe_2020_Pro_Cx_vLGN/Anatomy_fromwinstor/Behaviour_Data/Habituation_wall/VGat-ChR2-cortex/1118138/recipe_sample_1118138_210130_115537.yml
MERGED_LOGS/mrsic_flogel/public/projects/SaMe_2020_Pro_Cx_vLGN/Anatomy_fromwinstor/Behaviour_Data/SM_1128708/recipe_SM_1128708_230212_184257.yml,MERGED_LOGS/mrsic_flogel/public/projects/SaMe_2020_Pro_Cx_vLGN/Anatomy_fromwinstor/Behaviour_Data/SM_1128708/recipe_SM_1128708_230212_164657.yml
MERGED_LOGS/mrsic_flogel/public/projects/SaMe_2020_Pro_Cx_vLGN/Anatomy_fromwinstor/Behaviour_Data/SM_1129091/recipe_SM_1129091_230212_184257.yml,MERGED_LOGS/mrsic_flogel/public/projects/SaMe_2020_Pro_Cx_vLGN/Anatomy_fromwinstor/Behaviour_Data/SM_1129091/recipe_SM_1129091_230212_164657.yml
MERGED_LOGS/mrsic_flogel/public/projects/SaMe_2020_Pro_Cx_vLGN/Anatomy_fromwinstor/Behaviour_Data/SM_1129093/recipe_SM_1129093_230212_184257.yml,MERGED_LOGS/mrsic_flogel/public/projects/SaMe_2020_Pro_Cx_vLGN/Anatomy_fromwinstor/Behaviour_Data/SM_1129093/recipe_SM_1129093_230212_164657.yml
MERGED_LOGS/mrsic_flogel/public/projects/SaMe_2020_Pro_Cx_vLGN/Anatomy_fromwinstor/Behaviour_Data/SM_1129094/recipe_SM_1129094_230212_184257.yml,MERGED_LOGS/mrsic_flogel/public/projects/SaMe_2020_Pro_Cx_vLGN/Anatomy_fromwinstor/Behaviour_Data/SM_1129094/recipe_SM_1129094_230212_164657.yml
MERGED_LOGS/mrsic_flogel/public/projects/SaMe_2020_Pro_Cx_vLGN/Anatomy_fromwinstor/Behaviour_Data/SM_1130488/recipe_SM_1130488_230223_152002.yml,MERGED_LOGS/mrsic_flogel/public/projects/SaMe_2020_Pro_Cx_vLGN/Anatomy_fromwinstor/Behaviour_Data/SM_1130488/recipe_SM_1130488_230223_111752.yml
MERGED_LOGS/mrsic_flogel/public/projects/SaMe_2020_Pro_Cx_vLGN/Anatomy_fromwinstor/Behaviour_Data/SM_1130490/recipe_SM_1130490_230223_152002.yml,MERGED_LOGS/mrsic_flogel/public/projects/SaMe_2020_Pro_Cx_vLGN/Anatomy_fromwinstor/Behaviour_Data/SM_1130490/recipe_SM_1130490_230223_111752.yml
MERGED_LOGS/mrsic_flogel/public/projects/SaMe_2020_Pro_Cx_vLGN/Anatomy_fromwinstor/Rbp4_insitu/SM_insiturbp4p1/recipe_SM_insiturbp4p1_220814_165803.yml,MERGED_LOGS/mrsic_flogel/public/projects/SaMe_2020_Pro_Cx_vLGN/Anatomy_fromwinstor/Rbp4_insitu/SM_insiturbp4p1/recipe_SM_insiturbp4p1_220814_155646.yml
MERGED_LOGS/mrsic_flogel/public/projects/SaMe_2020_Pro_Cx_vLGN/Anatomy_fromwinstor/SF/SM_1125617/SM_1125617p1/recipe_SM_1125617p1_220814_165803.yml,MERGED_LOGS/mrsic_flogel/public/projects/SaMe_2020_Pro_Cx_vLGN/Anatomy_fromwinstor/SF/SM_1125617/SM_1125617p1/recipe_SM_1125617p1_220814_155646.yml
MERGED_LOGS/mrsic_flogel/public/projects/SaMe_2020_Pro_Cx_vLGN/Anatomy_fromwinstor/Viral_Injections_Data/Anterograde_Tracing/POR/1117932/recipe_sample_1117932_201213_133721.yml,MERGED_LOGS/mrsic_flogel/public/projects/SaMe_2020_Pro_Cx_vLGN/Anatomy_fromwinstor/Viral_Injections_Data/Anterograde_Tracing/POR/1117932/recipe_sample_1117932_201213_131729.yml
MERGED_LOGS/mrsic_flogel/public/projects/SaMe_2020_Pro_Cx_vLGN/Anatomy_fromwinstor/Viral_Injections_Data/Anterograde_Tracing/RSC/1117931/recipe_sample_1117931_201213_133721.yml,MERGED_LOGS/mrsic_flogel/public/projects/SaMe_2020_Pro_Cx_vLGN/Anatomy_fromwinstor/Viral_Injections_Data/Anterograde_Tracing/RSC/1117931/recipe_sample_1117931_201213_131729.yml
MERGED_LOGS/mrsic_flogel/public/projects/SaMe_2020_Pro_Cx_vLGN/Anatomy_fromwinstor/Viral_Injections_Data/Anterograde_Tracing/V1/1117930/recipe_sample_1117930_201213_133721.yml,MERGED_LOGS/mrsic_flogel/public/projects/SaMe_2020_Pro_Cx_vLGN/Anatomy_fromwinstor/Viral_Injections_Data/Anterograde_Tracing/V1/1117930/recipe_sample_1117930_201213_131729.yml
MERGED_LOGS/mrsic_flogel/public/projects/SaMe_2020_Pro_Cx_vLGN/Anatomy_fromwinstor/Viral_Injections_Data/Rabies/PVcre/1118193_240121/recipe_SM_1118193_240121_210124_123905.yml,MERGED_LOGS/mrsic_flogel/public/projects/SaMe_2020_Pro_Cx_vLGN/Anatomy_fromwinstor/Viral_Injections_Data/Rabies/PVcre/1118193_240121/recipe_SM_1118193_240121_210124_114610.yml
MERGED_LOGS/mrsic_flogel/public/projects/SaMe_2020_Pro_Cx_vLGN/Anatomy_fromwinstor/Viral_Injections_Data/Rabies/PVcre/1118194_230121/recipe_SM_1118194_230121_210123_113323.yml,MERGED_LOGS/mrsic_flogel/public/projects/SaMe_2020_Pro_Cx_vLGN/Anatomy_fromwinstor/Viral_Injections_Data/Rabies/PVcre/1118194_230121/recipe_SM_1118194_230121_210123_111520.yml
MERGED_LOGS/mrsic_flogel/public/projects/SaMe_2020_Pro_Cx_vLGN/Anatomy_fromwinstor/Viral_Injections_Data/SM_insitus11p1/recipe_SM_insitus11p1_220814_165803.yml,MERGED_LOGS/mrsic_flogel/public/projects/SaMe_2020_Pro_Cx_vLGN/Anatomy_fromwinstor/Viral_Injections_Data/SM_insitus11p1/recipe_SM_insitus11p1_220814_155646.yml
MERGED_LOGS/mrsic_flogel/public/projects/SaMe_2020_Pro_Cx_vLGN/Anatomy_fromwinstor/raw_data_sm/recipe_SM_FPExp2_36_210621_192556.yml,MERGED_LOGS/mrsic_flogel/public/projects/SaMe_2020_Pro_Cx_vLGN/Anatomy_fromwinstor/raw_data_sm/recipe_SM_CRxai14_93-95_060621_210606_215325.yml
MERGED_LOGS/mrsic_flogel/public/projects/SaMe_2023_DataBase/aAnatomy/aAnatomy_Archaic/HVA_vLGN/IAA-1117930/SerialSection/recipe_sample_1117930_201213_133721.yml,MERGED_LOGS/mrsic_flogel/public/projects/SaMe_2023_DataBase/aAnatomy/aAnatomy_Archaic/HVA_vLGN/IAA-1117930/SerialSection/recipe_sample_1117930_201213_131729.yml
MERGED_LOGS/mrsic_flogel/public/projects/SaMe_2023_DataBase/aAnatomy/aAnatomy_Archaic/HVA_vLGN/IAA-1117932/SerialSection/recipe_sample_1117932_201213_133721.yml,MERGED_LOGS/mrsic_flogel/public/projects/SaMe_2023_DataBase/aAnatomy/aAnatomy_Archaic/HVA_vLGN/IAA-1117932/SerialSection/recipe_sample_1117932_201213_131729.yml
MERGED_LOGS/mrsic_flogel/public/projects/SaMe_2023_DataBase/aAnatomy/aNr5a103/recipe_SM_aNr5a103_240501_152720.yml,MERGED_LOGS/mrsic_flogel/public/projects/SaMe_2023_DataBase/aAnatomy/aNr5a103/recipe_SM_aNr5a103_240501_121520.yml
MERGED_LOGS/mrsic_flogel/public/projects/SaMe_2023_DataBase/aAnatomy/aPenk1/DA_aPenk1_04142026/DA_aPenk1_04142026/recipe_DA_aPenk1_04142026_260414_164520.yml,MERGED_LOGS/mrsic_flogel/public/projects/SaMe_2023_DataBase/aAnatomy/aPenk1/DA_aPenk1_04142026/DA_aPenk1_04142026/recipe_DA_aPenk1_04142026_260414_122558.yml
MERGED_LOGS/mrsic_flogel/public/projects/SaMe_2023_DataBase/aAnatomy/aVGAT-chR2-EYFP03_fVGAT-chR2-EYFP02/recipe_SM_fVGAT-chR2-EYFP02_241112_103434.yml,MERGED_LOGS/mrsic_flogel/public/projects/SaMe_2023_DataBase/aAnatomy/aVGAT-chR2-EYFP03_fVGAT-chR2-EYFP02/recipe_SM_fVGAT-chR2-EYFP02_241111_111629.yml
MERGED_LOGS/mrsic_flogel/public/projects/SaMe_2023_DataBase/aAnatomy/aVGAT05/aVGAT05_SerialSection/recipe_aVGAT05_250220_223146.yml,MERGED_LOGS/mrsic_flogel/public/projects/SaMe_2023_DataBase/aAnatomy/aVGAT05/aVGAT05_SerialSection/recipe_aVGAT05_250220_102302.yml
MERGED_LOGS/mrsic_flogel/public/projects/SaMe_2023_DataBase/aAnatomy/aVGAT06/aVGAT06_SerialSection/recipe_aVGAT06_250220_223146.yml,MERGED_LOGS/mrsic_flogel/public/projects/SaMe_2023_DataBase/aAnatomy/aVGAT06/aVGAT06_SerialSection/recipe_aVGAT06_250220_102302.yml
MERGED_LOGS/mrsic_flogel/public/projects/SaMe_2023_DataBase/bBehaviour/bCamk2a03/bCamk2a03_Anatomy/bCamk2a03_SerialSection/recipe_bCamk2a03_251002_105320.yml,MERGED_LOGS/mrsic_flogel/public/projects/SaMe_2023_DataBase/bBehaviour/bCamk2a03/bCamk2a03_Anatomy/bCamk2a03_SerialSection/recipe_bCamk2a03_251002_095640.yml
MERGED_LOGS/mrsic_flogel/public/projects/SaMe_2023_DataBase/bBehaviour/bRbp415/bRBp415_Anatomy/bRbp415_SerialSection/bRbp415/recipe_bRbp415_231125_152530.yml,MERGED_LOGS/mrsic_flogel/public/projects/SaMe_2023_DataBase/bBehaviour/bRbp415/bRBp415_Anatomy/bRbp415_SerialSection/bRbp415/recipe_bRbp415_231124_185950.yml
MERGED_LOGS/mrsic_flogel/public/projects/SaMe_2023_DataBase/bBehaviour/bRbp416/bRbp416_Anatomy/bRbp416_SerialSection/bRbp416/recipe_bRbp416_231125_152530.yml,MERGED_LOGS/mrsic_flogel/public/projects/SaMe_2023_DataBase/bBehaviour/bRbp416/bRbp416_Anatomy/bRbp416_SerialSection/bRbp416/recipe_bRbp416_231124_185950.yml
MERGED_LOGS/mrsic_flogel/public/projects/SaMe_2023_DataBase/bBehaviour/bRbp417/bRbp417_Anatomy/bRbp417_SerialSection/recipe_bRbp417_231125_152530.yml,MERGED_LOGS/mrsic_flogel/public/projects/SaMe_2023_DataBase/bBehaviour/bRbp417/bRbp417_Anatomy/bRbp417_SerialSection/recipe_bRbp417_231124_185950.yml
MERGED_LOGS/mrsic_flogel/public/projects/SaMe_2023_DataBase/bBehaviour/bRbp418/bRBp418_Anatomy/bRbp418_SerialSection/recipe_bRbp418_231125_152530.yml,MERGED_LOGS/mrsic_flogel/public/projects/SaMe_2023_DataBase/bBehaviour/bRbp418/bRBp418_Anatomy/bRbp418_SerialSection/recipe_bRbp418_231124_185950.yml
MERGED_LOGS/mrsic_flogel/public/projects/SaMe_2023_DataBase/bBehaviour/bRbp488/bRbp488_Anatomy/bRbp488_SerialSection/recipe_bRbp488_260410_141530.yml,MERGED_LOGS/mrsic_flogel/public/projects/SaMe_2023_DataBase/bBehaviour/bRbp488/bRbp488_Anatomy/bRbp488_SerialSection/recipe_bRbp488_260410_120324.yml
MERGED_LOGS/mrsic_flogel/public/projects/SaMe_2023_DataBase/bBehaviour/bRbp489/bRbp489_Anatomy/bRbp489_SerialSection/recipe_bRbp489_260410_141530.yml,MERGED_LOGS/mrsic_flogel/public/projects/SaMe_2023_DataBase/bBehaviour/bRbp489/bRbp489_Anatomy/bRbp489_SerialSection/recipe_bRbp489_260410_120324.yml
MERGED_LOGS/mrsic_flogel/public/projects/SaMe_2023_DataBase/bBehaviour/bRbp490/bRbp490_Anatomy/bRbp490_SerialSection/recipe_bRbp490_260410_141530.yml,MERGED_LOGS/mrsic_flogel/public/projects/SaMe_2023_DataBase/bBehaviour/bRbp490/bRbp490_Anatomy/bRbp490_SerialSection/recipe_bRbp490_260410_120324.yml
MERGED_LOGS/mrsic_flogel/public/projects/SaMe_2023_DataBase/bBehaviour/bRbp491/bRbp491_Anatomy/bRbp491_SerialSection/recipe_bRbp491_260410_141530.yml,MERGED_LOGS/mrsic_flogel/public/projects/SaMe_2023_DataBase/bBehaviour/bRbp491/bRbp491_Anatomy/bRbp491_SerialSection/recipe_bRbp491_260410_120324.yml
MERGED_LOGS/mrsic_flogel/public/projects/SaMe_2023_DataBase/bBehaviour/bVGAT57/bVGAT57_Anatomy/bVGAT57_SerialSection/recipe_bVGAT57_251002_105320.yml,MERGED_LOGS/mrsic_flogel/public/projects/SaMe_2023_DataBase/bBehaviour/bVGAT57/bVGAT57_Anatomy/bVGAT57_SerialSection/recipe_bVGAT57_251002_095640.yml
MERGED_LOGS/mrsic_flogel/public/projects/SaMe_2023_DataBase/bBehaviour/bVGAT62/bVGAT62_Anatomy/bVGAT62_SerialSection/recipe_bVGAT62_251002_105320.yml,MERGED_LOGS/mrsic_flogel/public/projects/SaMe_2023_DataBase/bBehaviour/bVGAT62/bVGAT62_Anatomy/bVGAT62_SerialSection/recipe_bVGAT62_251002_095640.yml
MERGED_LOGS/mrsic_flogel/public/projects/SaMe_2023_DataBase/bBehaviour/bVGAT63/bVGAT63_Anatomy/bVGAT63_SerialSection/recipe_bVGAT63_251002_105320.yml,MERGED_LOGS/mrsic_flogel/public/projects/SaMe_2023_DataBase/bBehaviour/bVGAT63/bVGAT63_Anatomy/bVGAT63_SerialSection/recipe_bVGAT63_251002_095640.yml
MERGED_LOGS/mrsic_flogel/public/projects/SaMe_2023_DataBase/fFreelyMoving/fVGAT-chR2-EYFP03/recipe_SM_fVGAT-chR2-EYFP03_241114_105547.yml,MERGED_LOGS/mrsic_flogel/public/projects/SaMe_2023_DataBase/fFreelyMoving/fVGAT-chR2-EYFP03/recipe_SM_fVGAT-chR2-EYFP03_241113_185306.yml
MERGED_LOGS/mrsic_flogel/public/projects/SaMe_2023_DataBase/fFreelyMoving/fmVGAT-chR2-EYFP102/fmVGAT-chR2-EYFP102_Anatomy/fmVGAT-chR2-EYFP102_SerialSection/recipe_fmVGAT-chR2-EYFP102_260410_141530.yml,MERGED_LOGS/mrsic_flogel/public/projects/SaMe_2023_DataBase/fFreelyMoving/fmVGAT-chR2-EYFP102/fmVGAT-chR2-EYFP102_Anatomy/fmVGAT-chR2-EYFP102_SerialSection/recipe_fmVGAT-chR2-EYFP102_260410_120324.yml
MERGED_LOGS/mrsic_flogel/public/projects/SaMe_2023_DataBase/fpFibrePhotometry/fpVGAT09/fpVGAT09_Anatomy/fpVGAT09_SerialSection/recipe_SM_fpVGAT09_250312_134119.yml,MERGED_LOGS/mrsic_flogel/public/projects/SaMe_2023_DataBase/fpFibrePhotometry/fpVGAT09/fpVGAT09_Anatomy/fpVGAT09_SerialSection/recipe_SM_fpVGAT09_250312_112324.yml
MERGED_LOGS/mrsic_flogel/public/projects/SaMe_Pro_Cx_vLGN/Anatomy/Behaviour_Data/Habituation_wall/GtARC-retro/V1-fibres/1117886/recipe_sample_1117886_210205_105859.yml,MERGED_LOGS/mrsic_flogel/public/projects/SaMe_Pro_Cx_vLGN/Anatomy/Behaviour_Data/Habituation_wall/GtARC-retro/V1-fibres/1117886/recipe_sample_1117886_210212_114739.yml
MERGED_LOGS/mrsic_flogel/public/projects/SaMe_Pro_Cx_vLGN/Anatomy/Behaviour_Data/Habituation_wall/VGat-ChR2-cortex/1118137/recipe_sample_1118137_210131_122853.yml,MERGED_LOGS/mrsic_flogel/public/projects/SaMe_Pro_Cx_vLGN/Anatomy/Behaviour_Data/Habituation_wall/VGat-ChR2-cortex/1118137/recipe_sample_1118137_210130_115537.yml
MERGED_LOGS/mrsic_flogel/public/projects/SaMe_Pro_Cx_vLGN/Anatomy/Behaviour_Data/Habituation_wall/VGat-ChR2-cortex/1118138/recipe_sample_1118138_210131_122853.yml,MERGED_LOGS/mrsic_flogel/public/projects/SaMe_Pro_Cx_vLGN/Anatomy/Behaviour_Data/Habituation_wall/VGat-ChR2-cortex/1118138/recipe_sample_1118138_210130_115537.yml
MERGED_LOGS/mrsic_flogel/public/projects/SaMe_Pro_Cx_vLGN/Anatomy/Behaviour_Data/SM_1128708/recipe_SM_1128708_230212_184257.yml,MERGED_LOGS/mrsic_flogel/public/projects/SaMe_Pro_Cx_vLGN/Anatomy/Behaviour_Data/SM_1128708/recipe_SM_1128708_230212_164657.yml
MERGED_LOGS/mrsic_flogel/public/projects/SaMe_Pro_Cx_vLGN/Anatomy/Behaviour_Data/SM_1129091/recipe_SM_1129091_230212_184257.yml,MERGED_LOGS/mrsic_flogel/public/projects/SaMe_Pro_Cx_vLGN/Anatomy/Behaviour_Data/SM_1129091/recipe_SM_1129091_230212_164657.yml
MERGED_LOGS/mrsic_flogel/public/projects/SaMe_Pro_Cx_vLGN/Anatomy/Behaviour_Data/SM_1129093/recipe_SM_1129093_230212_184257.yml,MERGED_LOGS/mrsic_flogel/public/projects/SaMe_Pro_Cx_vLGN/Anatomy/Behaviour_Data/SM_1129093/recipe_SM_1129093_230212_164657.yml
MERGED_LOGS/mrsic_flogel/public/projects/SaMe_Pro_Cx_vLGN/Anatomy/Behaviour_Data/SM_1129094/recipe_SM_1129094_230212_184257.yml,MERGED_LOGS/mrsic_flogel/public/projects/SaMe_Pro_Cx_vLGN/Anatomy/Behaviour_Data/SM_1129094/recipe_SM_1129094_230212_164657.yml
MERGED_LOGS/mrsic_flogel/public/projects/SaMe_Pro_Cx_vLGN/Anatomy/Behaviour_Data/SM_1130488/recipe_SM_1130488_230223_152002.yml,MERGED_LOGS/mrsic_flogel/public/projects/SaMe_Pro_Cx_vLGN/Anatomy/Behaviour_Data/SM_1130488/recipe_SM_1130488_230223_111752.yml
MERGED_LOGS/mrsic_flogel/public/projects/SaMe_Pro_Cx_vLGN/Anatomy/Behaviour_Data/SM_1130490/recipe_SM_1130490_230223_152002.yml,MERGED_LOGS/mrsic_flogel/public/projects/SaMe_Pro_Cx_vLGN/Anatomy/Behaviour_Data/SM_1130490/recipe_SM_1130490_230223_111752.yml
MERGED_LOGS/mrsic_flogel/public/projects/SaMe_Pro_Cx_vLGN/Anatomy/Rbp4_insitu/SM_insiturbp4p1/recipe_SM_insiturbp4p1_220814_165803.yml,MERGED_LOGS/mrsic_flogel/public/projects/SaMe_Pro_Cx_vLGN/Anatomy/Rbp4_insitu/SM_insiturbp4p1/recipe_SM_insiturbp4p1_220814_155646.yml
MERGED_LOGS/mrsic_flogel/public/projects/SaMe_Pro_Cx_vLGN/Anatomy/SF/SM_1125617/SM_1125617p1/recipe_SM_1125617p1_220814_165803.yml,MERGED_LOGS/mrsic_flogel/public/projects/SaMe_Pro_Cx_vLGN/Anatomy/SF/SM_1125617/SM_1125617p1/recipe_SM_1125617p1_220814_155646.yml
MERGED_LOGS/mrsic_flogel/public/projects/SaMe_Pro_Cx_vLGN/Anatomy/Viral_Injections_Data/Anterograde_Tracing/POR/1117932/recipe_sample_1117932_201213_133721.yml,MERGED_LOGS/mrsic_flogel/public/projects/SaMe_Pro_Cx_vLGN/Anatomy/Viral_Injections_Data/Anterograde_Tracing/POR/1117932/recipe_sample_1117932_201213_131729.yml
MERGED_LOGS/mrsic_flogel/public/projects/SaMe_Pro_Cx_vLGN/Anatomy/Viral_Injections_Data/Anterograde_Tracing/RSC/1117931/recipe_sample_1117931_201213_133721.yml,MERGED_LOGS/mrsic_flogel/public/projects/SaMe_Pro_Cx_vLGN/Anatomy/Viral_Injections_Data/Anterograde_Tracing/RSC/1117931/recipe_sample_1117931_201213_131729.yml
MERGED_LOGS/mrsic_flogel/public/projects/SaMe_Pro_Cx_vLGN/Anatomy/Viral_Injections_Data/Anterograde_Tracing/V1/1117930/recipe_sample_1117930_201213_133721.yml,MERGED_LOGS/mrsic_flogel/public/projects/SaMe_Pro_Cx_vLGN/Anatomy/Viral_Injections_Data/Anterograde_Tracing/V1/1117930/recipe_sample_1117930_201213_131729.yml
MERGED_LOGS/mrsic_flogel/public/projects/SaMe_Pro_Cx_vLGN/Anatomy/Viral_Injections_Data/Rabies/PVcre/1118193_240121/recipe_SM_1118193_240121_210124_123905.yml,MERGED_LOGS/mrsic_flogel/public/projects/SaMe_Pro_Cx_vLGN/Anatomy/Viral_Injections_Data/Rabies/PVcre/1118193_240121/recipe_SM_1118193_240121_210124_114610.yml
MERGED_LOGS/mrsic_flogel/public/projects/SaMe_Pro_Cx_vLGN/Anatomy/Viral_Injections_Data/Rabies/PVcre/1118194_230121/recipe_SM_1118194_230121_210123_113323.yml,MERGED_LOGS/mrsic_flogel/public/projects/SaMe_Pro_Cx_vLGN/Anatomy/Viral_Injections_Data/Rabies/PVcre/1118194_230121/recipe_SM_1118194_230121_210123_111520.yml
MERGED_LOGS/mrsic_flogel/public/projects/SaMe_Pro_Cx_vLGN/Anatomy/Viral_Injections_Data/SM_insitus11p1/recipe_SM_insitus11p1_220814_165803.yml,MERGED_LOGS/mrsic_flogel/public/projects/SaMe_Pro_Cx_vLGN/Anatomy/Viral_Injections_Data/SM_insitus11p1/recipe_SM_insitus11p1_220814_155646.yml
MERGED_LOGS/mrsic_flogel/public/projects/SaMe_Pro_Cx_vLGN/Anatomy/raw_data_sm/recipe_SM_FPExp2_36_210621_192556.yml,MERGED_LOGS/mrsic_flogel/public/projects/SaMe_Pro_Cx_vLGN/Anatomy/raw_data_sm/recipe_SM_CRxai14_93-95_060621_210606_215325.yml
MERGED_LOGS/mrsic_flogel/public/projects/SaRe_20240219_hfs/Histology/IAA-1138014/014/recipe_sample_014_241112_190600.yml,MERGED_LOGS/mrsic_flogel/public/projects/SaRe_20240219_hfs/Histology/IAA-1138014/014/recipe_sample_014_241112_142637.yml
MERGED_LOGS/mrsic_flogel/public/projects/SaRe_20240219_hfs/Histology/IAA-1138015/015/recipe_sample_015_241112_190600.yml,MERGED_LOGS/mrsic_flogel/public/projects/SaRe_20240219_hfs/Histology/IAA-1138015/015/recipe_sample_015_241112_142637.yml
MERGED_LOGS/mrsic_flogel/public/projects/SaRe_20240219_hfs/Histology/SR_014_015/014/recipe_sample_014_241112_190600.yml,MERGED_LOGS/mrsic_flogel/public/projects/SaRe_20240219_hfs/Histology/SR_014_015/014/recipe_sample_014_241112_142637.yml
MERGED_LOGS/mrsic_flogel/public/projects/SaRe_20240219_hfs/Histology/SR_014_015/015/recipe_sample_015_241112_190600.yml,MERGED_LOGS/mrsic_flogel/public/projects/SaRe_20240219_hfs/Histology/SR_014_015/015/recipe_sample_015_241112_142637.yml
MERGED_LOGS/mrsic_flogel/public/projects/ShFu_20180910_Plasticity_with_Dulcie/Data/JAWS_LP/brainsaw/JL2/SF_085L_JL2/recipe_SF_085L_JL2_210830_145801.yml,MERGED_LOGS/mrsic_flogel/public/projects/ShFu_20180910_Plasticity_with_Dulcie/Data/JAWS_LP/brainsaw/JL2/SF_085L_JL2/recipe_SF_085L_JL2_210830_110258.yml
MERGED_LOGS/mrsic_flogel/public/projects/ShFu_20180910_Plasticity_with_Dulcie/Data/JAWS_LP/brainsaw/JS1/SF_535LR_JS1/recipe_SF_535LR_JS1_210830_145801.yml,MERGED_LOGS/mrsic_flogel/public/projects/ShFu_20180910_Plasticity_with_Dulcie/Data/JAWS_LP/brainsaw/JS1/SF_535LR_JS1/recipe_SF_535LR_JS1_210830_110258.yml
MERGED_LOGS/mrsic_flogel/public/projects/ShFu_20180910_Plasticity_with_Dulcie/Data/eNpHR3_LP/brainsaw/Group_S1/SF_766L/recipe_SF_766L_210804_204800.yml,MERGED_LOGS/mrsic_flogel/public/projects/ShFu_20180910_Plasticity_with_Dulcie/Data/eNpHR3_LP/brainsaw/Group_S1/SF_766L/recipe_SF_766L_210804_115655.yml
MERGED_LOGS/mrsic_flogel/public/projects/ShFu_20180910_Plasticity_with_Dulcie/Data/eNpHR3_LP/brainsaw/Group_S1/SF_767R/recipe_SF_767R_210804_204800.yml,MERGED_LOGS/mrsic_flogel/public/projects/ShFu_20180910_Plasticity_with_Dulcie/Data/eNpHR3_LP/brainsaw/Group_S1/SF_767R/recipe_SF_767R_210804_115655.yml
MERGED_LOGS/mrsic_flogel/public/projects/ShFu_20180910_Plasticity_with_Dulcie/Data/eNpHR3_LP/brainsaw/Group_S1/SF_768LR/recipe_SF_768LR_210804_204800.yml,MERGED_LOGS/mrsic_flogel/public/projects/ShFu_20180910_Plasticity_with_Dulcie/Data/eNpHR3_LP/brainsaw/Group_S1/SF_768LR/recipe_SF_768LR_210804_115655.yml
MERGED_LOGS/mrsic_flogel/public/projects/ShFu_20180910_Plasticity_with_Dulcie/Data/eNpHR3_LP/brainsaw/Group_S3/SF_35R/recipe_SF_35R_210804_204800.yml,MERGED_LOGS/mrsic_flogel/public/projects/ShFu_20180910_Plasticity_with_Dulcie/Data/eNpHR3_LP/brainsaw/Group_S3/SF_35R/recipe_SF_35R_210804_115655.yml
MERGED_LOGS/mrsic_flogel/public/projects/ShFu_20180910_Plasticity_with_Dulcie/Data/eNpHR3_LP/brainsaw/Group_S6/SF_158L/recipe_SF_158L_210804_204800.yml,MERGED_LOGS/mrsic_flogel/public/projects/ShFu_20180910_Plasticity_with_Dulcie/Data/eNpHR3_LP/brainsaw/Group_S6/SF_158L/recipe_SF_158L_210804_115655.yml
MERGED_LOGS/mrsic_flogel/public/projects/ShFu_20180910_Plasticity_with_Dulcie/Data/eNpHR3_LP/brainsaw/Group_S6/SF_159R/SF_158L/recipe_SF_158L_210804_204800.yml,MERGED_LOGS/mrsic_flogel/public/projects/ShFu_20180910_Plasticity_with_Dulcie/Data/eNpHR3_LP/brainsaw/Group_S6/SF_159R/SF_158L/recipe_SF_158L_210804_115655.yml
MERGED_LOGS/mrsic_flogel/public/projects/ShFu_20180910_Plasticity_with_Dulcie/Data/eNpHR3_LP/brainsaw/Group_S6/SF_159R/recipe_SF_159R_210804_204800.yml,MERGED_LOGS/mrsic_flogel/public/projects/ShFu_20180910_Plasticity_with_Dulcie/Data/eNpHR3_LP/brainsaw/Group_S6/SF_159R/recipe_SF_159R_210804_115655.yml
MERGED_LOGS/mrsic_flogel/public/projects/SjWe_20230307_IBLAnatomy/histology/00-SWC/NRF/NRF~015-00/NRF~015-001/00_DATA/DL004/recipe_DL004_210330_132919.yml,MERGED_LOGS/mrsic_flogel/public/projects/SjWe_20230307_IBLAnatomy/histology/00-SWC/NRF/NRF~015-00/NRF~015-001/00_DATA/DL004/recipe_DL004_210330_122426.yml
MERGED_LOGS/mrsic_flogel/public/projects/SjWe_20230307_IBLAnatomy/histology/00-SWC/PROJECTS/SWC04/fix-ms-cns/fix-ms-cns~001/000_data/ss2p/2p-autofl/1131928/recipe_1131928.yml,MERGED_LOGS/mrsic_flogel/public/projects/SjWe_20230307_IBLAnatomy/histology/00-SWC/PROJECTS/SWC04/fix-ms-cns/fix-ms-cns~001/000_data/ss2p/2p-depth/1131928_d/recipe_1131928.yml
MERGED_LOGS/mrsic_flogel/public/projects/SjWe_20230307_IBLAnatomy/histology/00-SWC/PROJECTS/SWC04/fix-ms-cns/fix-ms-cns~001/000_data/ss2p/2p-autofl/1131929/recipe_1131929.yml,MERGED_LOGS/mrsic_flogel/public/projects/SjWe_20230307_IBLAnatomy/histology/00-SWC/PROJECTS/SWC04/fix-ms-cns/fix-ms-cns~001/000_data/ss2p/2p-depth/1131929_d/recipe_1131929_d.yml
MERGED_LOGS/mrsic_flogel/public/projects/SjWe_20230307_IBLAnatomy/histology/00-SWC/PROJECTS/SWC04/fix-ms-cns/fix-ms-cns~001/000_data/ss2p/2p-autofl/1131974/recipe_1131974.yml,MERGED_LOGS/mrsic_flogel/public/projects/SjWe_20230307_IBLAnatomy/histology/00-SWC/PROJECTS/SWC04/fix-ms-cns/fix-ms-cns~001/000_data/ss2p/2p-depth/1131929_d/recipe_1131929_d.yml
MERGED_LOGS/mrsic_flogel/public/projects/SjWe_20230307_IBLAnatomy/histology/00-SWC/PROJECTS/SWC04/fix-ms-cns/fix-ms-cns~001/000_data/ss2p/2p-autofl/1132038/recipe_1132038.yml,MERGED_LOGS/mrsic_flogel/public/projects/SjWe_20230307_IBLAnatomy/histology/00-SWC/PROJECTS/SWC04/fix-ms-cns/fix-ms-cns~001/000_data/ss2p/2p-depth/1131929_d/recipe_1131929_d.yml
MERGED_LOGS/mrsic_flogel/public/projects/SjWe_20230307_IBLAnatomy/histology/00-SWC/PROJECTS/SWC04/fix-ms-cns/fix-ms-cns~001/000_data/ss2p/2p-autofl/1132047/recipe_1132047.yml,MERGED_LOGS/mrsic_flogel/public/projects/SjWe_20230307_IBLAnatomy/histology/00-SWC/PROJECTS/SWC04/fix-ms-cns/fix-ms-cns~001/000_data/ss2p/2p-depth/1131928_d/recipe_1131928.yml
MERGED_LOGS/mrsic_flogel/public/projects/SjWe_20230307_IBLAnatomy/histology/00-SWC/PROJECTS/SWC04/fix-ms-cns/fix-ms-cns~001/000_data/ss2p/2p-autofl/1132068/recipe_1132068.yml,MERGED_LOGS/mrsic_flogel/public/projects/SjWe_20230307_IBLAnatomy/histology/00-SWC/PROJECTS/SWC04/fix-ms-cns/fix-ms-cns~001/000_data/ss2p/2p-depth/1131928_d/recipe_1131928.yml
MERGED_LOGS/mrsic_flogel/public/projects/SjWe_20230307_IBLAnatomy/histology/00-SWC/PROJECTS/SWC04/fix-ms-cns/fix-ms-cns~001/000_data/ss2p/2p-autofl/1132070/recipe_1132070.yml,MERGED_LOGS/mrsic_flogel/public/projects/SjWe_20230307_IBLAnatomy/histology/00-SWC/PROJECTS/SWC04/fix-ms-cns/fix-ms-cns~001/000_data/ss2p/2p-depth/1131928_d/recipe_1131928.yml
MERGED_LOGS/mrsic_flogel/public/projects/SjWe_20230307_IBLAnatomy/histology/00-SWC/PROJECTS/SWC04/fix-ms-cns/fix-ms-cns~001/000_data/ss2p/2p-autofl/1132071/recipe_1132071.yml,MERGED_LOGS/mrsic_flogel/public/projects/SjWe_20230307_IBLAnatomy/histology/00-SWC/PROJECTS/SWC04/fix-ms-cns/fix-ms-cns~001/000_data/ss2p/2p-depth/1131929_d/recipe_1131929_d.yml
MERGED_LOGS/mrsic_flogel/public/projects/SjWe_20230307_IBLAnatomy/histology/00-SWC/SWCTissueBank/ms/ms-mut/ms-mut~002/ss2p/SJ_1188964/recipe_SJ_1188964_250618_155008.yml,MERGED_LOGS/mrsic_flogel/public/projects/SjWe_20230307_IBLAnatomy/histology/00-SWC/SWCTissueBank/ms/ms-mut/ms-mut~002/ss2p/SJ_1188964/recipe_SJ_1188964_250618_150956.yml
MERGED_LOGS/mrsic_flogel/public/projects/SjWe_20230307_IBLAnatomy/histology/00-SWC/SWCTissueBank/ms/ms-mut/ms-mut~002/ss2p/rawDataArchive/SJ_1188964/recipe_SJ_1188964_250618_155008.yml,MERGED_LOGS/mrsic_flogel/public/projects/SjWe_20230307_IBLAnatomy/histology/00-SWC/SWCTissueBank/ms/ms-mut/ms-mut~002/ss2p/rawDataArchive/SJ_1188964/recipe_SJ_1188964_250618_150956.yml
MERGED_LOGS/mrsic_flogel/public/projects/SjWe_20230307_IBLAnatomy/histology/01-IBL/ibl-personal-projects/TinyaVisMap/fluo-2p-ex-opt/fluo-2p-ex-opt~001/ss2p/Gelatin-Block-10um/recipe_Gelatin-Block-10um_250918_180016.yml,MERGED_LOGS/mrsic_flogel/public/projects/SjWe_20230307_IBLAnatomy/histology/01-IBL/ibl-personal-projects/TinyaVisMap/fluo-2p-ex-opt/fluo-2p-ex-opt~001/ss2p/Gelatin-Block-50um/recipe_Gelatin-Block-50um_250918_171852.yml
MERGED_LOGS/mrsic_flogel/public/projects/SjWe_20230307_IBLAnatomy/histology/01-IBL/ibl-personal-projects/TinyaVisMap/fluo-2p-ex-opt/fluo-2p-ex-opt~001/ss2p/rawDataArchive/GB010/recipe_GB010-10umsection_250918_180016.yml,MERGED_LOGS/mrsic_flogel/public/projects/SjWe_20230307_IBLAnatomy/histology/01-IBL/ibl-personal-projects/TinyaVisMap/fluo-2p-ex-opt/fluo-2p-ex-opt~001/ss2p/Gelatin-Block-50um/recipe_Gelatin-Block-50um_250918_171852.yml
MERGED_LOGS/mrsic_flogel/public/projects/SjWe_20230307_IBLAnatomy/histology/01-SJW/LAB/LAB~011-00/LAB~011-001/00_DATA/DL004/recipe_DL004_210330_132919.yml,MERGED_LOGS/mrsic_flogel/public/projects/SjWe_20230307_IBLAnatomy/histology/01-SJW/LAB/LAB~011-00/LAB~011-001/00_DATA/DL004/recipe_DL004_210330_122426.yml
MERGED_LOGS/mrsic_flogel/public/projects/SjWe_20230307_IBLAnatomy/ss2p/cortexlab/SP061/recipe_SP061_250425_102906.yml,MERGED_LOGS/mrsic_flogel/public/projects/SjWe_20230307_IBLAnatomy/ss2p/cortexlab/SP061/recipe_SP061_250423_174533.yml
MERGED_LOGS/mrsic_flogel/public/projects/SjWe_20230307_IBLAnatomy/ss2p/cortexlab/SP061/recipe_SP061_250425_111131.yml,MERGED_LOGS/mrsic_flogel/public/projects/SjWe_20230307_IBLAnatomy/ss2p/cortexlab/SP061/recipe_SP061_250423_174533.yml
MERGED_LOGS/mrsic_flogel/public/projects/SjWe_20230307_IBLAnatomy/ss2p/cortexlab/SP061/recipe_SP061_250425_112154.yml,MERGED_LOGS/mrsic_flogel/public/projects/SjWe_20230307_IBLAnatomy/ss2p/cortexlab/SP061/recipe_SP061_250423_174533.yml
MERGED_LOGS/mrsic_flogel/public/projects/SjWe_20230307_IBLAnatomy/ss2p/cortexlab/SP063/recipe_SP063_250425_102906.yml,MERGED_LOGS/mrsic_flogel/public/projects/SjWe_20230307_IBLAnatomy/ss2p/cortexlab/SP063/recipe_SP063_250423_174533.yml
MERGED_LOGS/mrsic_flogel/public/projects/SjWe_20230307_IBLAnatomy/ss2p/cortexlab/SP063/recipe_SP063_250425_111131.yml,MERGED_LOGS/mrsic_flogel/public/projects/SjWe_20230307_IBLAnatomy/ss2p/cortexlab/SP063/recipe_SP063_250423_174533.yml
MERGED_LOGS/mrsic_flogel/public/projects/SjWe_20230307_IBLAnatomy/ss2p/cortexlab/SP063/recipe_SP063_250425_112154.yml,MERGED_LOGS/mrsic_flogel/public/projects/SjWe_20230307_IBLAnatomy/ss2p/cortexlab/SP063/recipe_SP063_250423_174533.yml
MERGED_LOGS/mrsic_flogel/public/projects/SjWe_20230307_IBLAnatomy/ss2p/cortexlab/SP065/recipe_SP065_250425_102906.yml,MERGED_LOGS/mrsic_flogel/public/projects/SjWe_20230307_IBLAnatomy/ss2p/cortexlab/SP065/recipe_SP065_250423_174533.yml
MERGED_LOGS/mrsic_flogel/public/projects/SjWe_20230307_IBLAnatomy/ss2p/cortexlab/SP065/recipe_SP065_250425_111131.yml,MERGED_LOGS/mrsic_flogel/public/projects/SjWe_20230307_IBLAnatomy/ss2p/cortexlab/SP065/recipe_SP065_250423_174533.yml
MERGED_LOGS/mrsic_flogel/public/projects/SjWe_20230307_IBLAnatomy/ss2p/cortexlab/SP065/recipe_SP065_250425_112154.yml,MERGED_LOGS/mrsic_flogel/public/projects/SjWe_20230307_IBLAnatomy/ss2p/cortexlab/SP065/recipe_SP065_250423_174533.yml
MERGED_LOGS/mrsic_flogel/public/projects/SjWe_20230307_IBLAnatomy/ss2p/cortexlab/SP066/recipe_SP066_260318_092645.yml,MERGED_LOGS/mrsic_flogel/public/projects/SjWe_20230307_IBLAnatomy/ss2p/cortexlab/SP066/recipe_SP066_260317_154249.yml
MERGED_LOGS/mrsic_flogel/public/projects/SjWe_20230307_IBLAnatomy/ss2p/cortexlab/SP067/recipe_SP067_260318_092645.yml,MERGED_LOGS/mrsic_flogel/public/projects/SjWe_20230307_IBLAnatomy/ss2p/cortexlab/SP067/recipe_SP067_260317_154249.yml
MERGED_LOGS/mrsic_flogel/public/projects/SjWe_20230307_IBLAnatomy/ss2p/cortexlab/SP072/recipe_SP072_260317_154249.yml,MERGED_LOGS/mrsic_flogel/public/projects/SjWe_20230307_IBLAnatomy/ss2p/cortexlab/SP072/recipe_SP072.yml
MERGED_LOGS/mrsic_flogel/public/projects/SjWe_20230307_IBLAnatomy/ss2p/cortexlab/SP072/recipe_SP072_260318_092645.yml,MERGED_LOGS/mrsic_flogel/public/projects/SjWe_20230307_IBLAnatomy/ss2p/cortexlab/SP072/recipe_SP072.yml
MERGED_LOGS/mrsic_flogel/public/projects/SjWe_20230307_IBLAnatomy/ss2p/cortexlab/SP076/recipe_SP076_260318_092645.yml,MERGED_LOGS/mrsic_flogel/public/projects/SjWe_20230307_IBLAnatomy/ss2p/cortexlab/SP076/recipe_SP076_260317_154249.yml
MERGED_LOGS/mrsic_flogel/public/projects/SjWe_20230307_IBLAnatomy/ss2p/hausserlab/PL035/recipe_PL035_230523_182053.yml,MERGED_LOGS/mrsic_flogel/public/projects/SjWe_20230307_IBLAnatomy/ss2p/hausserlab/PL035/recipe_PL035.yml
MERGED_LOGS/mrsic_flogel/public/projects/SjWe_20230307_IBLAnatomy/ss2p/hausserlab/PL035/recipe_PL035_230523_185810.yml,MERGED_LOGS/mrsic_flogel/public/projects/SjWe_20230307_IBLAnatomy/ss2p/hausserlab/PL035/recipe_PL035.yml
MERGED_LOGS/mrsic_flogel/public/projects/SjWe_20230307_IBLAnatomy/ss2p/mainenlab/ZFM-08457/recipe_ZFM-08457.yml,MERGED_LOGS/mrsic_flogel/public/projects/SjWe_20230307_IBLAnatomy/ss2p/mainenlab/ZFM-08457c/recipe_ZFM-08457c.yml
MERGED_LOGS/mrsic_flogel/public/projects/SjWe_20230307_IBLAnatomy/ss2p/mainenlab/ZFM-08458/recipe_ZFM-08458.yml,MERGED_LOGS/mrsic_flogel/public/projects/SjWe_20230307_IBLAnatomy/ss2p/mainenlab/ZFM-08457c/recipe_ZFM-08457c.yml
MERGED_LOGS/mrsic_flogel/public/projects/SjWe_20230307_IBLAnatomy/ss2p/mainenlab/ZFM-08584/recipe_ZFM-08584.yml,MERGED_LOGS/mrsic_flogel/public/projects/SjWe_20230307_IBLAnatomy/ss2p/mainenlab/ZFM-08457c/recipe_ZFM-08457c.yml
MERGED_LOGS/mrsic_flogel/public/projects/SjWe_20230307_IBLAnatomy/ss2p/mainenlab/ZFM-08631/recipe_ZFM-08631.yml,MERGED_LOGS/mrsic_flogel/public/projects/SjWe_20230307_IBLAnatomy/ss2p/mainenlab/ZFM-08457c/recipe_ZFM-08457c.yml
MERGED_LOGS/mrsic_flogel/public/projects/SjWe_20230307_IBLAnatomy/ss2p/mrsicflogellab/SWC_NM_061/recipe_SWC_NM_061_240530_092900.yml,MERGED_LOGS/mrsic_flogel/public/projects/SjWe_20230307_IBLAnatomy/ss2p/mrsicflogellab/SWC_NM_061/recipe_SWC_NM_061_240529_181534.yml
MERGED_LOGS/mrsic_flogel/public/projects/SjWe_20230307_IBLAnatomy/ss2p/mrsicflogellab/SWC_NM_066/recipe_SWC_NM_066_240530_092900.yml,MERGED_LOGS/mrsic_flogel/public/projects/SjWe_20230307_IBLAnatomy/ss2p/mrsicflogellab/SWC_NM_066/recipe_SWC_NM_066_240529_181534.yml
MERGED_LOGS/mrsic_flogel/public/projects/SjWe_20230307_IBLAnatomy/ss2p/mrsicflogellab/SWC_NM_069/recipe_SWC_NM_069_240530_092900.yml,MERGED_LOGS/mrsic_flogel/public/projects/SjWe_20230307_IBLAnatomy/ss2p/mrsicflogellab/SWC_NM_069/recipe_SWC_NM_069_240529_181534.yml
MERGED_LOGS/mrsic_flogel/public/projects/SjWe_20230307_IBLAnatomy/ss2p/mrsicflogellab/SWC_NM_070/recipe_SWC_NM_070_240530_092900.yml,MERGED_LOGS/mrsic_flogel/public/projects/SjWe_20230307_IBLAnatomy/ss2p/mrsicflogellab/SWC_NM_070/recipe_SWC_NM_070_240529_181534.yml
MERGED_LOGS/mrsic_flogel/public/projects/SjWe_20230307_IBLAnatomy/ss2p/rawDataArchive/1131928_2047_2068_2070/recipe_neurovision_1131928_2047_2068_2070_230803_185320.yml,MERGED_LOGS/mrsic_flogel/public/projects/SjWe_20230307_IBLAnatomy/histology/00-SWC/PROJECTS/SWC04/fix-ms-cns/fix-ms-cns~001/000_data/ss2p/2p-depth/1131928_d/recipe_1131928.yml
MERGED_LOGS/mrsic_flogel/public/projects/SjWe_20230307_IBLAnatomy/ss2p/rawDataArchive/1131929_2038_1974_2071/recipe_neurovision_1131929_2038_1974_2071_230804_182803.yml,MERGED_LOGS/mrsic_flogel/public/projects/SjWe_20230307_IBLAnatomy/histology/00-SWC/PROJECTS/SWC04/fix-ms-cns/fix-ms-cns~001/000_data/ss2p/2p-depth/1131929_d/recipe_1131929_d.yml
MERGED_LOGS/mrsic_flogel/public/projects/SjWe_20230307_IBLAnatomy/ss2p/rawDataArchive/HB_003_005_NR_0025_0028_KM_002_PL035/recipe_HB_003_005_NR_0025_0028_KM_002_PL035_230523_182053.yml,MERGED_LOGS/mrsic_flogel/public/projects/SjWe_20230307_IBLAnatomy/ss2p/rawDataArchive/HB_003_005_NR_0025_0028_KM_002_PL035/recipe_HB_003_005_NR_0025_0028_KM_002_PL035_230523_192956.yml
MERGED_LOGS/mrsic_flogel/public/projects/SjWe_20230307_IBLAnatomy/ss2p/rawDataArchive/HB_003_005_NR_0025_0028_KM_002_PL035/recipe_HB_003_005_NR_0025_0028_KM_002_PL035_230523_185810.yml,MERGED_LOGS/mrsic_flogel/public/projects/SjWe_20230307_IBLAnatomy/ss2p/rawDataArchive/HB_003_005_NR_0025_0028_KM_002_PL035/recipe_HB_003_005_NR_0025_0028_KM_002_PL035_230523_192956.yml
MERGED_LOGS/mrsic_flogel/public/projects/SjWe_20230307_IBLAnatomy/ss2p/rawDataArchive/SP061_063_065/recipe_SP061_063_065_250425_102906.yml,MERGED_LOGS/mrsic_flogel/public/projects/SjWe_20230307_IBLAnatomy/ss2p/rawDataArchive/SP061_063_065/recipe_SP061_063_065_250423_174533.yml
MERGED_LOGS/mrsic_flogel/public/projects/SjWe_20230307_IBLAnatomy/ss2p/rawDataArchive/SP061_063_065/recipe_SP061_063_065_250425_111131.yml,MERGED_LOGS/mrsic_flogel/public/projects/SjWe_20230307_IBLAnatomy/ss2p/rawDataArchive/SP061_063_065/recipe_SP061_063_065_250423_174533.yml
MERGED_LOGS/mrsic_flogel/public/projects/SjWe_20230307_IBLAnatomy/ss2p/rawDataArchive/SP061_063_065/recipe_SP061_063_065_250425_112154.yml,MERGED_LOGS/mrsic_flogel/public/projects/SjWe_20230307_IBLAnatomy/ss2p/rawDataArchive/SP061_063_065/recipe_SP061_063_065_250423_174533.yml
MERGED_LOGS/mrsic_flogel/public/projects/SjWe_20230307_IBLAnatomy/ss2p/rawDataArchive/SP066_067_072_076/recipe_SP066_067_072_076_260318_092645.yml,MERGED_LOGS/mrsic_flogel/public/projects/SjWe_20230307_IBLAnatomy/ss2p/rawDataArchive/SP066_067_072_076/recipe_SP066_067_072_076_260317_154249.yml
MERGED_LOGS/mrsic_flogel/public/projects/SjWe_20230307_IBLAnatomy/ss2p/rawDataArchive/SWC_NM_061_066_069_070/recipe_SWC_NM_061_066_069_070_240530_092900.yml,MERGED_LOGS/mrsic_flogel/public/projects/SjWe_20230307_IBLAnatomy/ss2p/rawDataArchive/SWC_NM_061_066_069_070/recipe_SWC_NM_061_066_069_070_240529_181534.yml
MERGED_LOGS/mrsic_flogel/public/projects/SjWe_20230307_IBLAnatomy/ss2p/rawDataArchive/ZFM-08457_08458_08584_08631/recipe_ZFM-08457_08458_08584_08631-2_250508_143718.yml,MERGED_LOGS/mrsic_flogel/public/projects/SjWe_20230307_IBLAnatomy/ss2p/mainenlab/ZFM-08457c/recipe_ZFM-08457c.yml
MERGED_LOGS/mrsic_flogel/public/projects/SjWe_20230307_IBLAnatomy/ss2p/steinmetzlab/HB_003/recipe_HB_003_230523_182053.yml,MERGED_LOGS/mrsic_flogel/public/projects/SjWe_20230307_IBLAnatomy/ss2p/steinmetzlab/HB_003/recipe_HB_003.yml
MERGED_LOGS/mrsic_flogel/public/projects/SjWe_20230307_IBLAnatomy/ss2p/steinmetzlab/HB_003/recipe_HB_003_230523_185810.yml,MERGED_LOGS/mrsic_flogel/public/projects/SjWe_20230307_IBLAnatomy/ss2p/steinmetzlab/HB_003/recipe_HB_003.yml
MERGED_LOGS/mrsic_flogel/public/projects/SjWe_20230307_IBLAnatomy/ss2p/steinmetzlab/HB_005/recipe_HB_005_230523_182053.yml,MERGED_LOGS/mrsic_flogel/public/projects/SjWe_20230307_IBLAnatomy/ss2p/steinmetzlab/HB_005/recipe_HB_005.yml
MERGED_LOGS/mrsic_flogel/public/projects/SjWe_20230307_IBLAnatomy/ss2p/steinmetzlab/HB_005/recipe_HB_005_230523_185810.yml,MERGED_LOGS/mrsic_flogel/public/projects/SjWe_20230307_IBLAnatomy/ss2p/steinmetzlab/HB_005/recipe_HB_005.yml
MERGED_LOGS/mrsic_flogel/public/projects/SjWe_20230307_IBLAnatomy/ss2p/steinmetzlab/KM_002/recipe_KM_002_230523_182053.yml,MERGED_LOGS/mrsic_flogel/public/projects/SjWe_20230307_IBLAnatomy/ss2p/steinmetzlab/KM_002/recipe_KM_002.yml
MERGED_LOGS/mrsic_flogel/public/projects/SjWe_20230307_IBLAnatomy/ss2p/steinmetzlab/KM_002/recipe_KM_002_230523_185810.yml,MERGED_LOGS/mrsic_flogel/public/projects/SjWe_20230307_IBLAnatomy/ss2p/steinmetzlab/KM_002/recipe_KM_002.yml
MERGED_LOGS/mrsic_flogel/public/projects/SjWe_20230307_IBLAnatomy/ss2p/steinmetzlab/NR_0025/recipe_NR_0025_230523_182053.yml,MERGED_LOGS/mrsic_flogel/public/projects/SjWe_20230307_IBLAnatomy/ss2p/steinmetzlab/NR_0025/recipe_NR_0025.yml
MERGED_LOGS/mrsic_flogel/public/projects/SjWe_20230307_IBLAnatomy/ss2p/steinmetzlab/NR_0025/recipe_NR_0025_230523_185810.yml,MERGED_LOGS/mrsic_flogel/public/projects/SjWe_20230307_IBLAnatomy/ss2p/steinmetzlab/NR_0025/recipe_NR_0025.yml
MERGED_LOGS/mrsic_flogel/public/projects/SjWe_20230307_IBLAnatomy/ss2p/steinmetzlab/NR_0028/recipe_NR_0028_230523_182053.yml,MERGED_LOGS/mrsic_flogel/public/projects/SjWe_20230307_IBLAnatomy/ss2p/steinmetzlab/NR_0028/recipe_NR_0028.yml
MERGED_LOGS/mrsic_flogel/public/projects/SjWe_20230307_IBLAnatomy/ss2p/steinmetzlab/NR_0028/recipe_NR_0028_230523_185810.yml,MERGED_LOGS/mrsic_flogel/public/projects/SjWe_20230307_IBLAnatomy/ss2p/steinmetzlab/NR_0028/recipe_NR_0028.yml
MERGED_LOGS/mrsic_flogel/public/projects/StWe_20200304_Lightsheet_Clearing_Opt/data/DL004/recipe_DL004_210330_132919.yml,MERGED_LOGS/mrsic_flogel/public/projects/StWe_20200304_Lightsheet_Clearing_Opt/data/DL004/recipe_DL004_210330_122426.yml
MERGED_LOGS/murray/Egzona/BrainSaw/EM_CTB2_bilateral/EM_CTB_01_210310/recipe_EM_CTB_01_210310_210310_162601.yml,MERGED_LOGS/murray/Egzona/BrainSaw/EM_CTB2_bilateral/EM_CTB_01_210310/recipe_EM_CTB_01_210310_210310_115740.yml
MERGED_LOGS/murray/Egzona/BrainSaw/EM_CTB2_bilateral/EM_CTB_01_210310/recipe_EM_CTB_01_210310_210310_163641.yml,MERGED_LOGS/murray/Egzona/BrainSaw/EM_CTB2_bilateral/EM_CTB_01_210310/recipe_EM_CTB_01_210310_210310_115740.yml
MERGED_LOGS/murray/Egzona/BrainSaw/EM_CTB2_bilateral/EM_CTB_02_210310/recipe_EM_CTB_02_210310_210310_162601.yml,MERGED_LOGS/murray/Egzona/BrainSaw/EM_CTB2_bilateral/EM_CTB_02_210310/recipe_EM_CTB_02_210310_210310_115740.yml
MERGED_LOGS/murray/Egzona/BrainSaw/EM_CTB2_bilateral/EM_CTB_02_210310/recipe_EM_CTB_02_210310_210310_163641.yml,MERGED_LOGS/murray/Egzona/BrainSaw/EM_CTB2_bilateral/EM_CTB_02_210310/recipe_EM_CTB_02_210310_210310_115740.yml
MERGED_LOGS/murray/Zane/Anatomy/BrainSaw/ZM_FAA1034504/ROI_C/recipe_ROI_C_210831_150416.yml,MERGED_LOGS/murray/Zane/Anatomy/BrainSaw/ZM_FAA1034504/ROI_C/recipe_ROI_C_210831_114754.yml
MERGED_LOGS/murray/Zane/Anatomy/BrainSaw/ZM_FAA1034504/ROI_LS/recipe_ROI_LS_210831_150416.yml,MERGED_LOGS/murray/Zane/Anatomy/BrainSaw/ZM_FAA1034504/ROI_LS/recipe_ROI_LS_210831_114754.yml
MERGED_LOGS/murray/Zane/Anatomy/BrainSaw/ZM_FAA1034504/ROI_T/recipe_ROI_T_210831_150416.yml,MERGED_LOGS/murray/Zane/Anatomy/BrainSaw/ZM_FAA1034504/ROI_T/recipe_ROI_T_210831_114754.yml
MERGED_LOGS/murray/Zane/Anatomy/BrainSaw/ZM_FAA1034504/ROI_TL/recipe_ROI_TL_210831_150416.yml,MERGED_LOGS/murray/Zane/Anatomy/BrainSaw/ZM_FAA1034504/ROI_TL/recipe_ROI_TL_210831_114754.yml
MERGED_LOGS/murray/Zane/Anatomy/BrainSaw/ZM_FAA1034508/ROI_C1/recipe_ROI_C1_211018_123809.yml,MERGED_LOGS/murray/Zane/Anatomy/BrainSaw/ZM_FAA1034508/ROI_C1/recipe_ROI_C1_211018_092948.yml
MERGED_LOGS/murray/Zane/Anatomy/BrainSaw/ZM_FAA1034508/ROI_C1/recipe_ROI_C1_211018_125838.yml,MERGED_LOGS/murray/Zane/Anatomy/BrainSaw/ZM_FAA1034508/ROI_C1/recipe_ROI_C1_211018_092948.yml
MERGED_LOGS/murray/Zane/Anatomy/BrainSaw/ZM_FAA1034508/ROI_C2/recipe_ROI_C2_211018_123809.yml,MERGED_LOGS/murray/Zane/Anatomy/BrainSaw/ZM_FAA1034508/ROI_C2/recipe_ROI_C2_211018_092948.yml
MERGED_LOGS/murray/Zane/Anatomy/BrainSaw/ZM_FAA1034508/ROI_C2/recipe_ROI_C2_211018_125838.yml,MERGED_LOGS/murray/Zane/Anatomy/BrainSaw/ZM_FAA1034508/ROI_C2/recipe_ROI_C2_211018_092948.yml
MERGED_LOGS/murray/Zane/Anatomy/BrainSaw/ZM_FAA1034508/ROI_L1/recipe_ROI_L1_211018_123809.yml,MERGED_LOGS/murray/Zane/Anatomy/BrainSaw/ZM_FAA1034508/ROI_L1/recipe_ROI_L1_211018_092948.yml
MERGED_LOGS/murray/Zane/Anatomy/BrainSaw/ZM_FAA1034508/ROI_L1/recipe_ROI_L1_211018_125838.yml,MERGED_LOGS/murray/Zane/Anatomy/BrainSaw/ZM_FAA1034508/ROI_L1/recipe_ROI_L1_211018_092948.yml
MERGED_LOGS/murray/Zane/Anatomy/BrainSaw/ZM_FAA1034508/ROI_L2_posterior/recipe_ROI_L2_posterior_211018_123809.yml,MERGED_LOGS/murray/Zane/Anatomy/BrainSaw/ZM_FAA1034508/ROI_L2_posterior/recipe_ROI_L2_posterior_211018_092948.yml
MERGED_LOGS/murray/Zane/Anatomy/BrainSaw/ZM_FAA1034508/ROI_L2_posterior/recipe_ROI_L2_posterior_211018_125838.yml,MERGED_LOGS/murray/Zane/Anatomy/BrainSaw/ZM_FAA1034508/ROI_L2_posterior/recipe_ROI_L2_posterior_211018_092948.yml
MERGED_LOGS/murray/Zane/Anatomy/BrainSaw/ZM_FAA1034508/ROI_T1_posterior/recipe_ROI_T1_posterior_211018_123809.yml,MERGED_LOGS/murray/Zane/Anatomy/BrainSaw/ZM_FAA1034508/ROI_T1_posterior/recipe_ROI_T1_posterior_211018_092948.yml
MERGED_LOGS/murray/Zane/Anatomy/BrainSaw/ZM_FAA1034508/ROI_T1_posterior/recipe_ROI_T1_posterior_211018_125838.yml,MERGED_LOGS/murray/Zane/Anatomy/BrainSaw/ZM_FAA1034508/ROI_T1_posterior/recipe_ROI_T1_posterior_211018_092948.yml
MERGED_LOGS/murray/Zane/Anatomy/BrainSaw/ZM_FAA1034508/ROI_T2/recipe_ROI_T2_211018_123809.yml,MERGED_LOGS/murray/Zane/Anatomy/BrainSaw/ZM_FAA1034508/ROI_T2/recipe_ROI_T2_211018_092948.yml
MERGED_LOGS/murray/Zane/Anatomy/BrainSaw/ZM_FAA1034508/ROI_T2/recipe_ROI_T2_211018_125838.yml,MERGED_LOGS/murray/Zane/Anatomy/BrainSaw/ZM_FAA1034508/ROI_T2/recipe_ROI_T2_211018_092948.yml
MERGED_LOGS/okeefe/Cristina/Brainsaw/Amygdala_8/recipe_Rat_13_14_191116_163503.yml,MERGED_LOGS/okeefe/Cristina/Brainsaw/Amygdala_8/recipe_Amygdala_8_191116_164053.yml
MERGED_LOGS/okeefe/Cristina/Brainsaw/Amygdala_9/recipe_Rat_13_14_191116_163503.yml,MERGED_LOGS/okeefe/Cristina/Brainsaw/Amygdala_9/recipe_Amygdala_9_191116_164053.yml
MERGED_LOGS/okeefe/Cristina/Brainsaw/JOK_Rat_04_noperfusion/recipe_JOK_Rat_04_190315_164511.yml,MERGED_LOGS/okeefe/Cristina/Brainsaw/JOK_Rat_04_noperfusion/recipe_JOK_Rat_04_190315_164744.yml
MERGED_LOGS/okeefe/Cristina/Brainsaw/Mouse/CM_1125528/recipe_CM_1125528_260212_093432.yml,MERGED_LOGS/okeefe/Cristina/Brainsaw/Mouse/CM_1125528/recipe_CM_1125528_260211_150154.yml
MERGED_LOGS/okeefe/Cristina/Brainsaw/Mouse/CM_1125700_1125701/recipe_CM_1125700_1125701_260212_164740.yml,MERGED_LOGS/okeefe/Cristina/Brainsaw/Mouse/CM_1125700_1125701_2/ROI_1/recipe_ROI_1_260212_165650.yml
MERGED_LOGS/okeefe/Cristina/Brainsaw/Rat08_09/recipe_ratbrains_08and09_190517_152320.yml,MERGED_LOGS/okeefe/Cristina/Brainsaw/Rat08_09/recipe_ratbrains_08and09_190517_113659.yml
MERGED_LOGS/okeefe/Cristina/Brainsaw/RatData/Rat08/recipe_Rat08_190517_152320.yml,MERGED_LOGS/okeefe/Cristina/Brainsaw/RatData/Rat08/recipe_Rat08_190517_113659.yml
MERGED_LOGS/okeefe/Cristina/Brainsaw/RatData/Rat09/recipe_Rat09_190517_152320.yml,MERGED_LOGS/okeefe/Cristina/Brainsaw/RatData/Rat09/recipe_Rat09_190517_113659.yml
MERGED_LOGS/okeefe/Cristina/Brainsaw/Rat_11_12_acute/recipe_Rat10_11_190601_144252.yml,MERGED_LOGS/okeefe/Cristina/Brainsaw/Rat_11_12_acute/recipe_Rat10_11_190531_105804.yml
MERGED_LOGS/okeefe/Cristina_from_winstor/brainsaw/Amygdala_8/recipe_Rat_13_14_191116_163503.yml,MERGED_LOGS/okeefe/Cristina_from_winstor/brainsaw/Amygdala_8/recipe_Amygdala_8_191116_164053.yml
MERGED_LOGS/okeefe/Cristina_from_winstor/brainsaw/Amygdala_9/recipe_Rat_13_14_191116_163503.yml,MERGED_LOGS/okeefe/Cristina_from_winstor/brainsaw/Amygdala_9/recipe_Amygdala_9_191116_164053.yml
MERGED_LOGS/okeefe/Cristina_from_winstor/brainsaw/JOK_Rat_04_noperfusion/recipe_JOK_Rat_04_190315_164511.yml,MERGED_LOGS/okeefe/Cristina_from_winstor/brainsaw/JOK_Rat_04_noperfusion/recipe_JOK_Rat_04_190315_164744.yml
MERGED_LOGS/okeefe/Cristina_from_winstor/brainsaw/Rat08_09/recipe_ratbrains_08and09_190517_152320.yml,MERGED_LOGS/okeefe/Cristina_from_winstor/brainsaw/Rat08_09/recipe_ratbrains_08and09_190517_113659.yml
MERGED_LOGS/okeefe/Cristina_from_winstor/brainsaw/RatData/Rat08/recipe_Rat08_190517_152320.yml,MERGED_LOGS/okeefe/Cristina_from_winstor/brainsaw/RatData/Rat08/recipe_Rat08_190517_113659.yml
MERGED_LOGS/okeefe/Cristina_from_winstor/brainsaw/RatData/Rat09/recipe_Rat09_190517_152320.yml,MERGED_LOGS/okeefe/Cristina_from_winstor/brainsaw/RatData/Rat09/recipe_Rat09_190517_113659.yml
MERGED_LOGS/okeefe/Cristina_from_winstor/brainsaw/Rat_11_12_acute/recipe_Rat10_11_190601_144252.yml,MERGED_LOGS/okeefe/Cristina_from_winstor/brainsaw/Rat_11_12_acute/recipe_Rat10_11_190531_105804.yml
MERGED_LOGS/okeefe/Loukia/BrainSaw/LK_LesionWTAug2023_102_2/recipe_LK_LesionWTAug2023_102_2_240318_142453.yml,MERGED_LOGS/okeefe/Loukia/BrainSaw/LK_LesionWTAug2023_102/recipe_LK_LesionWTAug2023_102_240318_131318.yml
MERGED_LOGS/okeefe/Marius/BrainSaw/HKAGE/MH30/recipe_MH30_220301_123657.yml,MERGED_LOGS/okeefe/Marius/BrainSaw/HKAGE/MH30/recipe_MH30_220218_110212.yml
MERGED_LOGS/okeefe/Marius/BrainSaw/HKAGE/MH31/recipe_MH31_220301_123657.yml,MERGED_LOGS/okeefe/Marius/BrainSaw/HKAGE/MH31/recipe_MH31_220218_110212.yml
MERGED_LOGS/okeefe/Marius/BrainSaw/HKAGE/MH32/recipe_MH32_220301_123657.yml,MERGED_LOGS/okeefe/Marius/BrainSaw/HKAGE/MH32/recipe_MH32_220218_110212.yml
MERGED_LOGS/okeefe/Marius/BrainSaw/HKAGE/MH33/recipe_MH33_220301_123657.yml,MERGED_LOGS/okeefe/Marius/BrainSaw/HKAGE/MH33/recipe_MH33_220218_110212.yml
MERGED_LOGS/okeefe/Marius/probe data/R28/brainsaw/MH30/recipe_MH30_220301_123657.yml,MERGED_LOGS/okeefe/Marius/probe data/R28/brainsaw/MH30/recipe_MH30_220218_110212.yml
MERGED_LOGS/okeefe/Marius/probe data/R28/brainsaw/MH31/recipe_MH31_220301_123657.yml,MERGED_LOGS/okeefe/Marius/probe data/R28/brainsaw/MH31/recipe_MH31_220218_110212.yml
MERGED_LOGS/okeefe/Marius/probe data/R28/brainsaw/MH32/recipe_MH32_220301_123657.yml,MERGED_LOGS/okeefe/Marius/probe data/R28/brainsaw/MH32/recipe_MH32_220218_110212.yml
MERGED_LOGS/okeefe/Marius/probe data/R28/brainsaw/MH33/recipe_MH33_220301_123657.yml,MERGED_LOGS/okeefe/Marius/probe data/R28/brainsaw/MH33/recipe_MH33_220218_110212.yml
MERGED_LOGS/sjones/data/Brainsaw_Transfer_data/Caspase_POST_learning/LS_F14TM03/recipe_LS_F14TM03_200623_170312.yml,MERGED_LOGS/sjones/data/Brainsaw_Transfer_data/Caspase_POST_learning/LS_F14TM03/recipe_LS_F14TM03_200623_124116.yml
MERGED_LOGS/sjones/data/Brainsaw_Transfer_data/DTR-01_SP_HMV/recipe_DTR-01_DT_400_ng_kg_210902_175019.yml,MERGED_LOGS/sjones/data/Brainsaw_Transfer_data/DTR-01_SP_HMV/recipe_DTR-01_DT_400_ng_kg_210902_152351.yml
MERGED_LOGS/sjones/data/Brainsaw_Transfer_data/EJT139/recipe_EJT139_211130_120730.yml,MERGED_LOGS/sjones/data/Brainsaw_Transfer_data/EJT139/recipe_EJT139_211130_113650.yml
MERGED_LOGS/sjones/data/Brainsaw_Transfer_data/EJT141/recipe_EJT141_211130_120730.yml,MERGED_LOGS/sjones/data/Brainsaw_Transfer_data/EJT141/recipe_EJT141_211130_113650.yml
MERGED_LOGS/sjones/data/Brainsaw_Transfer_data/EJT152/recipe_EJT152_211130_120730.yml,MERGED_LOGS/sjones/data/Brainsaw_Transfer_data/EJT152/recipe_EJT152_211130_113650.yml
MERGED_LOGS/sjones/data/Brainsaw_Transfer_data/EJT183_eOPN3/recipe_EJT183_eOPN3_220317_090632.yml,MERGED_LOGS/sjones/data/Brainsaw_Transfer_data/EJT183_eOPN3/recipe_EJT183_eOPN3_220316_183031.yml
MERGED_LOGS/sjones/data/Brainsaw_Transfer_data/EJT242/recipe_EJT242_SC_ILT_hM4Di_230112_135043.yml,MERGED_LOGS/sjones/data/Brainsaw_Transfer_data/EJT242/recipe_EJT242_SC_ILT_hM4Di_230112_150642.yml
MERGED_LOGS/sjones/data/Brainsaw_Transfer_data/Emmett_data/EJT139/recipe_EJT139_211130_120730.yml,MERGED_LOGS/sjones/data/Brainsaw_Transfer_data/Emmett_data/EJT139/recipe_EJT139_211130_113650.yml
MERGED_LOGS/sjones/data/Brainsaw_Transfer_data/Emmett_data/EJT141/recipe_EJT141_211130_120730.yml,MERGED_LOGS/sjones/data/Brainsaw_Transfer_data/Emmett_data/EJT141/recipe_EJT141_211130_113650.yml
MERGED_LOGS/sjones/data/Brainsaw_Transfer_data/Emmett_data/EJT152/recipe_EJT152_211130_120730.yml,MERGED_LOGS/sjones/data/Brainsaw_Transfer_data/Emmett_data/EJT152/recipe_EJT152_211130_113650.yml
MERGED_LOGS/sjones/data/Brainsaw_Transfer_data/Emmett_data/EJT183_eOPN3/recipe_EJT183_eOPN3_220317_090632.yml,MERGED_LOGS/sjones/data/Brainsaw_Transfer_data/Emmett_data/EJT183_eOPN3/recipe_EJT183_eOPN3_220316_183031.yml
MERGED_LOGS/sjones/data/Brainsaw_Transfer_data/Emmett_data/EJT242/recipe_EJT242_SC_ILT_hM4Di_230112_135043.yml,MERGED_LOGS/sjones/data/Brainsaw_Transfer_data/Emmett_data/EJT242/recipe_EJT242_SC_ILT_hM4Di_230112_150642.yml
MERGED_LOGS/sjones/data/Brainsaw_Transfer_data/SP57/recipe_SP57_M2ToS_Lesion_Experiment_220804_173709.yml,MERGED_LOGS/sjones/data/Brainsaw_Transfer_data/SP57/recipe_SP57_M2ToS_Lesion_Experiment_220804_120826.yml
MERGED_LOGS/sjones/data/francesca/brainsaw/FG_SNL_photo21/recipe_FG_SNLphoto21_201016_103751.yml,MERGED_LOGS/sjones/data/francesca/brainsaw/FG_SNL_photo21/recipe_FG_SNLphoto21_201016_103308.yml
MERGED_LOGS/sjones/data/francesca/brainsaw/FG_SNL_photo30/recipe_FG_SNL_photo30_210217_133747.yml,MERGED_LOGS/sjones/data/francesca/brainsaw/FG_SNL_photo30/recipe_FG_SNL_photo30_210217_120710.yml
MERGED_LOGS/sjones/data/francesca/brainsaw/FG_SNL_photo30/recipe_FG_SNL_photo30_210217_141438.yml,MERGED_LOGS/sjones/data/francesca/brainsaw/FG_SNL_photo30/recipe_FG_SNL_photo30_210217_120710.yml
MERGED_LOGS/sjones/data/francesca/brainsaw/FG_SNLphoto24/recipe_FG_SNLphoto24_200916_165427.yml,MERGED_LOGS/sjones/data/francesca/brainsaw/FG_SNLphoto24/recipe_FG_SNLphoto24_200916_104752.yml
MERGED_LOGS/sjones/projects/Emmett/Histology/Brainsaw/E81/recipe_E81_201214_110208.yml,MERGED_LOGS/sjones/projects/Emmett/Histology/Brainsaw/E81/recipe_E81_201214_104517.yml
MERGED_LOGS/sjones/projects/Emmett/Histology/Brainsaw/EJT74/recipe_EJT74_210407_124958.yml,MERGED_LOGS/sjones/projects/Emmett/Histology/Brainsaw/EJT74/recipe_EJT74_210407_111109.yml
MERGED_LOGS/sjones/projects/Emmett/Histology/Brainsaw/FlexedJaws_DLS_D1CreMouse/EJT43/recipe_EJT43_201002_173702.yml,MERGED_LOGS/sjones/projects/Emmett/Histology/Brainsaw/FlexedJaws_DLS_D1CreMouse/EJT43/recipe_EJT43_201002_170357.yml
MERGED_LOGS/sjones/projects/Emmett/Histology/Brainsaw/FlexedJaws_DLS_D1CreMouse/EJT44/recipe_EJT44_201002_173702.yml,MERGED_LOGS/sjones/projects/Emmett/Histology/Brainsaw/FlexedJaws_DLS_D1CreMouse/EJT44/recipe_EJT44_201002_170357.yml
MERGED_LOGS/sjones/projects/Emmett/Histology/Brainsaw/FlexedJaws_DLS_D2CreMouse/EJT45/recipe_EJT45_201002_173702.yml,MERGED_LOGS/sjones/projects/Emmett/Histology/Brainsaw/FlexedJaws_DLS_D2CreMouse/EJT45/recipe_EJT45_201002_170357.yml
MERGED_LOGS/sjones/projects/Emmett/Histology/Brainsaw/FlexedJaws_DLS_D2CreMouse/EJT46/recipe_EJT46_201002_173702.yml,MERGED_LOGS/sjones/projects/Emmett/Histology/Brainsaw/FlexedJaws_DLS_D2CreMouse/EJT46/recipe_EJT46_201002_170357.yml
MERGED_LOGS/sjones/projects/Emmett/Histology/Brainsaw/RetroJaws_GFP_DLS_CMCL/E81/recipe_E81_201214_110208.yml,MERGED_LOGS/sjones/projects/Emmett/Histology/Brainsaw/RetroJaws_GFP_DLS_CMCL/E81/recipe_E81_201214_104517.yml
MERGED_LOGS/sjones/projects/OSFNT/raw_data/OSFNT_12/2026-05-29T11-45-28/users/Catarina/histology/BrainSaw/on_hold/CA_OFC_052_20221208/recipe_CA_056_20221208_221209_101633.yml,MERGED_LOGS/sjones/projects/OSFNT/raw_data/OSFNT_12/2026-05-29T11-45-28/users/Catarina/histology/BrainSaw/on_hold/CA_OFC_052_20221208/recipe_CA_056_20221208_221208_103329.yml
MERGED_LOGS/sjones/projects/OSFNT/raw_data/OSFNT_12/2026-05-29T11-45-28/users/Catarina/histology/BrainSaw/on_hold/CA_mPFC_053_20221208/recipe_CA_052_20221208_221209_101633.yml,MERGED_LOGS/sjones/projects/OSFNT/raw_data/OSFNT_12/2026-05-29T11-45-28/users/Catarina/histology/BrainSaw/on_hold/CA_mPFC_053_20221208/recipe_CA_052_20221208_221208_103329.yml
MERGED_LOGS/sjones/projects/OSFNT/raw_data/OSFNT_12/2026-05-29T11-45-28/users/Catarina/histology/BrainSaw/on_hold/CA_mPFC_055_20221208/recipe_CA_053_20221208_221209_101633.yml,MERGED_LOGS/sjones/projects/OSFNT/raw_data/OSFNT_12/2026-05-29T11-45-28/users/Catarina/histology/BrainSaw/on_hold/CA_mPFC_055_20221208/recipe_CA_053_20221208_221208_103329.yml
MERGED_LOGS/sjones/projects/OSFNT/raw_data/OSFNT_12/2026-05-29T11-45-28/users/Catarina/histology/BrainSaw/on_hold/CA_mPFC_056_20221208/recipe_CA_055_20221208_221209_101633.yml,MERGED_LOGS/sjones/projects/OSFNT/raw_data/OSFNT_12/2026-05-29T11-45-28/users/Catarina/histology/BrainSaw/on_hold/CA_mPFC_056_20221208/recipe_CA_055_20221208_221208_103329.yml
MERGED_LOGS/sjones/projects/OSFNT/raw_data/OSFNT_12/2026-05-29T11-45-28/users/Sthita/Data_from_SSD/microscopy_data/DTR-01/recipe_DTR-01_DT_400_ng_kg_210902_175019.yml,MERGED_LOGS/sjones/projects/OSFNT/raw_data/OSFNT_12/2026-05-29T11-45-28/users/Sthita/Data_from_SSD/microscopy_data/DTR-01/recipe_DTR-01_DT_400_ng_kg_210902_152351.yml
MERGED_LOGS/sjones/projects/OSFNT/raw_data/OSFNT_12/2026-05-29T11-45-28/users/Yvonne/BrainSaw/YJ_221122_DATTOM/YJ_DATTOM1/recipe_YJ_DATTOM1_221122_141629.yml,MERGED_LOGS/sjones/projects/OSFNT/raw_data/OSFNT_12/2026-05-29T11-45-28/users/Yvonne/BrainSaw/YJ_221122_DATTOM/YJ_DATTOM1/recipe_YJ_DATTOM1_221122_120501.yml
MERGED_LOGS/sjones/projects/OSFNT/raw_data/OSFNT_12/2026-05-29T11-45-28/users/Yvonne/BrainSaw/YJ_221122_DATTOM/YJ_DATTOM2/recipe_YJ_DATTOM2_221122_141629.yml,MERGED_LOGS/sjones/projects/OSFNT/raw_data/OSFNT_12/2026-05-29T11-45-28/users/Yvonne/BrainSaw/YJ_221122_DATTOM/YJ_DATTOM2/recipe_YJ_DATTOM2_221122_120501.yml
MERGED_LOGS/sjones/projects/OSFNT/raw_data/OSFNT_12/2026-05-29T11-45-28/users/Yvonne/BrainSaw/YJ_221122_DATTOM/YJ_DATTOM3_ChR2/recipe_YJ_DATTOM3_ChR2_221122_141629.yml,MERGED_LOGS/sjones/projects/OSFNT/raw_data/OSFNT_12/2026-05-29T11-45-28/users/Yvonne/BrainSaw/YJ_221122_DATTOM/YJ_DATTOM3_ChR2/recipe_YJ_DATTOM3_ChR2_221122_120501.yml
MERGED_LOGS/sjones/projects/OSFNT/raw_data/OSFNT_12/2026-05-29T11-45-28/users/francesca/francesca-from-sjones-data-dir/brainsaw/FG_SNL_photo21/recipe_FG_SNLphoto21_201016_103751.yml,MERGED_LOGS/sjones/projects/OSFNT/raw_data/OSFNT_12/2026-05-29T11-45-28/users/francesca/francesca-from-sjones-data-dir/brainsaw/FG_SNL_photo21/recipe_FG_SNLphoto21_201016_103308.yml
MERGED_LOGS/sjones/projects/OSFNT/raw_data/OSFNT_12/2026-05-29T11-45-28/users/francesca/francesca-from-sjones-data-dir/brainsaw/FG_SNL_photo30/recipe_FG_SNL_photo30_210217_133747.yml,MERGED_LOGS/sjones/projects/OSFNT/raw_data/OSFNT_12/2026-05-29T11-45-28/users/francesca/francesca-from-sjones-data-dir/brainsaw/FG_SNL_photo30/recipe_FG_SNL_photo30_210217_120710.yml
MERGED_LOGS/sjones/projects/OSFNT/raw_data/OSFNT_12/2026-05-29T11-45-28/users/francesca/francesca-from-sjones-data-dir/brainsaw/FG_SNL_photo30/recipe_FG_SNL_photo30_210217_141438.yml,MERGED_LOGS/sjones/projects/OSFNT/raw_data/OSFNT_12/2026-05-29T11-45-28/users/francesca/francesca-from-sjones-data-dir/brainsaw/FG_SNL_photo30/recipe_FG_SNL_photo30_210217_120710.yml
MERGED_LOGS/sjones/projects/OSFNT/raw_data/OSFNT_12/2026-05-29T11-45-28/users/francesca/francesca-from-sjones-data-dir/brainsaw/FG_SNLphoto24/recipe_FG_SNLphoto24_200916_165427.yml,MERGED_LOGS/sjones/projects/OSFNT/raw_data/OSFNT_12/2026-05-29T11-45-28/users/francesca/francesca-from-sjones-data-dir/brainsaw/FG_SNLphoto24/recipe_FG_SNLphoto24_200916_104752.yml
MERGED_LOGS/sjones/projects/OSFNT/raw_data/OSFNT_12/2026-05-29T11-45-28/users/lars/data/s089_tabfixed_m1119773_L/s089_tabfixed_m1119773_L__20230711_124817__serial_section/recipe_s089_230711_124031.yml,MERGED_LOGS/sjones/projects/OSFNT/raw_data/OSFNT_12/2026-05-29T11-45-28/users/lars/data/s089_tabfixed_m1119773_L/s089_tabfixed_m1119773_L__20230711_124817__serial_section/recipe_s089_230711_124817.yml
MERGED_LOGS/sjones/projects/OSFNT/raw_data/OSFNT_12/2026-05-29T11-45-28/users/lars/data/s090_tabfixed_m1119775_LR/s090_tabfixed_m1119775_LR__20230711_124817_serial_section/recipe_s090_230711_124031.yml,MERGED_LOGS/sjones/projects/OSFNT/raw_data/OSFNT_12/2026-05-29T11-45-28/users/lars/data/s090_tabfixed_m1119775_LR/s090_tabfixed_m1119775_LR__20230711_124817_serial_section/recipe_s090_230711_124817.yml
MERGED_LOGS/sjones/projects/OSFNT/raw_data/OSFNT_12/2026-05-29T11-45-28/users/lars/projects/+other/LBR_20201107_GPi_ant_R_LR/recipe_LBR_20201107_GPi_ant_R_LR_201107_121538.yml,MERGED_LOGS/sjones/projects/OSFNT/raw_data/OSFNT_12/2026-05-29T11-45-28/users/lars/projects/+other/LBR_20201107_GPi_ant_R_LR/recipe_LBR_20201107_GPi_ant_R_LR_201107_122042.yml
MERGED_LOGS/sjones/projects/OSFNT/raw_data/OSFNT_12/2026-05-29T11-45-28/users/lars/scratch/serial_section/LBR_20210501_calb_vglut_physin/LBR_20210501_calb_vglut_physin_210501_132844_bottom_pstn/recipe_LBR_20210501_calb_vglut_physin_210501_132844_bottom_pstn_210501_132844.yml,MERGED_LOGS/sjones/projects/OSFNT/raw_data/OSFNT_12/2026-05-29T11-45-28/users/lars/scratch/serial_section/LBR_20210501_calb_vglut_physin/LBR_20210501_calb_vglut_physin_210501_132844_bottom_pstn/recipe_LBR_20210501_calb_vglut_physin_210501_132844_bottom_pstn_210501_133305.yml
MERGED_LOGS/sjones/projects/OSFNT/raw_data/OSFNT_12/2026-05-29T11-45-28/users/lars/scratch/serial_section/LBR_20210501_calb_vglut_physin/LBR_20210501_calb_vglut_physin_210501_132844_top_stn/recipe_LBR_20210501_calb_vglut_physin_210501_132844_top_stn_210501_132844.yml,MERGED_LOGS/sjones/projects/OSFNT/raw_data/OSFNT_12/2026-05-29T11-45-28/users/lars/scratch/serial_section/LBR_20210501_calb_vglut_physin/LBR_20210501_calb_vglut_physin_210501_132844_top_stn/recipe_LBR_20210501_calb_vglut_physin_210501_132844_top_stn_210501_133305.yml
MERGED_LOGS/sjones/projects/gpe/gpe_hcr/from_acquisition/serial_section/HL_GPeRB_LR/recipe_HL_GPeRB_LR_260325_163849.yml,MERGED_LOGS/sjones/projects/gpe/gpe_hcr/from_acquisition/serial_section/HL_GPeRB_LR_m/recipe_HL_GPeRB_LR_m_260325_163222.yml
MERGED_LOGS/sjones/projects/gpe/gpe_hcr/from_acquisition/serial_section/HL_GPeRB_LR/recipe_HL_GPeRB_LR_260326_092709.yml,MERGED_LOGS/sjones/projects/gpe/gpe_hcr/from_acquisition/serial_section/HL_GPeRB_LR/recipe_HL_GPeRB_LR_260325_163849.yml
MERGED_LOGS/sjones/projects/gpe/gpe_hcr/from_acquisition/serial_section/HL_GPeRB_R_A283/recipe_HL_GPeRB_R_f_3329_260324_192713.yml,MERGED_LOGS/sjones/projects/gpe/gpe_hcr/from_acquisition/serial_section/HL_GPeRB_R_A283/recipe_HL_GPeRB_R_f_3329_260324_145529.yml
MERGED_LOGS/sjones/projects/thalamus_dls_project/data/SEQ080_m0000000_Ai14Pre_experimental/histology_SEQ080_m0000000_Ai14Pre_experimental/seq080_dlsthpre/recipe_seq080_250409_100332.yml,MERGED_LOGS/sjones/projects/thalamus_dls_project/data/SEQ080_m0000000_Ai14Pre_experimental/histology_SEQ080_m0000000_Ai14Pre_experimental/seq080_dlsthpre/recipe_seq080_250409_101232.yml
MERGED_LOGS/sjones/projects/thalamus_dls_project/data/SEQ082_m0000000_Ai14Pre_experimental/histology_SEQ082_m0000000_Ai14Pre_experimental/seq082_dlsthpre/recipe_seq082_250409_100332.yml,MERGED_LOGS/sjones/projects/thalamus_dls_project/data/SEQ082_m0000000_Ai14Pre_experimental/histology_SEQ082_m0000000_Ai14Pre_experimental/seq082_dlsthpre/recipe_seq082_250409_101232.yml
MERGED_LOGS/sjones/projects/thalamus_dls_project/data/SEQ083_m0000000_Ai14Pre_experimental/histology_SEQ083_m0000000_Ai14Pre_experimental/seq083_dlsthpre/recipe_seq083_250409_100332.yml,MERGED_LOGS/sjones/projects/thalamus_dls_project/data/SEQ083_m0000000_Ai14Pre_experimental/histology_SEQ083_m0000000_Ai14Pre_experimental/seq083_dlsthpre/recipe_seq083_250409_101232.yml
MERGED_LOGS/sjones/projects/thalamus_dls_project/data/SEQ084_m0000000_Ai14Pre_experimental/histology_SEQ084_m0000000_Ai14Pre_experimental/seq084_dlsthpre/recipe_seq084_250409_100332.yml,MERGED_LOGS/sjones/projects/thalamus_dls_project/data/SEQ084_m0000000_Ai14Pre_experimental/histology_SEQ084_m0000000_Ai14Pre_experimental/seq084_dlsthpre/recipe_seq084_250409_101232.yml
MERGED_LOGS/sjones/projects/thalamus_dls_project/data/SEQ086_m0000000_ttx_experimental/histology_SEQ086_m0000000_ttx_experimental/seq086_dlsttx/recipe_seq086_dlsttx_250430_103254.yml,MERGED_LOGS/sjones/projects/thalamus_dls_project/data/SEQ086_m0000000_ttx_experimental/histology_SEQ086_m0000000_ttx_experimental/seq086_dlsttx/recipe_seq086_dlsttx_250429_093653.yml
MERGED_LOGS/sjones/projects/thalamus_dls_project/data/SEQ097_m0000000_ttx_experimental/histology_SEQ097_m0000000_ttx_experimental/seq097_dlsttx/recipe_seq097_dlsttx_250430_103254.yml,MERGED_LOGS/sjones/projects/thalamus_dls_project/data/SEQ097_m0000000_ttx_experimental/histology_SEQ097_m0000000_ttx_experimental/seq097_dlsttx/recipe_seq097_dlsttx_250429_093653.yml
MERGED_LOGS/sjones/projects/thalamus_dls_project/data/SEQ098_m0000000_ttx_experimental/histology_SEQ098_m0000000_ttx_experimental/seq098_dlsttx/recipe_seq098_dlsttx_250430_103254.yml,MERGED_LOGS/sjones/projects/thalamus_dls_project/data/SEQ098_m0000000_ttx_experimental/histology_SEQ098_m0000000_ttx_experimental/seq098_dlsttx/recipe_seq098_dlsttx_250429_093653.yml
MERGED_LOGS/sjones/projects/thalamus_dls_project/data/SEQ099_m0000000_ttx_experimental/histology_SEQ099_m0000000_ttx_experimental/seq099_dlsttx/recipe_seq099_dlsttx_250430_103254.yml,MERGED_LOGS/sjones/projects/thalamus_dls_project/data/SEQ099_m0000000_ttx_experimental/histology_SEQ099_m0000000_ttx_experimental/seq099_dlsttx/recipe_seq099_dlsttx_250429_093653.yml
MERGED_LOGS/sjones/projects/thalamus_dls_project/from_acquisition/serial_section/s089_tabfixed_m1119773_L__20230711_124817__serial_section/recipe_s089_230711_124031.yml,MERGED_LOGS/sjones/projects/thalamus_dls_project/from_acquisition/serial_section/s089_tabfixed_m1119773_L__20230711_124817__serial_section/recipe_s089_230711_124817.yml
MERGED_LOGS/sjones/projects/thalamus_dls_project/from_acquisition/serial_section/s090_tabfixed_m1119775_LR__20230711_124817_serial_section/recipe_s090_230711_124031.yml,MERGED_LOGS/sjones/projects/thalamus_dls_project/from_acquisition/serial_section/s090_tabfixed_m1119775_LR__20230711_124817_serial_section/recipe_s090_230711_124817.yml
MERGED_LOGS/sjones/store/hernando/Microscopy_Data/LFPandLTD/LFP01/recipe_LFP01_210316_120901.yml,MERGED_LOGS/sjones/store/hernando/Microscopy_Data/LFPandLTD/LFP01/recipe_LFP01_210316_122804.yml
MERGED_LOGS/sjones/store/hernando/Microscopy_Data/LFPandLTD/LFP01/recipe_LFP01_210317_133521.yml,MERGED_LOGS/sjones/store/hernando/Microscopy_Data/LFPandLTD/LFP01/recipe_LFP01_210316_122804.yml
MERGED_LOGS/sjones/store/hernando/Microscopy_Data/LFPandLTD/LFP03/recipe_LFP03_210316_120901.yml,MERGED_LOGS/sjones/store/hernando/Microscopy_Data/LFPandLTD/LFP03/recipe_LFP03_210316_122804.yml
MERGED_LOGS/sjones/store/hernando/Microscopy_Data/LFPandLTD/LFP03/recipe_LFP03_210317_133521.yml,MERGED_LOGS/sjones/store/hernando/Microscopy_Data/LFPandLTD/LFP03/recipe_LFP03_210316_122804.yml
MERGED_LOGS/sjones/store/hernando/Microscopy_Data/LFPandLTD/LFP04/recipe_LFP04_210316_120901.yml,MERGED_LOGS/sjones/store/hernando/Microscopy_Data/LFPandLTD/LFP04/recipe_LFP04_210316_122804.yml
MERGED_LOGS/sjones/store/hernando/Microscopy_Data/LFPandLTD/LFP04/recipe_LFP04_210317_133521.yml,MERGED_LOGS/sjones/store/hernando/Microscopy_Data/LFPandLTD/LFP04/recipe_LFP04_210316_122804.yml
MERGED_LOGS/sjones/store/hernando/Microscopy_Data/LFPandLTD/LFP05/recipe_LFP05_210316_120901.yml,MERGED_LOGS/sjones/store/hernando/Microscopy_Data/LFPandLTD/LFP05/recipe_LFP05_210316_122804.yml
MERGED_LOGS/sjones/store/hernando/Microscopy_Data/LFPandLTD/LFP05/recipe_LFP05_210317_133521.yml,MERGED_LOGS/sjones/store/hernando/Microscopy_Data/LFPandLTD/LFP05/recipe_LFP05_210316_122804.yml
MERGED_LOGS/sjones/store/hernando/Microscopy_Data/LFPandLTD/LFP06/recipe_LFP06_210316_120901.yml,MERGED_LOGS/sjones/store/hernando/Microscopy_Data/LFPandLTD/LFP06/recipe_LFP06_210316_122804.yml
MERGED_LOGS/sjones/store/hernando/Microscopy_Data/LFPandLTD/LFP06/recipe_LFP06_210317_133521.yml,MERGED_LOGS/sjones/store/hernando/Microscopy_Data/LFPandLTD/LFP06/recipe_LFP06_210316_122804.yml
MERGED_LOGS/sjones/store_backup_winstor_rests/hernando/Microscopy_Data/LFPandLTD/LFP01/recipe_LFP01_210316_120901.yml,MERGED_LOGS/sjones/store_backup_winstor_rests/hernando/Microscopy_Data/LFPandLTD/LFP01/recipe_LFP01_210316_122804.yml
MERGED_LOGS/sjones/store_backup_winstor_rests/hernando/Microscopy_Data/LFPandLTD/LFP01/recipe_LFP01_210317_133521.yml,MERGED_LOGS/sjones/store_backup_winstor_rests/hernando/Microscopy_Data/LFPandLTD/LFP01/recipe_LFP01_210316_122804.yml
MERGED_LOGS/sjones/store_backup_winstor_rests/hernando/Microscopy_Data/LFPandLTD/LFP03/recipe_LFP03_210316_120901.yml,MERGED_LOGS/sjones/store_backup_winstor_rests/hernando/Microscopy_Data/LFPandLTD/LFP03/recipe_LFP03_210316_122804.yml
MERGED_LOGS/sjones/store_backup_winstor_rests/hernando/Microscopy_Data/LFPandLTD/LFP03/recipe_LFP03_210317_133521.yml,MERGED_LOGS/sjones/store_backup_winstor_rests/hernando/Microscopy_Data/LFPandLTD/LFP03/recipe_LFP03_210316_122804.yml
MERGED_LOGS/sjones/store_backup_winstor_rests/hernando/Microscopy_Data/LFPandLTD/LFP04/recipe_LFP04_210316_120901.yml,MERGED_LOGS/sjones/store_backup_winstor_rests/hernando/Microscopy_Data/LFPandLTD/LFP04/recipe_LFP04_210316_122804.yml
MERGED_LOGS/sjones/store_backup_winstor_rests/hernando/Microscopy_Data/LFPandLTD/LFP04/recipe_LFP04_210317_133521.yml,MERGED_LOGS/sjones/store_backup_winstor_rests/hernando/Microscopy_Data/LFPandLTD/LFP04/recipe_LFP04_210316_122804.yml
MERGED_LOGS/sjones/store_backup_winstor_rests/hernando/Microscopy_Data/LFPandLTD/LFP05/recipe_LFP05_210316_120901.yml,MERGED_LOGS/sjones/store_backup_winstor_rests/hernando/Microscopy_Data/LFPandLTD/LFP05/recipe_LFP05_210316_122804.yml
MERGED_LOGS/sjones/store_backup_winstor_rests/hernando/Microscopy_Data/LFPandLTD/LFP05/recipe_LFP05_210317_133521.yml,MERGED_LOGS/sjones/store_backup_winstor_rests/hernando/Microscopy_Data/LFPandLTD/LFP05/recipe_LFP05_210316_122804.yml
MERGED_LOGS/sjones/store_backup_winstor_rests/hernando/Microscopy_Data/LFPandLTD/LFP06/recipe_LFP06_210316_120901.yml,MERGED_LOGS/sjones/store_backup_winstor_rests/hernando/Microscopy_Data/LFPandLTD/LFP06/recipe_LFP06_210316_122804.yml
MERGED_LOGS/sjones/store_backup_winstor_rests/hernando/Microscopy_Data/LFPandLTD/LFP06/recipe_LFP06_210317_133521.yml,MERGED_LOGS/sjones/store_backup_winstor_rests/hernando/Microscopy_Data/LFPandLTD/LFP06/recipe_LFP06_210316_122804.yml
MERGED_LOGS/sjones/users/Catarina/Zen/BrainSaw/CA_OFC_052_20221208/recipe_CA_056_20221208_221209_101633.yml,MERGED_LOGS/sjones/users/Catarina/Zen/BrainSaw/CA_OFC_052_20221208/recipe_CA_056_20221208_221208_103329.yml
MERGED_LOGS/sjones/users/Catarina/Zen/BrainSaw/CA_mPFC_053_20221208/recipe_CA_052_20221208_221209_101633.yml,MERGED_LOGS/sjones/users/Catarina/Zen/BrainSaw/CA_mPFC_053_20221208/recipe_CA_052_20221208_221208_103329.yml
MERGED_LOGS/sjones/users/Catarina/Zen/BrainSaw/CA_mPFC_055_20221208/recipe_CA_053_20221208_221209_101633.yml,MERGED_LOGS/sjones/users/Catarina/Zen/BrainSaw/CA_mPFC_055_20221208/recipe_CA_053_20221208_221208_103329.yml
MERGED_LOGS/sjones/users/Catarina/Zen/BrainSaw/CA_mPFC_056_20221208/recipe_CA_055_20221208_221209_101633.yml,MERGED_LOGS/sjones/users/Catarina/Zen/BrainSaw/CA_mPFC_056_20221208/recipe_CA_055_20221208_221208_103329.yml
MERGED_LOGS/sjones/users/Catarina/histology/BrainSaw/CA_OFC_052_20221208/recipe_CA_056_20221208_221209_101633.yml,MERGED_LOGS/sjones/users/Catarina/histology/BrainSaw/CA_OFC_052_20221208/recipe_CA_056_20221208_221208_103329.yml
MERGED_LOGS/sjones/users/Catarina/histology/BrainSaw/CA_mPFC_053_20221208/recipe_CA_052_20221208_221209_101633.yml,MERGED_LOGS/sjones/users/Catarina/histology/BrainSaw/CA_mPFC_053_20221208/recipe_CA_052_20221208_221208_103329.yml
MERGED_LOGS/sjones/users/Catarina/histology/BrainSaw/CA_mPFC_055_20221208/recipe_CA_053_20221208_221209_101633.yml,MERGED_LOGS/sjones/users/Catarina/histology/BrainSaw/CA_mPFC_055_20221208/recipe_CA_053_20221208_221208_103329.yml
MERGED_LOGS/sjones/users/Catarina/histology/BrainSaw/CA_mPFC_056_20221208/recipe_CA_055_20221208_221209_101633.yml,MERGED_LOGS/sjones/users/Catarina/histology/BrainSaw/CA_mPFC_056_20221208/recipe_CA_055_20221208_221208_103329.yml
MERGED_LOGS/sjones/users/Catarina/histology/BrainSaw/on_hold/CA_OFC_052_20221208/recipe_CA_056_20221208_221209_101633.yml,MERGED_LOGS/sjones/users/Catarina/histology/BrainSaw/on_hold/CA_OFC_052_20221208/recipe_CA_056_20221208_221208_103329.yml
MERGED_LOGS/sjones/users/Catarina/histology/BrainSaw/on_hold/CA_mPFC_053_20221208/recipe_CA_052_20221208_221209_101633.yml,MERGED_LOGS/sjones/users/Catarina/histology/BrainSaw/on_hold/CA_mPFC_053_20221208/recipe_CA_052_20221208_221208_103329.yml
MERGED_LOGS/sjones/users/Catarina/histology/BrainSaw/on_hold/CA_mPFC_055_20221208/recipe_CA_053_20221208_221209_101633.yml,MERGED_LOGS/sjones/users/Catarina/histology/BrainSaw/on_hold/CA_mPFC_055_20221208/recipe_CA_053_20221208_221208_103329.yml
MERGED_LOGS/sjones/users/Catarina/histology/BrainSaw/on_hold/CA_mPFC_056_20221208/recipe_CA_055_20221208_221209_101633.yml,MERGED_LOGS/sjones/users/Catarina/histology/BrainSaw/on_hold/CA_mPFC_056_20221208/recipe_CA_055_20221208_221208_103329.yml
MERGED_LOGS/sjones/users/Sthita/Data_from_SSD/microscopy_data/DTR-01/recipe_DTR-01_DT_400_ng_kg_210902_175019.yml,MERGED_LOGS/sjones/users/Sthita/Data_from_SSD/microscopy_data/DTR-01/recipe_DTR-01_DT_400_ng_kg_210902_152351.yml
MERGED_LOGS/sjones/users/Yvonne/BrainSaw/YJ_221122_DATTOM/YJ_DATTOM1/recipe_YJ_DATTOM1_221122_141629.yml,MERGED_LOGS/sjones/users/Yvonne/BrainSaw/YJ_221122_DATTOM/YJ_DATTOM1/recipe_YJ_DATTOM1_221122_120501.yml
MERGED_LOGS/sjones/users/Yvonne/BrainSaw/YJ_221122_DATTOM/YJ_DATTOM2/recipe_YJ_DATTOM2_221122_141629.yml,MERGED_LOGS/sjones/users/Yvonne/BrainSaw/YJ_221122_DATTOM/YJ_DATTOM2/recipe_YJ_DATTOM2_221122_120501.yml
MERGED_LOGS/sjones/users/Yvonne/BrainSaw/YJ_221122_DATTOM/YJ_DATTOM3_ChR2/recipe_YJ_DATTOM3_ChR2_221122_141629.yml,MERGED_LOGS/sjones/users/Yvonne/BrainSaw/YJ_221122_DATTOM/YJ_DATTOM3_ChR2/recipe_YJ_DATTOM3_ChR2_221122_120501.yml
MERGED_LOGS/sjones/users/francesca/francesca-from-sjones-data-dir/brainsaw/FG_SNL_photo21/recipe_FG_SNLphoto21_201016_103751.yml,MERGED_LOGS/sjones/users/francesca/francesca-from-sjones-data-dir/brainsaw/FG_SNL_photo21/recipe_FG_SNLphoto21_201016_103308.yml
MERGED_LOGS/sjones/users/francesca/francesca-from-sjones-data-dir/brainsaw/FG_SNL_photo30/recipe_FG_SNL_photo30_210217_133747.yml,MERGED_LOGS/sjones/users/francesca/francesca-from-sjones-data-dir/brainsaw/FG_SNL_photo30/recipe_FG_SNL_photo30_210217_120710.yml
MERGED_LOGS/sjones/users/francesca/francesca-from-sjones-data-dir/brainsaw/FG_SNL_photo30/recipe_FG_SNL_photo30_210217_141438.yml,MERGED_LOGS/sjones/users/francesca/francesca-from-sjones-data-dir/brainsaw/FG_SNL_photo30/recipe_FG_SNL_photo30_210217_120710.yml
MERGED_LOGS/sjones/users/francesca/francesca-from-sjones-data-dir/brainsaw/FG_SNLphoto24/recipe_FG_SNLphoto24_200916_165427.yml,MERGED_LOGS/sjones/users/francesca/francesca-from-sjones-data-dir/brainsaw/FG_SNLphoto24/recipe_FG_SNLphoto24_200916_104752.yml
MERGED_LOGS/sjones/users/hernando/Microscopy_data/Histology_of_tail_lesions/D2_caspase/D2_caspase_HMV_secondbatch/HMV_A2_028/recipe_HMV_A2_028_210804_103821.yml,MERGED_LOGS/sjones/users/hernando/Microscopy_data/Histology_of_tail_lesions/D2_caspase/D2_caspase_HMV_secondbatch/HMV_A2_028/recipe_HMV_A2_028_210804_094323.yml
MERGED_LOGS/sjones/users/hernando/Microscopy_data/Histology_of_tail_lesions/D2_caspase/D2_caspase_HMV_secondbatch/HMV_A2_028/recipe_HMV_A2_028_210804_234304.yml,MERGED_LOGS/sjones/users/hernando/Microscopy_data/Histology_of_tail_lesions/D2_caspase/D2_caspase_HMV_secondbatch/HMV_A2_028/recipe_HMV_A2_028_210804_094323.yml
MERGED_LOGS/sjones/users/hernando/Microscopy_data/Histology_of_tail_lesions/D2_caspase/D2_caspase_HMV_secondbatch/HMV_A2_029/recipe_HMV_A2_029_210804_103821.yml,MERGED_LOGS/sjones/users/hernando/Microscopy_data/Histology_of_tail_lesions/D2_caspase/D2_caspase_HMV_secondbatch/HMV_A2_029/recipe_HMV_A2_029_210804_094323.yml
MERGED_LOGS/sjones/users/hernando/Microscopy_data/Histology_of_tail_lesions/D2_caspase/D2_caspase_HMV_secondbatch/HMV_A2_029/recipe_HMV_A2_029_210804_234304.yml,MERGED_LOGS/sjones/users/hernando/Microscopy_data/Histology_of_tail_lesions/D2_caspase/D2_caspase_HMV_secondbatch/HMV_A2_029/recipe_HMV_A2_029_210804_094323.yml
MERGED_LOGS/sjones/users/hernando/Microscopy_data/Histology_of_tail_lesions/D2_caspase/D2_caspase_HMV_secondbatch/HMV_A2_030/recipe_HMV_A2_030_210804_103821.yml,MERGED_LOGS/sjones/users/hernando/Microscopy_data/Histology_of_tail_lesions/D2_caspase/D2_caspase_HMV_secondbatch/HMV_A2_030/recipe_HMV_A2_030_210804_094323.yml
MERGED_LOGS/sjones/users/hernando/Microscopy_data/Histology_of_tail_lesions/D2_caspase/D2_caspase_HMV_secondbatch/HMV_A2_030/recipe_HMV_A2_030_210804_234304.yml,MERGED_LOGS/sjones/users/hernando/Microscopy_data/Histology_of_tail_lesions/D2_caspase/D2_caspase_HMV_secondbatch/HMV_A2_030/recipe_HMV_A2_030_210804_094323.yml
MERGED_LOGS/sjones/users/hernando/Microscopy_data/Histology_of_tail_lesions/D2_caspase/D2_caspase_HMV_secondbatch/HMV_A2_031/recipe_HMV_A2_031_210804_103821.yml,MERGED_LOGS/sjones/users/hernando/Microscopy_data/Histology_of_tail_lesions/D2_caspase/D2_caspase_HMV_secondbatch/HMV_A2_031/recipe_HMV_A2_031_210804_094323.yml
MERGED_LOGS/sjones/users/hernando/Microscopy_data/Histology_of_tail_lesions/D2_caspase/D2_caspase_HMV_secondbatch/HMV_A2_031/recipe_HMV_A2_031_210804_234304.yml,MERGED_LOGS/sjones/users/hernando/Microscopy_data/Histology_of_tail_lesions/D2_caspase/D2_caspase_HMV_secondbatch/HMV_A2_031/recipe_HMV_A2_031_210804_094323.yml
MERGED_LOGS/sjones/users/hernando/Microscopy_data/Histology_of_tail_lesions/D2_caspase/D2_caspase_HMV_secondbatch/HMV_A2_032/recipe_HMV_A2_032_210804_103821.yml,MERGED_LOGS/sjones/users/hernando/Microscopy_data/Histology_of_tail_lesions/D2_caspase/D2_caspase_HMV_secondbatch/HMV_A2_032/recipe_HMV_A2_032_210804_094323.yml
MERGED_LOGS/sjones/users/hernando/Microscopy_data/Histology_of_tail_lesions/D2_caspase/D2_caspase_HMV_secondbatch/HMV_A2_032/recipe_HMV_A2_032_210804_234304.yml,MERGED_LOGS/sjones/users/hernando/Microscopy_data/Histology_of_tail_lesions/D2_caspase/D2_caspase_HMV_secondbatch/HMV_A2_032/recipe_HMV_A2_032_210804_094323.yml
MERGED_LOGS/sjones/users/hernando/Microscopy_data/Histology_of_tail_lesions/D2_caspase/D2_caspase_HMV_secondbatch/HMV_A2_033/recipe_HMV_A2_033_210804_103821.yml,MERGED_LOGS/sjones/users/hernando/Microscopy_data/Histology_of_tail_lesions/D2_caspase/D2_caspase_HMV_secondbatch/HMV_A2_033/recipe_HMV_A2_033_210804_094323.yml
MERGED_LOGS/sjones/users/hernando/Microscopy_data/Histology_of_tail_lesions/D2_caspase/D2_caspase_HMV_secondbatch/HMV_A2_033/recipe_HMV_A2_033_210804_234304.yml,MERGED_LOGS/sjones/users/hernando/Microscopy_data/Histology_of_tail_lesions/D2_caspase/D2_caspase_HMV_secondbatch/HMV_A2_033/recipe_HMV_A2_033_210804_094323.yml
MERGED_LOGS/sjones/users/hernando/Microscopy_data/LFPandLTD/LFP01/recipe_LFP01_210316_120901.yml,MERGED_LOGS/sjones/users/hernando/Microscopy_data/LFPandLTD/LFP01/recipe_LFP01_210316_122804.yml
MERGED_LOGS/sjones/users/hernando/Microscopy_data/LFPandLTD/LFP01/recipe_LFP01_210317_133521.yml,MERGED_LOGS/sjones/users/hernando/Microscopy_data/LFPandLTD/LFP01/recipe_LFP01_210316_122804.yml
MERGED_LOGS/sjones/users/hernando/Microscopy_data/LFPandLTD/LFP03/recipe_LFP03_210316_120901.yml,MERGED_LOGS/sjones/users/hernando/Microscopy_data/LFPandLTD/LFP03/recipe_LFP03_210316_122804.yml
MERGED_LOGS/sjones/users/hernando/Microscopy_data/LFPandLTD/LFP03/recipe_LFP03_210317_133521.yml,MERGED_LOGS/sjones/users/hernando/Microscopy_data/LFPandLTD/LFP03/recipe_LFP03_210316_122804.yml
MERGED_LOGS/sjones/users/hernando/Microscopy_data/LFPandLTD/LFP04/recipe_LFP04_210316_120901.yml,MERGED_LOGS/sjones/users/hernando/Microscopy_data/LFPandLTD/LFP04/recipe_LFP04_210316_122804.yml
MERGED_LOGS/sjones/users/hernando/Microscopy_data/LFPandLTD/LFP04/recipe_LFP04_210317_133521.yml,MERGED_LOGS/sjones/users/hernando/Microscopy_data/LFPandLTD/LFP04/recipe_LFP04_210316_122804.yml
MERGED_LOGS/sjones/users/hernando/Microscopy_data/LFPandLTD/LFP05/recipe_LFP05_210316_120901.yml,MERGED_LOGS/sjones/users/hernando/Microscopy_data/LFPandLTD/LFP05/recipe_LFP05_210316_122804.yml
MERGED_LOGS/sjones/users/hernando/Microscopy_data/LFPandLTD/LFP05/recipe_LFP05_210317_133521.yml,MERGED_LOGS/sjones/users/hernando/Microscopy_data/LFPandLTD/LFP05/recipe_LFP05_210316_122804.yml
MERGED_LOGS/sjones/users/hernando/Microscopy_data/LFPandLTD/LFP06/recipe_LFP06_210316_120901.yml,MERGED_LOGS/sjones/users/hernando/Microscopy_data/LFPandLTD/LFP06/recipe_LFP06_210316_122804.yml
MERGED_LOGS/sjones/users/hernando/Microscopy_data/LFPandLTD/LFP06/recipe_LFP06_210317_133521.yml,MERGED_LOGS/sjones/users/hernando/Microscopy_data/LFPandLTD/LFP06/recipe_LFP06_210316_122804.yml
MERGED_LOGS/sjones/users/hernando/Microscopy_data/MouseLinesCharacterization/674983_BrainSaw_20180723/recipe_HMV_674983_180723_115619.yml,MERGED_LOGS/sjones/users/hernando/Microscopy_data/MouseLinesCharacterization/674983_BrainSaw_20180723/recipe_HMV_674983_180723_100940.yml
MERGED_LOGS/sjones/users/hernando/Microscopy_data/MouseLinesCharacterization/HMV_719881/recipe_HMV_719881_190312_181147.yml,MERGED_LOGS/sjones/users/hernando/Microscopy_data/MouseLinesCharacterization/HMV_719881/recipe_HMV_719881_190312_175537.yml
MERGED_LOGS/sjones/users/hernando/Microscopy_data/MouseLinesCharacterization/HMV_719881/recipe_HMV_719881_190312_181550.yml,MERGED_LOGS/sjones/users/hernando/Microscopy_data/MouseLinesCharacterization/HMV_719881/recipe_HMV_719881_190312_175537.yml
MERGED_LOGS/sjones/users/hernando/Microscopy_data/Muscimol/HMV_pdyn01_pdyn03_pdyn04/recipe_HMV_pdyn01_pdyn03_pdyn04_200110_112629.yml,MERGED_LOGS/sjones/users/hernando/Microscopy_data/Muscimol/HMV_pdyn01_pdyn03_pdyn04/recipe_HMV_pdyn01_pdyn03_pdyn04_200110_111625.yml
MERGED_LOGS/sjones/users/hernando/Microscopy_data/Muscimol/pdyn01/recipe_pdyn01_200110_112629.yml,MERGED_LOGS/sjones/users/hernando/Microscopy_data/Muscimol/pdyn01/recipe_pdyn01_200110_111625.yml
MERGED_LOGS/sjones/users/hernando/Microscopy_data/Muscimol/pdyn03/recipe_pdyn03_200110_112629.yml,MERGED_LOGS/sjones/users/hernando/Microscopy_data/Muscimol/pdyn03/recipe_pdyn03_200110_111625.yml
MERGED_LOGS/sjones/users/hernando/Microscopy_data/Muscimol/pdyn04/recipe_pdyn04_200110_112629.yml,MERGED_LOGS/sjones/users/hernando/Microscopy_data/Muscimol/pdyn04/recipe_pdyn04_200110_111625.yml
MERGED_LOGS/sjones/users/hernando/Microscopy_data/Optostimulation/BrainSawFiles/HMV_OIs04_OIs05/recipe_HMV_OIs04_OIs05_191106_152151.yml,MERGED_LOGS/sjones/users/hernando/Microscopy_data/Optostimulation/BrainSawFiles/HMV_OIs04_OIs05/recipe_HMV_OIs04_OIs05_191106_152451.yml
MERGED_LOGS/sjones/users/hernando/Microscopy_data/Optostimulation/OIs04/recipe_OIs04_191106_152151.yml,MERGED_LOGS/sjones/users/hernando/Microscopy_data/Optostimulation/OIs04/recipe_OIs04_191106_152451.yml
MERGED_LOGS/sjones/users/hernando/Microscopy_data/Optostimulation/OIs05/recipe_OIs05_191106_152151.yml,MERGED_LOGS/sjones/users/hernando/Microscopy_data/Optostimulation/OIs05/recipe_OIs05_191106_152451.yml
MERGED_LOGS/sjones/users/hernando/Microscopy_data/RabiesTracing/HMV_737776/recipe_HMV_737776_190205_154406.yml,MERGED_LOGS/sjones/users/hernando/Microscopy_data/RabiesTracing/HMV_737776/recipe_HMV_737776_190205_110855.yml
MERGED_LOGS/sjones/users/lars/data/s089_tabfixed_m1119773_L/s089_tabfixed_m1119773_L__20230711_124817__serial_section/recipe_s089_230711_124031.yml,MERGED_LOGS/sjones/users/lars/data/s089_tabfixed_m1119773_L/s089_tabfixed_m1119773_L__20230711_124817__serial_section/recipe_s089_230711_124817.yml
MERGED_LOGS/sjones/users/lars/data/s090_tabfixed_m1119775_LR/s090_tabfixed_m1119775_LR__20230711_124817_serial_section/recipe_s090_230711_124031.yml,MERGED_LOGS/sjones/users/lars/data/s090_tabfixed_m1119775_LR/s090_tabfixed_m1119775_LR__20230711_124817_serial_section/recipe_s090_230711_124817.yml
MERGED_LOGS/sjones/users/lars/projects/+other/LBR_20201107_GPi_ant_R_LR/recipe_LBR_20201107_GPi_ant_R_LR_201107_121538.yml,MERGED_LOGS/sjones/users/lars/projects/+other/LBR_20201107_GPi_ant_R_LR/recipe_LBR_20201107_GPi_ant_R_LR_201107_122042.yml
MERGED_LOGS/sjones/users/lars/scratch/serial_section/LBR_20210501_calb_vglut_physin/LBR_20210501_calb_vglut_physin_210501_132844_bottom_pstn/recipe_LBR_20210501_calb_vglut_physin_210501_132844_bottom_pstn_210501_132844.yml,MERGED_LOGS/sjones/users/lars/scratch/serial_section/LBR_20210501_calb_vglut_physin/LBR_20210501_calb_vglut_physin_210501_132844_bottom_pstn/recipe_LBR_20210501_calb_vglut_physin_210501_132844_bottom_pstn_210501_133305.yml
MERGED_LOGS/sjones/users/lars/scratch/serial_section/LBR_20210501_calb_vglut_physin/LBR_20210501_calb_vglut_physin_210501_132844_top_stn/recipe_LBR_20210501_calb_vglut_physin_210501_132844_top_stn_210501_132844.yml,MERGED_LOGS/sjones/users/lars/scratch/serial_section/LBR_20210501_calb_vglut_physin/LBR_20210501_calb_vglut_physin_210501_132844_top_stn/recipe_LBR_20210501_calb_vglut_physin_210501_132844_top_stn_210501_133305.yml
